{"0":{"10/01":-2.0670033,"10/02":-2.0670033,"10/03":-2.0670033,"10/04":-2.0670033,"10/05":-2.0670033,"10/06":-2.0905054,"10/07":-2.105178,"10/08":-2.1159463,"10/09":-2.1237738,"10/10":-2.1306207,"10/11":-2.1306207,"10/12":-2.1306207,"10/13":-2.1521344,"10/14":-2.1609256,"10/15":-2.1707032,"10/16":-2.1814477,"10/17":-2.1912212,"10/18":-2.1912212,"10/19":-2.1912212,"10/20":-2.2234437,"10/21":-2.2234437,"10/22":-2.2234437,"10/23":-2.247848,"10/24":-2.2595525,"10/25":-2.2595525,"10/26":-2.2595525,"10/27":-2.2897868,"10/28":-2.3005054,"10/29":-2.3121972,"10/30":-2.3209689,"10/31":-2.3316805,"11/01":-2.3316805,"11/02":-2.3316805,"11/03":-2.3706334,"11/04":-2.3832827,"11/05":-2.3832827,"11/06":-2.4037116,"11/07":-2.4396873,"11/08":-2.4396873,"11/09":-2.4396873,"11/10":-2.4630017,"11/11":-2.4717464,"11/12":-2.4804895,"11/13":-2.4892218,"11/14":-2.4892218,"11/15":-2.4892218,"11/16":-2.4892218,"11/17":-2.528049,"11/18":-2.5416288,"11/19":-2.5561757,"11/20":-2.5697477,"11/21":-2.5813754,"11/22":-2.5813754,"11/23":-2.5813754,"11/24":-2.6230288,"11/25":-2.6356127,"11/26":-2.6501317,"11/27":-2.6646464,"11/28":-2.6791475,"11/29":-2.6791475,"11/30":-2.6791475,"12/01":-2.7178235,"12/02":-2.7303832,"12/03":-2.7439067,"12/04":-2.7439067,"12/05":-2.767076,"12/06":-2.767076,"12/07":-2.767076,"12/08":-2.815322,"12/09":-2.8259346,"12/10":-2.8346143,"12/11":-2.8413622,"12/12":-2.85389,"12/13":-2.85389,"12/14":-2.85389,"12/15":-2.8914537,"12/16":-2.8991578,"12/17":-2.909743,"12/18":-2.914562,"12/19":-3.0414379,"12/20":-3.0414379,"12/21":-3.0414379,"12/22":-3.213916,"12/23":-3.2674515,"12/24":-3.3037496,"12/25":-3.3037496,"12/26":-3.1229649,"12/27":-3.1229649,"12/28":-3.1229649,"12/29":-3.1421263,"12/30":-3.0942042,"12/31":-3.0942042},"2025":{"10/01":-2.0670033,"10/02":-2.0670033,"10/03":-2.0670033,"10/04":-2.0670033,"10/05":-2.0670033,"10/06":-2.0905054,"10/07":-2.105178,"10/08":-2.1159463,"10/09":-2.1237738,"10/10":-2.1306207,"10/11":-2.1306207,"10/12":-2.1306207,"10/13":-2.1521344,"10/14":-2.1609256,"10/15":-2.1707032,"10/16":-2.1814477,"10/17":-2.1912212,"10/18":-2.1912212,"10/19":-2.1912212,"10/20":-2.2234437,"10/21":-2.2234437,"10/22":-2.2234437,"10/23":-2.247848,"10/24":-2.2595525,"10/25":-2.2595525,"10/26":-2.2595525,"10/27":-2.2897868,"10/28":-2.3005054,"10/29":-2.3121972,"10/30":-2.3209689,"10/31":-2.3316805,"11/01":-2.3316805,"11/02":-2.3316805,"11/03":-2.3706334,"11/04":-2.3832827,"11/05":-2.3832827,"11/06":-2.4037116,"11/07":-2.4396873,"11/08":-2.4396873,"11/09":-2.4396873,"11/10":-2.4630017,"11/11":-2.4717464,"11/12":-2.4804895,"11/13":-2.4892218,"11/14":-2.4892218,"11/15":-2.4892218,"11/16":-2.4892218,"11/17":-2.528049,"11/18":-2.5416288,"11/19":-2.5561757,"11/20":-2.5697477,"11/21":-2.5813754,"11/22":-2.5813754,"11/23":-2.5813754,"11/24":-2.6230288,"11/25":-2.6356127,"11/26":-2.6501317,"11/27":-2.6646464,"11/28":-2.6791475,"11/29":-2.6791475,"11/30":-2.6791475,"12/01":-2.7178235,"12/02":-2.7303832,"12/03":-2.7439067,"12/04":-2.7439067,"12/05":-2.767076,"12/06":-2.767076,"12/07":-2.767076,"12/08":-2.815322,"12/09":-2.8259346,"12/10":-2.8346143,"12/11":-2.8413622,"12/12":-2.85389,"12/13":-2.85389,"12/14":-2.85389,"12/15":-2.8914537,"12/16":-2.8991578,"12/17":-2.909743,"12/18":-2.914562,"12/19":-3.0414379,"12/20":-3.0414379,"12/21":-3.0414379,"12/22":-3.213916,"12/23":-3.2674515,"12/24":-3.3037496,"12/25":-3.3037496,"12/26":-3.1229649,"12/27":-3.1229649,"12/28":-3.1229649,"12/29":-3.1421263,"12/30":-3.0942042,"12/31":-3.0942042}}