{"0":{"01/01":-1.9511241,"01/02":-2.108262,"01/03":-2.108262,"01/04":-2.108262,"01/05":-1.9529914,"01/06":-2.0334935,"01/07":-2.14187,"01/08":-1.6749153,"01/09":-1.5296036,"01/10":-1.5296036,"01/11":-1.5296036,"01/12":-1.5541718,"01/13":-1.3497488,"01/14":-1.1339934,"01/15":-1.1339934,"01/16":-0.5938281,"01/17":-0.5938281,"01/18":-0.5938281,"01/19":-0.628484,"01/20":-0.3573408,"01/21":-0.3602473,"01/22":-0.5957566,"01/23":-0.3312114,"01/24":-0.3312114,"01/25":-0.3312114,"01/26":-0.3312114,"01/27":-0.28569454,"01/28":-0.4269584,"01/29":-0.4269584,"01/30":-0.4385488,"01/31":-0.4385488,"02/01":-0.4385488,"02/02":-0.047737125,"02/03":-0.7102128,"02/04":-0.7927678,"02/05":-0.8138651,"02/06":-0.45303762,"02/07":-0.45303762,"02/08":-0.45303762,"02/09":-0.7505463,"02/10":-0.8474084,"02/11":-0.9889996,"02/12":-1.0214686,"02/13":-0.7754955,"02/14":-0.7754955,"02/15":-0.7754955,"02/16":-1.0109607,"02/17":-1.147327,"02/18":-1.1463734,"02/19":-1.1463734,"02/20":-0.8311149,"02/21":-0.8311149,"02/22":-0.8311149,"02/23":-1.1063612,"02/24":-1.0939711,"02/25":-1.1901554,"02/26":-1.2091883,"02/27":-1.0691817,"02/28":-1.0691817,"03/01":-1.0691817,"03/02":-0.7467103,"03/03":-0.7467103,"03/04":-0.30603817,"03/05":-0.7082888,"03/06":-0.36411318,"03/07":-0.36411318,"03/08":-0.36411318,"03/09":0.16398492,"03/10":-0.1945267,"03/11":0.13758595,"03/12":0.48372903,"03/13":0.9761404,"03/14":0.9761404,"03/15":0.9761404,"03/16":0.8302892,"03/17":0.7580215,"03/18":0.56546223,"03/19":0.56546223,"03/20":1.3391184,"03/21":1.3391184,"03/22":1.3391184,"03/23":2.3968616,"03/24":1.9198802,"03/25":1.5446966,"03/26":1.5446966,"03/27":2.3580542,"03/28":2.3580542,"03/29":2.3580542,"03/30":2.3580542,"03/31":2.9134166,"04/01":2.9134166,"04/02":2.8618355,"04/03":2.8618355,"04/04":2.8618355,"04/05":2.8618355,"04/06":2.467421,"04/07":2.1827369,"04/08":0.5723616,"04/09":0.7708831,"04/10":0.29712373,"04/11":0.29712373,"04/12":0.29712373,"04/13":0.6354867,"04/14":0.6354867,"04/15":0.0,"04/16":0.0,"04/17":0.0,"04/18":0.0,"04/19":0.0,"04/20":0.0,"04/21":0.0,"04/22":0.0,"04/23":0.0,"04/24":0.0,"04/25":0.0,"04/26":0.0,"04/27":0.0,"04/28":0.0,"04/29":0.0,"04/30":0.0,"05/01":0.0,"05/02":0.0,"05/03":0.0,"05/04":0.0,"05/05":0.0,"05/06":0.0,"05/07":0.0,"05/08":0.0,"05/09":0.0,"05/10":0.0,"05/11":0.0,"05/12":0.0,"05/13":0.0,"05/14":0.0,"05/15":0.0,"05/16":0.0,"05/17":0.0,"05/18":0.0,"05/19":0.0,"05/20":0.0,"05/21":0.0,"05/22":0.0,"05/23":0.0,"05/24":0.0,"05/25":0.0,"05/26":0.0,"05/27":0.0,"05/28":0.0,"05/29":0.0,"05/30":0.0,"05/31":0.0,"06/01":0.0,"06/02":0.0,"06/03":0.0,"06/04":0.0,"06/05":0.0,"06/06":0.0,"06/07":0.0,"06/08":0.0,"06/09":0.0,"06/10":0.0,"06/11":0.0,"06/12":0.0,"06/13":0.0,"06/14":0.0,"06/15":0.0,"06/16":0.0,"06/17":0.0,"06/18":0.0,"06/19":0.0,"06/20":0.0,"06/21":0.0,"06/22":0.0,"06/23":0.0,"06/24":0.0,"06/25":0.0,"06/26":0.0,"06/27":0.0,"06/28":0.0,"06/29":0.0,"06/30":0.0,"07/01":0.0,"07/02":0.0,"07/03":0.0,"07/04":0.0,"07/05":0.0,"07/06":0.0,"07/07":0.0,"07/08":1.275181,"07/09":1.2705683,"07/10":1.2659612,"07/11":1.2623758,"07/12":1.2623758,"07/13":1.2623758,"07/14":1.2424064,"07/15":1.2383118,"07/16":1.2337105,"07/17":1.2301296,"07/18":1.225525,"07/19":1.225525,"07/20":1.225525,"07/21":1.2066077,"07/22":1.2015004,"07/23":1.1963893,"07/24":1.1912793,"07/25":1.1866865,"07/26":1.1866865,"07/27":1.1866865,"07/28":1.1672869,"07/29":1.1626935,"07/30":1.1581059,"07/31":1.153514,"08/01":1.1484126,"08/02":1.1484126,"08/03":1.1484126,"08/04":1.1290468,"08/05":1.1244603,"08/06":1.1198746,"08/07":1.1152946,"08/08":1.1107105,"08/09":1.1107105,"08/10":1.1107105,"08/11":1.0883168,"08/12":1.0908638,"08/13":1.0857749,"08/14":1.0811961,"08/15":1.0811961,"08/16":1.0811961,"08/17":1.0811961,"08/18":1.0547678,"08/19":1.0501946,"08/20":1.0451137,"08/21":1.0405471,"08/22":1.0354681,"08/23":1.0354681,"08/24":1.0354681,"08/25":1.0156798,"08/26":1.0106058,"08/27":1.0106058,"08/28":0.9984351,"08/29":0.36417377,"08/30":0.36417377,"08/31":0.36417377,"09/01":0.35132465,"09/02":0.33452603,"09/03":0.2990014,"09/04":0.2600756,"09/05":0.22366662,"09/06":0.22366662,"09/07":0.22366662,"09/08":0.22366662,"09/09":0.21334472,"09/10":0.20794171,"09/11":0.19320531,"09/12":0.19222663,"09/13":0.19222663,"09/14":0.19222663,"09/15":0.17112163,"09/16":0.17504734,"09/17":0.14856187,"09/18":0.17209949,"09/19":0.15003435,"09/20":0.15003435,"09/21":0.15003435,"09/22":0.12406561,"09/23":0.1020427,"09/24":0.11133869,"09/25":0.10791296,"09/26":0.11476489,"09/27":0.11476489,"09/28":0.11476489,"09/29":0.11133869,"09/30":0.12455595,"10/01":0.061953608,"10/02":0.061953608,"10/03":0.061953608,"10/04":0.061953608,"10/05":0.061953608,"10/06":0.027300974,"10/07":0.048280474,"10/08":0.008281989,"10/09":-0.023381108,"10/10":-0.04381817,"10/11":-0.04381817,"10/12":-0.04381817,"10/13":-0.044305224,"10/14":-0.015589836,"10/15":-0.055973165,"10/16":-0.11812566,"10/17":-0.19511268,"10/18":-0.19511268,"10/19":-0.19511268,"10/20":-0.25209457,"10/21":-0.25209457,"10/22":-0.25209457,"10/23":-0.27234504,"10/24":-0.25595373,"10/25":-0.25595373,"10/26":-0.25595373,"10/27":-0.36567265,"10/28":-0.3440545,"10/29":-0.41795194,"10/30":-0.28920782,"10/31":-0.27331024,"11/01":-0.27331024,"11/02":-0.27331024,"11/03":-0.2646358,"11/04":-0.2434127,"11/05":-0.2434127,"11/06":-0.279574,"11/07":-0.19946471,"11/08":-0.19946471,"11/09":-0.19946471,"11/10":-0.3339605,"11/11":-0.3911056,"11/12":-0.5026161,"11/13":-0.52218544,"11/14":-0.52218544,"11/15":-0.52218544,"11/16":-0.52218544,"11/17":-0.58508545,"11/18":-0.5202788,"11/19":-0.63263243,"11/20":-0.7051999,"11/21":-0.6815122,"11/22":-0.6815122,"11/23":-0.6815122,"11/24":-0.7269786,"11/25":-0.69572663,"11/26":-0.86946803,"11/27":-0.82473177,"11/28":-0.7652749,"11/29":-0.7652749,"11/30":-0.7652749,"12/01":-0.7435345,"12/02":-0.7383299,"12/03":-0.7803913,"12/04":-0.7803913,"12/05":-0.92726374,"12/06":-0.92726374,"12/07":-0.92726374,"12/08":-0.7681088,"12/09":-0.6725002,"12/10":-0.56604284,"12/11":-0.65020245,"12/12":-0.7803913,"12/13":-0.7803913,"12/14":-0.7803913,"12/15":-0.78133684,"12/16":-0.7676403,"12/17":-0.756298,"12/18":-0.74117136,"12/19":-0.7718883,"12/20":-0.7718883,"12/21":-0.7718883,"12/22":-0.7496804,"12/23":-0.8077626,"12/24":-1.0073929,"12/25":-1.0073929,"12/26":-0.9174054,"12/27":-0.9174054,"12/28":-0.9174054,"12/29":-0.8379249,"12/30":-0.8440517,"12/31":-0.8440517},"2025":{"07/08":2.550362,"07/09":2.5411365,"07/10":2.5319223,"07/11":2.5247517,"07/12":2.5247517,"07/13":2.5247517,"07/14":2.4848127,"07/15":2.4766235,"07/16":2.467421,"07/17":2.4602592,"07/18":2.45105,"07/19":2.45105,"07/20":2.45105,"07/21":2.4132154,"07/22":2.4030008,"07/23":2.3927786,"07/24":2.3825586,"07/25":2.373373,"07/26":2.373373,"07/27":2.373373,"07/28":2.3345737,"07/29":2.325387,"07/30":2.3162117,"07/31":2.307028,"08/01":2.2968252,"08/02":2.2968252,"08/03":2.2968252,"08/04":2.2580936,"08/05":2.2489207,"08/06":2.2397492,"08/07":2.2305892,"08/08":2.221421,"08/09":2.221421,"08/10":2.221421,"08/11":2.1766336,"08/12":2.1817276,"08/13":2.1715498,"08/14":2.1623921,"08/15":2.1623921,"08/16":2.1623921,"08/17":2.1623921,"08/18":2.1095357,"08/19":2.1003892,"08/20":2.0902274,"08/21":2.0810943,"08/22":2.0709362,"08/23":2.0709362,"08/24":2.0709362,"08/25":2.0313597,"08/26":2.0212116,"08/27":2.0212116,"08/28":1.9968702,"08/29":0.72834754,"08/30":0.72834754,"08/31":0.72834754,"09/01":0.7026493,"09/02":0.66905206,"09/03":0.5980028,"09/04":0.5201512,"09/05":0.44733325,"09/06":0.44733325,"09/07":0.44733325,"09/08":0.44733325,"09/09":0.42668945,"09/10":0.41588342,"09/11":0.38641062,"09/12":0.38445327,"09/13":0.38445327,"09/14":0.38445327,"09/15":0.34224325,"09/16":0.35009468,"09/17":0.29712373,"09/18":0.34419897,"09/19":0.3000687,"09/20":0.3000687,"09/21":0.3000687,"09/22":0.24813122,"09/23":0.2040854,"09/24":0.22267738,"09/25":0.21582592,"09/26":0.22952978,"09/27":0.22952978,"09/28":0.22952978,"09/29":0.22267738,"09/30":0.2491119,"10/01":0.123907216,"10/02":0.123907216,"10/03":0.123907216,"10/04":0.123907216,"10/05":0.123907216,"10/06":0.05460195,