{"0":{"04/02":0.0039958954,"04/03":0.0039958954,"04/04":0.0039958954,"04/05":0.0039958954,"04/06":0.0039958954,"04/07":0.0039958954,"04/08":0.0039958954,"04/09":0.0039958954,"04/10":0.0039958954,"04/11":0.0039958954,"04/12":0.0039958954,"04/13":0.0039958954,"04/14":0.0039958954,"04/15":0.0039958954,"04/16":-0.012004838,"04/17":-0.020994661,"04/18":-0.020994661,"04/19":-0.020994661,"04/20":-0.020994661,"04/21":-0.06595763,"04/22":-0.06595763,"04/23":-0.06595763,"04/24":-0.09789972,"04/25":-0.113867864,"04/26":-0.113867864,"04/27":-0.113867864,"04/28":-0.16273026,"04/29":-0.18067314,"04/30":-0.18067314,"05/01":-0.18067314,"05/02":-0.18067314,"05/03":-0.18067314,"05/04":-0.18067314,"05/05":-0.26529208,"05/06":-0.27921534,"05/07":-0.29412067,"05/08":-0.3070502,"05/09":-0.5073979,"05/10":-0.5073979,"05/11":-0.5073979,"05/12":-0.5073979,"05/13":-0.5073979,"05/14":-0.791657,"05/15":-0.91157717,"05/16":-1.0654856,"05/17":-1.0654856,"05/18":-1.0654856,"05/19":-1.0508007,"05/20":-1.0135881,"05/21":-1.1368876,"05/22":-1.0586338,"05/23":-1.178897,"05/24":-1.178897,"05/25":-1.178897,"05/26":-1.2511024,"05/27":-1.2511024,"05/28":-1.2813251,"05/29":-1.2715752,"05/30":-1.1319939,"05/31":-1.1319939,"06/01":-1.1319939,"06/02":-1.1574076,"06/03":-1.0625452,"06/04":-1.0625452,"06/05":-1.1827989,"06/06":-1.0791863,"06/07":-1.0791863,"06/08":-1.0791863,"06/09":-1.0057478,"06/10":-0.85362196,"06/11":-0.793628,"06/12":-0.6595991,"06/13":-0.5291709,"06/14":-0.5291709,"06/15":-0.5291709,"06/16":-0.85165334,"06/17":-0.85066897,"06/18":-0.7581847,"06/19":-0.5044243,"06/20":-0.76014763,"06/21":-0.76014763,"06/22":-0.76014763,"06/23":-0.779848,"06/24":-0.9665279,"06/25":-0.93513894,"06/26":-1.051781,"06/27":-1.051781,"06/28":-1.051781,"06/29":-1.051781,"06/30":-1.051781,"07/01":-1.051781,"07/02":-1.051781,"07/03":-1.051781,"07/04":-1.051781,"07/05":-1.051781,"07/06":-1.051781,"07/07":-1.051781,"07/08":-1.3144454,"07/09":-1.2861947,"07/10":-1.2481731,"07/11":-1.3893743,"07/12":-1.3893743,"07/13":-1.3893743,"07/14":-1.4690409,"07/15":-1.5224042,"07/16":-1.5359787,"07/17":-1.5844299,"07/18":-1.6444402,"07/19":-1.6444402,"07/20":-1.6444402,"07/21":-1.7613516,"07/22":-1.7237046,"07/23":-1.7719712,"07/24":-1.6811892,"07/25":-1.473892,"07/26":-1.473892,"07/27":-1.473892,"07/28":-1.3397561,"07/29":-1.2822915,"07/30":-1.3163865,"07/31":-1.2754698,"08/01":-1.2667042,"08/02":-1.2667042,"08/03":-1.2667042,"08/04":-1.5602149,"08/05":-1.4204761,"08/06":-0.968492,"08/07":-1.0361114,"08/08":-0.84182775,"08/09":-0.84182775,"08/10":-0.84182775,"08/11":-0.7365119,"08/12":-0.34678462,"08/13":-0.4013701,"08/14":-0.7985458,"08/15":-0.7985458,"08/16":-0.7985458,"08/17":-0.7985458,"08/18":-0.5529054,"08/19":-0.42418233,"08/20":-0.6339382,"08/21":-0.6013393,"08/22":-0.43706867,"08/23":-0.43706867,"08/24":-0.43706867,"08/25":-0.27324057,"08/26":0.16425665,"08/27":0.16425665,"08/28":-0.060966916,"08/29":0.18532918,"08/30":0.18532918,"08/31":0.18532918,"09/01":9.917915E-4,"09/02":0.08105797,"09/03":-0.20956016,"09/04":-0.49155536,"09/05":-0.6862345,"09/06":-0.6862345,"09/07":-0.6862345,"09/08":-0.6862345,"09/09":-0.7315785,"09/10":-0.7955895,"09/11":-0.8369048,"09/12":-0.9645731,"09/13":-0.9645731,"09/14":-0.9645731,"09/15":-0.9508406,"09/16":-1.1144007,"09/17":-1.3037267,"09/18":-1.258904,"09/19":-1.285219,"09/20":-1.285219,"09/21":-1.285219,"09/22":-1.255975,"09/23":-1.2949661,"09/24":-1.2150083,"09/25":-1.1896335,"09/26":-1.0586338,"09/27":-1.0586338,"09/28":-1.0586338,"09/29":-1.098751,"09/30":-1.0273032,"10/01":-1.2569513,"10/02":-1.2569513,"10/03":-1.2569513,"10/04":-1.2569513,"10/05":-1.2569513,"10/06":-1.5447059,"10/07":-1.6221929,"10/08":-1.6212238,"10/09":-1.6666865,"10/10":-1.7449484,"10/11":-1.7449484,"10/12":-1.7449484,"10/13":-1.793185,"10/14":-1.7941507,"10/15":-1.9616681,"10/16":-2.0365787,"10/17":-2.0298607,"10/18":-2.0298607,"10/19":-2.0298607,"10/20":-2.122878,"10/21":-2.122878,"10/22":-2.122878,"10/23":-2.0250642,"10/24":-1.9520613,"10/25":-1.9520613,"10/26":-1.9520613,"10/27":-2.060569,"10/28":-2.0106628,"10/29":-2.147776,"10/30":-1.895308,"10/31":-1.9039716,"11/01":-1.9039716,"11/02":-1.9039716,"11/03":-1.9635929,"11/04":-1.9193676,"11/05":-1.9193676,"11/06":-1.8760574,"11/07":-1.8760574,"11/08":-1.8760574,"11/09":-1.8760574,"11/10":-2.0250642,"11/11":-2.0989182,"11/12":-2.221445,"11/13":-2.1726608,"11/14":-2.1726608,"11/15":-2.1726608,"11/16":-2.1726608,"11/17":-2.141073,"11/18":-2.1152124,"11/19":-2.2491632,"11/20":-2.3770313,"11/21":-2.202322,"11/22":-2.202322,"11/23":-2.202322,"11/24":-2.2157097,"11/25":-2.2768655,"11/26":-2.5454116,"11/27":-2.528318,"11/28":-2.4122725,"11/29":-2.4122725,"11/30":-2.4122725,"12/01":-2.3255365,"12/02":-2.3054986,"12/03":-2.193711,"12/04":-2.193711,"12/05":-2.5549116,"12/06":-2.5549116,"12/07":-2.5549116,"12/08":-2.2816372,"12/09":-1.9559025,"12/10":-1.7767924,"12/11":-1.9818473,"12/12":-2.1362875,"12/13":-2.1362875,"12/14":-2.1362875,"12/15":-2.1429908,"12/16":-2.0893383,"12/17":-2.0317829,"12/18":-2.058648,"12/19":-2.1908374,"12/20":-2.1908374,"12/21":-2.1908374,"12/22":-2.1573443,"12/23":-2.194669,"12/24":-2.41704,"12/25":-2.41704,"12/26":-2.3398457,"12/27":-2.3398457,"12/28":-2.3398457,"12/29":-2.2940474,"12/30":-2.2730403,"12/31":-2.2730403},"2025":{"04/02":0.0039958954,"04/03":0.0039958954,"04/04":0.0039958954,"04/05":0.0039958954,"04/06":0.0039958954,"04/07":0.0039958954,"04/08":0.0039958954,"04/09":0.0039958954,"04/10":0.0039958954,"04/11":0.0039958954,"04/12":0.0039958954,"04/13":0.0039958954,"04/14":0.0039958954,"04/15":0.0039958954,"04/16":-0.012004838,"04/17":-0.020994661,"04/18":-0.020994661,"04/19":-0.020994661,"04/20":-0.020994661,"04/21":-0.06595763,"04/22":-0.06595763,"04/23":-0.06595763,"04/24":-0.09789972,"04/25":-0.113867864,"04/26":-0.113867864,"04/27":-0.113867864,"04/28":-0.16273026,"04/29":-0.18067314,"04/30":-0.18067314,"05/01":-0.18067314,"05/02":-0.18067314,"05/03":-0.18067314,"05/04":-0.18067314,"05/05":-0.26529208,"05/06":-0.27921534,"05/07":-0.29412067,"05/08":-0.3070502,"05/09":-0.5073979,"05/10":-0.5073979,"05/11":-0.5073979,"05/12":-0.5073979,"05/13":-0.5073979,"05/14":-0.791657,"05/15":-0.91157717,"05/16":-1.0654856,"05/17":-1.0654856,"05/18":-1.0654856,"05/19":-1.0508007,"05/20":-1.0135881,"05/21":-1.1368876,"05/22":-1.0586338,"05/23":-1.178897,"05/24":-1.178897,"05/25":-1.178897,"05/26":-1.2511024,"05/27":-1.2511024,"05/28":-1.2813251,"05/29":-1.2715752,"05/30":-1.1319939,"05/31":-1.1319939,"06/01":-1.1319939,"06/02":-1.1574076,"06/03":-1.0625452,"06/04":-1.0625452,"06/05":-1.1827989,"06/06":-1.0791863,"06/07":-1.0791863,"06/08":-1.0791863,"06/09":-1.0057478,"06/10":-0.85362196,"06/11":-0.793628,"06/12":-0.6595991,"06/13":-0.5291709,"06/14":-0.5291709,"06/15":-0.5291709,"06/16":-0.85165334,"06/17":-0.85066897,"06/18":-0.7581847,"06/19":-0.5044243,"06/20":-0.76014763,"06/21":-0.76014763,"06/22":-0.76014763,"06/23":-0.779848,"06/24":-0.9665279,"06/25":-0.93513894,"06/26":-1.051781,"06/27":-1.051781,"06/28":-1.051781,"06/29":-1.051781,"06/30":-1.051781,"07/01":-1.051781,"07/02":-1.051781,"07/03":-1.051781,"07/04":-1.051781,"07/05":-1.051781,"07/06":-1.051781,"07/07":-1.051781,"07/08":-1.3144454,"07/09":-1.2861947,"07/10":-1.2481731,"07/11":-1.3893743,"07/12":-1.3893743,"07/13":-1.3893743,"07/14":-1.4690409,"07/15":-1.5224042,"07/16":-1.5359787,"07/17":-1.5844299,"07/18":-1.6444402,"07/19":-1.6444402,"07/20":-1.6444402,"07/21":-1.7613516,"07/22":-1.7237046,"07/23":-1.7719712,"07/24":-1.6811892,"07/25":-1.473892,"07/26":-1.473892,"07/27":-1.473892,"07/28":-1.3397561,"07/29":-1.2822915,"07/30":-1.3163865,"07/31":-1.2754698,"08/01":-1.2667042,"08/02":-1.2667042,"08/03":-1.2667042,"08/04":-1.5602149,"08/05":-1.4204761,"08/06":-0.968492,"08/07":-1.0361114,"08/08":-0.84182775,"08/09":-0.84182775,"08/10":-0.84182775,"08/11":-0.7365119,"08/12":-0.34678462,"08/13":-0.4013701,"08/14":-0.7985458,"08/15":-0.7985458,"08/16":-0.7985458,"08/17":-0.7985458,"08/18":-0.5529054,"08/19":-0.42418233,"08/20":-0.6339382,"08/21":-0.6013393,