{"0":{"04/02":3.8729954,"04/03":3.8729954,"04/04":3.8729954,"04/05":3.8729954,"04/06":3.8729954,"04/07":3.8729954,"04/08":3.8729954,"04/09":3.8729954,"04/10":3.8729954,"04/11":3.8729954,"04/12":3.8729954,"04/13":3.8729954,"04/14":3.8729954,"04/15":3.8729954,"04/16":3.7609298,"04/17":3.7516093,"04/18":3.7516093,"04/19":3.7516093,"04/20":3.7516093,"04/21":3.7298517,"04/22":3.7298517,"04/23":3.7298517,"04/24":3.1591387,"04/25":3.2134614,"04/26":3.2134614,"04/27":3.2134614,"04/28":3.2555258,"04/29":3.0077343,"04/30":3.0077343,"05/01":3.0077343,"05/02":3.0077343,"05/03":3.0077343,"05/04":3.0077343,"05/05":2.8241863,"05/06":2.9067042,"05/07":2.8740854,"05/08":3.0711043,"05/09":2.9770958,"05/10":2.9770958,"05/11":2.9770958,"05/12":2.9770958,"05/13":2.9770958,"05/14":2.4065347,"05/15":2.3469985,"05/16":2.2945926,"05/17":2.2945926,"05/18":2.2945926,"05/19":2.2794824,"05/20":2.185905,"05/21":2.1125698,"05/22":1.9562212,"05/23":1.8182986,"05/24":1.8182986,"05/25":1.8182986,"05/26":1.7136123,"05/27":1.7634374,"05/28":1.8093238,"05/29":1.7753997,"05/30":1.8472513,"05/31":1.8472513,"06/01":1.8472513,"06/02":1.7903612,"06/03":1.7355301,"06/04":1.7355301,"06/05":1.6320096,"06/06":1.5723853,"06/07":1.5723853,"06/08":1.5723853,"06/09":1.8113128,"06/10":1.8312829,"06/11":1.8972074,"06/12":2.070427,"06/13":2.2180889,"06/14":2.2180889,"06/15":2.2180889,"06/16":1.9352099,"06/17":1.8292836,"06/18":1.8462514,"06/19":2.0383456,"06/20":1.9282081,"06/21":1.9282081,"06/22":1.9282081,"06/23":1.958216,"06/24":1.7823806,"06/25":1.6946948,"06/26":1.5286996,"06/27":1.5286996,"06/28":1.5286996,"06/29":1.5286996,"06/30":1.5286996,"07/01":1.5286996,"07/02":1.5286996,"07/03":1.5286996,"07/04":1.5286996,"07/05":1.5286996,"07/06":1.5286996,"07/07":1.5286996,"07/08":1.2575155,"07/09":1.287139,"07/10":1.3711511,"07/11":1.4216328,"07/12":1.4216328,"07/13":1.4216328,"07/14":1.4315405,"07/15":1.3770952,"07/16":1.3068947,"07/17":1.2762707,"07/18":1.2989897,"07/19":1.2989897,"07/20":1.2989897,"07/21":1.1667846,"07/22":1.1618611,"07/23":1.0545816,"07/24":1.1529922,"07/25":1.3662076,"07/26":1.3662076,"07/27":1.3662076,"07/28":1.4721648,"07/29":1.4493681,"07/30":1.4147013,"07/31":1.4364904,"08/01":1.5019141,"08/02":1.5019141,"08/03":1.5019141,"08/04":1.2397459,"08/05":1.2881187,"08/06":1.6568714,"08/07":1.5843027,"08/08":1.7425056,"08/09":1.7425056,"08/10":1.7425056,"08/11":1.7484838,"08/12":1.9732312,"08/13":1.959218,"08/14":1.7026618,"08/15":1.7026618,"08/16":1.7026618,"08/17":1.7026618,"08/18":1.755461,"08/19":1.8572423,"08/20":1.6588639,"08/21":1.6767809,"08/22":1.8163093,"08/23":1.8163093,"08/24":1.8163093,"08/25":1.8712275,"08/26":2.2382092,"08/27":2.2382092,"08/28":2.108559,"08/29":2.3197796,"08/30":2.3197796,"08/31":2.3197796,"09/01":2.140694,"09/02":2.175859,"09/03":1.9842497,"09/04":1.7853767,"09/05":1.6330054,"09/06":1.6330054,"09/07":1.6330054,"09/08":1.6330054,"09/09":1.5435886,"09/10":1.4662188,"09/11":1.4147013,"09/12":1.3355572,"09/13":1.3355572,"09/14":1.3355572,"09/15":1.3266579,"09/16":1.1845193,"09/17":0.9946494,"09/18":0.9936661,"09/19":0.99759,"09/20":0.99759,"09/21":0.99759,"09/22":1.0290296,"09/23":1.0083987,"09/24":1.0958896,"09/25":1.144125,"09/26":1.3375276,"09/27":1.3375276,"09/28":1.3375276,"09/29":1.3266579,"09/30":1.4057881,"10/01":1.229885,"10/02":1.229885,"10/03":1.229885,"10/04":1.229885,"10/05":1.229885,"10/06":0.8544206,"10/07":0.77809703,"10/08":0.7663681,"10/09":0.7009206,"10/10":0.5985183,"10/11":0.5985183,"10/12":0.5985183,"10/13":0.52063316,"10/14":0.5537166,"10/15":0.3225797,"10/16":0.17938131,"10/17":0.14847746,"10/18":0.14847746,"10/19":0.14847746,"10/20":0.056826916,"10/21":0.056826916,"10/22":0.056826916,"10/23":0.17068394,"10/24":0.25286254,"10/25":0.25286254,"10/26":0.25286254,"10/27":0.106973805,"10/28":0.14075217,"10/29":0.012515483,"10/30":0.2896482,"10/31":0.2828706,"11/01":0.2828706,"11/02":0.2828706,"11/03":0.19000633,"11/04":0.21030425,"11/05":0.21030425,"11/06":0.23254737,"11/07":0.26737973,"11/08":0.26737973,"11/09":0.26737973,"11/10":0.09443467,"11/11":0.007694402,"11/12":-0.12020195,"11/13":-0.09714318,"11/14":-0.09714318,"11/15":-0.09714318,"11/16":-0.09714318,"11/17":-0.09426581,"11/18":-0.08176474,"11/19":-0.20752166,"11/20":-0.32913184,"11/21":-0.18929616,"11/22":-0.18929616,"11/23":-0.18929616,"11/24":-0.21327233,"11/25":-0.25447676,"11/26":-0.54956776,"11/27":-0.5066983,"11/28":-0.38170385,"11/29":-0.38170385,"11/30":-0.38170385,"12/01":-0.27458686,"12/02":-0.27362812,"12/03":-0.12788585,"12/04":-0.12788585,"12/05":-0.51527697,"12/06":-0.51527697,"12/07":-0.51527697,"12/08":-0.22094192,"12/09":0.13109493,"12/10":0.36134928,"12/11":0.17455335,"12/12":0.0,"12/13":0.0,"12/14":0.0,"12/15":0.0,"12/16":0.0,"12/17":0.0,"12/18":0.0,"12/19":0.0,"12/20":0.0,"12/21":0.0,"12/22":0.0,"12/23":0.0,"12/24":0.0,"12/25":0.0,"12/26":0.0,"12/27":0.0,"12/28":0.0,"12/29":0.0,"12/30":0.0,"12/31":0.0},"2025":{"04/02":3.8729954,"04/03":3.8729954,"04/04":3.8729954,"04/05":3.8729954,"04/06":3.8729954,"04/07":3.8729954,"04/08":3.8729954,"04/09":3.8729954,"04/10":3.8729954,"04/11":3.8729954,"04/12":3.8729954,"04/13":3.8729954,"04/14":3.8729954,"04/15":3.8729954,"04/16":3.7609298,"04/17":3.7516093,"04/18":3.7516093,"04/19":3.7516093,"04/20":3.7516093,"04/21":3.7298517,"04/22":3.7298517,"04/23":3.7298517,"04/24":3.1591387,"04/25":3.2134614,"04/26":3.2134614,"04/27":3.2134614,"04/28":3.2555258,"04/29":3.0077343,"04/30":3.0077343,"05/01":3.0077343,"05/02":3.0077343,"05/03":3.0077343,"05/04":3.0077343,"05/05":2.8241863,"05/06":2.9067042,"05/07":2.8740854,"05/08":3.0711043,"05/09":2.9770958,"05/10":2.9770958,"05/11":2.9770958,"05/12":2.9770958,"05/13":2.9770958,"05/14":2.4065347,"05/15":2.3469985,"05/16":2.2945926,"05/17":2.2945926,"05/18":2.2945926,"05/19":2.2794824,"05/20":2.185905,"05/21":2.1125698,"05/22":1.9562212,"05/23":1.8182986,"05/24":1.8182986,"05/25":1.8182986,"05/26":1.7136123,"05/27":1.7634374,"05/28":1.8093238,"05/29":1.7753997,"05/30":1.8472513,"05/31":1.8472513,"06/01":1.8472513,"06/02":1.7903612,"06/03":1.7355301,"06/04":1.7355301,"06/05":1.6320096,"06/06":1.5723853,"06/07":1.5723853,"06/08":1.5723853,"06/09":1.8113128,"06/10":1.8312829,"06/11":1.8972074,"06/12":2.070427,"06/13":2.2180889,"06/14":2.2180889,"06/15":2.2180889,"06/16":1.9352099,"06/17":1.8292836,"06/18":1.8462514,"06/19":2.0383456,"06/20":1.9282081,"06/21":1.9282081,"06/22":1.9282081,"06/23":1.958216,"06/24":1.7823806,"06/25":1.6946948,"06/26":1.5286996,"06/27":1.5286996,"06/28":1.5286996,"06/29":1.5286996,"06/30":1.5286996,"07/01":1.5286996,"07/02":1.5286996,"07/03":1.5286996,"07/04":1.5286996,"07/05":1.5286996,"07/06":1.5286996,"07/07":1.5286996,"07/08":1.2575155,"07/09":1.287139,"07/10":1.3711511,"07/11":1.4216328,"07/12":1.4216328,"07/13":1.4216328,"07/14":1.4315405,"07/15":1.3770952,"07/16":1.3068947,"07/17":1.2762707,"07/18":1.2989897,"07/19":1.2989897,"07/20":1.2989897,"07/21":1.1667846,"07/22":1.1618611,"07/23":1.0545816,"07/24":1.1529922,"07/25":1.3662076,"07/26":1.3662076,"07/27":1.3662076,"07/28":1.4721648,"07/29":1.4493681,"07/30":1.4147013,"07/31":1.4364904,"08/01":1.5019141,"08/02":1.5019141,"08/03":1.5019141,"08/04":1.2397459,"08/05":1.2881187,"08/06":1.6568714,"08/07":1.5843027,"08/08":1.7425056,"08/09":1.7425056,"08/10":1.7425056,"08/11":1.7484838,"08/12":1.9732312,"08/13":1.959218,"08/14":1.7026618,"08/15":1.7026618,"08/16":1.7026618,"08/17":1.7026618,"08/18":1.755461,"08/19":1.8572423,"08/20":1.6588639,"08/21":1.6767809,"08/22":1.8163093,"08/23":1.8163093,"08/24":1.8163093,"08/25":1.8712275,"08/26":2.2382092,"08/27":2.2382092,"08/28":2.108559,"08/29":2.3197796,"08/30":2.3197796,"08/31":2.3197796,"09/01":2.140694,"09/02":2.175859,"09/03":1.9842497,"09/04":1.7853767,"09/05":1.6330054,"09/06":1.6330054,"09/07":1.6330054,"09/08":1.6330054,"09/09":1.5435886,"09/10":1.4662188,"09/11":1.4147013,"09/12":1.3355572,"09/13":1.3355572,"09/14":1.3355572,"09/15":1.3266579,"09/16":1.1845193,"09/17":0.9946494,"09/18":0.9936661,"09/19":0.99759,"09/20":0.99759,"09/21":0.99759,