{"0":{"10/01":-5.490999,"10/02":-5.490999,"10/03":-5.490999,"10/04":-5.490999,"10/05":-5.490999,"10/06":-5.4938383,"10/07":-5.509896,"10/08":-5.511788,"10/09":-5.517454,"10/10":-5.5240655,"10/11":-5.5240655,"10/12":-5.5240655,"10/13":-5.563715,"10/14":-5.575979,"10/15":-5.58824,"10/16":-5.600498,"10/17":-5.612762,"10/18":-5.612762,"10/19":-5.612762,"10/20":-5.6485643,"10/21":-5.6485643,"10/22":-5.6485643,"10/23":-5.6871667,"10/24":-5.7003407,"10/25":-5.7003407,"10/26":-5.7003407,"10/27":-5.6325536,"10/28":-5.5080037,"10/29":-6.054675,"10/30":-5.7059937,"10/31":-5.690936,"11/01":-5.690936,"11/02":-5.690936,"11/03":-5.7285624,"11/04":-5.60993,"11/05":-5.60993,"11/06":-5.5646596,"11/07":-5.5505023,"11/08":-5.5505023,"11/09":-5.5505023,"11/10":-5.712579,"11/11":-5.678702,"11/12":-6.1032047,"11/13":-6.119999,"11/14":-6.119999,"11/15":-6.119999,"11/16":-6.119999,"11/17":-6.4359946,"11/18":-6.3302765,"11/19":-6.672528,"11/20":-6.911532,"11/21":-6.3887277,"11/22":-6.3887277,"11/23":-6.3887277,"11/24":-6.0210433,"11/25":-6.1572833,"11/26":-6.840878,"11/27":-6.8720875,"11/28":-6.905113,"11/29":-6.905113,"11/30":-6.905113,"12/01":-6.6605463,"12/02":-6.523913,"12/03":-5.9537077,"12/04":-5.9537077,"12/05":-6.6420984,"12/06":-6.6420984,"12/07":-6.6420984,"12/08":-5.905014,"12/09":-5.862843,"12/10":-5.746423,"12/11":-6.0780115,"12/12":-6.831691,"12/13":-6.831691,"12/14":-6.831691,"12/15":-6.7526326,"12/16":-6.2103677,"12/17":-6.276406,"12/18":-6.396146,"12/19":-6.7489567,"12/20":-6.7489567,"12/21":-6.7489567,"12/22":-7.1365423,"12/23":-7.0442886,"12/24":-6.928029,"12/25":-6.928029,"12/26":-6.568269,"12/27":-6.568269,"12/28":-6.568269,"12/29":-5.9424787,"12/30":-5.958384,"12/31":-5.958384},"2025":{"10/01":-5.490999,"10/02":-5.490999,"10/03":-5.490999,"10/04":-5.490999,"10/05":-5.490999,"10/06":-5.4938383,"10/07":-5.509896,"10/08":-5.511788,"10/09":-5.517454,"10/10":-5.5240655,"10/11":-5.5240655,"10/12":-5.5240655,"10/13":-5.563715,"10/14":-5.575979,"10/15":-5.58824,"10/16":-5.600498,"10/17":-5.612762,"10/18":-5.612762,"10/19":-5.612762,"10/20":-5.6485643,"10/21":-5.6485643,"10/22":-5.6485643,"10/23":-5.6871667,"10/24":-5.7003407,"10/25":-5.7003407,"10/26":-5.7003407,"10/27":-5.6325536,"10/28":-5.5080037,"10/29":-6.054675,"10/30":-5.7059937,"10/31":-5.690936,"11/01":-5.690936,"11/02":-5.690936,"11/03":-5.7285624,"11/04":-5.60993,"11/05":-5.60993,"11/06":-5.5646596,"11/07":-5.5505023,"11/08":-5.5505023,"11/09":-5.5505023,"11/10":-5.712579,"11/11":-5.678702,"11/12":-6.1032047,"11/13":-6.119999,"11/14":-6.119999,"11/15":-6.119999,"11/16":-6.119999,"11/17":-6.4359946,"11/18":-6.3302765,"11/19":-6.672528,"11/20":-6.911532,"11/21":-6.3887277,"11/22":-6.3887277,"11/23":-6.3887277,"11/24":-6.0210433,"11/25":-6.1572833,"11/26":-6.840878,"11/27":-6.8720875,"11/28":-6.905113,"11/29":-6.905113,"11/30":-6.905113,"12/01":-6.6605463,"12/02":-6.523913,"12/03":-5.9537077,"12/04":-5.9537077,"12/05":-6.6420984,"12/06":-6.6420984,"12/07":-6.6420984,"12/08":-5.905014,"12/09":-5.862843,"12/10":-5.746423,"12/11":-6.0780115,"12/12":-6.831691,"12/13":-6.831691,"12/14":-6.831691,"12/15":-6.7526326,"12/16":-6.2103677,"12/17":-6.276406,"12/18":-6.396146,"12/19":-6.7489567,"12/20":-6.7489567,"12/21":-6.7489567,"12/22":-7.1365423,"12/23":-7.0442886,"12/24":-6.928029,"12/25":-6.928029,"12/26":-6.568269,"12/27":-6.568269,"12/28":-6.568269,"12/29":-5.9424787,"12/30":-5.958384,"12/31":-5.958384}}