{"0":{"04/18":0.41399956,"04/19":0.41399956,"04/20":0.41399956,"04/21":0.41399956,"04/22":0.41399956,"04/23":0.41399956,"04/24":0.4069711,"04/25":0.4119886,"04/26":0.39893842,"04/27":0.39893842,"04/28":0.39893842,"04/29":0.35077885,"04/30":0.33874854,"05/01":0.33874854,"05/02":0.30867592,"05/03":0.2986525,"05/04":0.2986525,"05/05":0.2986525,"05/06":0.25259358,"05/07":0.24157932,"05/08":0.22957522,"05/09":0.21757397,"05/10":0.20357297,"05/11":0.20357297,"05/12":0.20357297,"05/13":0.15359996,"05/14":0.14360754,"05/15":0.13661689,"05/16":0.12463789,"05/17":0.11266176,"05/18":0.11266176,"05/19":0.11266176,"05/20":0.11266176,"05/21":0.04483844,"05/22":0.031874012,"05/23":0.031874012,"05/24":0.0,"05/25":0.0,"05/26":0.0,"05/27":0.0,"05/28":0.0,"05/29":0.0,"05/30":0.0,"05/31":0.0,"06/01":0.0,"06/02":0.0,"06/03":0.0,"06/04":0.0,"06/05":0.0,"06/06":0.0,"06/07":0.0,"06/08":0.0,"06/09":0.0,"06/10":0.0,"06/11":0.0,"06/12":0.0,"06/13":0.0,"06/14":0.0,"06/15":0.0,"06/16":0.0,"06/17":0.0,"06/18":0.0,"06/19":0.0,"06/20":0.0,"06/21":0.0,"06/22":0.0,"06/23":0.0,"06/24":0.0,"06/25":0.0,"06/26":0.0,"06/27":0.0,"06/28":0.0,"06/29":0.0,"06/30":0.0,"07/01":0.0,"07/02":0.0,"07/03":0.0,"07/04":0.0,"07/05":0.0,"07/06":0.0,"07/07":0.0,"07/08":0.0,"07/09":0.0,"07/10":0.0,"07/11":0.0,"07/12":0.0,"07/13":0.0,"07/14":0.0,"07/15":0.0,"07/16":0.0,"07/17":0.0,"07/18":0.0,"07/19":0.0,"07/20":0.0,"07/21":0.0,"07/22":0.0,"07/23":0.0,"07/24":0.0,"07/25":0.0,"07/26":0.0,"07/27":0.0,"07/28":0.0,"07/29":0.0,"07/30":0.0,"07/31":0.0,"08/01":0.0,"08/02":0.0,"08/03":0.0,"08/04":0.0,"08/05":0.0,"08/06":0.0,"08/07":0.0,"08/08":0.0,"08/09":0.0,"08/10":0.0,"08/11":0.0,"08/12":0.0,"08/13":0.0,"08/14":0.0,"08/15":0.0,"08/16":0.0,"08/17":0.0,"08/18":0.0,"08/19":0.0,"08/20":0.0,"08/21":0.0,"08/22":0.0,"08/23":0.0,"08/24":0.0,"08/25":0.0,"08/26":0.0,"08/27":0.0,"08/28":0.0,"08/29":0.0,"08/30":0.0,"08/31":0.0,"09/01":0.0,"09/02":0.0,"09/03":0.0,"09/04":0.0,"09/05":0.0,"09/06":0.0,"09/07":0.0,"09/08":0.0,"09/09":0.0,"09/10":0.0,"09/11":0.0,"09/12":0.0,"09/13":0.0,"09/14":0.0,"09/15":0.0,"09/16":0.0,"09/17":0.0,"09/18":0.0,"09/19":0.0,"09/20":0.0,"09/21":0.0,"09/22":0.0,"09/23":0.0,"09/24":0.0,"09/25":0.0,"09/26":0.0,"09/27":0.0,"09/28":0.0,"09/29":0.0,"09/30":0.0,"10/01":0.0,"10/02":0.0,"10/03":0.0,"10/04":0.0,"10/05":0.0,"10/06":0.0,"10/07":0.0,"10/08":0.0,"10/09":0.0,"10/10":0.0,"10/11":0.0,"10/12":0.0,"10/13":0.0,"10/14":0.0,"10/15":0.0,"10/16":0.0,"10/17":0.0,"10/18":0.0,"10/19":0.0,"10/20":0.0,"10/21":0.0,"10/22":0.0,"10/23":0.0,"10/24":0.0,"10/25":0.0,"10/26":0.0,"10/27":0.0,"10/28":0.0,"10/29":0.0,"10/30":0.0,"10/31":0.0,"11/01":0.0,"11/02":0.0,"11/03":0.0,"11/04":0.0,"11/05":0.0,"11/06":0.0,"11/07":0.0,"11/08":0.0,"11/09":0.0,"11/10":0.0,"11/11":0.0,"11/12":0.0,"11/13":0.0,"11/14":0.0,"11/15":0.0,"11/16":0.0,"11/17":0.0,"11/18":0.0,"11/19":0.0,"11/20":0.0,"11/21":0.0,"11/22":0.0,"11/23":0.0,"11/24":0.0,"11/25":0.0,"11/26":0.0,"11/27":0.0,"11/28":0.0,"11/29":0.0,"11/30":0.0,"12/01":0.0,"12/02":0.0,"12/03":0.0,"12/04":0.0,"12/05":0.0,"12/06":0.0,"12/07":0.0,"12/08":0.0,"12/09":0.0,"12/10":0.0,"12/11":0.0,"12/12":0.0,"12/13":0.0,"12/14":0.0,"12/15":0.0,"12/16":0.0,"12/17":0.0,"12/18":0.0,"12/19":0.0,"12/20":0.0,"12/21":0.0,"12/22":0.0,"12/23":0.0,"12/24":0.0,"12/25":0.0,"12/26":0.0,"12/27":0.0,"12/28":0.0,"12/29":0.0,"12/30":0.0,"12/31":0.0},"2024":{"04/18":0.41399956,"04/19":0.41399956,"04/20":0.41399956,"04/21":0.41399956,"04/22":0.41399956,"04/23":0.41399956,"04/24":0.4069711,"04/25":0.4119886,"04/26":0.39893842,"04/27":0.39893842,"04/28":0.39893842,"04/29":0.35077885,"04/30":0.33874854,"05/01":0.33874854,"05/02":0.30867592,"05/03":0.2986525,"05/04":0.2986525,"05/05":0.2986525,"05/06":0.25259358,"05/07":0.24157932,"05/08":0.22957522,"05/09":0.21757397,"05/10":0.20357297,"05/11":0.20357297,"05/12":0.20357297,"05/13":0.15359996,"05/14":0.14360754,"05/15":0.13661689,"05/16":0.12463789,"05/17":0.11266176,"05/18":0.11266176,"05/19":0.11266176,"05/20":0.11266176,"05/21":0.04483844,"05/22":0.031874012,"05/23":0.031874012,"05/24":0.0,"05/25":0.0,"05/26":0.0,"05/27":0.0,"05/28":0.0,"05/29":0.0,"05/30":0.0,"05/31":0.0,"06/01":0.0,"06/02":0.0,"06/03":0.0,"06/04":0.0,"06/05":0.0,"06/06":0.0,"06/07":0.0,"06/08":0.0,"06/09":0.0,"06/10":0.0,"06/11":0.0,"06/12":0.0,"06/13":0.0,"06/14":0.0,"06/15":0.0,"06/16":0.0,"06/17":0.0,"06/18":0.0,"06/19":0.0,"06/20":0.0,"06/21":0.0,"06/22":0.0,"06/23":0.0,"06/24":0.0,"06/25":0.0,"06/26":0.0,"06/27":0.0,"06/28":0.0,"06/29":0.0,"06/30":0.0,"07/01":0.0,"07/02":0.0,"07/03":0.0,"07/04":0.0,"07/05":0.0,"07/06":0.0,"07/07":0.0,"07/08":0.0,"07/09":0.0,"07/10":0.0,"07/11":0.0,"07/12":0.0,"07/13":0.0,"07/14":0.0,"07/15":0.0,"07/16":0.0,"07/17":0.0,"07/18":0.0,"07/19":0.0,"07/20":0.0,"07/21":0.0,"07/22":0.0,"07/23":0.0,"07/24":0.0,"07/25":0.0,"07/26":0.0,"07/27":0.0,"07/28":0.0,"07/29":0.0,"07/30":0.0,"07/31":0.0,"08/01":0.0,"08/02":0.0,"08/03":0.0,"08/04":0.0,"08/05":0.0,"08/06":0.0,"08/07":0.0,"08/08":0.0,"08/09":0.0,"08/10":0.0,"08/11":0.0,"08/12":0.0,"08/13":0.0,"08/14":0.0,"08/15":0.0,"08/16":0.0,"08/17":0.0,"08/18":0.0,"08/19":0.0,"08/20":0.0,"08/21":0.0,"08/22":0.0,"08/23":0.0,"08/24":0.0,"08/25":0.0,"08/26":0.0,"08/27":0.0,"08/28":0.0,"08/29":0.0,"08/30":0.0,"08/31":0.0,"09/01":0.0,"09/02":0.0,"09/03":0.0,"09/04":0.0,"09/05":0.0,"09/06":0.0,"09/07":0.0,"09/08":0.0,"09/09":0.0,"09/10":0.0,"09/11":0.0,"09/12":0.0,"09/13":0.0,"09/14":0.0,"09/15":0.0,"09/16":0.0,"09/17":0.0,"09/18":0.0,"09/19":0.0,"09/20":0.0,"09/21":0.0,"09/22":0.0,"09/23":0.0,"09/24":0.0,"09/25":0.0,"09/26":0.0,"09/27":0.0,"09/28":0.0,"09/29":0.0,"09/30":0.0,"10/01":0.0,"10/02":0.0,"10/03":0.0,"10/04":0.0,"10/05":0.0,"10/06":0.0,"10/07":0.0,"10/08":0.0,"10/09":0.0,"10/10":0.0,"10/11":0.0,"10/12":0.0,"10/13":0.0,"10/14":0.0,"10/15":0.0,"10/16":0.0,"10/17":0.0,"10/18":0.0,"10/19":0.0,"10/20":0.0,"10/21":0.0,"10/22":0.0,"10/23":0.0,"10/24":0.0,"10/25":0.0,"10/26":0.0,"10/27":0.0,"10/28":0.0,"10/29":0.0,"10/30":0.0,"10/31":0.0,"11/01":0.0,"11/02":0.0,"11/03":0.0,"11/04":0.0,"11/05":0.0,"11/06":0.0,"11/07":0.0,"11/08":0.0,"11/09":0.0,"11/10":0.0,"11/11":0.0,"11/12":0.0,"11/13":0.0,"11/14":0.0,"11/15":0.0,"11/16":0.0,"11/17":0.0,"11/18":0.0,"11/19":0.0,"11/20":0.0,"11/21":0.0,"11/22":0.0,"11/23":0.0,"11/24":0.0,"11/25":0.0,"11/26":0.0,"11/27":0.0,"11/28":0.0,"11/29":0.0,"11/30":0.0,"12/01":0.0,"12/02":0.0,"12/03":0.0,"12/04":0.0,"12/05":0.0,"12/06":0.0,"12/07":0.0,"12/08":0.0,"12/09":0.0,"12/10":0.0,"12/11":0.0,"12/12":0.0,"12/13":0.0,"12/14":0.0,"12/15":0.0,"12/16":0.0,"12/17":0.0,"12/18":0.0,"12/19":0.0,"12/20":0.0,"12/21":0.0,"12/22":0.0,"12/23":0.0,"12/24":0.0,"12/25":0.0,"12/26":0.0,"12/27":0.0,"12/28":0.0,"12/29":0.0,"12/30":0.0,"12/31":0.0}}