{"0":{"04/18":6.5040016,"04/19":6.5040016,"04/20":6.5040016,"04/21":6.5040016,"04/22":6.5040016,"04/23":6.5040016,"04/24":6.4933476,"04/25":7.029516,"04/26":6.995113,"04/27":6.995113,"04/28":6.995113,"04/29":6.9456854,"04/30":6.9489117,"05/01":6.9489117,"05/02":6.859849,"05/03":6.7762837,"05/04":6.7762837,"05/05":6.7762837,"05/06":6.6437016,"05/07":6.671479,"05/08":6.657583,"05/09":6.630892,"05/10":6.5935397,"05/11":6.5935397,"05/12":6.5935397,"05/13":6.5199814,"05/14":6.4912257,"05/15":6.464607,"05/16":6.444393,"05/17":6.430567,"05/18":6.430567,"05/19":6.430567,"05/20":6.430567,"05/21":6.349798,"05/22":6.321124,"05/23":6.321124,"05/24":6.2808127,"05/25":6.2808127,"05/26":6.2808127,"05/27":6.2214537,"05/28":6.2066245,"05/29":6.1907387,"05/30":6.1706285,"05/31":6.152635,"06/01":6.152635,"06/02":6.152635,"06/03":6.0849633,"06/04":6.0849633,"06/05":6.0638356,"06/06":6.0384974,"06/07":6.0205483,"06/08":6.0205483,"06/09":6.0205483,"06/10":5.967804,"06/11":5.947778,"06/12":5.92986,"06/13":5.907739,"06/14":5.8877363,"06/15":5.8877363,"06/16":5.8877363,"06/17":5.8877363,"06/18":5.8109374,"06/19":5.7899184,"06/20":5.7752094,"06/21":5.7531533,"06/22":5.7531533,"06/23":5.7531533,"06/24":5.697533,"06/25":5.6723595,"06/26":5.6220584,"06/27":5.591689,"06/28":5.5634327,"06/29":5.5634327,"06/30":5.5634327,"07/01":5.503825,"07/02":5.487103,"07/03":5.4693503,"07/04":5.452639,"07/05":5.4192424,"07/06":5.4192424,"07/07":5.4192424,"07/08":5.3556232,"07/09":5.3326983,"07/10":5.320202,"07/11":5.294175,"07/12":5.26711,"07/13":5.26711,"07/14":5.26711,"07/15":5.19641,"07/16":5.19641,"07/17":5.19641,"07/18":5.1258054,"07/19":5.1476007,"07/20":5.1476007,"07/21":5.1476007,"07/22":5.109203,"07/23":5.1029806,"07/24":5.088462,"07/25":5.088462,"07/26":5.0117807,"07/27":5.0117807,"07/28":5.0117807,"07/29":4.954866,"07/30":4.934186,"07/31":4.9042106,"08/01":4.9021416,"08/02":4.9393525,"08/03":4.9393525,"08/04":4.9393525,"08/05":5.0045333,"08/06":5.051145,"08/07":4.880448,"08/08":4.967276,"08/09":4.854638,"08/10":4.854638,"08/11":4.854638,"08/12":4.7679963,"08/13":4.8938847,"08/14":4.8639326,"08/15":4.8639326,"08/16":4.690761,"08/17":4.690761,"08/18":4.690761,"08/19":4.459728,"08/20":4.2490935,"08/21":4.2154336,"08/22":4.176693,"08/23":4.1716013,"08/24":4.1716013,"08/25":4.1716013,"08/26":4.10745,"08/27":4.100327,"08/28":4.128825,"08/29":4.084047,"08/30":4.0647264,"08/31":4.0647264,"09/01":4.0647264,"09/02":3.9661908,"09/03":3.9195216,"09/04":3.892153,"09/05":3.892153,"09/06":3.99969,"09/07":3.99969,"09/08":3.99969,"09/09":3.9306822,"09/10":3.8850594,"09/11":3.8749232,"09/12":3.6716907,"09/13":3.6010988,"09/14":3.6010988,"09/15":3.6010988,"09/16":3.4501495,"09/17":3.4762888,"09/18":3.4762888,"09/19":3.3688262,"09/20":3.3226914,"09/21":3.3226914,"09/22":3.3226914,"09/23":3.1545691,"09/24":3.0597458,"09/25":2.8924773,"09/26":2.766389,"09/27":2.8497505,"09/28":2.8497505,"09/29":2.8497505,"09/30":2.833859,"10/01":2.7128735,"10/02":2.7128735,"10/03":2.91733,"10/04":3.2365673,"10/05":3.2365673,"10/06":3.2365673,"10/07":3.324699,"10/08":3.1455848,"10/09":3.0218596,"10/10":2.9800224,"10/11":3.036811,"10/12":3.036811,"10/13":3.036811,"10/14":2.9004316,"10/15":2.872602,"10/16":2.8477614,"10/17":2.9899845,"10/18":2.960113,"10/19":2.960113,"10/20":2.960113,"10/21":2.985008,"10/22":3.1415837,"10/23":3.1475759,"10/24":3.1675673,"10/25":3.3537781,"10/26":3.3537781,"10/27":3.3537781,"10/28":3.352774,"10/29":3.2495766,"10/30":3.2495766,"10/31":3.2145555,"11/01":3.2145555,"11/02":3.2145555,"11/03":3.2145555,"11/04":3.1915517,"11/05":3.1066358,"11/06":2.9760437,"11/07":3.0856786,"11/08":3.0976505,"11/09":3.0976505,"11/10":3.0976505,"11/11":3.0766966,"11/12":3.209557,"11/13":3.3939095,"11/14":3.5316107,"11/15":3.5316107,"11/16":3.5316107,"11/17":3.5316107,"11/18":3.460203,"11/19":3.3728352,"11/20":3.3728352,"11/21":3.5014243,"11/22":3.4049573,"11/23":3.4049573,"11/24":3.4049573,"11/25":3.2085555,"11/26":3.215557,"11/27":3.1785572,"11/28":3.2375693,"11/29":3.029834,"11/30":3.029834,"12/01":3.029834,"12/02":2.78821,"12/03":2.627753,"12/04":2.5013242,"12/05":2.364387,"12/06":2.4323165,"12/07":2.4323165,"12/08":2.4323165,"12/09":2.3771775,"12/10":2.3112893,"12/11":2.2827938,"12/12":2.3437304,"12/13":2.2759182,"12/14":2.2759182,"12/15":2.2759182,"12/16":2.2759182,"12/17":2.3732452,"12/18":2.4599085,"12/19":2.6663313,"12/20":2.8616676,"12/21":2.8616676,"12/22":2.8616676,"12/23":2.6831625,"12/24":2.6990073,"12/25":2.6990073,"12/26":2.7198079,"12/27":2.701973,"12/28":2.701973,"12/29":2.701973,"12/30":2.7029648,"12/31":2.623792},"2024":{"04/18":6.5040016,"04/19":6.5040016,"04/20":6.5040016,"04/21":6.5040016,"04/22":6.5040016,"04/23":6.5040016,"04/24":6.4933476,"04/25":7.029516,"04/26":6.995113,"04/27":6.995113,"04/28":6.995113,"04/29":6.9456854,"04/30":6.9489117,"05/01":6.9489117,"05/02":6.859849,"05/03":6.7762837,"05/04":6.7762837,"05/05":6.7762837,"05/06":6.6437016,"05/07":6.671479,"05/08":6.657583,"05/09":6.630892,"05/10":6.5935397,"05/11":6.5935397,"05/12":6.5935397,"05/13":6.5199814,"05/14":6.4912257,"05/15":6.464607,"05/16":6.444393,"05/17":6.430567,"05/18":6.430567,"05/19":6.430567,"05/20":6.430567,"05/21":6.349798,"05/22":6.321124,"05/23":6.321124,"05/24":6.2808127,"05/25":6.2808127,"05/26":6.2808127,"05/27":6.2214537,"05/28":6.2066245,"05/29":6.1907387,"05/30":6.1706285,"05/31":6.152635,"06/01":6.152635,"06/02":6.152635,"06/03":6.0849633,"06/04":6.0849633,"06/05":6.0638356,"06/06":6.0384974,"06/07":6.0205483,"06/08":6.0205483,"06/09":6.0205483,"06/10":5.967804,"06/11":5.947778,"06/12":5.92986,"06/13":5.907739,"06/14":5.8877363,"06/15":5.8877363,"06/16":5.8877363,"06/17":5.8877363,"06/18":5.8109374,"06/19":5.7899184,"06/20":5.7752094,"06/21":5.7531533,"06/22":5.7531533,"06/23":5.7531533,"06/24":5.697533,"06/25":5.6723595,"06/26":5.6220584,"06/27":5.591689,"06/28":5.5634327,"06/29":5.5634327,"06/30":5.5634327,"07/01":5.503825,"07/02":5.487103,"07/03":5.4693503,"07/04":5.452639,"07/05":5.4192424,"07/06":5.4192424,"07/07":5.4192424,"07/08":5.3556232,"07/09":5.3326983,"07/10":5.320202,"07/11":5.294175,"07/12":5.26711,"07/13":5.26711,"07/14":5.26711,"07/15":5.19641,"07/16":5.19641,"07/17":5.19641,"07/18":5.1258054,"07/19":5.1476007,"07/20":5.1476007,"07/21":5.1476007,"07/22":5.109203,"07/23":5.1029806,"07/24":5.088462,"07/25":5.088462,"07/26":5.0117807,"07/27":5.0117807,"07/28":5.0117807,"07/29":4.954866,"07/30":4.934186,"07/31":4.9042106,"08/01":4.9021416,"08/02":4.9393525,"08/03":4.9393525,"08/04":4.9393525,"08/05":5.0045333,"08/06":5.051145,"08/07":4.880448,"08/08":4.967276,"08/09":4.854638,"08/10":4.854638,"08/11":4.854638,"08/12":4.7679963,"08/13":4.8938847,"08/14":4.8639326,"08/15":4.8639326,"08/16":4.690761,"08/17":4.690761,"08/18":4.690761,"08/19":4.459728,"08/20":4.2490935,"08/21":4.2154336,"08/22":4.176693,"08/23":4.1716013,"08/24":4.1716013,"08/25":4.1716013,"08/26":4.10745,"08/27":4.100327,"08/28":4.128825,"08/29":4.084047,"08/30":4.0647264,"08/31":4.0647264,"09/01":4.0647264,"09/02":3.9661908,"09/03":3.9195216,"09/04":3.892153,"09/05":3.892153,"09/06":3.99969,"09/07":3.99969,"09/08":3.99969,"09/09":3.9306822,"09/10":3.8850594,"09/11":3.8749232,"09/12":3.6716907,"09/13":3.6010988,"09/14":3.6010988,"09/15":3.6010988,"09/16":3.4501495,"09/17":3.4762888,"09/18":3.4762888,"09/19":3.3688262,"09/20":3.3226914,"09/21":3.3226914,"09/22":3.3226914,"09/23":3.1545691,"09/24":3.0597458,"09/25":2.8924773,"09/26":2.766389,"09/27":2.8497505,"09/28":2.8497505,"09/29":2.8497505,"09/30":2.833859,"10/01":2.7128735,"10/02":2.7128735,"10/03":2.91733,"10/04":3.2365673,"10/05":3.2365673,"10/06":3.2365673,"10/07":3.324699,"10/08":3.1455848,"10/09":3.0218596,"10/10":2.9800224,"10/11":3.036811,"10/12":3.036811,"10/13":3.036811,"10/14":2.9004316,"10/15":2.872602,"10/16":2.8477614,"10/17":2.9899845,"10/18":2.960113,"10/19":2.960113,"10/20":2.960113,"10/21":2.985008,"10/22":3.1415837,"10/23":3.1475759,"10/24":3.1675673,"10/25":3.3537781,"10/26":3.3537781,"10/27":3.3537781,"10/28":3.352774,"10/29":3.2495766,"10/30":3.2495766,