{"0":{"01/01":10.11665,"01/02":10.47109,"01/03":10.493655,"01/04":10.452224,"01/05":10.452224,"01/06":10.244148,"01/07":10.389423,"01/08":10.293583,"01/09":10.075114,"01/10":9.787786,"01/11":9.716981,"01/12":9.716981,"01/13":8.994469,"01/14":9.110368,"01/15":8.774737,"01/16":9.23426,"01/17":9.477484,"01/18":9.52145,"01/19":9.4008875,"01/20":9.57814,"01/21":9.467125,"01/22":9.617322,"01/23":9.736162,"01/24":9.573393,"01/25":9.557052,"01/26":9.557052,"01/27":9.558909,"01/28":9.592461,"01/29":9.345791,"01/30":9.492031,"01/31":9.417129,"02/01":8.886794,"02/02":8.656078,"02/03":8.575004,"02/04":8.844936,"02/05":9.103658,"02/06":8.999237,"02/07":8.646117,"02/08":8.743199,"02/09":8.8424635,"02/10":8.671882,"02/11":8.412786,"02/12":8.441338,"02/13":8.345933,"02/14":8.206663,"02/15":7.944977,"02/16":7.8973536,"02/17":7.9571004,"02/18":7.9571004,"02/19":7.9571004,"02/20":7.730082,"02/21":7.541651,"02/22":7.4835663,"02/23":8.3544855,"02/24":8.301369,"02/25":8.279388,"02/26":8.279642,"02/27":8.21636,"02/28":8.017857,"02/29":6.880065,"03/01":8.021946,"03/02":8.021946,"03/03":8.039297,"03/04":8.040676,"03/05":8.1728525,"03/06":8.31626,"03/07":8.317435,"03/08":8.317435,"03/09":8.317435,"03/10":8.28511,"03/11":8.3200245,"03/12":8.346359,"03/13":8.345461,"03/14":8.346506,"03/15":8.344955,"03/16":8.344955,"03/17":8.446783,"03/18":8.631721,"03/19":8.785631,"03/20":8.916153,"03/21":9.027939,"03/22":9.027767,"03/23":9.027767,"03/24":9.137129,"03/25":9.110222,"03/26":9.157107,"03/27":9.25559,"03/28":9.321148,"03/29":9.330507,"03/30":9.330507,"03/31":9.287363,"04/01":9.287363,"04/02":9.286278,"04/03":9.236361,"04/04":9.236716,"04/05":9.2139,"04/06":9.205687,"04/07":9.205687,"04/08":9.20539,"04/09":9.20539,"04/10":9.1593075,"04/11":9.148908,"04/12":9.1375065,"04/13":9.127159,"04/14":9.127159,"04/15":9.127036,"04/16":9.126899,"04/17":9.094864,"04/18":9.071543,"04/19":9.062466,"04/20":9.054887,"04/21":9.028378,"04/22":9.028177,"04/23":9.028401,"04/24":8.9687,"04/25":8.959621,"04/26":8.95244,"04/27":8.929708,"04/28":8.935121,"04/29":8.93567,"04/30":8.935509,"05/01":8.935509,"05/02":8.884143,"05/03":8.681092,"05/04":8.654745,"05/05":8.654745,"05/06":8.655676,"05/07":8.6551075,"05/08":8.675062,"05/09":8.660043,"05/10":8.623315,"05/11":8.593239,"05/12":8.497324,"05/13":8.497717,"05/14":8.498458,"05/15":8.454098,"05/16":8.384734,"05/17":8.394312,"05/18":8.409331,"05/19":8.422747,"05/20":8.422747,"05/21":8.424716,"05/22":8.320215,"05/23":8.409513,"05/24":8.35207,"05/25":8.35207,"05/26":8.299281,"05/27":8.300638,"05/28":8.299675,"05/29":8.296468,"05/30":8.270411,"05/31":8.200089,"06/01":8.158894,"06/02":8.149269,"06/03":8.160379,"06/04":8.144325,"06/05":8.130245,"06/06":8.109886,"06/07":8.079972,"06/08":8.204542,"06/09":8.278365,"06/10":8.278774,"06/11":8.280429,"06/12":8.203463,"06/13":8.168547,"06/14":8.164883,"06/15":8.208668,"06/16":8.165964,"06/17":8.165964,"06/18":8.16893,"06/19":8.186419,"06/20":8.189101,"06/21":8.193002,"06/22":8.257038,"06/23":8.278234,"06/24":8.28111,"06/25":8.2821865,"06/26":8.230167,"06/27":8.188091,"06/28":8.124517,"06/29":8.124517,"06/30":8.142407,"07/01":8.145366,"07/02":8.145753,"07/03":8.138394,"07/04":8.1047735,"07/05":8.06563,"07/06":8.099285,"07/07":8.099285,"07/08":8.102504,"07/09":8.105709,"07/10":8.1061535,"07/11":7.9725466,"07/12":8.025996,"07/13":7.928393,"07/14":7.886747,"07/15":7.89145,"07/16":7.89145,"07/17":7.767787,"07/18":7.695634,"07/19":7.682891,"07/20":7.6544323,"07/21":7.724291,"07/22":7.7266316,"07/23":7.724893,"07/24":7.685694,"07/25":7.74218,"07/26":7.7057695,"07/27":7.725751,"07/28":7.8356237,"07/29":7.8413496,"07/30":7.838425,"07/31":7.810704,"08/01":7.763874,"08/02":7.8105564,"08/03":7.919288,"08/04":7.89533,"08/05":7.88774,"08/06":7.8854723,"08/07":7.828136,"08/08":7.7727275,"08/09":7.74745,"08/10":7.720944,"08/11":7.8238654,"08/12":7.8253536,"08/13":7.82127,"08/14":7.815802,"08/15":7.815802,"08/16":7.8260183,"08/17":7.9132195,"08/18":7.8815775,"08/19":7.888074,"08/20":7.896165,"08/21":7.8341436,"08/22":7.809707,"08/23":7.731188,"08/24":7.7181206,"08/25":7.7775087,"08/26":7.784594,"08/27":7.782875,"08/28":7.682132,"08/29":7.675122,"08/30":7.6594915,"08/31":7.6480656,"09/01":7.6024084,"09/02":7.603277,"09/03":7.606115,"09/04":7.5932994,"09/05":7.5699387,"09/06":7.557293,"09/07":7.4237304,"09/08":7.417259,"09/09":7.421672,"09/10":7.427618,"09/11":7.439886,"09/12":7.4749956,"09/13":7.387447,"09/14":7.2269664,"09/15":7.3106046,"09/16":7.321079,"09/17":7.3203897,"09/18":7.2727838,"09/19":7.2774167,"09/20":7.337091,"09/21":7.3506684,"09/22":7.415945,"09/23":7.427213,"09/24":7.43265,"09/25":7.419779,"09/26":7.431872,"09/27":7.41255,"09/28":7.664628,"09/29":7.664628,"09/30":7.6582856,"10/01":7.6665206,"10/02":7.6665206,"10/03":7.5534854,"10/04":7.574222,"10/05":7.4668846,"10/06":7.76099,"10/07":7.7511663,"10/08":7.7706695,"10/09":7.9214454,"10/10":7.7994204,"10/11":7.634884,"10/12":7.638724,"10/13":7.648597,"10/14":7.658743,"10/15":7.6616654,"10/16":7.6749187,"10/17":7.5945735,"10/18":7.673004,"10/19":7.743877,"10/20":7.784066,"10/21":7.778014,"10/22":7.766472,"10/23":7.8840127,"10/24":7.881148,"10/25":7.8137026,"10/26":7.9485183,"10/27":7.837318,"10/28":7.8355975,"10/29":7.8433967,"10/30":7.7911897,"10/31":7.7881975,"11/01":7.7860045,"11/02":7.638235,"11/03":7.570086,"11/04":7.569907,"11/05":7.5758033,"11/06":7.4565344,"11/07":7.402373,"11/08":7.327554,"11/09":7.3286366,"11/10":7.396844,"11/11":7.4002767,"11/12":7.389496,"11/13":7.3249073,"11/14":7.318737,"11/15":7.076634,"11/16":7.0414553,"11/17":6.9956846,"11/18":6.9974184,"11/19":7.0015035,"11/20":7.0580044,"11/21":7.0404005,"11/22":7.0098658,"11/23":7.006134,"11/24":7.0819216,"11/25":7.0996637,"11/26":7.0971637,"11/27":7.101245,"11/28":7.0507383,"11/29":6.935157,"11/30":6.953858,"12/01":6.92768,"12/02":6.9455643,"12/03":6.9531183,"12/04":6.7361426,"12/05":6.667179,"12/06":6.585543,"12/07":6.5770583,"12/08":6.577589,"12/09":6.58393,"12/10":6.587502,"12/11":6.572953,"12/12":6.585732,"12/13":6.535196,"12/14":6.2780347,"12/15":6.1150475,"12/16":6.1150475,"12/17":6.1027,"12/18":6.0336304,"12/19":6.0039234,"12/20":6.117025,"12/21":6.098881,"12/22":6.055384,"12/23":6.062829,"12/24":6.061621,"12/25":6.061621,"12/26":5.9873366,"12/27":5.9552097,"12/28":5.907239,"12/29":5.830043,"12/30":5.829317,"12/31":5.8353224},"2023":{"02/23":9.188004,"02/24":9.188004,"02/25":9.188004,"02/26":9.217997,"02/27":9.2560005,"02/28":9.139004,"03/01":9.484997,"03/02":9.484997,"03/03":9.484997,"03/04":9.586,"03/05":9.575005,"03/06":9.699001,"03/07":9.822998,"03/08":9.822998,"03/09":9.822998,"03/10":9.822998,"03/11":9.910002,"03/12":9.806995,"03/13":9.545002,"03/14":9.637003,"03/15":9.497995,"03/16":9.497995,"03/17":9.497995,"03/18":9.497995,"03/19":9.247999,"03/20":9.273996,"03/21":9.653997,"03/22":9.623003,"03/23":9.623003,"03/24":9.605464,"03/25":9.605464,"03/26":9.582464,"03/27":9.728776,"03/28":10.134514,"03/29":10.153233,"03/30":10.153233,"03/31":10.109265,"04/01":10.109265,"04/02":9.948469,"04/03":9.848633,"04/04":9.909498,"04/05":9.803713,"04/06":9.787286,"04/07":9.787286,"04/08":9.728442,"04/09":9.728442,"04/10":9.900357,"04/11":9.879558,"04/12":9.387815,"04/13":9.367121,"04/14":9.367121,"04/15":9.302397,"04/16":9.098242,"04/17":9.034173,"04/18":8.994503,"04/19":8.866655,"04/20":8.851497,"04/21":8.798477,"04/22":9.125523,"04/23":9.269659,"04/24":9.1344185,"04/25":9.190463,"04/26":9.094967,"04/27":9.049501,"04/28":9.060328,"04/29":9.303457,"04/30":9.25186,"05/01":9.25186,"05/02":9.33921,"05/03":8.926225,"05/04":8.87353,"05/05":8.87353,"05/06":9.155895,"05/07":9.010768,"05/08":9.062444,"05/09":8.844783,"05/10":8.926583,"05/11":8.86643,"05/12":8.6746025,"05/13":8.838996,"05/14":9.025049,"05/15":9.069718,"05/16":9.15324,"05/17":9.1617365,"05/18":9.191774,"05/19":9.218605,"05/20":9.218605,"05/21":9.454527,"05/22":9.486116,"05/23":9.664713,"05/24":9.860021,"05/25":9.860021,"05/26":9.754442,"05/27":9.85349,"05/28":9.783864,"05/29":9.615,"05/30":9.446005,"05/31":9.391613,"06/01":9.30922,"06/02":9.289972,