{"0":{"01/01":3.4140065,"01/02":3.5020356,"01/03":3.6276357,"01/04":3.5528114,"01/05":3.5528114,"01/06":3.5528114,"01/07":3.5528114,"01/08":3.534604,"01/09":3.464696,"01/10":3.3862882,"01/11":3.3356664,"01/12":3.3356664,"01/13":3.3356664,"01/14":3.3356664,"01/15":2.8416643,"01/16":2.887074,"01/17":3.1460621,"01/18":3.2298198,"01/19":3.0833263,"01/20":3.0833263,"01/21":3.0833263,"01/22":3.0833263,"01/23":3.014035,"01/24":2.8709857,"01/25":2.8227599,"01/26":2.8227599,"01/27":2.8227599,"01/28":2.8227599,"01/29":2.513697,"01/30":2.5823255,"01/31":2.3701653,"02/01":1.8584249,"02/02":1.6252387,"02/03":1.6252387,"02/04":1.6252387,"02/05":1.7324418,"02/06":1.5735644,"02/07":1.4206892,"02/08":1.5154936,"02/09":1.6003189,"02/10":1.6003189,"02/11":1.6003189,"02/12":1.6261631,"02/13":1.560654,"02/14":1.547747,"02/15":1.2948762,"02/16":1.2252158,"02/17":1.2252158,"02/18":1.2252158,"02/19":1.2252158,"02/20":0.95572275,"02/21":0.94752103,"02/22":0.8446871,"02/23":5.8860264,"02/24":5.8860264,"02/25":5.8860264,"02/26":5.887392,"02/27":5.889086,"02/28":5.884713,"02/29":0.8510512,"03/01":5.902173,"03/02":5.902173,"03/03":5.902173,"03/04":5.907721,"03/05":5.9073286,"03/06":5.913475,"03/07":5.919899,"03/08":5.919899,"03/09":5.919899,"03/10":5.919899,"03/11":5.925256,"03/12":5.9223604,"03/13":5.9076724,"03/14":5.9123254,"03/15":5.9058113,"03/16":5.9058113,"03/17":5.9058113,"03/18":5.9058113,"03/19":5.893207,"03/20":5.895504,"03/21":5.912475,"03/22":5.909149,"03/23":5.909149,"03/24":5.902467,"03/25":5.902467,"03/26":5.9022703,"03/27":5.8835926,"03/28":5.893206,"03/29":5.8831425,"03/30":5.8831425,"03/31":5.8645096,"04/01":5.8645096,"04/02":5.8562403,"04/03":5.8245144,"04/04":5.830294,"04/05":5.8053274,"04/06":5.750787,"04/07":5.750787,"04/08":5.7468586,"04/09":5.7468586,"04/10":5.7185407,"04/11":5.703559,"04/12":5.67251,"04/13":5.680819,"04/14":5.680819,"04/15":5.680819,"04/16":5.680819,"04/17":5.678604,"04/18":5.6354046,"04/19":5.6265507,"04/20":5.603878,"04/21":5.533212,"04/22":5.533212,"04/23":5.533212,"04/24":5.3995543,"04/25":5.3332376,"04/26":5.2829223,"04/27":5.229426,"04/28":5.1825695,"04/29":5.1825695,"04/30":5.1825695,"05/01":5.1825695,"05/02":5.1069937,"05/03":4.9348826,"05/04":4.8578334,"05/05":4.8578334,"05/06":4.8578334,"05/07":4.8578334,"05/08":4.8078403,"05/09":4.8212724,"05/10":4.792269,"05/11":4.787975,"05/12":4.6862016,"05/13":4.6862016,"05/14":4.6862016,"05/15":4.6151776,"05/16":4.5784063,"05/17":4.6002493,"05/18":4.654672,"05/19":4.6317163,"05/20":4.6317163,"05/21":4.6317163,"05/22":4.514572,"05/23":4.5491314,"05/24":4.5342393,"05/25":4.5342393,"05/26":4.445059,"05/27":4.445059,"05/28":4.445059,"05/29":4.409046,"05/30":4.3810062,"05/31":4.367794,"06/01":4.348775,"06/02":4.284949,"06/03":4.284949,"06/04":4.284949,"06/05":4.254934,"06/06":4.2212725,"06/07":4.1556497,"06/08":4.2559876,"06/09":4.314469,"06/10":4.314469,"06/11":4.314469,"06/12":4.252831,"06/13":4.192905,"06/14":4.159846,"06/15":4.2212725,"06/16":4.157225,"06/17":4.157225,"06/18":4.157225,"06/19":4.174009,"06/20":4.15408,"06/21":4.163517,"06/22":4.248094,"06/23":4.2680964,"06/24":4.2680964,"06/25":4.2680964,"06/26":4.226005,"06/27":4.183458,"06/28":4.059863,"06/29":4.059863,"06/30":4.061433,"07/01":4.061433,"07/02":4.061433,"07/03":4.0311413,"07/04":4.025925,"07/05":3.9941084,"07/06":3.9998453,"07/07":3.9998453,"07/08":3.9998453,"07/09":3.9998453,"07/10":3.9998453,"07/11":3.9098005,"07/12":3.9493186,"07/13":3.8667092,"07/14":3.8138487,"07/15":3.8138487,"07/16":3.8138487,"07/17":3.7048235,"07/18":3.6399293,"07/19":3.6178179,"07/20":3.5669808,"07/21":3.6574244,"07/22":3.6574244,"07/23":3.6574244,"07/24":3.6352987,"07/25":3.6579397,"07/26":3.595211,"07/27":3.6522753,"07/28":3.7197826,"07/29":3.7197826,"07/30":3.7197826,"07/31":3.6661735,"08/01":3.6167889,"08/02":3.7053401,"08/03":3.8133302,"08/04":3.7962465,"08/05":3.7962465,"08/06":3.7962465,"08/07":3.722361,"08/08":3.7012143,"08/09":3.6615434,"08/10":3.6749308,"08/11":3.7636695,"08/12":3.7636695,"08/13":3.7636695,"08/14":3.7492034,"08/15":3.7492034,"08/16":3.7492034,"08/17":3.8470058,"08/18":3.8143623,"08/19":3.8143623,"08/20":3.8143623,"08/21":3.7471392,"08/22":3.7218442,"08/23":3.6327286,"08/24":3.627584,"08/25":3.663085,"08/26":3.663085,"08/27":3.663085,"08/28":3.5787842,"08/29":3.54493,"08/30":3.5259695,"08/31":3.526482,"09/01":3.462018,"09/02":3.462018,"09/03":3.462018,"09/04":3.4145353,"09/05":3.415557,"09/06":3.436479,"09/07":3.3360958,"09/08":3.311186,"09/09":3.311186,"09/10":3.311186,"09/11":3.2822378,"09/12":3.293916,"09/13":3.2026708,"09/14":3.07444,"09/15":3.1021533,"09/16":3.1021533,"09/17":3.1021533,"09/18":3.115263,"09/19":3.115263,"09/20":3.1475644,"09/21":3.2011504,"09/22":3.2391284,"09/23":3.2391284,"09/24":3.2391284,"09/25":3.2249432,"09/26":3.2198815,"09/27":3.1900194,"09/28":3.3651023,"09/29":3.3651023,"09/30":3.3651023,"10/01":3.3651023,"10/02":3.3651023,"10/03":3.2913785,"10/04":3.345255,"10/05":3.2578862,"10/06":3.4451616,"10/07":3.4451616,"10/08":3.4451616,"10/09":3.5695448,"10/10":3.469173,"10/11":3.3472881,"10/12":3.3330452,"10/13":3.3477976,"10/14":3.3477976,"10/15":3.3477976,"10/16":3.3477976,"10/17":3.2928994,"10/18":3.3752868,"10/19":3.411476,"10/20":3.4502661,"10/21":3.4502661,"10/22":3.4502661,"10/23":3.5536473,"10/24":3.5536473,"10/25":3.545443,"10/26":3.6553628,"10/27":3.5505667,"10/28":3.5505667,"10/29":3.5505667,"10/30":3.5034392,"10/31":3.5095851,"11/01":3.5382676,"11/02":3.410965,"11/03":3.3472881,"11/04":3.3472881,"11/05":3.3472881,"11/06":3.233557,"11/07":3.1996353,"11/08":3.15413,"11/09":3.1379724,"11/10":3.1601958,"11/11":3.1601958,"11/12":3.1601958,"11/13":3.1309059,"11/14":3.1309059,"11/15":2.9343014,"11/16":2.8852522,"11/17":2.8587608,"11/18":2.8587608,"11/19":2.8587608,"11/20":2.9132693,"11/21":2.8892488,"11/22":2.8437774,"11/23":2.850768,"11/24":2.896752,"11/25":2.896752,"11/26":2.896752,"11/27":2.896752,"11/28":2.8387883,"11/29":2.7272124,"11/30":2.7157815,"12/01":2.6830084,"12/02":2.6830084,"12/03":2.6830084,"12/04":2.4837897,"12/05":2.401184,"12/06":2.3526268,"12/07":2.3496873,"12/08":2.341848,"12/09":2.341848,"12/10":2.341848,"12/11":2.3276465,"12/12":2.362919,"12/13":2.3119876,"12/14":2.0932248,"12/15":1.9292716,"12/16":1.9292716,"12/17":1.9292716,"12/18":1.8989155,"12/19":1.8748481,"12/20":1.9765627,"12/21":1.9326468,"12/22":1.8902463,"12/23":1.8902463,"12/24":1.8902463,"12/25":1.8902463,"12/26":1.8378288,"12/27":1.7735307,"12/28":1.7313896,"12/29":1.6955316,"12/30":1.6955316,"12/31":1.6955316},"2023":{"02/23":10.921001,"02/24":10.921001,"02/25":10.921001,"02/26":10.951004,"02/27":10.987997,"02/28":10.892,"03/01":11.266003,"03/02":11.266003,"03/03":11.266003,"03/04":11.379995,"03/05":11.372004,"03/06":11.496,"03/07":11.623001,"03/08":11.623001,"03/09":11.623001,"03/10":11.623001,"03/11":11.726999,"03/12":11.671,"03/13":11.379004,"03/14":11.472998,"03/15":11.341,"03/16":11.341,"03/17":11.341,"03/18":11.341,"03/19":11.0770035,"03/20":11.126003,"03/21":11.476002,"03/22":11.408997,"03/23":11.408997,"03/24":11.395632,"03/25":11.395632,"03/26":11.391637,"03/27":11.54949,"03/28":11.89625,"03/29":11.876122,"03/30":11.876122,"03/31":11.872735,"04/01":11.872735,"04/02":11.716956,"04/03":11.654399,"04/04":11.764182,"04/05":11.678555,"04/06":11.569473,"04/07":11.569473,"04/08":11.493717,"04/09":11.493717,"04/10":11.437081,"04/11":11.407118,"04/12":11.34502,"04/13":11.361638,"04/14":11.361638,"04/15":11.361638,"04/16":11.361638,"04/17":11.357208,"04/18":11.270809,"04/19":11.253101,"04/20":11.207756,"04/21":11.066424,"04/22":11.066424,"04/23":11.066424,"04/24":10.7991085,"04/25":10.666475,"04/26":10.565845,"04/27":10.458852,"04/28":10.365139,"04/29":10.365139,"04/30":10.365139,"05/01":10.365139,"05/02":10.213987,"05/03":9.869765,"05/04":9.715667,"05/05":9.715667,"05/06":9.715667,"05/07":9.715667,"05/08":9.615681,"05/09":9.642545,"05/10":9.584538,"05/11":9.57595,"05/12":9.372403,"05/13":9.372403,"05/14":9.372403,"05/15":9.230355,"05/16":9.156813,"05/17":9.200499,"05/18":9.309344,"05/19":9.2634325,