{"0":{"10/01":-0.21100044,"10/02":-0.21100044,"10/03":-0.21100044,"10/04":-0.21100044,"10/05":-0.21100044,"10/06":-0.20900191,"10/07":-0.20401475,"10/08":-0.20601349,"10/09":-0.21199968,"10/10":-0.2239699,"10/11":-0.2239699,"10/12":-0.2239699,"10/13":-0.2578763,"10/14":-0.26984504,"10/15":-0.28080356,"10/16":-0.2867808,"10/17":-0.2987331,"10/18":-0.2987331,"10/19":-0.2987331,"10/20":-0.32562953,"10/21":-0.32562953,"10/22":-0.32562953,"10/23":-0.36046317,"10/24":-0.3723978,"10/25":-0.3723978,"10/26":-0.3723978,"10/27":-0.4111704,"10/28":-0.76374936,"10/29":-0.54715234,"10/30":-0.56498617,"10/31":-0.5778638,"11/01":-0.5778638,"11/02":-0.5778638,"11/03":-0.6095571,"11/04":-0.6065832,"11/05":-0.6065832,"11/06":-0.5966877,"11/07":-0.60757446,"11/08":-0.60757446,"11/09":-0.60757446,"11/10":-0.6788039,"11/11":-0.73610955,"11/12":-0.6807837,"11/13":-0.7578292,"11/14":-0.7578292,"11/15":-0.7578292,"11/16":-0.7578292,"11/17":-1.0510758,"11/18":-0.8790753,"11/19":-1.1970549,"11/20":-1.4293339,"11/21":-1.1902066,"11/22":-1.1902066,"11/23":-1.1902066,"11/24":-1.0285015,"11/25":-0.8731688,"11/26":-1.470211,"11/27":-1.5586618,"11/28":-1.4877155,"11/29":-1.4877155,"11/30":-1.4877155,"12/01":-1.3786732,"12/02":-0.99020815,"12/03":-0.9341805,"12/04":-0.9341805,"12/05":-1.534382,"12/06":-1.534382,"12/07":-1.534382,"12/08":-1.0618727,"12/09":-0.82489574,"12/10":-1.2625511,"12/11":-1.5188314,"12/12":-2.2605922,"12/13":-2.2605922,"12/14":-2.2605922,"12/15":-1.6188328,"12/16":-1.3786732,"12/17":-1.3494312,"12/18":-1.4088826,"12/19":-1.812442,"12/20":-1.812442,"12/21":-1.812442,"12/22":-2.2797425,"12/23":-2.2395346,"12/24":-2.1599708,"12/25":-2.1599708,"12/26":-1.9802572,"12/27":-1.9802572,"12/28":-1.9802572,"12/29":-1.7147634,"12/30":-1.6837803,"12/31":-1.6837803},"2025":{"10/01":-0.21100044,"10/02":-0.21100044,"10/03":-0.21100044,"10/04":-0.21100044,"10/05":-0.21100044,"10/06":-0.20900191,"10/07":-0.20401475,"10/08":-0.20601349,"10/09":-0.21199968,"10/10":-0.2239699,"10/11":-0.2239699,"10/12":-0.2239699,"10/13":-0.2578763,"10/14":-0.26984504,"10/15":-0.28080356,"10/16":-0.2867808,"10/17":-0.2987331,"10/18":-0.2987331,"10/19":-0.2987331,"10/20":-0.32562953,"10/21":-0.32562953,"10/22":-0.32562953,"10/23":-0.36046317,"10/24":-0.3723978,"10/25":-0.3723978,"10/26":-0.3723978,"10/27":-0.4111704,"10/28":-0.76374936,"10/29":-0.54715234,"10/30":-0.56498617,"10/31":-0.5778638,"11/01":-0.5778638,"11/02":-0.5778638,"11/03":-0.6095571,"11/04":-0.6065832,"11/05":-0.6065832,"11/06":-0.5966877,"11/07":-0.60757446,"11/08":-0.60757446,"11/09":-0.60757446,"11/10":-0.6788039,"11/11":-0.73610955,"11/12":-0.6807837,"11/13":-0.7578292,"11/14":-0.7578292,"11/15":-0.7578292,"11/16":-0.7578292,"11/17":-1.0510758,"11/18":-0.8790753,"11/19":-1.1970549,"11/20":-1.4293339,"11/21":-1.1902066,"11/22":-1.1902066,"11/23":-1.1902066,"11/24":-1.0285015,"11/25":-0.8731688,"11/26":-1.470211,"11/27":-1.5586618,"11/28":-1.4877155,"11/29":-1.4877155,"11/30":-1.4877155,"12/01":-1.3786732,"12/02":-0.99020815,"12/03":-0.9341805,"12/04":-0.9341805,"12/05":-1.534382,"12/06":-1.534382,"12/07":-1.534382,"12/08":-1.0618727,"12/09":-0.82489574,"12/10":-1.2625511,"12/11":-1.5188314,"12/12":-2.2605922,"12/13":-2.2605922,"12/14":-2.2605922,"12/15":-1.6188328,"12/16":-1.3786732,"12/17":-1.3494312,"12/18":-1.4088826,"12/19":-1.812442,"12/20":-1.812442,"12/21":-1.812442,"12/22":-2.2797425,"12/23":-2.2395346,"12/24":-2.1599708,"12/25":-2.1599708,"12/26":-1.9802572,"12/27":-1.9802572,"12/28":-1.9802572,"12/29":-1.7147634,"12/30":-1.6837803,"12/31":-1.6837803}}