{"0":{"01/01":10.623826,"01/02":10.717993,"01/03":10.852349,"01/04":10.772307,"01/05":10.772307,"01/06":10.772307,"01/07":10.772307,"01/08":10.752831,"01/09":10.678049,"01/10":10.594175,"01/11":10.540024,"01/12":10.540024,"01/13":10.540024,"01/14":10.540024,"01/15":10.011581,"01/16":10.060156,"01/17":10.337201,"01/18":10.426798,"01/19":10.270091,"01/20":10.270091,"01/21":10.270091,"01/22":10.270091,"01/23":10.195969,"01/24":10.042947,"01/25":9.991359,"01/26":9.991359,"01/27":9.991359,"01/28":9.991359,"01/29":9.660748,"01/30":9.734161,"01/31":9.50721,"02/01":8.959792,"02/02":8.710349,"02/03":8.710349,"02/04":8.710349,"02/05":8.825026,"02/06":8.655072,"02/07":8.491538,"02/08":8.592952,"02/09":8.683692,"02/10":8.683692,"02/11":8.683692,"02/12":8.711337,"02/13":8.641262,"02/14":8.627455,"02/15":8.356955,"02/16":8.282437,"02/17":8.282437,"02/18":8.282437,"02/19":8.282437,"02/20":7.994155,"02/21":7.9853816,"02/22":7.8753786,"02/23":9.401594,"02/24":9.401594,"02/25":9.401594,"02/26":9.402009,"02/27":9.402531,"02/28":9.4012,"02/29":7.8821864,"03/01":9.40684,"03/02":9.40684,"03/03":9.40684,"03/04":9.408801,"03/05":9.40866,"03/06":9.4109125,"03/07":9.413357,"03/08":9.413357,"03/09":9.413357,"03/10":9.413357,"03/11":9.4154625,"03/12":9.414317,"03/13":9.408783,"03/14":9.410484,"03/15":9.408117,"03/16":9.408117,"03/17":9.408117,"03/18":9.408117,"03/19":9.403837,"03/20":9.404586,"03/21":9.41054,"03/22":9.409318,"03/23":9.409318,"03/24":9.402636,"03/25":9.402636,"03/26":9.402565,"03/27":9.377082,"03/28":9.375278,"03/29":9.365214,"03/30":9.365214,"03/31":9.345401,"04/01":9.345401,"04/02":9.341985,"04/03":9.310228,"04/04":9.312584,"04/05":9.288861,"04/06":9.234321,"04/07":9.234321,"04/08":9.232759,"04/09":9.232759,"04/10":9.210364,"04/11":9.195345,"04/12":9.154691,"04/13":9.162985,"04/14":9.162985,"04/15":9.161356,"04/16":9.158445,"04/17":9.15624,"04/18":9.113253,"04/19":9.102474,"04/20":9.079926,"04/21":9.00964,"04/22":9.014357,"04/23":9.017483,"04/24":8.884113,"04/25":8.816637,"04/26":8.767017,"04/27":8.713576,"04/28":8.666769,"04/29":8.671056,"04/30":8.671105,"05/01":8.671105,"05/02":8.599158,"05/03":8.42663,"05/04":8.349306,"05/05":8.349306,"05/06":8.35359,"05/07":8.351513,"05/08":8.301495,"05/09":8.312295,"05/10":8.285587,"05/11":8.281272,"05/12":8.179015,"05/13":8.181628,"05/14":8.184485,"05/15":8.116026,"05/16":8.083979,"05/17":8.106618,"05/18":8.161682,"05/19":8.138456,"05/20":8.138456,"05/21":8.142335,"05/22":8.029097,"05/23":8.064192,"05/24":8.057362,"05/25":8.057362,"05/26":7.9665356,"05/27":7.9683304,"05/28":7.965741,"05/29":7.924485,"05/30":7.893979,"05/31":7.882043,"06/01":7.862714,"06/02":7.7978477,"06/03":7.819419,"06/04":7.7845755,"06/05":7.766076,"06/06":7.7386913,"06/07":7.6811676,"06/08":7.7836976,"06/09":7.8434563,"06/10":7.8435674,"06/11":7.8461466,"06/12":7.785676,"06/13":7.730197,"06/14":7.7022076,"06/15":7.765298,"06/16":7.699516,"06/17":7.699516,"06/18":7.704077,"06/19":7.7232485,"06/20":7.703558,"06/21":7.714157,"06/22":7.8012185,"06/23":7.8218093,"06/24":7.8270154,"06/25":7.8298464,"06/26":7.7886,"06/27":7.7500553,"06/28":7.619739,"06/29":7.619739,"06/30":7.62136,"07/01":7.6261435,"07/02":7.626575,"07/03":7.601634,"07/04":7.5982084,"07/05":7.568474,"07/06":7.574422,"07/07":7.574422,"07/08":7.577325,"07/09":7.5818024,"07/10":7.5815268,"07/11":7.487561,"07/12":7.5320354,"07/13":7.446196,"07/14":7.3912687,"07/15":7.3969326,"07/16":7.3969326,"07/17":7.2835016,"07/18":7.225116,"07/19":7.1959743,"07/20":7.1430473,"07/21":7.2372093,"07/22":7.2403564,"07/23":7.238175,"07/24":7.2157526,"07/25":7.239333,"07/26":7.1937175,"07/27":7.2533994,"07/28":7.3240027,"07/29":7.329317,"07/30":7.325386,"07/31":7.2733216,"08/01":7.223695,"08/02":7.309414,"08/03":7.4223685,"08/04":7.4045,"08/05":7.3964252,"08/06":7.393176,"08/07":7.328909,"08/08":7.302019,"08/09":7.2679524,"08/10":7.2819667,"08/11":7.3748655,"08/12":7.376511,"08/13":7.3710356,"08/14":7.3622093,"08/15":7.3622093,"08/16":7.375558,"08/17":7.4782495,"08/18":7.4439745,"08/19":7.450341,"08/20":7.4606085,"08/21":7.393787,"08/22":7.3696737,"08/23":7.27686,"08/24":7.271436,"08/25":7.3088684,"08/26":7.3184366,"08/27":7.3191013,"08/28":7.2320814,"08/29":7.1974206,"08/30":7.1806216,"08/31":7.181164,"09/01":7.1130013,"09/02":7.113756,"09/03":7.11735,"09/04":7.0701475,"09/05":7.07123,"09/06":7.0844507,"09/07":6.9783363,"09/08":6.952005,"09/09":6.957503,"09/10":6.9637456,"09/11":6.9354486,"09/12":6.9686804,"09/13":6.8765926,"09/14":6.7401495,"09/15":6.769638,"09/16":6.7822537,"09/17":6.782524,"09/18":6.7965016,"09/19":6.8060985,"09/20":6.8588424,"09/21":6.9162135,"09/22":6.9568744,"09/23":6.971188,"09/24":6.9756813,"09/25":6.9700937,"09/26":6.9804053,"09/27":6.940251,"09/28":7.128633,"09/29":7.128633,"09/30":7.1163373,"10/01":7.124485,"10/02":7.124485,"10/03":7.014418,"10/04":7.0411024,"10/05":6.947957,"10/06":7.1476126,"10/07":7.1416006,"10/08":7.160872,"10/09":7.3071833,"10/10":7.1991677,"10/11":7.066555,"10/12":7.051319,"10/13":7.0671,"10/14":7.0671,"10/15":7.0671,"10/16":7.0671,"10/17":7.008374,"10/18":7.096506,"10/19":7.1352177,"10/20":7.1767125,"10/21":7.1767125,"10/22":7.1767125,"10/23":7.2873015,"10/24":7.2873015,"10/25":7.278525,"10/26":7.396108,"10/27":7.2840056,"10/28":7.2840056,"10/29":7.2840056,"10/30":7.2335925,"10/31":7.240167,"11/01":7.270849,"11/02":7.1346717,"11/03":7.066555,"11/04":7.066555,"11/05":7.066555,"11/06":6.944895,"11/07":6.9086084,"11/08":6.85993,"11/09":6.842646,"11/10":6.866419,"11/11":6.866419,"11/12":6.866419,"11/13":6.835088,"11/14":6.835088,"11/15":6.624776,"11/16":6.572307,"11/17":6.5439687,"11/18":6.5439687,"11/19":6.5439687,"11/20":6.6022773,"11/21":6.576582,"11/22":6.527941,"11/23":6.535419,"11/24":6.584609,"11/25":6.584609,"11/26":6.584609,"11/27":6.584609,"11/28":6.522604,"11/29":6.4032493,"11/30":6.3910213,"12/01":6.3559637,"12/02":6.3559637,"12/03":6.3559637,"12/04":6.142855,"12/05":6.0544906,"12/06":6.0025477,"12/07":5.999404,"12/08":5.9910173,"12/09":5.9910173,"12/10":5.9910173,"12/11":5.9758263,"12/12":6.0135574,"12/13":5.9590755,"12/14":5.7250614,"12/15":5.5496774,"12/16":5.5496774,"12/17":5.5496774,"12/18":5.517205,"12/19":5.4914594,"12/20":5.6002655,"12/21":5.553288,"12/22":5.5079317,"12/23":5.5079317,"12/24":5.5079317,"12/25":5.5079317,"12/26":5.4518595,"12/27":5.3830786,"12/28":5.338,"12/29":5.2996416,"12/30":5.2996416,"12/31":5.2996416},"2023":{"02/23":10.921001,"02/24":10.921001,"02/25":10.921001,"02/26":10.951004,"02/27":10.987997,"02/28":10.892,"03/01":11.266003,"03/02":11.266003,"03/03":11.266003,"03/04":11.379995,"03/05":11.372004,"03/06":11.496,"03/07":11.623001,"03/08":11.623001,"03/09":11.623001,"03/10":11.623001,"03/11":11.726999,"03/12":11.671,"03/13":11.379004,"03/14":11.472998,"03/15":11.341,"03/16":11.341,"03/17":11.341,"03/18":11.341,"03/19":11.0770035,"03/20":11.126003,"03/21":11.476002,"03/22":11.408997,"03/23":11.408997,"03/24":11.395632,"03/25":11.395632,"03/26":11.391637,"03/27":11.54949,"03/28":11.89625,"03/29":11.876122,"03/30":11.876122,"03/31":11.872735,"04/01":11.872735,"04/02":11.716956,"04/03":11.654399,"04/04":11.764182,"04/05":11.678555,"04/06":11.569473,"04/07":11.569473,"04/08":11.493717,"04/09":11.493717,"04/10":11.716019,"04/11":11.68598,"04/12":11.146951,"04/13":11.163539,"04/14":11.163539,"04/15":11.070955,"04/16":10.893753,"04/17":10.889341,"04/18":10.805299,"04/19":10.6534,"04/20":10.608301,"04/21":10.46773,"04/22":10.790413,"04/23":10.976074,"04/24":10.719876,"04/25":10.510174,"04/26":10.451196,"04/27":10.344315,"04/28":10.250699,"04/29":10.525955,"04/30":10.528918,"05/01":10.528918,"05/02":10.596263,"05/03":10.261656,"05/04":10.107008,"05/05":10.107008,"05/06":10.358084,"05/07":10.240389,"05/08":10.152661,"05/09":10.013043,"05/10":10.1057005,"05/11":10.097071,"05/12":9.892557,"05/13":10.0528965,"05/14":10.214225,"05/15":10.239027,"05/16":10.417534,"05/17":10.487112,"05/18":10.5972395,"05/19":10.550788,"05/20":10.550788,"05/21":10.722695,"05/22":10.720161,"05/23":10.790352,"05/24":11.08089,"05/25":11.08089,