{"0":{"04/02":2.2249985,"04/03":2.2249985,"04/04":2.2249985,"04/05":2.2249985,"04/06":2.2249985,"04/07":2.2249985,"04/08":2.2249985,"04/09":2.2249985,"04/10":2.2249985,"04/11":2.2249985,"04/12":2.2249985,"04/13":2.2249985,"04/14":2.2249985,"04/15":2.2249985,"04/16":2.2086425,"04/17":2.1994529,"04/18":2.1994529,"04/19":2.1994529,"04/20":2.1994529,"04/21":2.1534913,"04/22":2.1534913,"04/23":2.1534913,"04/24":2.1208398,"04/25":2.104517,"04/26":2.104517,"04/27":2.104517,"04/28":2.0545695,"04/29":2.0362282,"04/30":2.0362282,"05/01":2.0362282,"05/02":2.0362282,"05/03":2.0362282,"05/04":2.0362282,"05/05":1.9497298,"05/06":1.9354974,"05/07":1.920261,"05/08":1.9070443,"05/09":1.702247,"05/10":1.702247,"05/11":1.702247,"05/12":1.702247,"05/13":1.702247,"05/14":1.4116749,"05/15":1.2890913,"05/16":1.1317648,"05/17":1.1317648,"05/18":1.1317648,"05/19":1.1467758,"05/20":1.1848148,"05/21":1.058777,"05/22":1.1387687,"05/23":1.0158346,"05/24":1.0158346,"05/25":1.0158346,"05/26":0.9420254,"05/27":0.9420254,"05/28":0.9111316,"05/29":0.92109805,"05/30":1.0637794,"05/31":1.0637794,"06/01":1.0637794,"06/02":1.0378013,"06/03":1.1347704,"06/04":1.1347704,"06/05":1.011846,"06/06":1.1177597,"06/07":1.1177597,"06/08":1.1177597,"06/09":1.1928293,"06/10":1.3483337,"06/11":1.4096601,"06/12":1.5466655,"06/13":1.6799905,"06/14":1.6799905,"06/15":1.6799905,"06/16":1.3503461,"06/17":1.3513522,"06/18":1.4458905,"06/19":1.7052867,"06/20":1.443884,"06/21":1.443884,"06/22":1.443884,"06/23":1.4237461,"06/24":1.2329202,"06/25":1.2650063,"06/26":1.1457736,"06/27":1.1457736,"06/28":1.1457736,"06/29":1.1457736,"06/30":1.1457736,"07/01":1.1457736,"07/02":1.1457736,"07/03":1.1457736,"07/04":1.1457736,"07/05":1.1457736,"07/06":1.1457736,"07/07":1.1457736,"07/08":0.8772757,"07/09":0.9061539,"07/10":0.94501984,"07/11":0.8006828,"07/12":0.8006828,"07/13":0.8006828,"07/14":0.7192468,"07/15":0.66469836,"07/16":0.65082234,"07/17":0.6012952,"07/18":0.5399521,"07/19":0.5399521,"07/20":0.5399521,"07/21":0.42044413,"07/22":0.45892727,"07/23":0.40958872,"07/24":0.50238687,"07/25":0.714288,"07/26":0.714288,"07/27":0.714288,"07/28":0.8514029,"07/29":0.9101437,"07/30":0.8752916,"07/31":0.91711694,"08/01":0.92607725,"08/02":0.92607725,"08/03":0.92607725,"08/04":0.62604797,"08/05":0.76889026,"08/06":1.2309124,"08/07":1.1617913,"08/08":1.3603898,"08/09":1.3603898,"08/10":1.3603898,"08/11":1.4680446,"08/12":1.8664274,"08/13":1.8106296,"08/14":1.404633,"08/15":1.404633,"08/16":1.404633,"08/17":1.404633,"08/18":1.6557288,"08/19":1.7873108,"08/20":1.5728964,"08/21":1.6062193,"08/22":1.7741382,"08/23":1.7741382,"08/24":1.7741382,"08/25":1.9416049,"08/26":2.3888185,"08/27":2.3888185,"08/28":2.158593,"08/29":2.410359,"08/30":2.410359,"08/31":2.410359,"09/01":2.2219276,"09/02":2.303772,"09/03":2.0066996,"09/04":1.7184415,"09/05":1.5194387,"09/06":1.5194387,"09/07":1.5194387,"09/08":1.5194387,"09/09":1.4730875,"09/10":1.407655,"09/11":1.365422,"09/12":1.2349184,"09/13":1.2349184,"09/14":1.2349184,"09/15":1.2489558,"09/16":1.0817631,"09/17":0.88823247,"09/18":0.93405074,"09/19":0.90715134,"09/20":0.90715134,"09/21":0.90715134,"09/22":0.9370446,"09/23":0.89718765,"09/24":0.9789213,"09/25":1.0048596,"09/26":1.1387687,"09/27":1.1387687,"09/28":1.1387687,"09/29":1.0977606,"09/30":1.1707951,"10/01":0.93604666,"10/02":0.93604666,"10/03":0.93604666,"10/04":0.93604666,"10/05":0.93604666,"10/06":0.64190143,"10/07":0.5626934,"10/08":0.56368405,"10/09":0.5172117,"10/10":0.43721157,"10/11":0.43721157,"10/12":0.43721157,"10/13":0.38790375,"10/14":0.38691658,"10/15":0.21567878,"10/16":0.13910456,"10/17":0.1459717,"10/18":0.1459717,"10/19":0.1459717,"10/20":0.050888516,"10/21":0.050888516,"10/22":0.050888516,"10/23":0.15087472,"10/24":0.22549893,"10/25":0.22549893,"10/26":0.22549893,"10/27":0.11458139,"10/28":0.16559598,"10/29":0.025437785,"10/30":0.28351268,"10/31":0.2746567,"11/01":0.2746567,"11/02":0.2746567,"11/03":0.21371123,"11/04":0.25891873,"11/05":0.25891873,"11/06":0.3031909,"11/07":0.3031909,"11/08":0.3031909,"11/09":0.3031909,"11/10":0.15087472,"11/11":0.07538049,"11/12":-0.04986752,"11/13":0.0,"11/14":0.0,"11/15":0.0,"11/16":0.0,"11/17":0.0,"11/18":0.0,"11/19":0.0,"11/20":0.0,"11/21":0.0,"11/22":0.0,"11/23":0.0,"11/24":0.0,"11/25":0.0,"11/26":0.0,"11/27":0.0,"11/28":0.0,"11/29":0.0,"11/30":0.0,"12/01":0.0,"12/02":0.0,"12/03":0.0,"12/04":0.0,"12/05":0.0,"12/06":0.0,"12/07":0.0,"12/08":0.0,"12/09":0.0,"12/10":0.0,"12/11":0.0,"12/12":0.0,"12/13":0.0,"12/14":0.0,"12/15":0.0,"12/16":0.0,"12/17":0.0,"12/18":0.0,"12/19":0.0,"12/20":0.0,"12/21":0.0,"12/22":0.0,"12/23":0.0,"12/24":0.0,"12/25":0.0,"12/26":0.0,"12/27":0.0,"12/28":0.0,"12/29":0.0,"12/30":0.0,"12/31":0.0},"2025":{"04/02":2.2249985,"04/03":2.2249985,"04/04":2.2249985,"04/05":2.2249985,"04/06":2.2249985,"04/07":2.2249985,"04/08":2.2249985,"04/09":2.2249985,"04/10":2.2249985,"04/11":2.2249985,"04/12":2.2249985,"04/13":2.2249985,"04/14":2.2249985,"04/15":2.2249985,"04/16":2.2086425,"04/17":2.1994529,"04/18":2.1994529,"04/19":2.1994529,"04/20":2.1994529,"04/21":2.1534913,"04/22":2.1534913,"04/23":2.1534913,"04/24":2.1208398,"04/25":2.104517,"04/26":2.104517,"04/27":2.104517,"04/28":2.0545695,"04/29":2.0362282,"04/30":2.0362282,"05/01":2.0362282,"05/02":2.0362282,"05/03":2.0362282,"05/04":2.0362282,"05/05":1.9497298,"05/06":1.9354974,"05/07":1.920261,"05/08":1.9070443,"05/09":1.702247,"05/10":1.702247,"05/11":1.702247,"05/12":1.702247,"05/13":1.702247,"05/14":1.4116749,"05/15":1.2890913,"05/16":1.1317648,"05/17":1.1317648,"05/18":1.1317648,"05/19":1.1467758,"05/20":1.1848148,"05/21":1.058777,"05/22":1.1387687,"05/23":1.0158346,"05/24":1.0158346,"05/25":1.0158346,"05/26":0.9420254,"05/27":0.9420254,"05/28":0.9111316,"05/29":0.92109805,"05/30":1.0637794,"05/31":1.0637794,"06/01":1.0637794,"06/02":1.0378013,"06/03":1.1347704,"06/04":1.1347704,"06/05":1.011846,"06/06":1.1177597,"06/07":1.1177597,"06/08":1.1177597,"06/09":1.1928293,"06/10":1.3483337,"06/11":1.4096601,"06/12":1.5466655,"06/13":1.6799905,"06/14":1.6799905,"06/15":1.6799905,"06/16":1.3503461,"06/17":1.3513522,"06/18":1.4458905,"06/19":1.7052867,"06/20":1.443884,"06/21":1.443884,"06/22":1.443884,"06/23":1.4237461,"06/24":1.2329202,"06/25":1.2650063,"06/26":1.1457736,"06/27":1.1457736,"06/28":1.1457736,"06/29":1.1457736,"06/30":1.1457736,"07/01":1.1457736,"07/02":1.1457736,"07/03":1.1457736,"07/04":1.1457736,"07/05":1.1457736,"07/06":1.1457736,"07/07":1.1457736,"07/08":0.8772757,"07/09":0.9061539,"07/10":0.94501984,"07/11":0.8006828,"07/12":0.8006828,"07/13":0.8006828,"07/14":0.7192468,"07/15":0.66469836,"07/16":0.65082234,"07/17":0.6012952,"07/18":0.5399521,"07/19":0.5399521,"07/20":0.5399521,"07/21":0.42044413,"07/22":0.45892727,"07/23":0.40958872,"07/24":0.50238687,"07/25":0.714288,"07/26":0.714288,"07/27":0.714288,"07/28":0.8514029,"07/29":0.9101437,"07/30":0.8752916,"07/31":0.91711694,"08/01":0.92607725,"08/02":0.92607725,"08/03":0.92607725,"08/04":0.62604797,"08/05":0.76889026,"08/06":1.2309124,"08/07":1.1617913,"08/08":1.3603898,"08/09":1.3603898,"08/10":1.3603898,"08/11":1.4680446,"08/12":1.8664274,"08/13":1.8106296,"08/14":1.404633,"08/15":1.404633,"08/16":1.404633,"08/17":1.404633,"08/18":1.6557288,"08/19":1.7873108,"08/20":1.5728964,"08/21":1.6062193,"08/22":1.7741382,"08/23":1.7741382,"08/24":1.7741382,"08/25":1.9416049,"08/26":2.3888185,"08/27":2.3888185,"08/28":2.158593,"08/29":2.410359,"08/30":2.410359,"08/31":2.410359,"09/01":2.2219276,"09/02":2.303772,"09/03":2.0066996,"09/04":1.7184415,"09/05":1.5194387,"09/06":1.5194387,"09/07":1.5194387,"09/08":1.5194387,"09/09":1.4730875,"09/10":1.407655,"09/11":1.365422,"09/12":1.2349184,"09/13":1.2349184,"09/14":1.2349184,"09/15":1.2489558,"09/16":1.0817631,"09/17":0.88823247,"09/18":0.93405074,"09/19":0.90715134,"09/20":0.90715134,"09/21":0.90715134,"09/22":0.9370446,"09/23":0.89718765,"09/24":0.9789213,"09/25":1.0048596,"09/26":1.1387687,"09/27":1.1387687,"09/28":1.1387687,"09/29":1.0977606,"09/30":1.1707951,"10/01":0.93604666,"10/02":0.93604666,