{"0":{"01/01":8.186963,"01/02":8.279055,"01/03":8.410452,"01/04":8.332174,"01/05":8.332174,"01/06":8.332174,"01/07":8.332174,"01/08":8.313127,"01/09":8.239991,"01/10":8.157965,"01/11":8.105007,"01/12":8.105007,"01/13":8.105007,"01/14":8.105007,"01/15":7.5882044,"01/16":7.6357102,"01/17":7.9066515,"01/18":7.9942746,"01/19":7.84102,"01/20":7.84102,"01/21":7.84102,"01/22":7.84102,"01/23":7.7685313,"01/24":7.618879,"01/25":7.5684276,"01/26":7.5684276,"01/27":7.5684276,"01/28":7.5684276,"01/29":7.2451,"01/30":7.316897,"01/31":7.094944,"02/01":6.559585,"02/02":6.315636,"02/03":6.315636,"02/04":6.315636,"02/05":6.427787,"02/06":6.261577,"02/07":6.1016464,"02/08":6.200826,"02/09":6.289567,"02/10":6.289567,"02/11":6.289567,"02/12":6.3166037,"02/13":6.2480707,"02/14":6.234568,"02/15":5.9700265,"02/16":5.8971505,"02/17":5.8971505,"02/18":5.8971505,"02/19":5.8971505,"02/20":5.6152196,"02/21":5.6066394,"02/22":5.499059,"02/23":8.21336,"02/24":8.21336,"02/25":8.21336,"02/26":8.214096,"02/27":8.2150135,"02/28":8.212655,"02/29":5.5057173,"03/01":8.22229,"03/02":8.22229,"03/03":8.22229,"03/04":8.225463,"03/05":8.225237,"03/06":8.228806,"03/07":8.232595,"03/08":8.232595,"03/09":8.232595,"03/10":8.232595,"03/11":8.2358,"03/12":8.234062,"03/13":8.225435,"03/14":8.228134,"03/15":8.224365,"03/16":8.224365,"03/17":8.224365,"03/18":8.224365,"03/19":8.217272,"03/20":8.218543,"03/21":8.228221,"03/22":8.226288,"03/23":8.226288,"03/24":8.219605,"03/25":8.219605,"03/26":8.219492,"03/27":8.19631,"03/28":8.198364,"03/29":8.188301,"03/30":8.188301,"03/31":8.168886,"04/01":8.168886,"04/02":8.16383,"04/03":8.132084,"04/04":8.135597,"04/05":8.111454,"04/06":8.056913,"04/07":8.056913,"04/08":8.054552,"04/09":8.054552,"04/10":8.035099,"04/11":8.020079,"04/12":7.9743834,"04/13":7.9826775,"04/14":7.9826775,"04/15":7.9800644,"04/16":7.9752674,"04/17":7.9730616,"04/18":7.9300957,"04/19":7.917882,"04/20":7.8953323,"04/21":7.8250465,"04/22":7.833214,"04/23":7.838316,"04/24":7.705063,"04/25":7.6367626,"04/26":7.5875864,"04/27":7.534146,"04/28":7.487338,"04/29":7.4945626,"04/30":7.494643,"05/01":7.494643,"05/02":7.425023,"05/03":7.2526097,"05/04":7.175286,"05/05":7.175286,"05/06":7.182241,"05/07":7.178913,"05/08":7.12903,"05/09":7.138055,"05/10":7.112956,"05/11":7.1086416,"05/12":7.006385,"05/13":7.010706,"05/14":7.0152774,"05/15":6.948599,"05/16":6.9192233,"05/17":6.9421306,"05/18":6.9971943,"05/19":6.9739685,"05/20":6.9739685,"05/21":6.9796553,"05/22":6.868884,"05/23":6.9039793,"05/24":6.9004993,"05/25":6.9004993,"05/26":6.8096733,"05/27":6.8121686,"05/28":6.808564,"05/29":6.765395,"05/30":6.734001,"05/31":6.7227283,"06/01":6.703399,"06/02":6.638533,"06/03":6.6685867,"06/04":6.618305,"06/05":6.6061697,"06/06":6.581859,"06/07":6.528151,"06/08":6.630681,"06/09":6.6904397,"06/10":6.690591,"06/11":6.6940975,"06/12":6.6345425,"06/13":6.581101,"06/14":6.555072,"06/15":6.618162,"06/16":6.55238,"06/17":6.55238,"06/18":6.558387,"06/19":6.578146,"06/20":6.558704,"06/21":6.5695715,"06/22":6.656633,"06/23":6.6772237,"06/24":6.683929,"06/25":6.6875525,"06/26":6.6469097,"06/27":6.6098366,"06/28":6.47879,"06/29":6.47879,"06/30":6.4804106,"07/01":6.486526,"07/02":6.487076,"07/03":6.463856,"07/04":6.460951,"07/05":6.4320593,"07/06":6.4380074,"07/07":6.4380074,"07/08":6.441655,"07/09":6.4472566,"07/10":6.446913,"07/11":6.35283,"07/12":6.398163,"07/13":6.3123236,"07/14":6.257396,"07/15":6.2644825,"07/16":6.2644825,"07/17":6.151052,"07/18":6.0949574,"07/19":6.064293,"07/20":6.011366,"07/21":6.105528,"07/22":6.1094613,"07/23":6.106736,"07/24":6.084469,"07/25":6.1080494,"07/26":6.0671816,"07/27":6.1268635,"07/28":6.197467,"07/29":6.2039547,"07/30":6.199158,"07/31":6.143075,"08/01":6.091411,"08/02":6.184049,"08/03":6.2970233,"08/04":6.279151,"08/05":6.279151,"08/06":6.279151,"08/07":6.2018557,"08/08":6.179733,"08/09":6.138231,"08/10":6.1522365,"08/11":6.2450705,"08/12":6.2450705,"08/13":6.2450705,"08/14":6.229937,"08/15":6.229937,"08/16":6.229937,"08/17":6.332253,"08/18":6.2981033,"08/19":6.2981033,"08/20":6.2981033,"08/21":6.2277775,"08/22":6.2013144,"08/23":6.108086,"08/24":6.1027045,"08/25":6.139844,"08/26":6.139844,"08/27":6.139844,"08/28":6.0516524,"08/29":6.0162354,"08/30":5.9964,"08/31":5.9969363,"09/01":5.929497,"09/02":5.929497,"09/03":5.929497,"09/04":5.8798227,"09/05":5.8808913,"09/06":5.902779,"09/07":5.797763,"09/08":5.7717032,"09/09":5.7717032,"09/10":5.7717032,"09/11":5.741419,"09/12":5.7536364,"09/13":5.6581798,"09/14":5.5240307,"09/15":5.553023,"09/16":5.553023,"09/17":5.553023,"09/18":5.5667377,"09/19":5.5667377,"09/20":5.60053,"09/21":5.656589,"09/22":5.69632,"09/23":5.69632,"09/24":5.69632,"09/25":5.68148,"09/26":5.6761847,"09/27":5.644944,"09/28":5.828108,"09/29":5.828108,"09/30":5.828108,"10/01":5.828108,"10/02":5.828108,"10/03":5.7509813,"10/04":5.807345,"10/05":5.715944,"10/06":5.9118624,"10/07":5.9118624,"10/08":5.9118624,"10/09":6.0419865,"10/10":5.936982,"10/11":5.8094716,"10/12":5.7945714,"10/13":5.8100047,"10/14":5.8100047,"10/15":5.8100047,"10/16":5.8100047,"10/17":5.7525725,"10/18":5.8387628,"10/19":5.8766217,"10/20":5.9172025,"10/21":5.9172025,"10/22":5.9172025,"10/23":6.0253553,"10/24":6.0253553,"10/25":6.0167723,"10/26":6.1317654,"10/27":6.0221324,"10/28":6.0221324,"10/29":6.0221324,"10/30":5.97283,"10/31":5.9792595,"11/01":6.0092654,"11/02":5.8760877,"11/03":5.8094716,"11/04":5.8094716,"11/05":5.8094716,"11/06":5.690491,"11/07":5.655004,"11/08":5.6073985,"11/09":5.590495,"11/10":5.6137443,"11/11":5.6137443,"11/12":5.6137443,"11/13":5.583102,"11/14":5.583102,"11/15":5.3774242,"11/16":5.326111,"11/17":5.298397,"11/18":5.298397,"11/19":5.298397,"11/20":5.355421,"11/21":5.330292,"11/22":5.282722,"11/23":5.2900352,"11/24":5.3381414,"11/25":5.3381414,"11/26":5.3381414,"11/27":5.3381414,"11/28":5.2775025,"11/29":5.160777,"11/30":5.1488185,"12/01":5.114533,"12/02":5.114533,"12/03":5.114533,"12/04":4.9061193,"12/05":4.819701,"12/06":4.768903,"12/07":4.7658277,"12/08":4.7576265,"12/09":4.7576265,"12/10":4.7576265,"12/11":4.7427697,"12/12":4.7796702,"12/13":4.726388,"12/14":4.4975286,"12/15":4.3260083,"12/16":4.3260083,"12/17":4.3260083,"12/18":4.294251,"12/19":4.269073,"12/20":4.375482,"12/21":4.3295393,"12/22":4.285182,"12/23":4.285182,"12/24":4.285182,"12/25":4.285182,"12/26":4.230345,"12/27":4.1630793,"12/28":4.1189933,"12/29":4.0814805,"12/30":4.0814805,"12/31":4.0814805},"2023":{"02/23":10.921001,"02/24":10.921001,"02/25":10.921001,"02/26":10.951004,"02/27":10.987997,"02/28":10.892,"03/01":11.266003,"03/02":11.266003,"03/03":11.266003,"03/04":11.379995,"03/05":11.372004,"03/06":11.496,"03/07":11.623001,"03/08":11.623001,"03/09":11.623001,"03/10":11.623001,"03/11":11.726999,"03/12":11.671,"03/13":11.379004,"03/14":11.472998,"03/15":11.341,"03/16":11.341,"03/17":11.341,"03/18":11.341,"03/19":11.0770035,"03/20":11.126003,"03/21":11.476002,"03/22":11.408997,"03/23":11.408997,"03/24":11.395632,"03/25":11.395632,"03/26":11.391637,"03/27":11.54949,"03/28":11.89625,"03/29":11.876122,"03/30":11.876122,"03/31":11.872735,"04/01":11.872735,"04/02":11.716956,"04/03":11.654399,"04/04":11.764182,"04/05":11.678555,"04/06":11.569473,"04/07":11.569473,"04/08":11.493717,"04/09":11.493717,"04/10":11.716019,"04/11":11.68598,"04/12":11.146951,"04/13":11.163539,"04/14":11.163539,"04/15":11.070955,"04/16":10.893753,"04/17":10.889341,"04/18":10.805299,"04/19":10.6534,"04/20":10.608301,"04/21":10.46773,"04/22":10.790413,"04/23":10.976074,"04/24":10.719876,"04/25":10.510174,"04/26":10.451196,"04/27":10.344315,"04/28":10.250699,"04/29":10.525955,"04/30":10.528918,"05/01":10.528918,"05/02":10.596263,"05/03":10.261656,"05/04":10.107008,"05/05":10.107008,"05/06":10.358084,"05/07":10.240389,"05/08":10.152661,"05/09":10.013043,"05/10":10.1057005,"05/11":10.097071,"05/12":9.892557,"05/13":10.0528965,"05/14":10.214225,"05/15":10.239027,"05/16":10.417534,"05/17":10.487112,"05/18":10.5972395,"05/19":10.550788,"05/20":10.550788,"05/21":10.722695,"05/22":10.720161,"05/23":10.790352,"05/24":11.08089,"05/25":11.08089,