{"0":{"10/01":0.6700039,"10/02":0.6700039,"10/03":0.6700039,"10/04":0.6700039,"10/05":0.6700039,"10/06":0.6669798,"10/07":0.6498754,"10/08":0.6478601,"10/09":0.6418243,"10/10":0.6347819,"10/11":0.6347819,"10/12":0.6347819,"10/13":0.59254795,"10/14":0.5794841,"10/15":0.56642365,"10/16":0.5533666,"10/17":0.54030335,"10/18":0.54030335,"10/19":0.54030335,"10/20":0.50216734,"10/21":0.50216734,"10/22":0.50216734,"10/23":0.46104854,"10/24":0.44701523,"10/25":0.44701523,"10/26":0.44701523,"10/27":0.5192216,"10/28":0.65189075,"10/29":0.0695822,"10/30":0.44099393,"10/31":0.45703316,"11/01":0.45703316,"11/02":0.45703316,"11/03":0.41695428,"11/04":0.5433199,"11/05":0.5433199,"11/06":0.59154147,"11/07":0.606622,"11/08":0.606622,"11/09":0.606622,"11/10":0.4339796,"11/11":0.47006524,"11/12":0.017888736,"11/13":0.0,"11/14":0.0,"11/15":0.0,"11/16":0.0,"11/17":0.0,"11/18":0.0,"11/19":0.0,"11/20":0.0,"11/21":0.0,"11/22":0.0,"11/23":0.0,"11/24":0.0,"11/25":0.0,"11/26":0.0,"11/27":0.0,"11/28":0.0,"11/29":0.0,"11/30":0.0,"12/01":0.0,"12/02":0.0,"12/03":0.0,"12/04":0.0,"12/05":0.0,"12/06":0.0,"12/07":0.0,"12/08":0.0,"12/09":0.0,"12/10":0.0,"12/11":0.0,"12/12":0.0,"12/13":0.0,"12/14":0.0,"12/15":0.0,"12/16":0.0,"12/17":0.0,"12/18":0.0,"12/19":0.0,"12/20":0.0,"12/21":0.0,"12/22":0.0,"12/23":0.0,"12/24":0.0,"12/25":0.0,"12/26":0.0,"12/27":0.0,"12/28":0.0,"12/29":0.0,"12/30":0.0,"12/31":0.0},"2025":{"10/01":0.6700039,"10/02":0.6700039,"10/03":0.6700039,"10/04":0.6700039,"10/05":0.6700039,"10/06":0.6669798,"10/07":0.6498754,"10/08":0.6478601,"10/09":0.6418243,"10/10":0.6347819,"10/11":0.6347819,"10/12":0.6347819,"10/13":0.59254795,"10/14":0.5794841,"10/15":0.56642365,"10/16":0.5533666,"10/17":0.54030335,"10/18":0.54030335,"10/19":0.54030335,"10/20":0.50216734,"10/21":0.50216734,"10/22":0.50216734,"10/23":0.46104854,"10/24":0.44701523,"10/25":0.44701523,"10/26":0.44701523,"10/27":0.5192216,"10/28":0.65189075,"10/29":0.0695822,"10/30":0.44099393,"10/31":0.45703316,"11/01":0.45703316,"11/02":0.45703316,"11/03":0.41695428,"11/04":0.5433199,"11/05":0.5433199,"11/06":0.59154147,"11/07":0.606622,"11/08":0.606622,"11/09":0.606622,"11/10":0.4339796,"11/11":0.47006524,"11/12":0.017888736,"11/13":0.0,"11/14":0.0,"11/15":0.0,"11/16":0.0,"11/17":0.0,"11/18":0.0,"11/19":0.0,"11/20":0.0,"11/21":0.0,"11/22":0.0,"11/23":0.0,"11/24":0.0,"11/25":0.0,"11/26":0.0,"11/27":0.0,"11/28":0.0,"11/29":0.0,"11/30":0.0,"12/01":0.0,"12/02":0.0,"12/03":0.0,"12/04":0.0,"12/05":0.0,"12/06":0.0,"12/07":0.0,"12/08":0.0,"12/09":0.0,"12/10":0.0,"12/11":0.0,"12/12":0.0,"12/13":0.0,"12/14":0.0,"12/15":0.0,"12/16":0.0,"12/17":0.0,"12/18":0.0,"12/19":0.0,"12/20":0.0,"12/21":0.0,"12/22":0.0,"12/23":0.0,"12/24":0.0,"12/25":0.0,"12/26":0.0,"12/27":0.0,"12/28":0.0,"12/29":0.0,"12/30":0.0,"12/31":0.0}}