{"0":{"07/08":2.5983393,"07/09":2.5891094,"07/10":2.579891,"07/11":2.572717,"07/12":2.572717,"07/13":2.572717,"07/14":2.5327592,"07/15":2.5245664,"07/16":2.5153596,"07/17":2.5081944,"07/18":2.4989808,"07/19":2.4989808,"07/20":2.4989808,"07/21":2.4611285,"07/22":2.4509091,"07/23":2.4406822,"07/24":2.4304574,"07/25":2.4212675,"07/26":2.4212675,"07/27":2.4212675,"07/28":2.38245,"07/29":2.373259,"07/30":2.3640792,"07/31":2.3548915,"08/01":2.344684,"08/02":2.344684,"08/03":2.344684,"08/04":2.3059342,"08/05":2.2967567,"08/06":2.2875812,"08/07":2.2784169,"08/08":2.2692444,"08/09":2.2692444,"08/10":2.2692444,"08/11":2.224436,"08/12":2.2295325,"08/13":2.2193499,"08/14":2.210188,"08/15":2.210188,"08/16":2.210188,"08/17":2.210188,"08/18":2.1573067,"08/19":2.148156,"08/20":2.1379895,"08/21":2.128852,"08/22":2.118689,"08/23":2.118689,"08/24":2.118689,"08/25":2.0790942,"08/26":2.0689414,"08/27":2.0689414,"08/28":2.0445886,"08/29":0.7754724,"08/30":0.7754724,"08/31":0.7754724,"09/01":0.7497621,"09/02":0.7161492,"09/03":0.6450667,"09/04":0.5671786,"09/05":0.49432662,"09/06":0.49432662,"09/07":0.49432662,"09/08":0.49432662,"09/09":0.47367316,"09/10":0.46286207,"09/11":0.4333755,"09/12":0.43141723,"09/13":0.43141723,"09/14":0.43141723,"09/15":0.38918746,"09/16":0.39704257,"09/17":0.34404683,"09/18":0.3911441,"09/19":0.3469932,"09/20":0.3469932,"09/21":0.3469932,"09/22":0.2950314,"09/23":0.25096497,"09/24":0.26956564,"09/25":0.262711,"09/26":0.27642125,"09/27":0.27642125,"09/28":0.27642125,"09/29":0.26956564,"09/30":0.29601255,"10/01":0.17074928,"10/02":0.17074928,"10/03":0.17074928,"10/04":0.17074928,"10/05":0.17074928,"10/06":0.10141159,"10/07":0.14339022,"10/08":0.063355826,"10/09":0.0,"10/10":0.0,"10/11":0.0,"10/12":0.0,"10/13":0.0,"10/14":0.0,"10/15":0.0,"10/16":0.0,"10/17":0.0,"10/18":0.0,"10/19":0.0,"10/20":0.0,"10/21":0.0,"10/22":0.0,"10/23":0.0,"10/24":0.0,"10/25":0.0,"10/26":0.0,"10/27":0.0,"10/28":0.0,"10/29":0.0,"10/30":0.0,"10/31":0.0,"11/01":0.0,"11/02":0.0,"11/03":0.0,"11/04":0.0,"11/05":0.0,"11/06":0.0,"11/07":0.0,"11/08":0.0,"11/09":0.0,"11/10":0.0,"11/11":0.0,"11/12":0.0,"11/13":0.0,"11/14":0.0,"11/15":0.0,"11/16":0.0,"11/17":0.0,"11/18":0.0,"11/19":0.0,"11/20":0.0,"11/21":0.0,"11/22":0.0,"11/23":0.0,"11/24":0.0,"11/25":0.0,"11/26":0.0,"11/27":0.0,"11/28":0.0,"11/29":0.0,"11/30":0.0,"12/01":0.0,"12/02":0.0,"12/03":0.0,"12/04":0.0,"12/05":0.0,"12/06":0.0,"12/07":0.0,"12/08":0.0,"12/09":0.0,"12/10":0.0,"12/11":0.0,"12/12":0.0,"12/13":0.0,"12/14":0.0,"12/15":0.0,"12/16":0.0,"12/17":0.0,"12/18":0.0,"12/19":0.0,"12/20":0.0,"12/21":0.0,"12/22":0.0,"12/23":0.0,"12/24":0.0,"12/25":0.0,"12/26":0.0,"12/27":0.0,"12/28":0.0,"12/29":0.0,"12/30":0.0,"12/31":0.0},"2025":{"07/08":2.5983393,"07/09":2.5891094,"07/10":2.579891,"07/11":2.572717,"07/12":2.572717,"07/13":2.572717,"07/14":2.5327592,"07/15":2.5245664,"07/16":2.5153596,"07/17":2.5081944,"07/18":2.4989808,"07/19":2.4989808,"07/20":2.4989808,"07/21":2.4611285,"07/22":2.4509091,"07/23":2.4406822,"07/24":2.4304574,"07/25":2.4212675,"07/26":2.4212675,"07/27":2.4212675,"07/28":2.38245,"07/29":2.373259,"07/30":2.3640792,"07/31":2.3548915,"08/01":2.344684,"08/02":2.344684,"08/03":2.344684,"08/04":2.3059342,"08/05":2.2967567,"08/06":2.2875812,"08/07":2.2784169,"08/08":2.2692444,"08/09":2.2692444,"08/10":2.2692444,"08/11":2.224436,"08/12":2.2295325,"08/13":2.2193499,"08/14":2.210188,"08/15":2.210188,"08/16":2.210188,"08/17":2.210188,"08/18":2.1573067,"08/19":2.148156,"08/20":2.1379895,"08/21":2.128852,"08/22":2.118689,"08/23":2.118689,"08/24":2.118689,"08/25":2.0790942,"08/26":2.0689414,"08/27":2.0689414,"08/28":2.0445886,"08/29":0.7754724,"08/30":0.7754724,"08/31":0.7754724,"09/01":0.7497621,"09/02":0.7161492,"09/03":0.6450667,"09/04":0.5671786,"09/05":0.49432662,"09/06":0.49432662,"09/07":0.49432662,"09/08":0.49432662,"09/09":0.47367316,"09/10":0.46286207,"09/11":0.4333755,"09/12":0.43141723,"09/13":0.43141723,"09/14":0.43141723,"09/15":0.38918746,"09/16":0.39704257,"09/17":0.34404683,"09/18":0.3911441,"09/19":0.3469932,"09/20":0.3469932,"09/21":0.3469932,"09/22":0.2950314,"09/23":0.25096497,"09/24":0.26956564,"09/25":0.262711,"09/26":0.27642125,"09/27":0.27642125,"09/28":0.27642125,"09/29":0.26956564,"09/30":0.29601255,"10/01":0.17074928,"10/02":0.17074928,"10/03":0.17074928,"10/04":0.17074928,"10/05":0.17074928,"10/06":0.10141159,"10/07":0.14339022,"10/08":0.063355826,"10/09":0.0,"10/10":0.0,"10/11":0.0,"10/12":0.0,"10/13":0.0,"10/14":0.0,"10/15":0.0,"10/16":0.0,"10/17":0.0,"10/18":0.0,"10/19":0.0,"10/20":0.0,"10/21":0.0,"10/22":0.0,"10/23":0.0,"10/24":0.0,"10/25":0.0,"10/26":0.0,"10/27":0.0,"10/28":0.0,"10/29":0.0,"10/30":0.0,"10/31":0.0,"11/01":0.0,"11/02":0.0,"11/03":0.0,"11/04":0.0,"11/05":0.0,"11/06":0.0,"11/07":0.0,"11/08":0.0,"11/09":0.0,"11/10":0.0,"11/11":0.0,"11/12":0.0,"11/13":0.0,"11/14":0.0,"11/15":0.0,"11/16":0.0,"11/17":0.0,"11/18":0.0,"11/19":0.0,"11/20":0.0,"11/21":0.0,"11/22":0.0,"11/23":0.0,"11/24":0.0,"11/25":0.0,"11/26":0.0,"11/27":0.0,"11/28":0.0,"11/29":0.0,"11/30":0.0,"12/01":0.0,"12/02":0.0,"12/03":0.0,"12/04":0.0,"12/05":0.0,"12/06":0.0,"12/07":0.0,"12/08":0.0,"12/09":0.0,"12/10":0.0,"12/11":0.0,"12/12":0.0,"12/13":0.0,"12/14":0.0,"12/15":0.0,"12/16":0.0,"12/17":0.0,"12/18":0.0,"12/19":0.0,"12/20":0.0,"12/21":0.0,"12/22":0.0,"12/23":0.0,"12/24":0.0,"12/25":0.0,"12/26":0.0,"12/27":0.0,"12/28":0.0,"12/29":0.0,"12/30":0.0,"12/31":0.0}}