{"0":{"01/01":6.743041,"01/02":6.614639,"01/03":6.5961795,"01/04":6.5961795,"01/05":6.5961795,"01/06":6.7728643,"01/07":6.5869474,"01/08":6.5715675,"01/09":6.633114,"01/10":6.7821283,"01/11":6.7821283,"01/12":6.7821283,"01/13":7.1953793,"01/14":7.1031575,"01/15":7.039006,"01/16":6.7214484,"01/17":6.6485114,"01/18":6.6485114,"01/19":6.6485114,"01/20":6.490654,"01/21":6.5357013,"01/22":6.523413,"01/23":6.48553,"01/24":6.5623493,"01/25":6.5623493,"01/26":6.5623493,"01/27":6.556192,"01/28":6.4978194,"01/29":6.4395003,"01/30":6.286335,"01/31":6.06249,"02/01":6.06249,"02/02":6.06249,"02/03":6.24964,"02/04":6.0492935,"02/05":5.9053473,"02/06":5.8729677,"02/07":5.988429,"02/08":5.988429,"02/09":5.988429,"02/10":6.1305647,"02/11":6.343464,"02/12":6.276136,"02/13":6.3342752,"02/14":6.406783,"02/15":6.406783,"02/16":6.406783,"02/17":6.3404074,"02/18":6.3404074,"02/19":6.3404074,"02/20":6.2099223,"02/21":6.337342,"02/22":6.337342,"02/23":6.337342,"02/24":6.368993,"02/25":6.520336,"02/26":6.520336,"02/27":6.7687526,"02/28":7.0783105,"03/01":7.0783105,"03/02":7.0783105,"03/03":7.0658975,"03/04":7.0658975,"03/05":6.881014,"03/06":6.58285,"03/07":6.558244,"03/08":6.558244,"03/09":6.558244,"03/10":6.595153,"03/11":6.5152187,"03/12":6.474277,"03/13":6.4037237,"03/14":6.4037237,"03/15":6.4037237,"03/16":6.4037237,"03/17":6.2313075,"03/18":5.814319,"03/19":5.4688253,"03/20":5.1904573,"03/21":4.9533052,"03/22":4.9533052,"03/23":4.9533052,"03/24":4.644026,"03/25":4.6114235,"03/26":4.5295076,"03/27":4.195274,"03/28":4.028957,"03/29":4.028957,"03/30":4.028957,"03/31":3.9879494,"04/01":3.9879494,"04/02":3.419152,"04/03":3.40274,"04/04":3.6348703,"04/05":3.6348703,"04/06":3.6348703,"04/07":4.070976,"04/08":3.886547,"04/09":3.8388388,"04/10":3.8388388,"04/11":3.5505998,"04/12":3.5505998,"04/13":3.5505998,"04/14":3.5505998,"04/15":3.5505998,"04/16":2.9090774,"04/17":2.6145666,"04/18":5.293284,"04/19":5.293284,"04/20":5.293284,"04/21":5.3038244,"04/22":5.3038244,"04/23":5.3038244,"04/24":5.306497,"04/25":5.569203,"04/26":5.5517106,"04/27":5.5517106,"04/28":5.557161,"04/29":5.5364275,"04/30":5.5380726,"05/01":5.5380726,"05/02":5.4926567,"05/03":5.450044,"05/04":5.450044,"05/05":5.453621,"05/06":5.3791857,"05/07":5.3955426,"05/08":5.374261,"05/09":5.3560705,"05/10":5.3371477,"05/11":5.3371477,"05/12":5.3371477,"05/13":5.299882,"05/14":5.316622,"05/15":5.313468,"05/16":5.30948,"05/17":5.3023744,"05/18":5.3023744,"05/19":5.301406,"05/20":5.300074,"05/21":5.268471,"05/22":5.247872,"05/23":5.2554116,"05/24":5.2346487,"05/25":5.2346487,"05/26":5.241433,"05/27":5.206787,"05/28":5.2009444,"05/29":5.1944504,"05/30":5.1781263,"05/31":5.168858,"06/01":5.168858,"06/02":5.170276,"06/03":5.1267786,"06/04":5.1267786,"06/05":5.1203475,"06/06":5.105574,"06/07":5.0963387,"06/08":5.0963387,"06/09":5.094306,"06/10":5.0557566,"06/11":5.0442123,"06/12":5.0254254,"06/13":5.008257,"06/14":4.998053,"06/15":4.998053,"06/16":5.0077643,"06/17":5.0063887,"06/18":4.964179,"06/19":4.947852,"06/20":4.9470015,"06/21":4.9357266,"06/22":4.9357266,"06/23":4.934018,"06/24":4.909609,"06/25":4.8962016,"06/26":4.8759465,"06/27":4.860388,"06/28":4.8459115,"06/29":4.8459115,"06/30":4.8459115,"07/01":4.815374,"07/02":4.806806,"07/03":4.7977114,"07/04":4.7891498,"07/05":4.77204,"07/06":4.77204,"07/07":4.77204,"07/08":4.7499127,"07/09":4.739329,"07/10":4.7311006,"07/11":4.7158937,"07/12":4.7019944,"07/13":4.7019944,"07/14":4.7039795,"07/15":4.6702576,"07/16":4.6701612,"07/17":4.6707726,"07/18":4.6352935,"07/19":4.646506,"07/20":4.646506,"07/21":4.652246,"07/22":4.6305966,"07/23":4.631146,"07/24":4.6194224,"07/25":4.61025,"07/26":4.5708704,"07/27":4.5708704,"07/28":4.5655713,"07/29":4.5355196,"07/30":4.52624,"07/31":4.5085907,"08/01":4.505685,"08/02":4.5247397,"08/03":4.5247397,"08/04":4.5329347,"08/05":4.5623693,"08/06":4.576105,"08/07":4.4888487,"08/08":4.5286007,"08/09":4.4711394,"08/10":4.4711394,"08/11":4.4695435,"08/12":4.417121,"08/13":4.4810796,"08/14":4.4725285,"08/15":4.4725285,"08/16":4.384308,"08/17":4.384308,"08/18":4.3815866,"08/19":4.26234,"08/20":4.1598773,"08/21":4.142251,"08/22":4.1191235,"08/23":4.1165338,"08/24":4.1165338,"08/25":4.1155295,"08/26":4.074909,"08/27":4.0713086,"08/28":4.086939,"08/29":4.062299,"08/30":4.0525384,"08/31":4.0525384,"09/01":4.0549555,"09/02":4.003593,"09/03":3.9836428,"09/04":3.9719594,"09/05":3.9746344,"09/06":4.029332,"09/07":4.029332,"09/08":4.029332,"09/09":3.9957895,"09/10":3.9739714,"09/11":3.9689806,"09/12":3.868992,"09/13":3.8329558,"09/14":3.8329558,"09/15":3.8331885,"09/16":3.7609181,"09/17":3.778347,"09/18":3.7779865,"09/19":3.723126,"09/20":3.6994739,"09/21":3.6994739,"09/22":3.6992283,"09/23":3.6131046,"09/24":3.5637326,"09/25":3.4767883,"09/26":3.4095094,"09/27":3.4521353,"09/28":3.4521353,"09/29":3.4534497,"09/30":3.4424715,"10/01":3.384826,"10/02":3.384826,"10/03":3.4895337,"10/04":3.6530232,"10/05":3.6530232,"10/06":3.6634192,"10/07":3.7153065,"10/08":3.6229932,"10/09":3.5597825,"10/10":3.542699,"10/11":3.5720375,"10/12":3.5720375,"10/13":3.5726438,"10/14":3.5008414,"10/15":3.4940848,"10/16":3.4868035,"10/17":3.5609725,"10/18":3.545474,"10/19":3.545474,"10/20":3.55103,"10/21":3.5639677,"10/22":3.6453366,"10/23":3.6453075,"10/24":3.6516094,"10/25":3.7481775,"10/26":3.7481775,"10/27":3.7523384,"10/28":3.7490067,"10/29":3.701949,"10/30":3.6929772,"10/31":3.6732295,"11/01":3.6732295,"11/02":3.6732295,"11/03":3.6746702,"11/04":3.6592786,"11/05":3.6153057,"11/06":3.5456471,"11/07":3.601518,"11/08":3.6077116,"11/09":3.6077116,"11/10":3.6126823,"11/11":3.6046042,"11/12":3.6780283,"11/13":3.773273,"11/14":3.844771,"11/15":3.844771,"11/16":3.844771,"11/17":3.846372,"11/18":3.809712,"11/19":3.7686033,"11/20":3.7728417,"11/21":3.8346221,"11/22":3.7844598,"11/23":3.7844598,"11/24":3.7841887,"11/25":3.6840582,"11/26":3.696173,"11/27":3.67773,"11/28":3.7058127,"11/29":3.5975513,"11/30":3.5975513,"12/01":3.595383,"12/02":3.4668329,"12/03":3.3774805,"12/04":3.3117945,"12/05":3.2537699,"12/06":3.2892022,"12/07":3.2892022,"12/08":3.2810054,"12/09":3.241877,"12/10":3.20215,"12/11":3.1927438,"12/12":3.2283256,"12/13":3.1931121,"12/14":3.1931121,"12/15":3.1935785,"12/16":3.1919158,"12/17":3.2412357,"12/18":3.2862027,"12/19":3.3978505,"12/20":3.499347,"12/21":3.499347,"12/22":3.5006423,"12/23":3.4039147,"12/24":3.4183528,"12/25":3.4183528,"12/26":3.4291725,"12/27":3.419896,"12/28":3.419896,"12/29":3.419896,"12/30":3.4204113,"12/31":3.3792303},"2024":{"04/18":7.9720016,"04/19":7.9720016,"04/20":7.9720016,"04/21":8.368998,"04/22":8.368998,"04/23":8.368998,"04/24":8.633131,"04/25":8.838401,"04/26":8.803416,"04/27":8.803416,"04/28":8.981225,"04/29":9.070464,"04/30":9.073754,"05/01":9.073754,"05/02":8.982923,"05/03":8.897697,"05/04":8.897697,"05/05":9.00898,"05/06":8.65634,"05/07":8.756748,"05/08":8.247875,"05/09":8.039562,"05/10":8.001717,"05/11":8.001717,"05/12":8.001717,"05/13":7.9271855,"05/14":8.979921,"05/15":9.253578,"05/16":9.406734,"05/17":9.392523,"05/18":9.392523,"05/19":9.366534,"05/20":9.330567,"05/21":9.510213,"05/22":9.326952,"05/23":9.524613,"05/24":9.483088,"05/25":9.483088,"05/26":9.654722,"05/27":9.491755,"05/28":9.522335,"05/29":9.548828,"05/30":9.375564,"05/31":9.357027,"06/01":9.357027,"06/02":9.393908,"06/03":9.093081,"06/04":9.093081,"06/05":9.191857,"06/06":9.118971,"06/07":9.1005,"06/08":9.1005,"06/09":9.044755,"06/10":8.660174,"06/11":8.600848,"06/12":8.276142,"06/13":8.051669,"06/14":8.031261,"06/15":8.031261,"06/16":8.360347,"06/17":8.315603,"06/18":8.138686,"06/19":7.9205317,"06/20":8.138923,"06/21":8.116373,"06/22":8.116373,"06/23":8.057786,"06/24":8.137914,"06/25":8.094295,"06/26":8.224326,"06/27":8.193209,"06/28":8.164256,"06/29":8.164256,"06/30":8.164256,"07/01":8.103181,"07/02":8.086045,"07/03":8.067856,"07/04":8.050733,"07/05":8.016513,"07/06":8.016513,"07/07":8.016513,"07/08":8.286674,"07/09":8.299706,"07/10":8.231482,"07/11":8.147391,"07/12":8.119593,"07/13":8.119593,"07/14":8.181861,"07/15":8.190194,"07/16":8.187236,"07/17":8.205999,