{"0":{"04/18":2.0300007,"04/19":2.0300007,"04/20":2.0300007,"04/21":2.0300007,"04/22":2.0300007,"04/23":2.0300007,"04/24":2.022859,"04/25":2.0279574,"04/26":2.014697,"04/27":2.014697,"04/28":2.014697,"04/29":1.9657625,"04/30":1.9535387,"05/01":1.9535387,"05/02":1.922982,"05/03":1.9127973,"05/04":1.9127973,"05/05":1.9127973,"05/06":1.8659972,"05/07":1.8548056,"05/08":1.8426083,"05/09":1.8304139,"05/10":1.8161876,"05/11":1.8161876,"05/12":1.8161876,"05/13":1.7654104,"05/14":1.7552571,"05/15":1.7481539,"05/16":1.7359822,"05/17":1.7238133,"05/18":1.7238133,"05/19":1.7238133,"05/20":1.7238133,"05/21":1.6548985,"05/22":1.6417254,"05/23":1.6417254,"05/24":1.6093385,"05/25":1.6093385,"05/26":1.6093385,"05/27":1.5597795,"05/28":1.5466408,"05/29":1.5345075,"05/30":1.5223868,"05/31":1.5092577,"06/01":1.5092577,"06/02":1.5092577,"06/03":1.4597963,"06/04":1.4476935,"06/05":1.4355838,"06/06":1.4224771,"06/07":1.4093739,"06/08":1.4093739,"06/09":1.4093739,"06/10":1.3620265,"06/11":1.3489388,"06/12":1.3368528,"06/13":1.3237716,"06/14":1.311701,"06/15":1.311701,"06/16":1.311701,"06/17":1.311701,"06/18":1.2433434,"06/19":1.2312825,"06/20":1.2182285,"06/21":1.2051779,"06/22":1.2051779,"06/23":1.2051779,"06/24":1.1570166,"06/25":1.138962,"06/26":1.1189164,"06/27":1.1068946,"06/28":1.0938728,"06/29":1.0938728,"06/30":1.0938728,"07/01":1.0428113,"07/02":1.0318093,"07/03":1.0178053,"07/04":1.0048064,"07/05":0.99380326,"07/06":0.99380326,"07/07":0.99380326,"07/08":0.9458429,"07/09":0.9328625,"07/10":0.9198854,"07/11":0.90790147,"07/12":0.8949308,"07/13":0.8949308,"07/14":0.8949308,"07/15":0.84806246,"07/16":0.84806246,"07/17":0.84806246,"07/18":0.80621445,"07/19":0.79326993,"07/20":0.79326993,"07/21":0.79326993,"07/22":0.7454998,"07/23":0.73256135,"07/24":0.7196357,"07/25":0.7196357,"07/26":0.69379437,"07/27":0.69379437,"07/28":0.69379437,"07/29":0.64711267,"07/30":0.6351934,"07/31":0.6232864,"08/01":0.6103888,"08/02":0.59848773,"08/03":0.59848773,"08/04":0.59848773,"08/05":0.55188483,"08/06":0.5390055,"08/07":0.5261295,"08/08":0.5142483,"08/09":0.50137866,"08/10":0.50137866,"08/11":0.50137866,"08/12":0.45091373,"08/13":0.43707022,"08/14":0.4242203,"08/15":0.4242203,"08/16":0.3945734,"08/17":0.3945734,"08/18":0.3945734,"08/19":0.34718034,"08/20":0.33534142,"08/21":0.3225081,"08/22":0.30968747,"08/23":0.2978574,"08/24":0.2978574,"08/25":0.2978574,"08/26":0.251542,"08/27":0.23971623,"08/28":0.22691676,"08/29":0.2151062,"08/30":0.2013276,"08/31":0.2013276,"09/01":0.2013276,"09/02":0.15313235,"09/03":0.14133917,"09/04":0.12855543,"09/05":0.12855543,"09/06":0.10596693,"09/07":0.10596693,"09/08":0.10596693,"09/09":0.058845926,"09/10":0.047065586,"09/11":0.035297375,"09/12":0.022550046,"09/13":0.010787601,"09/14":0.010787601,"09/15":0.010787601,"09/16":-0.041147247,"09/17":-0.053875104,"09/18":-0.053875104,"09/19":-0.08520002,"09/20":-0.096937135,"09/21":-0.096937135,"09/22":-0.096937135,"09/23":-0.14582455,"09/24":-0.15852576,"09/25":-0.17122376,"09/26":-0.1839185,"09/27":-0.19661003,"09/28":-0.19661003,"09/29":-0.19661003,"09/30":-0.24930632,"10/01":-0.32823256,"10/02":-0.32823256,"10/03":-0.1868519,"10/04":0.0,"10/05":0.0,"10/06":0.0,"10/07":0.0,"10/08":0.0,"10/09":0.0,"10/10":0.0,"10/11":0.0,"10/12":0.0,"10/13":0.0,"10/14":0.0,"10/15":0.0,"10/16":0.0,"10/17":0.0,"10/18":0.0,"10/19":0.0,"10/20":0.0,"10/21":0.0,"10/22":0.0,"10/23":0.0,"10/24":0.0,"10/25":0.0,"10/26":0.0,"10/27":0.0,"10/28":0.0,"10/29":0.0,"10/30":0.0,"10/31":0.0,"11/01":0.0,"11/02":0.0,"11/03":0.0,"11/04":0.0,"11/05":0.0,"11/06":0.0,"11/07":0.0,"11/08":0.0,"11/09":0.0,"11/10":0.0,"11/11":0.0,"11/12":0.0,"11/13":0.0,"11/14":0.0,"11/15":0.0,"11/16":0.0,"11/17":0.0,"11/18":0.0,"11/19":0.0,"11/20":0.0,"11/21":0.0,"11/22":0.0,"11/23":0.0,"11/24":0.0,"11/25":0.0,"11/26":0.0,"11/27":0.0,"11/28":0.0,"11/29":0.0,"11/30":0.0,"12/01":0.0,"12/02":0.0,"12/03":0.0,"12/04":0.0,"12/05":0.0,"12/06":0.0,"12/07":0.0,"12/08":0.0,"12/09":0.0,"12/10":0.0,"12/11":0.0,"12/12":0.0,"12/13":0.0,"12/14":0.0,"12/15":0.0,"12/16":0.0,"12/17":0.0,"12/18":0.0,"12/19":0.0,"12/20":0.0,"12/21":0.0,"12/22":0.0,"12/23":0.0,"12/24":0.0,"12/25":0.0,"12/26":0.0,"12/27":0.0,"12/28":0.0,"12/29":0.0,"12/30":0.0,"12/31":0.0},"2024":{"04/18":2.0300007,"04/19":2.0300007,"04/20":2.0300007,"04/21":2.0300007,"04/22":2.0300007,"04/23":2.0300007,"04/24":2.022859,"04/25":2.0279574,"04/26":2.014697,"04/27":2.014697,"04/28":2.014697,"04/29":1.9657625,"04/30":1.9535387,"05/01":1.9535387,"05/02":1.922982,"05/03":1.9127973,"05/04":1.9127973,"05/05":1.9127973,"05/06":1.8659972,"05/07":1.8548056,"05/08":1.8426083,"05/09":1.8304139,"05/10":1.8161876,"05/11":1.8161876,"05/12":1.8161876,"05/13":1.7654104,"05/14":1.7552571,"05/15":1.7481539,"05/16":1.7359822,"05/17":1.7238133,"05/18":1.7238133,"05/19":1.7238133,"05/20":1.7238133,"05/21":1.6548985,"05/22":1.6417254,"05/23":1.6417254,"05/24":1.6093385,"05/25":1.6093385,"05/26":1.6093385,"05/27":1.5597795,"05/28":1.5466408,"05/29":1.5345075,"05/30":1.5223868,"05/31":1.5092577,"06/01":1.5092577,"06/02":1.5092577,"06/03":1.4597963,"06/04":1.4476935,"06/05":1.4355838,"06/06":1.4224771,"06/07":1.4093739,"06/08":1.4093739,"06/09":1.4093739,"06/10":1.3620265,"06/11":1.3489388,"06/12":1.3368528,"06/13":1.3237716,"06/14":1.311701,"06/15":1.311701,"06/16":1.311701,"06/17":1.311701,"06/18":1.2433434,"06/19":1.2312825,"06/20":1.2182285,"06/21":1.2051779,"06/22":1.2051779,"06/23":1.2051779,"06/24":1.1570166,"06/25":1.138962,"06/26":1.1189164,"06/27":1.1068946,"06/28":1.0938728,"06/29":1.0938728,"06/30":1.0938728,"07/01":1.0428113,"07/02":1.0318093,"07/03":1.0178053,"07/04":1.0048064,"07/05":0.99380326,"07/06":0.99380326,"07/07":0.99380326,"07/08":0.9458429,"07/09":0.9328625,"07/10":0.9198854,"07/11":0.90790147,"07/12":0.8949308,"07/13":0.8949308,"07/14":0.8949308,"07/15":0.84806246,"07/16":0.84806246,"07/17":0.84806246,"07/18":0.80621445,"07/19":0.79326993,"07/20":0.79326993,"07/21":0.79326993,"07/22":0.7454998,"07/23":0.73256135,"07/24":0.7196357,"07/25":0.7196357,"07/26":0.69379437,"07/27":0.69379437,"07/28":0.69379437,"07/29":0.64711267,"07/30":0.6351934,"07/31":0.6232864,"08/01":0.6103888,"08/02":0.59848773,"08/03":0.59848773,"08/04":0.59848773,"08/05":0.55188483,"08/06":0.5390055,"08/07":0.5261295,"08/08":0.5142483,"08/09":0.50137866,"08/10":0.50137866,"08/11":0.50137866,"08/12":0.45091373,"08/13":0.43707022,"08/14":0.4242203,"08/15":0.4242203,"08/16":0.3945734,"08/17":0.3945734,"08/18":0.3945734,"08/19":0.34718034,"08/20":0.33534142,"08/21":0.3225081,"08/22":0.30968747,"08/23":0.2978574,"08/24":0.2978574,"08/25":0.2978574,"08/26":0.251542,"08/27":0.23971623,"08/28":0.22691676,"08/29":0.2151062,"08/30":0.2013276,"08/31":0.2013276,"09/01":0.2013276,"09/02":0.15313235,"09/03":0.14133917,"09/04":0.12855543,"09/05":0.12855543,"09/06":0.10596693,"09/07":0.10596693,"09/08":0.10596693,"09/09":0.058845926,"09/10":0.047065586,"09/11":0.035297375,"09/12":0.022550046,"09/13":0.010787601,"09/14":0.010787601,"09/15":0.010787601,"09/16":-0.041147247,"09/17":-0.053875104,"09/18":-0.053875104,"09/19":-0.08520002,"09/20":-0.096937135,"09/21":-0.096937135,"09/22":-0.096937135,"09/23":-0.14582455,"09/24":-0.15852576,"09/25":-0.17122376,"09/26":-0.1839185,"09/27":-0.19661003,"09/28":-0.19661003,"09/29":-0.19661003,"09/30":-0.24930632,"10/01":-0.32823256,"10/02":-0.32823256,"10/03":-0.1868519,"10/04":0.0,"10/05":0.0,"10/06":0.0,"10/07":0.0,"10/08":0.0,"10/09":0.0,"10/10":0.0,"10/11":0.0,"10/12":0.0,"10/13":0.0,"10/14":0.0,"10/15":0.0,"10/16":0.0,"10/17":0.0,"10/18":0.0,"10/19":0.0,"10/20":0.0,"10/21":0.0,"10/22":0.0,"10/23":0.0,"10/24":0.0,"10/25":0.0,"10/26":0.0,"10/27":0.0,"10/28":0.0,"10/29":0.0,"10/30":0.0,"10/31":0.0,"11/01":0.0,"11/02":0.0,"11/03":0.0,"11/04":0.0,"11/05":0.0,"11/06":0.0,"11/07":0.0,"11/08":0.0,"11/09":0.0,"11/10":0.0,"11/11":0.0,"11/12":0.0,"11/13":0.0,"11/14":0.0,"11/15":0.0,"11/16":0.0,"11/17":0.0,"11/18":0.0,"11/19":0.0,"11/20":0.0,"11/21":0.0,"11/22":0.0,"11/23":0.0,"11/24":0.0,"11/25":0.0,"11/26":0.0,"11/27":0.0,"11/28":0.0,