{"0":{"01/01":3.61713,"01/02":3.7444491,"01/03":3.839425,"01/04":3.7578692,"01/05":3.7578692,"01/06":3.7578692,"01/07":3.7578692,"01/08":3.6707,"01/09":3.590366,"01/10":3.4681976,"01/11":3.3872237,"01/12":3.3872237,"01/13":3.3872237,"01/14":3.3872237,"01/15":2.878576,"01/16":2.8964846,"01/17":3.2275558,"01/18":3.299724,"01/19":3.1071804,"01/20":3.1071804,"01/21":3.1071804,"01/22":3.1071804,"01/23":3.1734936,"01/24":2.9766912,"01/25":2.9181774,"01/26":2.9181774,"01/27":2.9181774,"01/28":2.9181774,"01/29":2.51604,"01/30":2.4945164,"01/31":2.2853904,"02/01":1.6732236,"02/02":1.364849,"02/03":1.364849,"02/04":1.364849,"02/05":1.4133722,"02/06":1.2962731,"02/07":1.1630408,"02/08":1.140257,"02/09":1.3602767,"02/10":1.3602767,"02/11":1.3602767,"02/12":1.48669,"02/13":1.4436024,"02/14":1.4417672,"02/15":1.080175,"02/16":1.0256076,"02/17":1.0256076,"02/18":1.0256076,"02/19":1.0256076,"02/20":0.8423474,"02/21":0.81790364,"02/22":0.7428333,"02/23":6.102428,"02/24":6.102428,"02/25":6.102428,"02/26":6.104782,"02/27":6.1057,"02/28":6.0980134,"02/29":0.79618096,"03/01":6.120227,"03/02":6.120227,"03/03":6.120227,"03/04":6.128452,"03/05":6.1309066,"03/06":6.1337485,"03/07":6.139288,"03/08":6.139288,"03/09":6.139288,"03/10":6.139288,"03/11":6.1460605,"03/12":6.141442,"03/13":6.119517,"03/14":6.1279316,"03/15":6.120278,"03/16":6.120278,"03/17":6.120278,"03/18":6.120278,"03/19":6.1061363,"03/20":6.1069126,"03/21":6.12524,"03/22":6.1242623,"03/23":6.1242623,"03/24":6.113078,"03/25":6.113078,"03/26":6.11277,"03/27":6.0908356,"03/28":6.106439,"03/29":6.103073,"03/30":6.103073,"03/31":6.074716,"04/01":6.074716,"04/02":6.068936,"04/03":6.03138,"04/04":6.034501,"04/05":6.0091453,"04/06":5.999645,"04/07":5.999645,"04/08":5.9947543,"04/09":5.9947543,"04/10":5.952899,"04/11":5.9462104,"04/12":5.931721,"04/13":5.928932,"04/14":5.928932,"04/15":5.928932,"04/16":5.928932,"04/17":5.8960843,"04/18":5.8677177,"04/19":5.8593793,"04/20":5.845492,"04/21":5.790555,"04/22":5.790555,"04/23":5.790555,"04/24":5.6771393,"04/25":5.6451335,"04/26":5.6418257,"04/27":5.615371,"04/28":5.6148195,"04/29":5.6148195,"04/30":5.6148195,"05/01":5.6148195,"05/02":5.551543,"05/03":5.356012,"05/04":5.2884216,"05/05":5.2884216,"05/06":5.2884216,"05/07":5.2884216,"05/08":5.260668,"05/09":5.261757,"05/10":5.231859,"05/11":5.2074184,"05/12":5.1131268,"05/13":5.1131268,"05/14":5.1131268,"05/15":5.066099,"05/16":5.0051384,"05/17":4.978213,"05/18":5.0202312,"05/19":5.0547595,"05/20":5.0547595,"05/21":5.0547595,"05/22":4.9561453,"05/23":5.0008326,"05/24":4.9448514,"05/25":4.9448514,"05/26":4.9260387,"05/27":4.9260387,"05/28":4.9260387,"05/29":4.9109983,"05/30":4.885234,"05/31":4.852527,"06/01":4.8305655,"06/02":4.7802773,"06/03":4.7802773,"06/04":4.7802773,"06/05":4.7508974,"06/06":4.6975584,"06/07":4.638476,"06/08":4.732752,"06/09":4.7882957,"06/10":4.7882957,"06/11":4.7882957,"06/12":4.7284827,"06/13":4.670928,"06/14":4.6539,"06/15":4.6975584,"06/16":4.6805143,"06/17":4.6805143,"06/18":4.6805143,"06/19":4.674654,"06/20":4.6533675,"06/21":4.6688004,"06/22":4.7508974,"06/23":4.77226,"06/24":4.77226,"06/25":4.77226,"06/26":4.717817,"06/27":4.676787,"06/28":4.597033,"06/29":4.597033,"06/30":4.6703944,"07/01":4.6703944,"07/02":4.6703944,"07/03":4.640073,"07/04":4.6448555,"07/05":4.586418,"07/06":4.6336894,"07/07":4.6336894,"07/08":4.6336894,"07/09":4.6336894,"07/10":4.6336894,"07/11":4.4471984,"07/12":4.488943,"07/13":4.3876047,"07/14":4.3707485,"07/15":4.3707485,"07/16":4.3707485,"07/17":4.266698,"07/18":4.19232,"07/19":4.188659,"07/20":4.1588693,"07/21":4.191801,"07/22":4.191801,"07/23":4.191801,"07/24":4.1264944,"07/25":4.1630445,"07/26":4.096773,"07/27":4.105633,"07/28":4.1876163,"07/29":4.1876163,"07/30":4.1876163,"07/31":4.1489415,"08/01":4.105633,"08/02":4.1755896,"08/03":4.2866383,"08/04":4.2535906,"08/05":4.2535906,"08/06":4.2535906,"08/07":4.176113,"08/08":4.1071987,"08/09":4.0582275,"08/10":4.0405383,"08/11":4.135369,"08/12":4.135369,"08/13":4.135369,"08/14":4.1124105,"08/15":4.1124105,"08/16":4.1124105,"08/17":4.19232,"08/18":4.13067,"08/19":4.13067,"08/20":4.13067,"08/21":4.0618715,"08/22":4.020258,"08/23":3.924279,"08/24":3.9144423,"08/25":3.987019,"08/26":3.987019,"08/27":3.987019,"08/28":3.868402,"08/29":3.8327653,"08/30":3.8425725,"08/31":3.8312147,"09/01":3.774504,"09/02":3.774504,"09/03":3.774504,"09/04":3.7333362,"09/05":3.744137,"09/06":3.775535,"09/07":3.6496449,"09/08":3.6214652,"09/09":3.6214652,"09/10":3.6214652,"09/11":3.6142967,"09/12":3.6650248,"09/13":3.5800145,"09/14":3.3930182,"09/15":3.501389,"09/16":3.501389,"09/17":3.501389,"09/18":3.4514744,"09/19":3.4514744,"09/20":3.4738748,"09/21":3.4922163,"09/22":3.5396504,"09/23":3.5396504,"09/24":3.5396504,"09/25":3.5253592,"09/26":3.5100589,"09/27":3.489154,"09/28":3.725108,"09/29":3.725108,"09/30":3.725108,"10/01":3.725108,"10/02":3.725108,"10/03":3.6214652,"10/04":3.7081454,"10/05":3.6173677,"10/06":3.887533,"10/07":3.887533,"10/08":3.887533,"10/09":4.0233808,"10/10":3.8916712,"10/11":3.7425919,"10/12":3.7297366,"10/13":3.7420766,"10/14":3.7420766,"10/15":3.7420766,"10/16":3.754943,"10/17":3.6963348,"10/18":3.764206,"10/19":3.7940838,"10/20":3.8270907,"10/21":3.8270907,"10/22":3.8270907,"10/23":3.9595177,"10/24":3.9595177,"10/25":3.9144423,"10/26":4.0431376,"10/27":3.9382653,"10/28":3.9382653,"10/29":3.9382653,"10/30":3.8833947,"10/31":3.8740902,"11/01":3.8833947,"11/02":3.7307615,"11/03":3.6588717,"11/04":3.6588717,"11/05":3.6588717,"11/06":3.541184,"11/07":3.490175,"11/08":3.4331615,"11/09":3.4082558,"11/10":3.4550366,"11/11":3.4550366,"11/12":3.4550366,"11/13":3.3818493,"11/14":3.3818493,"11/15":3.146385,"11/16":3.1016512,"11/17":3.0584948,"11/18":3.0584948,"11/19":3.0584948,"11/20":3.119235,"11/21":3.1122003,"11/22":3.0931132,"11/23":3.099137,"11/24":3.1433675,"11/25":3.1433675,"11/26":3.1433675,"11/27":3.1433675,"11/28":3.0660174,"11/29":2.9648945,"11/30":2.974893,"12/01":2.9449182,"12/02":2.9449182,"12/03":2.9449182,"12/04":2.7301154,"12/05":2.6287904,"12/06":2.5539103,"12/07":2.5347347,"12/08":2.517044,"12/09":2.517044,"12/10":2.517044,"12/11":2.4900417,"12/12":2.512135,"12/13":2.401373,"12/14":2.174456,"12/15":2.010612,"12/16":2.010612,"12/17":2.010612,"12/18":1.955749,"12/19":1.9230735,"12/20":2.0853977,"12/21":2.0559418,"12/22":2.0361621,"12/23":2.0361621,"12/24":2.0361621,"12/25":2.0361621,"12/26":1.9235544,"12/27":1.8645612,"12/28":1.8262604,"12/29":1.7636694,"12/30":1.7636694,"12/31":1.7636694},"2023":{"02/23":11.434002,"02/24":11.434002,"02/25":11.434002,"02/26":11.483002,"02/27":11.501999,"02/28":11.341,"03/01":11.794996,"03/02":11.794996,"03/03":11.794996,"03/04":11.955004,"03/05":12.002001,"03/06":12.055998,"03/07":12.159996,"03/08":12.159996,"03/09":12.159996,"03/10":12.159996,"03/11":12.285004,"03/12":12.200003,"03/13":11.780996,"03/14":11.945,"03/15":11.795998,"03/16":11.795998,"03/17":11.795998,"03/18":11.795998,"03/19":11.511002,"03/20":11.527004,"03/21":11.892996,"03/22":11.873999,"03/23":11.873999,"03/24":11.85163,"03/25":11.85163,"03/26":11.845633,"03/27":11.935286,"03/28":12.336515,"03/29":12.329783,"03/30":12.329783,"03/31":12.313023,"04/01":12.313023,"04/02":12.208176,"04/03":12.159739,"04/04":12.216617,"04/05":12.099271,"04/06":12.080271,"04/07":12.080271,"04/08":11.989509,"04/09":11.989509,"04/10":11.905798,"04/11":11.892421,"04/12":11.863442,"04/13":11.857864,"04/14":11.857864,"04/15":11.857864,"04/16":11.857864,"04/17":11.792169,"04/18":11.7354355,"04/19":11.718759,"04/20":11.690984,"04/21":11.58111,"04/22":11.58111,"04/23":11.58111,"04/24":11.354279,"04/25":11.290267,"04/26":11.283651,"04/27":11.230742,"04/28":11.229639,"04/29":11.229639,"04/30":11.229639,"05/01":11.229639,"05/02":11.103086,"05/03":10.712024,"05/04":10.576843,"05/05":10.576843,"05/06":10.576843,"05/07":10.576843,"05/08":10.521336,"05/09":10.523514,"05/10":10.463718,"05/11":10.414837,"05/12":10.2262535,"05/13":10.2262535,"05/14":10.2262535,"05/15":10.132198,"05/16":10.010277,"05/17":9.956426,"05/18":10.0404625,"05/19":10.109519,