{"0":{"01/01":6.55421,"01/02":6.426035,"01/03":6.407608,"01/04":6.407608,"01/05":6.407608,"01/06":6.5839806,"01/07":6.398392,"01/08":6.38304,"01/09":6.4444776,"01/10":6.5932283,"01/11":6.5932283,"01/12":6.5932283,"01/13":7.005748,"01/14":6.9136896,"01/15":6.8496513,"01/16":6.5326557,"01/17":6.4598475,"01/18":6.4598475,"01/19":6.4598475,"01/20":6.3022695,"01/21":6.3472366,"01/22":6.3349705,"01/23":6.2971544,"01/24":6.373838,"01/25":6.373838,"01/26":6.373838,"01/27":6.3676915,"01/28":6.309422,"01/29":6.251206,"01/30":6.098312,"01/31":5.8748627,"02/01":5.8748627,"02/02":5.8748627,"02/03":6.061682,"02/04":5.8616896,"02/05":5.717998,"02/06":5.6856756,"02/07":5.800933,"02/08":5.800933,"02/09":5.800933,"02/10":5.9428177,"02/11":6.1553392,"02/12":6.0881305,"02/13":6.1461673,"02/14":6.218547,"02/15":6.218547,"02/16":6.218547,"02/17":6.1522884,"02/18":6.1522884,"02/19":6.1522884,"02/20":6.022034,"02/21":6.149228,"02/22":6.149228,"02/23":6.149228,"02/24":6.180824,"02/25":6.331899,"02/26":6.331899,"02/27":6.579876,"02/28":6.8888865,"03/01":6.8888865,"03/02":6.8888865,"03/03":6.876495,"03/04":6.876495,"03/05":6.691939,"03/06":6.394302,"03/07":6.36974,"03/08":6.36974,"03/09":6.36974,"03/10":6.4065833,"03/11":6.326791,"03/12":6.2859216,"03/13":6.215493,"03/14":6.215493,"03/15":6.215493,"03/16":6.215493,"03/17":6.0433817,"03/18":5.627131,"03/19":5.282248,"03/20":5.0043726,"03/21":4.76764,"03/22":4.76764,"03/23":4.76764,"03/24":4.458908,"03/25":4.4263635,"03/26":4.3445926,"03/27":4.0109496,"03/28":3.844927,"03/29":3.844927,"03/30":3.844927,"03/31":3.803992,"04/01":3.803992,"04/02":3.236201,"04/03":3.2198179,"04/04":3.4515376,"04/05":3.4515376,"04/06":3.4515376,"04/07":3.8868716,"04/08":3.702769,"04/09":3.6551452,"04/10":3.6551452,"04/11":3.3674161,"04/12":3.3674161,"04/13":3.3674161,"04/14":3.3674161,"04/15":3.3674161,"04/16":2.7270286,"04/17":2.433039,"04/18":5.2025204,"04/19":5.2025204,"04/20":5.2025204,"04/21":5.213393,"04/22":5.213393,"04/23":5.213393,"04/24":5.216295,"04/25":5.4787173,"04/26":5.461225,"04/27":5.461225,"04/28":5.466823,"04/29":5.446205,"04/30":5.44785,"05/01":5.44785,"05/02":5.4024343,"05/03":5.359822,"05/04":5.359822,"05/05":5.3634906,"05/06":5.288875,"05/07":5.305292,"05/08":5.283598,"05/09":5.2652555,"05/10":5.2463326,"05/11":5.2463326,"05/12":5.2463326,"05/13":5.209067,"05/14":5.2267084,"05/15":5.223802,"05/16":5.219957,"05/17":5.212851,"05/18":5.212851,"05/19":5.2118607,"05/20":5.2105002,"05/21":5.1791115,"05/22":5.158387,"05/23":5.166088,"05/24":5.145325,"05/25":5.145325,"05/26":5.1522493,"05/27":5.1175203,"05/28":5.1117153,"05/29":5.105256,"05/30":5.0888076,"05/31":5.0795393,"06/01":5.0795393,"06/02":5.0809875,"06/03":5.037301,"06/04":5.037301,"06/05":5.030968,"06/06":5.0161567,"06/07":5.0069213,"06/08":5.0069213,"06/09":5.004843,"06/10":4.9660215,"06/11":4.9544454,"06/12":4.9354043,"06/13":4.918068,"06/14":4.9078636,"06/15":4.9078636,"06/16":4.917849,"06/17":4.916436,"06/18":4.8741446,"06/19":4.857654,"06/20":4.8569975,"06/21":4.8457227,"06/22":4.8457227,"06/23":4.8439655,"06/24":4.81967,"06/25":4.806248,"06/26":4.7861443,"06/27":4.7705855,"06/28":4.756109,"06/29":4.756109,"06/30":4.756109,"07/01":4.7255716,"07/02":4.717004,"07/03":4.707909,"07/04":4.6993475,"07/05":4.6822376,"07/06":4.6822376,"07/07":4.6822376,"07/08":4.6603885,"07/09":4.6498346,"07/10":4.6415606,"07/11":4.6263065,"07/12":4.6124067,"07/13":4.6124067,"07/14":4.614444,"07/15":4.5807886,"07/16":4.58069,"07/17":4.581317,"07/18":4.545859,"07/19":4.557071,"07/20":4.557071,"07/21":4.5629535,"07/22":4.541259,"07/23":4.5418987,"07/24":4.5300717,"07/25":4.5206623,"07/26":4.481283,"07/27":4.481283,"07/28":4.475836,"07/29":4.4457583,"07/30":4.4365172,"07/31":4.4188004,"08/01":4.4158387,"08/02":4.4348936,"08/03":4.4348936,"08/04":4.443327,"08/05":4.4726486,"08/06":4.486077,"08/07":4.3988194,"08/08":4.4384146,"08/09":4.3809533,"08/10":4.3809533,"08/11":4.3792996,"08/12":4.326538,"08/13":4.390498,"08/14":4.3822184,"08/15":4.3822184,"08/16":4.2939982,"08/17":4.2939982,"08/18":4.2911663,"08/19":4.171843,"08/20":4.0695925,"08/21":4.051945,"08/22":4.0286593,"08/23":4.0260696,"08/24":4.0260696,"08/25":4.0250154,"08/26":3.9838994,"08/27":3.9802985,"08/28":3.9960184,"08/29":3.9712262,"08/30":3.9614658,"08/31":3.9614658,"09/01":3.964067,"09/02":3.9125905,"09/03":3.8929057,"09/04":3.8813581,"09/05":3.8841822,"09/06":3.9388797,"09/07":3.9388797,"09/08":3.9388797,"09/09":3.9054167,"09/10":3.8836675,"09/11":3.878685,"09/12":3.7788677,"09/13":3.7428312,"09/14":3.7428312,"09/15":3.743075,"09/16":3.6710203,"09/17":3.6886122,"09/18":3.6882374,"09/19":3.6333861,"09/20":3.609734,"09/21":3.609734,"09/22":3.6094785,"09/23":3.5233572,"09/24":3.4739525,"09/25":3.3869512,"09/26":3.3195348,"09/27":3.3621607,"09/28":3.3621607,"09/29":3.3635418,"09/30":3.3524141,"10/01":3.2949896,"10/02":3.2949896,"10/03":3.3996973,"10/04":3.5631871,"10/05":3.5631871,"10/06":3.5739846,"10/07":3.626087,"10/08":3.5337753,"10/09":3.4705842,"10/10":3.453645,"10/11":3.4829834,"10/12":3.4829834,"10/13":3.4836082,"10/14":3.4117637,"10/15":3.4052398,"10/16":3.3981168,"10/17":3.4722962,"10/18":3.4567978,"10/19":3.4567978,"10/20":3.4624994,"10/21":3.4754372,"10/22":3.556806,"10/23":3.556698,"10/24":3.5628939,"10/25":3.659462,"10/26":3.659462,"10/27":3.663728,"10/28":3.6603258,"10/29":3.6134305,"10/30":3.604231,"10/31":3.5844407,"11/01":3.5844407,"11/02":3.5844407,"11/03":3.58592,"11/04":3.5704343,"11/05":3.5264614,"11/06":3.456744,"11/07":3.51259,"11/08":3.5187836,"11/09":3.5187836,"11/10":3.5238945,"11/11":3.5158918,"11/12":3.5894325,"11/13":3.684665,"11/14":3.756163,"11/15":3.756163,"11/16":3.756163,"11/17":3.756163,"11/18":3.7190864,"11/19":3.6737227,"11/20":3.6737227,"11/21":3.7404892,"11/22":3.6904013,"11/23":3.6904013,"11/24":3.6904013,"11/25":3.5884247,"11/26":3.59206,"11/27":3.5728488,"11/28":3.6034892,"11/29":3.4956279,"11/30":3.4956279,"12/01":3.4956279,"12/02":3.3701708,"12/03":3.2868578,"12/04":3.2212126,"12/05":3.1501117,"12/06":3.1853821,"12/07":3.1853821,"12/08":3.1853821,"12/09":3.1567523,"12/10":3.122542,"12/11":3.1077466,"12/12":3.1393862,"12/13":3.1041763,"12/14":3.1041763,"12/15":3.1041763,"12/16":3.1041763,"12/17":3.154711,"12/18":3.1997085,"12/19":3.3068883,"12/20":3.4083116,"12/21":3.4083116,"12/22":3.4083116,"12/23":3.3156278,"12/24":3.3238544,"12/25":3.3238544,"12/26":3.334655,"12/27":3.3253946,"12/28":3.3253946,"12/29":3.3253946,"12/30":3.3259094,"12/31":3.2848012},"2024":{"04/18":7.9720016,"04/19":7.9720016,"04/20":7.9720016,"04/21":8.368998,"04/22":8.368998,"04/23":8.368998,"04/24":8.633131,"04/25":8.838401,"04/26":8.803416,"04/27":8.803416,"04/28":8.981225,"04/29":9.070464,"04/30":9.073754,"05/01":9.073754,"05/02":8.982923,"05/03":8.897697,"05/04":8.897697,"05/05":9.00898,"05/06":8.65634,"05/07":8.756748,"05/08":8.247875,"05/09":8.039562,"05/10":8.001717,"05/11":8.001717,"05/12":8.001717,"05/13":7.9271855,"05/14":8.979921,"05/15":9.253578,"05/16":9.406734,"05/17":9.392523,"05/18":9.392523,"05/19":9.366534,"05/20":9.330567,"05/21":9.510213,"05/22":9.326952,"05/23":9.524613,"05/24":9.483088,"05/25":9.483088,"05/26":9.654722,"05/27":9.491755,"05/28":9.522335,"05/29":9.548828,"05/30":9.375564,"05/31":9.357027,"06/01":9.357027,"06/02":9.393908,"06/03":9.093081,"06/04":9.093081,"06/05":9.191857,"06/06":9.118971,"06/07":9.1005,"06/08":9.1005,"06/09":9.044755,"06/10":8.660174,"06/11":8.600848,"06/12":8.276142,"06/13":8.051669,"06/14":8.031261,"06/15":8.031261,"06/16":8.360347,"06/17":8.315603,"06/18":8.138686,"06/19":7.9205317,"06/20":8.138923,"06/21":8.116373,"06/22":8.116373,"06/23":8.057786,"06/24":8.137914,"06/25":8.094295,"06/26":8.224326,"06/27":8.193209,"06/28":8.164256,"06/29":8.164256,"06/30":8.164256,"07/01":8.103181,"07/02":8.086045,"07/03":8.067856,"07/04":8.050733,"07/05":8.016513,"07/06":8.016513,"07/07":8.016513,"07/08":8.286674,"07/09":8.299706,"07/10":8.231482,"07/11":8.147391,"07/12":8.119593,"07/13":8.119593,"07/14":8.181861,"07/15":8.190194,"07/16":8.187236,"07/17":8.205999,"07/18":8.159036,