{"0":{"04/02":0.36800385,"04/03":0.36800385,"04/04":0.36800385,"04/05":0.36800385,"04/06":0.9350014,"04/07":1.1680031,"04/08":2.7420044,"04/09":2.514,"04/10":2.9769993,"04/11":2.9769993,"04/12":2.9769993,"04/13":2.7250004,"04/14":2.7250004,"04/15":3.3749962,"04/16":3.2634678,"04/17":3.254192,"04/18":3.254192,"04/19":3.254192,"04/20":3.254192,"04/21":3.2325387,"04/22":3.2325387,"04/23":3.2325387,"04/24":2.664562,"04/25":2.7186244,"04/26":2.7186244,"04/27":2.7186244,"04/28":2.7604868,"04/29":2.5138834,"04/30":2.5138834,"05/01":2.5138834,"05/02":2.5138834,"05/03":2.5138834,"05/04":2.5138834,"05/05":2.3312154,"05/06":2.4133377,"05/07":2.3808753,"05/08":2.5769496,"05/09":2.4833918,"05/10":2.4833918,"05/11":2.4833918,"05/12":2.4833918,"05/13":2.4833918,"05/14":1.9155661,"05/15":1.8563154,"05/16":1.8041607,"05/17":1.8041607,"05/18":1.8041607,"05/19":1.789123,"05/20":1.6959944,"05/21":1.6230106,"05/22":1.4674116,"05/23":1.3301502,"05/24":1.3301502,"05/25":1.3301502,"05/26":1.2259659,"05/27":1.2755522,"05/28":1.3212185,"05/29":1.287457,"05/30":1.3589641,"05/31":1.3589641,"06/01":1.3589641,"06/02":1.3023468,"06/03":1.2477787,"06/04":1.2477787,"06/05":1.1447544,"06/06":1.085416,"06/07":1.085416,"06/08":1.085416,"06/09":1.323198,"06/10":1.3430723,"06/11":1.4086808,"06/12":1.5810698,"06/13":1.7280239,"06/14":1.7280239,"06/15":1.7280239,"06/16":1.4465011,"06/17":1.3410826,"06/18":1.3579689,"06/19":1.5491422,"06/20":1.4395328,"06/21":1.4395328,"06/22":1.4395328,"06/23":1.4693968,"06/24":1.2944044,"06/25":1.207139,"06/26":1.0419397,"06/27":1.0419397,"06/28":1.0419397,"06/29":1.0419397,"06/30":1.0419397,"07/01":1.0419397,"07/02":1.0419397,"07/03":1.0419397,"07/04":1.0419397,"07/05":1.0419397,"07/06":1.0419397,"07/07":1.0419397,"07/08":0.77205575,"07/09":0.8015373,"07/10":0.8851465,"07/11":0.9353862,"07/12":0.9353862,"07/13":0.9353862,"07/14":0.94524646,"07/15":0.8910622,"07/16":0.8211981,"07/17":0.790721,"07/18":0.813331,"07/19":0.813331,"07/20":0.813331,"07/21":0.6817599,"07/22":0.67685986,"07/23":0.57009476,"07/24":0.6680336,"07/25":0.8802267,"07/26":0.8802267,"07/27":0.8802267,"07/28":0.9856759,"07/29":0.9629885,"07/30":0.92848796,"07/31":0.9501726,"08/01":1.0152826,"08/02":1.0152826,"08/03":1.0152826,"08/04":0.7543713,"08/05":0.80251217,"08/06":1.169497,"08/07":1.0972762,"08/08":1.2547206,"08/09":1.2547206,"08/10":1.2547206,"08/11":1.2606702,"08/12":1.4843401,"08/13":1.4703941,"08/14":1.2150677,"08/15":1.2150677,"08/16":1.2150677,"08/17":1.2150677,"08/18":1.2676139,"08/19":1.3689073,"08/20":1.17148,"08/21":1.189311,"08/22":1.3281705,"08/23":1.3281705,"08/24":1.3281705,"08/25":1.3828255,"08/26":1.7480478,"08/27":1.7480478,"08/28":1.6190189,"08/29":1.829227,"08/30":1.829227,"08/31":1.829227,"09/01":1.651,"09/02":1.6859964,"09/03":1.4953058,"09/04":1.2973862,"09/05":1.1457454,"09/06":1.1457454,"09/07":1.1457454,"09/08":1.1457454,"09/09":1.0567575,"09/10":0.9797585,"09/11":0.92848796,"09/12":0.8497233,"09/13":0.8497233,"09/14":0.8497233,"09/15":0.8408666,"09/16":0.6994094,"09/17":0.5104499,"09/18":0.5094713,"09/19":0.5133764,"09/20":0.5133764,"09/21":0.5133764,"09/22":0.5446652,"09/23":0.52413327,"09/24":0.61120474,"09/25":0.65920883,"09/26":0.85168433,"09/27":0.85168433,"09/28":0.85168433,"09/29":0.8408666,"09/30":0.9196175,"10/01":0.7445576,"10/02":0.7445576,"10/03":0.7445576,"10/04":0.7445576,"10/05":0.7445576,"10/06":0.3708934,"10/07":0.29493573,"10/08":0.283263,"10/09":0.21812932,"10/10":0.11621795,"10/11":0.11621795,"10/12":0.11621795,"10/13":0.038706247,"10/14":0.07163105,"10/15":-0.15839767,"10/16":-0.30090955,"10/17":-0.33166525,"10/18":-0.33166525,"10/19":-0.33166525,"10/20":-0.4228764,"10/21":-0.4228764,"10/22":-0.4228764,"10/23":-0.30956525,"10/24":-0.22778063,"10/25":-0.22778063,"10/26":-0.22778063,"10/27":-0.37296993,"10/28":-0.3393535,"10/29":-0.46697536,"10/30":-0.19117132,"10/31":-0.19791643,"11/01":-0.19791643,"11/02":-0.19791643,"11/03":-0.29033548,"11/04":-0.27013487,"11/05":-0.27013487,"11/06":-0.24799839,"11/07":-0.21333303,"11/08":-0.21333303,"11/09":-0.21333303,"11/10":-0.38544893,"11/11":-0.47177336,"11/12":-0.59905654,"11/13":-0.5761083,"11/14":-0.5761083,"11/15":-0.5761083,"11/16":-0.5761083,"11/17":-0.57324475,"11/18":-0.5608036,"11/19":-0.6859576,"11/20":-0.8069847,"11/21":-0.66781944,"11/22":-0.66781944,"11/23":-0.66781944,"11/24":-0.6916807,"11/25":-0.7326876,"11/26":-1.0263638,"11/27":-0.98369986,"11/28":-0.8593047,"11/29":-0.8593047,"11/30":-0.8593047,"12/01":-0.7527013,"12/02":-0.75174713,"12/03":-0.6067036,"12/04":-0.6067036,"12/05":-0.9922374,"12/06":-0.9922374,"12/07":-0.9922374,"12/08":-0.6993135,"12/09":-0.34896442,"12/10":-0.11981398,"12/11":-0.30571437,"12/12":-0.47943085,"12/13":-0.47943085,"12/14":-0.47943085,"12/15":-0.48613706,"12/16":-0.43342236,"12/17":-0.396012,"12/18":-0.41136748,"12/19":-0.51487035,"12/20":-0.51487035,"12/21":-0.51487035,"12/22":-0.48422763,"12/23":-0.47081378,"12/24":-0.7050351,"12/25":-0.7050351,"12/26":-0.66400534,"12/27":-0.66400534,"12/28":-0.66400534,"12/29":-0.65827906,"12/30":-0.55985487,"12/31":-0.55985487},"2025":{"04/02":0.36800385,"04/03":0.36800385,"04/04":0.36800385,"04/05":0.36800385,"04/06":0.9350014,"04/07":1.1680031,"04/08":2.7420044,"04/09":2.514,"04/10":2.9769993,"04/11":2.9769993,"04/12":2.9769993,"04/13":2.7250004,"04/14":2.7250004,"04/15":3.3749962,"04/16":3.2634678,"04/17":3.254192,"04/18":3.254192,"04/19":3.254192,"04/20":3.254192,"04/21":3.2325387,"04/22":3.2325387,"04/23":3.2325387,"04/24":2.664562,"04/25":2.7186244,"04/26":2.7186244,"04/27":2.7186244,"04/28":2.7604868,"04/29":2.5138834,"04/30":2.5138834,"05/01":2.5138834,"05/02":2.5138834,"05/03":2.5138834,"05/04":2.5138834,"05/05":2.3312154,"05/06":2.4133377,"05/07":2.3808753,"05/08":2.5769496,"05/09":2.4833918,"05/10":2.4833918,"05/11":2.4833918,"05/12":2.4833918,"05/13":2.4833918,"05/14":1.9155661,"05/15":1.8563154,"05/16":1.8041607,"05/17":1.8041607,"05/18":1.8041607,"05/19":1.789123,"05/20":1.6959944,"05/21":1.6230106,"05/22":1.4674116,"05/23":1.3301502,"05/24":1.3301502,"05/25":1.3301502,"05/26":1.2259659,"05/27":1.2755522,"05/28":1.3212185,"05/29":1.287457,"05/30":1.3589641,"05/31":1.3589641,"06/01":1.3589641,"06/02":1.3023468,"06/03":1.2477787,"06/04":1.2477787,"06/05":1.1447544,"06/06":1.085416,"06/07":1.085416,"06/08":1.085416,"06/09":1.323198,"06/10":1.3430723,"06/11":1.4086808,"06/12":1.5810698,"06/13":1.7280239,"06/14":1.7280239,"06/15":1.7280239,"06/16":1.4465011,"06/17":1.3410826,"06/18":1.3579689,"06/19":1.5491422,"06/20":1.4395328,"06/21":1.4395328,"06/22":1.4395328,"06/23":1.4693968,"06/24":1.2944044,"06/25":1.207139,"06/26":1.0419397,"06/27":1.0419397,"06/28":1.0419397,"06/29":1.0419397,"06/30":1.0419397,"07/01":1.0419397,"07/02":1.0419397,"07/03":1.0419397,"07/04":1.0419397,"07/05":1.0419397,"07/06":1.0419397,"07/07":1.0419397,"07/08":0.77205575,"07/09":0.8015373,"07/10":0.8851465,"07/11":0.9353862,"07/12":0.9353862,"07/13":0.9353862,"07/14":0.94524646,"07/15":0.8910622,"07/16":0.8211981,"07/17":0.790721,"07/18":0.813331,"07/19":0.813331,"07/20":0.813331,"07/21":0.6817599,"07/22":0.67685986,"07/23":0.57009476,"07/24":0.6680336,"07/25":0.8802267,"07/26":0.8802267,"07/27":0.8802267,"07/28":0.9856759,"07/29":0.9629885,"07/30":0.92848796,"07/31":0.9501726,"08/01":1.0152826,"08/02":1.0152826,"08/03":1.0152826,"08/04":0.7543713,"08/05":0.80251217,"08/06":1.169497,"08/07":1.0972762,"08/08":1.2547206,"08/09":1.2547206,"08/10":1.2547206,"08/11":1.2606702,"08/12":1.4843401,"08/13":1.4703941,"08/14":1.2150677,"08/15":1.2150677,"08/16":1.2150677,"08/17":1.2150677,"08/18":1.2676139,"08/19":1.3689073,"08/20":1.17148,"08/21":1.189311,"08/22":1.3281705,"08/23":1.3281705,"08/24":1.3281705,"08/25":1.3828255,"08/26":1.7480478,"08/27":1.7480478,"08/28":1.6190189,"08/29":1.829227,"08/30":1.829227,"08/31":1.829227,"09/01":1.651,"09/02":1.6859964,"09/03":1.4953058,"09/04":1.2973862,"09/05":1.1457454,"09/06":1.1457454,"09/07":1.1457454,"09/08":1.1457454,"09/09":1.0567575,"09/10":0.9797585,"09/11":0.92848796,"09/12":0.8497233,