{"0":{"01/01":7.4192,"01/02":7.5770144,"01/03":7.5738964,"01/04":7.5738964,"01/05":7.3828096,"01/06":7.261252,"01/07":7.29034,"01/08":7.030359,"01/09":6.951211,"01/10":7.111676,"01/11":7.111676,"01/12":7.199762,"01/13":7.5892386,"01/14":7.3436966,"01/15":7.246831,"01/16":6.8901076,"01/17":7.0713553,"01/18":7.0713553,"01/19":7.049077,"01/20":6.5253587,"01/21":6.670674,"01/22":6.733668,"01/23":6.1651998,"01/24":6.227814,"01/25":6.227814,"01/26":6.227814,"01/27":6.4414673,"01/28":6.6870522,"01/29":6.533459,"01/30":6.6525,"01/31":6.467414,"02/01":6.467414,"02/02":6.0017395,"02/03":6.9223948,"02/04":6.8222985,"02/05":6.777969,"02/06":6.5890803,"02/07":6.717375,"02/08":6.717375,"02/09":6.985074,"02/10":7.253794,"02/11":7.60052,"02/12":7.50841,"02/13":7.2905874,"02/14":7.5388727,"02/15":7.5388727,"02/16":7.850661,"02/17":7.9324355,"02/18":8.038843,"02/19":8.038843,"02/20":7.647083,"02/21":7.7679634,"02/22":7.7679634,"02/23":7.9761,"02/24":7.833319,"02/25":8.144379,"02/26":8.218991,"02/27":8.157678,"02/28":8.544959,"03/01":8.544959,"03/02":8.1197605,"03/03":8.071394,"03/04":7.5627337,"03/05":7.614948,"03/06":6.9478984,"03/07":7.006872,"03/08":7.006872,"03/09":6.4428787,"03/10":7.024654,"03/11":6.581357,"03/12":6.3427224,"03/13":5.853792,"03/14":5.853792,"03/15":5.853792,"03/16":5.904092,"03/17":5.8620286,"03/18":5.7774096,"03/19":5.4194994,"03/20":4.5324993,"03/21":4.363738,"03/22":4.363738,"03/23":3.233634,"03/24":3.2704394,"03/25":3.8272917,"03/26":3.710511,"03/27":2.5141053,"03/28":2.5082562,"03/29":2.5082562,"03/30":2.5082562,"03/31":1.8664535,"04/01":1.8664535,"04/02":1.7671545,"04/03":1.784529,"04/04":1.9643556,"04/05":1.9643556,"04/06":2.5808342,"04/07":3.17949,"04/08":4.5810556,"04/09":4.348449,"04/10":4.9787593,"04/11":4.7994165,"04/12":4.7994165,"04/13":4.528928,"04/14":4.528928,"04/15":5.2815347,"04/16":4.736812,"04/17":4.541378,"04/18":5.3271914,"04/19":5.3271914,"04/20":5.3271914,"04/21":5.3313217,"04/22":5.3313217,"04/23":5.3313217,"04/24":5.3301783,"04/25":5.327942,"04/26":5.3210325,"04/27":5.3210325,"04/28":5.3216486,"04/29":5.297374,"04/30":5.290993,"05/01":5.290993,"05/02":5.2750435,"05/03":5.2697277,"05/04":5.2697277,"05/05":5.2725573,"05/06":5.245633,"05/07":5.2411327,"05/08":5.2308464,"05/09":5.2248096,"05/10":5.217398,"05/11":5.217398,"05/12":5.217398,"05/13":5.1909456,"05/14":5.196644,"05/15":5.1967144,"05/16":5.19555,"05/17":5.1891265,"05/18":5.1891265,"05/19":5.187619,"05/20":5.18266,"05/21":5.1538477,"05/22":5.144397,"05/23":5.1465235,"05/24":5.129422,"05/25":5.129422,"05/26":5.133199,"05/27":5.1072035,"05/28":5.101984,"05/29":5.0973654,"05/30":5.0854683,"05/31":5.078529,"06/01":5.078529,"06/02":5.0794215,"06/03":5.0538745,"06/04":5.0474734,"06/05":5.046807,"06/06":5.0404844,"06/07":5.033536,"06/08":5.033536,"06/09":5.031683,"06/10":5.0063505,"06/11":4.9986687,"06/12":4.9888144,"06/13":4.9783916,"06/14":4.972019,"06/15":4.972019,"06/16":4.9782147,"06/17":4.978108,"06/18":4.9409394,"06/19":4.9274383,"06/20":4.9245863,"06/21":4.9176893,"06/22":4.9176893,"06/23":4.91811,"06/24":4.898825,"06/25":4.891859,"06/26":4.885027,"06/27":4.878638,"06/28":4.8717175,"06/29":4.8717175,"06/30":4.8717175,"07/01":4.844581,"07/02":4.838734,"07/03":4.8312917,"07/04":4.8243837,"07/05":4.8185363,"07/06":4.8185363,"07/07":4.8185363,"07/08":4.799288,"07/09":4.79162,"07/10":4.7836943,"07/11":4.77446,"07/12":4.767562,"07/13":4.767562,"07/14":4.767821,"07/15":4.7463355,"07/16":4.7467537,"07/17":4.749648,"07/18":4.7302403,"07/19":4.723331,"07/20":4.723331,"07/21":4.7289987,"07/22":4.699524,"07/23":4.694661,"07/24":4.6850767,"07/25":4.6789784,"07/26":4.6652117,"07/27":4.6652117,"07/28":4.662795,"07/29":4.6405334,"07/30":4.6351953,"07/31":4.6256576,"08/01":4.6158977,"08/02":4.6095695,"08/03":4.6095695,"08/04":4.6198025,"08/05":4.593075,"08/06":4.5760612,"08/07":4.572731,"08/08":4.562785,"08/09":4.5559487,"08/10":4.5559487,"08/11":4.5566926,"08/12":4.5247455,"08/13":4.5198283,"08/14":4.5199313,"08/15":4.5199313,"08/16":4.5041475,"08/17":4.5041475,"08/18":4.5004044,"08/19":4.475539,"08/20":4.472202,"08/21":4.462566,"08/22":4.4523506,"08/23":4.446072,"08/24":4.446072,"08/25":4.444066,"08/26":4.413624,"08/27":4.407375,"08/28":4.405052,"08/29":4.3938,"08/30":4.386522,"08/31":4.386522,"09/01":4.3898973,"09/02":4.3663855,"09/03":4.3647203,"09/04":4.3627305,"09/05":4.366349,"09/06":4.354304,"09/07":4.354304,"09/08":4.354304,"09/09":4.3299932,"09/10":4.325306,"09/11":4.3219566,"09/12":4.316222,"09/13":4.3099337,"09/14":4.3099337,"09/15":4.3104653,"09/16":4.2863917,"09/17":4.2839084,"09/18":4.28108,"09/19":4.2665806,"09/20":4.2602873,"09/21":4.2602873,"09/22":4.2604446,"09/23":4.2358375,"09/24":4.2255435,"09/25":4.2171354,"09/26":4.205148,"09/27":4.198365,"09/28":4.198365,"09/29":4.2012115,"09/30":4.172287,"10/01":4.1367483,"10/02":4.1367483,"10/03":4.2125683,"10/04":4.312774,"10/05":4.312774,"10/06":4.3230352,"10/07":4.3337817,"10/08":4.246866,"10/09":4.1580753,"10/10":4.17142,"10/11":4.188249,"10/12":4.188249,"10/13":4.190442,"10/14":4.15037,"10/15":4.118321,"10/16":4.1225896,"10/17":4.1358085,"10/18":4.1763535,"10/19":4.1763535,"10/20":4.1810045,"10/21":4.2058125,"10/22":4.1862783,"10/23":4.14399,"10/24":4.1408696,"10/25":4.181421,"10/26":4.181421,"10/27":4.1869364,"10/28":4.1910906,"10/29":4.1624713,"10/30":4.155576,"10/31":4.1270957,"11/01":4.1270957,"11/02":4.1270957,"11/03":4.1340904,"11/04":4.0719166,"11/05":4.067711,"11/06":4.056627,"11/07":4.0343637,"11/08":3.9971774,"11/09":3.9971774,"11/10":4.005102,"11/11":4.004141,"11/12":4.0206895,"11/13":4.022953,"11/14":4.060333,"11/15":4.060333,"11/16":4.060333,"11/17":4.069051,"11/18":4.0112424,"11/19":3.9904633,"11/20":3.9943554,"11/21":3.9953246,"11/22":4.0095363,"11/23":4.0095363,"11/24":4.008829,"11/25":3.9403317,"11/26":3.9611533,"11/27":3.9229028,"11/28":3.8959923,"11/29":3.7890413,"11/30":3.7890413,"12/01":3.7878904,"12/02":3.693555,"12/03":3.689679,"12/04":3.6423795,"12/05":3.6443658,"12/06":3.7189555,"12/07":3.7189555,"12/08":3.7022595,"12/09":3.6316493,"12/10":3.6089137,"12/11":3.6275525,"12/12":3.6566422,"12/13":3.6363866,"12/14":3.6363866,"12/15":3.6359468,"12/16":3.627256,"12/17":3.6300483,"12/18":3.6119053,"12/19":3.6591926,"12/20":3.6524432,"12/21":3.6524432,"12/22":3.653512,"12/23":3.6035783,"12/24":3.605312,"12/25":3.605312,"12/26":3.595361,"12/27":3.5969195,"12/28":3.5969195,"12/29":3.5928586,"12/30":3.5465517,"12/31":3.5088334},"2024":{"04/18":6.1130047,"04/19":6.1130047,"04/20":6.1130047,"04/21":6.5509987,"04/22":6.5509987,"04/23":6.5509987,"04/24":6.7525244,"04/25":6.326873,"04/26":6.313054,"04/27":6.313054,"04/28":6.3770456,"04/29":6.4469347,"04/30":6.4341736,"05/01":6.4341736,"05/02":6.402274,"05/03":6.391642,"05/04":6.391642,"05/05":6.6343684,"05/06":6.3747387,"05/07":6.483846,"05/08":6.0708303,"05/09":6.097049,"05/10":6.0822268,"05/11":6.0822268,"05/12":6.0822268,"05/13":6.029322,"05/14":6.930284,"05/15":7.1442027,"05/16":7.4026084,"05/17":7.389761,"05/18":7.389761,"05/19":7.31498,"05/20":7.0487814,"05/21":7.370806,"05/22":7.2323704,"05/23":7.3389654,"05/24":7.3047633,"05/25":7.3047633,"05/26":7.484017,"05/27":7.441542,"05/28":7.50627,"05/29":7.57304,"05/30":7.3094535,"05/31":7.295575,"06/01":7.295575,"06/02":7.3383574,"06/03":7.3148856,"06/04":7.302084,"06/05":7.548757,"06/06":7.5616984,"06/07":7.5478015,"06/08":7.5478015,"06/09":7.467299,"06/10":7.406199,"06/11":7.3585496,"06/12":7.1828675,"06/13":6.9902716,"06/14":6.977526,"06/15":6.977526,"06/16":7.285345,"06/17":7.2803826,"06/18":7.161363,"06/19":6.7735486,"06/20":6.9810133,"06/21":6.9672194,"06/22":6.9672194,"06/23":6.9890428,"06/24":7.239521,"06/25":7.337358,"06/26":7.4786134,"06/27":7.465835,"06/28":7.4519944,"06/29":7.4519944,"06/30":7.4519944,"07/01":7.397722,"07/02":7.3860273,"07/03":7.3711424,"07/04":7.3573265,"07/05":7.3456316,"07/06":7.3456316,"07/07":7.3456316,"07/08":7.5499105,"07/09":7.5064106,"07/10":7.452036,"07/11":7.321576,"07/12":7.3077807,"07/13":7.3077807,"07/14":7.3186646,"07/15":7.411139,"07/16":7.4279456,