{"0":{"01/01":5.848978,"01/02":5.721651,"01/03":5.7033467,"01/04":5.7033467,"01/05":5.7033467,"01/06":5.8785515,"01/07":5.694192,"01/08":5.678941,"01/09":5.7399716,"01/10":5.8877378,"01/11":5.8877378,"01/12":5.8877378,"01/13":6.297528,"01/14":6.2060785,"01/15":6.1424646,"01/16":5.827567,"01/17":5.7552404,"01/18":5.7552404,"01/19":5.7552404,"01/20":5.5987053,"01/21":5.6433754,"01/22":5.63119,"01/23":5.5936236,"01/24":5.6698,"01/25":5.6698,"01/26":5.6698,"01/27":5.663694,"01/28":5.60581,"01/29":5.5479803,"01/30":5.3960977,"01/31":5.174127,"02/01":5.174127,"02/02":5.174127,"02/03":5.35971,"02/04":5.1610417,"02/05":5.018301,"02/06":4.986192,"02/07":5.1006866,"02/08":5.1006866,"02/09":5.1006866,"02/10":5.2416325,"02/11":5.452748,"02/12":5.3859835,"02/13":5.4436364,"02/14":5.5155373,"02/15":5.5155373,"02/16":5.5155373,"02/17":5.449717,"02/18":5.449717,"02/19":5.449717,"02/20":5.320325,"02/21":5.4466767,"02/22":5.4466767,"02/23":5.4466767,"02/24":5.478063,"02/25":5.628139,"02/26":5.628139,"02/27":5.874474,"02/28":6.18144,"03/01":6.18144,"03/02":6.18144,"03/03":6.16913,"03/04":6.16913,"03/05":5.985796,"03/06":5.6901293,"03/07":5.6657295,"03/08":5.6657295,"03/09":5.6657295,"03/10":5.702328,"03/11":5.623064,"03/12":5.5824656,"03/13":5.5125027,"03/14":5.5125027,"03/15":5.5125027,"03/16":5.5125027,"03/17":5.341531,"03/18":4.9280353,"03/19":4.585435,"03/20":4.3093987,"03/21":4.0742326,"03/22":4.0742326,"03/23":4.0742326,"03/24":3.767544,"03/25":3.7352147,"03/26":3.6539853,"03/27":3.3225505,"03/28":3.1576269,"03/29":3.1576269,"03/30":3.1576269,"03/31":3.1169627,"04/01":3.1169627,"04/02":2.5529296,"04/03":2.536655,"04/04":2.7668412,"04/05":2.7668412,"04/06":2.7668412,"04/07":3.1992939,"04/08":3.0164096,"04/09":2.9691012,"04/10":2.9691012,"04/11":2.6832764,"04/12":2.6832764,"04/13":2.6832764,"04/14":2.6832764,"04/15":2.6832764,"04/16":2.0471272,"04/17":1.7550833,"04/18":4.8635426,"04/19":4.8635426,"04/20":4.8635426,"04/21":4.875657,"04/22":4.875657,"04/23":4.875657,"04/24":4.8794136,"04/25":5.1407785,"04/26":5.1232862,"04/27":5.1232862,"04/28":5.1294355,"04/29":5.1092496,"04/30":5.1108947,"05/01":5.1108947,"05/02":5.065479,"05/03":5.0228662,"05/04":5.0228662,"05/05":5.026879,"05/06":4.95159,"05/07":4.968231,"05/08":4.9449964,"05/09":4.926086,"05/10":4.907163,"05/11":4.907163,"05/12":4.907163,"05/13":4.869898,"05/14":4.890906,"05/15":4.888924,"05/16":4.8856115,"05/17":4.8785057,"05/18":4.8785057,"05/19":4.877436,"05/20":4.875965,"05/21":4.845379,"05/22":4.824185,"05/23":4.8324895,"05/24":4.8117266,"05/25":4.8117266,"05/26":4.819173,"05/27":4.7841344,"05/28":4.778469,"05/29":4.77214,"05/30":4.755227,"05/31":4.745959,"06/01":4.745959,"06/02":4.7475195,"06/03":4.703127,"06/04":4.703127,"06/05":4.6971626,"06/06":4.682208,"06/07":4.6729727,"06/08":4.6729727,"06/09":4.6707234,"06/10":4.630886,"06/11":4.6191907,"06/12":4.599201,"06/13":4.5812364,"06/14":4.5710325,"06/15":4.5710325,"06/16":4.5820403,"06/17":4.5804887,"06/18":4.537892,"06/19":4.520788,"06/20":4.5208592,"06/21":4.5095844,"06/22":4.5095844,"06/23":4.507645,"06/24":4.483775,"06/25":4.470298,"06/26":4.4507575,"06/27":4.435199,"06/28":4.4207225,"06/29":4.4207225,"06/30":4.4207225,"07/01":4.390185,"07/02":4.381617,"07/03":4.3725224,"07/04":4.3639607,"07/05":4.346851,"07/06":4.346851,"07/07":4.346851,"07/08":4.3260403,"07/09":4.3155994,"07/10":4.3071547,"07/11":4.291723,"07/12":4.2778234,"07/13":4.2778234,"07/14":4.2800527,"07/15":4.246648,"07/16":4.24654,"07/17":4.247225,"07/18":4.2118464,"07/19":4.2230587,"07/20":4.2230587,"07/21":4.2294703,"07/22":4.2076054,"07/23":4.2085857,"07/24":4.196373,"07/25":4.186079,"07/26":4.1466994,"07/27":4.1466994,"07/28":4.1406975,"07/29":4.1105247,"07/30":4.101428,"07/31":4.0834594,"08/01":4.080289,"08/02":4.099344,"08/03":4.099344,"08/04":4.108667,"08/05":4.1375656,"08/06":4.1498456,"08/07":4.062585,"08/08":4.1015954,"08/09":4.044134,"08/10":4.044134,"08/11":4.042263,"08/12":3.9882371,"08/13":4.0522,"08/14":4.044937,"08/15":4.044937,"08/16":3.9567165,"08/17":3.9567165,"08/18":3.9534705,"08/19":3.8338604,"08/20":3.7324042,"08/21":3.7146792,"08/22":3.6908019,"08/23":3.6882122,"08/24":3.6882122,"08/25":3.6869707,"08/26":3.6440022,"08/27":3.6404014,"08/28":3.6564555,"08/29":3.6310954,"08/30":3.621335,"08/31":3.621335,"09/01":3.6246238,"09/02":3.572722,"09/03":3.5540285,"09/04":3.5429883,"09/05":3.5463681,"09/06":3.6010656,"09/07":3.6010656,"09/08":3.6010656,"09/09":3.5678988,"09/10":3.5464077,"09/11":3.5414562,"09/12":3.4422777,"09/13":3.4062414,"09/14":3.4062414,"09/15":3.4065251,"09/16":3.3352764,"09/17":3.353477,"09/18":3.3530502,"09/19":3.2982326,"09/20":3.2745805,"09/21":3.2745805,"09/22":3.2742882,"09/23":3.1881762,"09/24":3.1386485,"09/25":3.0514352,"09/26":2.983504,"09/27":3.02613,"09/28":3.02613,"09/29":3.027761,"09/30":3.0160747,"10/01":2.9594767,"10/02":2.9594767,"10/03":3.0641844,"10/04":3.227674,"10/05":3.227674,"10/06":3.2399719,"10/07":3.292877,"10/08":3.2005715,"10/09":3.137453,"10/10":3.1158738,"10/11":3.1451645,"10/12":3.1451645,"10/13":3.1451645,"10/14":3.0748217,"10/15":3.0604675,"10/16":3.0476549,"10/17":3.121012,"10/18":3.1056046,"10/19":3.1056046,"10/20":3.1056046,"10/21":3.1184452,"10/22":3.1992052,"10/23":3.2022958,"10/24":3.212607,"10/25":3.3086524,"10/26":3.3086524,"10/27":3.3086524,"10/28":3.3081346,"10/29":3.2549067,"10/30":3.2549067,"10/31":3.2368429,"11/01":3.2368429,"11/02":3.2368429,"11/03":3.2368429,"11/04":3.2249777,"11/05":3.1811793,"11/06":3.1138215,"11/07":3.1703699,"11/08":3.1765447,"11/09":3.1765447,"11/10":3.1765447,"11/11":3.1657372,"11/12":3.2342646,"11/13":3.3293517,"11/14":3.4003763,"11/15":3.4003763,"11/16":3.4003763,"11/17":3.4003763,"11/18":3.3635452,"11/19":3.3184817,"11/20":3.3184817,"11/21":3.3848066,"11/22":3.33505,"11/23":3.33505,"11/24":3.33505,"11/25":3.2337482,"11/26":3.2373595,"11/27":3.2182755,"11/28":3.248713,"11/29":3.1415658,"11/30":3.1415658,"12/01":3.1415658,"12/02":3.0169392,"12/03":2.9341772,"12/04":2.8689668,"12/05":2.7983363,"12/06":2.8333735,"12/07":2.8333735,"12/08":2.8333735,"12/09":2.8049333,"12/10":2.7709491,"12/11":2.7562513,"12/12":2.7876818,"12/13":2.752705,"12/14":2.752705,"12/15":2.752705,"12/16":2.752705,"12/17":2.802905,"12/18":2.847605,"12/19":2.9540756,"12/20":3.0548277,"12/21":3.0548277,"12/22":3.0548277,"12/23":2.9627569,"12/24":2.9709294,"12/25":2.9709294,"12/26":2.981658,"12/27":2.972459,"12/28":2.972459,"12/29":2.972459,"12/30":2.9729705,"12/31":2.9321342},"2024":{"04/18":7.9720016,"04/19":7.9720016,"04/20":7.9720016,"04/21":8.368998,"04/22":8.368998,"04/23":8.368998,"04/24":8.633131,"04/25":8.838401,"04/26":8.803416,"04/27":8.803416,"04/28":8.981225,"04/29":9.070464,"04/30":9.073754,"05/01":9.073754,"05/02":8.982923,"05/03":8.897697,"05/04":8.897697,"05/05":9.00898,"05/06":8.65634,"05/07":8.756748,"05/08":8.247875,"05/09":8.039562,"05/10":8.001717,"05/11":8.001717,"05/12":8.001717,"05/13":7.9271855,"05/14":8.979921,"05/15":9.253578,"05/16":9.406734,"05/17":9.392523,"05/18":9.392523,"05/19":9.366534,"05/20":9.330567,"05/21":9.510213,"05/22":9.326952,"05/23":9.524613,"05/24":9.483088,"05/25":9.483088,"05/26":9.654722,"05/27":9.491755,"05/28":9.522335,"05/29":9.548828,"05/30":9.375564,"05/31":9.357027,"06/01":9.357027,"06/02":9.393908,"06/03":9.093081,"06/04":9.093081,"06/05":9.191857,"06/06":9.118971,"06/07":9.1005,"06/08":9.1005,"06/09":9.044755,"06/10":8.660174,"06/11":8.600848,"06/12":8.276142,"06/13":8.051669,"06/14":8.031261,"06/15":8.031261,"06/16":8.360347,"06/17":8.315603,"06/18":8.138686,"06/19":7.9205317,"06/20":8.138923,"06/21":8.116373,"06/22":8.116373,"06/23":8.057786,"06/24":8.137914,"06/25":8.094295,"06/26":8.224326,"06/27":8.193209,"06/28":8.164256,"06/29":8.164256,"06/30":8.164256,"07/01":8.103181,"07/02":8.086045,"07/03":8.067856,"07/04":8.050733,"07/05":8.016513,"07/06":8.016513,"07/07":8.016513,"07/08":8.286674,"07/09":8.299706,"07/10":8.231482,"07/11":8.147391,"07/12":8.119593,"07/13":8.119593,"07/14":8.181861,"07/15":8.190194,"07/16":8.187236,"07/17":8.205999,"07/18":8.159036,