{"0":{"01/01":7.037051,"01/02":7.0442824,"01/03":7.0411787,"01/04":7.0411787,"01/05":7.0411787,"01/06":7.013296,"01/07":7.0153637,"01/08":7.111478,"01/09":7.2015386,"01/10":7.36238,"01/11":7.36238,"01/12":7.36238,"01/13":7.931773,"01/14":7.7273474,"01/15":7.630135,"01/16":7.2886434,"01/17":7.470567,"01/18":7.470567,"01/19":7.470567,"01/20":7.3509536,"01/21":7.493483,"01/22":7.385249,"01/23":7.1808214,"01/24":7.244035,"01/25":7.244035,"01/26":7.244035,"01/27":7.3239393,"01/28":7.320829,"01/29":7.166323,"01/30":7.1228523,"01/31":6.936951,"02/01":6.936951,"02/02":6.936951,"02/03":6.9802713,"02/04":6.727036,"02/05":6.6049666,"02/06":6.6746836,"02/07":6.803082,"02/08":6.803082,"02/09":6.803082,"02/10":6.988528,"02/11":7.253371,"02/12":7.2222643,"02/13":7.1466565,"02/14":7.39461,"02/15":7.39461,"02/16":7.39461,"02/17":7.2959085,"02/18":7.2959085,"02/19":7.2959085,"02/20":7.255449,"02/21":7.37589,"02/22":7.37589,"02/23":7.37589,"02/24":7.4091697,"02/25":7.475781,"02/26":7.475781,"02/27":7.5362105,"02/28":7.9212666,"03/01":7.9212666,"03/02":7.9212666,"03/03":7.872989,"03/04":7.872989,"03/05":7.5664563,"03/06":7.2398915,"03/07":7.299027,"03/08":7.299027,"03/09":7.299027,"03/10":7.334329,"03/11":7.206727,"03/12":7.192222,"03/13":7.300066,"03/14":7.300066,"03/15":7.300066,"03/16":7.300066,"03/17":7.0442824,"03/18":6.6757107,"03/19":6.3147616,"03/20":6.1265764,"03/21":5.955242,"03/22":5.955242,"03/23":5.955242,"03/24":5.7552085,"03/25":5.834931,"03/26":5.715892,"03/27":5.5057235,"03/28":5.499704,"03/29":5.499704,"03/30":5.499704,"03/31":5.4595823,"04/01":5.4595823,"04/02":5.152635,"04/03":5.1705875,"04/04":5.356396,"04/05":5.356396,"04/06":5.356396,"04/07":5.743103,"04/08":5.4164815,"04/09":5.445546,"04/10":5.445546,"04/11":5.2654057,"04/12":5.2654057,"04/13":5.2654057,"04/14":5.2654057,"04/15":5.2654057,"04/16":4.7207665,"04/17":4.5253625,"04/18":5.3191833,"04/19":5.3191833,"04/20":5.3191833,"04/21":5.323347,"04/22":5.323347,"04/23":5.323347,"04/24":5.322219,"04/25":5.319951,"04/26":5.3130417,"04/27":5.3130417,"04/28":5.3136625,"04/29":5.2893963,"04/30":5.2830157,"05/01":5.2830157,"05/02":5.267066,"05/03":5.26175,"05/04":5.26175,"05/05":5.264598,"05/06":5.237658,"05/07":5.2331667,"05/08":5.222851,"05/09":5.216816,"05/10":5.209405,"05/11":5.209405,"05/12":5.209405,"05/13":5.182953,"05/14":5.188719,"05/15":5.1888056,"05/16":5.187661,"05/17":5.1812377,"05/18":5.1812377,"05/19":5.1797247,"05/20":5.1747465,"05/21":5.1459627,"05/22":5.1365027,"05/23":5.138637,"05/24":5.1215363,"05/25":5.1215363,"05/26":5.125326,"05/27":5.099331,"05/28":5.0941176,"05/29":5.089505,"05/30":5.077589,"05/31":5.07065,"06/01":5.07065,"06/02":5.0715456,"06/03":5.0460005,"06/04":5.0396,"06/05":5.038952,"06/06":5.032632,"06/07":5.0256834,"06/08":5.0256834,"06/09":5.023824,"06/10":4.998491,"06/11":4.9908066,"06/12":4.980941,"06/13":4.9705048,"06/14":4.964132,"06/15":4.964132,"06/16":4.9703503,"06/17":4.970243,"06/18":4.933071,"06/19":4.9195423,"06/20":4.916707,"06/21":4.90981,"06/22":4.90981,"06/23":4.9102316,"06/24":4.8909693,"06/25":4.884012,"06/26":4.8771915,"06/27":4.8708024,"06/28":4.863882,"06/29":4.863882,"06/30":4.863882,"07/01":4.8367457,"07/02":4.830899,"07/03":4.8234563,"07/04":4.8165483,"07/05":4.810701,"07/06":4.810701,"07/07":4.810701,"07/08":4.791471,"07/09":4.783801,"07/10":4.7758727,"07/11":4.766629,"07/12":4.759732,"07/13":4.759732,"07/14":4.759991,"07/15":4.7385163,"07/16":4.7389355,"07/17":4.741838,"07/18":4.7224383,"07/19":4.7155294,"07/20":4.7155294,"07/21":4.7212114,"07/22":4.6917267,"07/23":4.686869,"07/24":4.6772776,"07/25":4.6711626,"07/26":4.6573954,"07/27":4.6573954,"07/28":4.6549716,"07/29":4.6327176,"07/30":4.6273828,"07/31":4.617835,"08/01":4.608066,"08/02":4.601738,"08/03":4.601738,"08/04":4.6120014,"08/05":4.585269,"08/06":4.5682235,"08/07":4.5649047,"08/08":4.554947,"08/09":4.54811,"08/10":4.54811,"08/11":4.5488567,"08/12":4.5168905,"08/13":4.511983,"08/14":4.5121098,"08/15":4.5121098,"08/16":4.4963264,"08/17":4.4963264,"08/18":4.49257,"08/19":4.467706,"08/20":4.464379,"08/21":4.454733,"08/22":4.4445057,"08/23":4.438227,"08/24":4.438227,"08/25":4.4362125,"08/26":4.405744,"08/27":4.3994946,"08/28":4.397193,"08/29":4.3859167,"08/30":4.3786387,"08/31":4.3786387,"09/01":4.3820314,"09/02":4.358528,"09/03":4.3568816,"09/04":4.35491,"09/05":4.3585405,"09/06":4.3464947,"09/07":4.3464947,"09/08":4.3464947,"09/09":4.322187,"09/10":4.317505,"09/11":4.3141646,"09/12":4.3084335,"09/13":4.302145,"09/14":4.302145,"09/15":4.302678,"09/16":4.2786155,"09/17":4.2761436,"09/18":4.273308,"09/19":4.258815,"09/20":4.252521,"09/21":4.252521,"09/22":4.2526793,"09/23":4.228076,"09/24":4.217773,"09/25":4.20936,"09/26":4.1973577,"09/27":4.190574,"09/28":4.190574,"09/29":4.193429,"09/30":4.1645026,"10/01":4.1289835,"10/02":4.1289835,"10/03":4.2048035,"10/04":4.3050094,"10/05":4.3050094,"10/06":4.3152957,"10/07":4.326055,"10/08":4.2391424,"10/09":4.1503525,"10/10":4.163705,"10/11":4.1805344,"10/12":4.1805344,"10/13":4.182732,"10/14":4.1426563,"10/15":4.110614,"10/16":4.114892,"10/17":4.1281114,"10/18":4.1686563,"10/19":4.1686563,"10/20":4.173317,"10/21":4.1981244,"10/22":4.1785903,"10/23":4.1362996,"10/24":4.1331716,"10/25":4.1737227,"10/26":4.1737227,"10/27":4.17925,"10/28":4.183404,"10/29":4.154798,"10/30":4.147889,"10/31":4.1194043,"11/01":4.1194043,"11/02":4.1194043,"11/03":4.1264133,"11/04":4.0642314,"11/05":4.0600257,"11/06":4.0489306,"11/07":4.026665,"11/08":3.9894786,"11/09":3.9894786,"11/10":3.99742,"11/11":3.9964728,"11/12":4.0130334,"11/13":4.015292,"11/14":4.052672,"11/15":4.052672,"11/16":4.052672,"11/17":4.052672,"11/18":4.0005655,"11/19":3.9737606,"11/20":3.9737606,"11/21":3.9816418,"11/22":3.995832,"11/23":3.995832,"11/24":3.995832,"11/25":3.9254806,"11/26":3.9317725,"11/27":3.8940349,"11/28":3.873095,"11/29":3.7665443,"11/30":3.7665443,"12/01":3.7665443,"12/02":3.6759973,"12/03":3.6770325,"12/04":3.6297965,"12/05":3.6183887,"12/06":3.6926246,"12/07":3.6926246,"12/08":3.6926246,"12/09":3.6287625,"12/10":3.611651,"12/11":3.6225367,"12/12":3.643802,"12/13":3.6235752,"12/14":3.6235752,"12/15":3.6235752,"12/16":3.6235752,"12/17":3.6277244,"12/18":3.6059527,"12/19":3.6495135,"12/20":3.642768,"12/21":3.642768,"12/22":3.642768,"12/23":3.5914483,"12/24":3.5836802,"12/25":3.5836802,"12/26":3.5790198,"12/27":3.5805745,"12/28":3.5805745,"12/29":3.5805745,"12/30":3.5376434,"12/31":3.4999387},"2024":{"04/18":6.1130047,"04/19":6.1130047,"04/20":6.1130047,"04/21":6.5509987,"04/22":6.5509987,"04/23":6.5509987,"04/24":6.7525244,"04/25":6.326873,"04/26":6.313054,"04/27":6.313054,"04/28":6.3770456,"04/29":6.4469347,"04/30":6.4341736,"05/01":6.4341736,"05/02":6.402274,"05/03":6.391642,"05/04":6.391642,"05/05":6.6343684,"05/06":6.3747387,"05/07":6.483846,"05/08":6.0708303,"05/09":6.097049,"05/10":6.0822268,"05/11":6.0822268,"05/12":6.0822268,"05/13":6.029322,"05/14":6.930284,"05/15":7.1442027,"05/16":7.4026084,"05/17":7.389761,"05/18":7.389761,"05/19":7.31498,"05/20":7.0487814,"05/21":7.370806,"05/22":7.2323704,"05/23":7.3389654,"05/24":7.3047633,"05/25":7.3047633,"05/26":7.484017,"05/27":7.441542,"05/28":7.50627,"05/29":7.57304,"05/30":7.3094535,"05/31":7.295575,"06/01":7.295575,"06/02":7.3383574,"06/03":7.3148856,"06/04":7.302084,"06/05":7.548757,"06/06":7.5616984,"06/07":7.5478015,"06/08":7.5478015,"06/09":7.467299,"06/10":7.406199,"06/11":7.3585496,"06/12":7.1828675,"06/13":6.9902716,"06/14":6.977526,"06/15":6.977526,"06/16":7.285345,"06/17":7.2803826,"06/18":7.161363,"06/19":6.7735486,"06/20":6.9810133,"06/21":6.9672194,"06/22":6.9672194,"06/23":6.9890428,"06/24":7.239521,"06/25":7.337358,"06/26":7.4786134,"06/27":7.465835,"06/28":7.4519944,"06/29":7.4519944,"06/30":7.4519944,"07/01":7.397722,"07/02":7.3860273,"07/03":7.3711424,"07/04":7.3573265,"07/05":7.3456316,"07/06":7.3456316,"07/07":7.3456316,"07/08":7.5499105,"07/09":7.5064106,"07/10":7.452036,"07/11":7.321576,"07/12":7.3077807,"07/13":7.3077807,"07/14":7.3186646,"07/15":7.411139,"07/16":7.4279456,"07/17":7.5416174,