{"0":{"01/01":10.292871,"01/02":10.386756,"01/03":10.520711,"01/04":10.440909,"01/05":10.440909,"01/06":10.440909,"01/07":10.440909,"01/08":10.421491,"01/09":10.346932,"01/10":10.2633095,"01/11":10.20932,"01/12":10.20932,"01/13":10.20932,"01/14":10.20932,"01/15":9.682458,"01/16":9.730888,"01/17":10.007104,"01/18":10.096434,"01/19":9.940196,"01/20":9.940196,"01/21":9.940196,"01/22":9.940196,"01/23":9.866295,"01/24":9.713731,"01/25":9.662297,"01/26":9.662297,"01/27":9.662297,"01/28":9.662297,"01/29":9.332675,"01/30":9.405869,"01/31":9.179597,"02/01":8.633816,"02/02":8.3851185,"02/03":8.3851185,"02/04":8.3851185,"02/05":8.499454,"02/06":8.330008,"02/07":8.166963,"02/08":8.268074,"02/09":8.3585415,"02/10":8.3585415,"02/11":8.3585415,"02/12":8.386105,"02/13":8.316238,"02/14":8.302473,"02/15":8.032782,"02/16":7.958488,"02/17":7.958488,"02/18":7.958488,"02/19":7.958488,"02/20":7.671068,"02/21":7.662321,"02/22":7.5526466,"02/23":9.240218,"02/24":9.240218,"02/25":9.240218,"02/26":9.240676,"02/27":9.241253,"02/28":9.239782,"02/29":7.5594344,"03/01":9.245964,"03/02":9.245964,"03/03":9.245964,"03/04":9.24809,"03/05":9.247937,"03/06":9.250368,"03/07":9.2529955,"03/08":9.2529955,"03/09":9.2529955,"03/10":9.2529955,"03/11":9.25525,"03/12":9.2540245,"03/13":9.248072,"03/14":9.2499075,"03/15":9.247351,"03/16":9.247351,"03/17":9.247351,"03/18":9.247351,"03/19":9.242687,"03/20":9.243507,"03/21":9.249968,"03/22":9.248649,"03/23":9.248649,"03/24":9.241966,"03/25":9.241966,"03/26":9.24189,"03/27":9.21672,"03/28":9.21544,"03/29":9.205376,"03/30":9.205376,"03/31":9.1856165,"04/01":9.1856165,"04/02":9.181978,"04/03":9.150222,"04/04":9.152736,"04/05":9.128956,"04/06":9.074415,"04/07":9.074415,"04/08":9.072745,"04/09":9.072745,"04/10":9.05075,"04/11":9.03573,"04/12":8.9943905,"04/13":9.002686,"04/14":9.002686,"04/15":9.000922,"04/16":8.997756,"04/17":8.99555,"04/18":8.952566,"04/19":8.941593,"04/20":8.919044,"04/21":8.848758,"04/22":8.853944,"04/23":8.857338,"04/24":8.723986,"04/25":8.656396,"04/26":8.606836,"04/27":8.553396,"04/28":8.506588,"04/29":8.511274,"04/30":8.511328,"05/01":8.511328,"05/02":8.439697,"05/03":8.267184,"05/04":8.18986,"05/05":8.18986,"05/06":8.194508,"05/07":8.192261,"05/08":8.14226,"05/09":8.152819,"05/10":8.126329,"05/11":8.122015,"05/12":8.019758,"05/13":8.022604,"05/14":8.025694,"05/15":7.9574757,"05/16":7.925791,"05/17":7.9484673,"05/18":8.0035305,"05/19":7.9803047,"05/20":7.9803047,"05/21":7.9844294,"05/22":7.8715267,"05/23":7.906622,"05/24":7.9002466,"05/25":7.9002466,"05/26":7.8094206,"05/27":7.811311,"05/28":7.8085833,"05/29":7.767068,"05/30":7.7364407,"05/31":7.724595,"06/01":7.705266,"06/02":7.6404,"06/03":7.663122,"06/04":7.6261826,"06/05":7.6085477,"06/06":7.58158,"06/07":7.5245743,"06/08":7.6271048,"06/09":7.686863,"06/10":7.68698,"06/11":7.689685,"06/12":7.629339,"06/13":7.5741367,"06/14":7.5464134,"06/15":7.6095037,"06/16":7.543721,"06/17":7.543721,"06/18":7.548479,"06/19":7.5677304,"06/20":7.548074,"06/21":7.558709,"06/22":7.6457705,"06/23":7.6663613,"06/24":7.671771,"06/25":7.67471,"06/26":7.6335454,"06/27":7.5952005,"06/28":7.464785,"06/29":7.464785,"06/30":7.466406,"07/01":7.4713697,"07/02":7.471818,"07/03":7.4471107,"07/04":7.4437556,"07/05":7.4141355,"07/06":7.4200835,"07/07":7.4200835,"07/08":7.423088,"07/09":7.427718,"07/10":7.427433,"07/11":7.3334517,"07/12":7.378042,"07/13":7.292203,"07/14":7.2372756,"07/15":7.2431326,"07/16":7.2431326,"07/17":7.129702,"07/18":7.071627,"07/19":7.0422792,"07/20":6.989352,"07/21":7.083514,"07/22":7.0867677,"07/23":7.0845127,"07/24":7.062111,"07/25":7.0856915,"07/26":7.040721,"07/27":7.100403,"07/28":7.171006,"07/29":7.17648,"07/30":7.172431,"07/31":7.120488,"08/01":7.0709243,"08/02":7.156433,"08/03":7.2693877,"08/04":7.251519,"08/05":7.2431993,"08/06":7.239849,"08/07":7.1759787,"08/08":7.148944,"08/09":7.1151037,"08/10":7.129118,"08/11":7.222017,"08/12":7.2237105,"08/13":7.218073,"08/14":7.209433,"08/15":7.209433,"08/16":7.223162,"08/17":7.3258533,"08/18":7.291579,"08/19":7.298117,"08/20":7.308655,"08/21":7.2419367,"08/22":7.217889,"08/23":7.125105,"08/24":7.119681,"08/25":7.157113,"08/26":7.1669254,"08/27":7.167607,"08/28":7.080638,"08/29":7.0460052,"08/30":7.029289,"08/31":7.029831,"09/01":6.9616685,"09/02":6.9624424,"09/03":6.9661264,"09/04":6.919001,"09/05":6.920083,"09/06":6.933078,"09/07":6.8269634,"09/08":6.800632,"09/09":6.8062735,"09/10":6.812676,"09/11":6.7844386,"09/12":6.8181796,"09/13":6.7262096,"09/14":6.5897665,"09/15":6.6192546,"09/16":6.6321692,"09/17":6.632446,"09/18":6.6464233,"09/19":6.65624,"09/20":6.7093854,"09/21":6.7667565,"09/22":6.8074174,"09/23":6.82203,"09/24":6.8266153,"09/25":6.8212223,"09/26":6.8318443,"09/27":6.791533,"09/28":6.979915,"09/29":6.979915,"09/30":6.967379,"10/01":6.9756866,"10/02":6.9756866,"10/03":6.864995,"10/04":6.89101,"10/05":6.7978644,"10/06":6.9975204,"10/07":6.991375,"10/08":7.0110674,"10/09":7.1576567,"10/10":7.0496283,"10/11":6.91697,"10/12":6.901734,"10/13":6.917515,"10/14":6.9296536,"10/15":6.9313216,"10/16":6.929345,"10/17":6.8582506,"10/18":6.9440217,"10/19":6.9827185,"10/20":7.0241966,"10/21":7.018986,"10/22":7.0056567,"10/23":7.1159143,"10/24":7.1159143,"10/25":7.107165,"10/26":7.2243953,"10/27":7.1126294,"10/28":7.1126294,"10/29":7.1126294,"10/30":7.062367,"10/31":7.068921,"11/01":7.099511,"11/02":6.9637413,"11/03":6.8958282,"11/04":6.8958282,"11/05":6.8958282,"11/06":6.774532,"11/07":6.738354,"11/08":6.6898217,"11/09":6.6725903,"11/10":6.696291,"11/11":6.696291,"11/12":6.696291,"11/13":6.6650534,"11/14":6.6650534,"11/15":6.455371,"11/16":6.403059,"11/17":6.3748055,"11/18":6.3748055,"11/19":6.3748055,"11/20":6.43294,"11/21":6.407322,"11/22":6.3588257,"11/23":6.366281,"11/24":6.415324,"11/25":6.415324,"11/26":6.415324,"11/27":6.415324,"11/28":6.3535047,"11/29":6.234507,"11/30":6.2223153,"12/01":6.1873627,"12/02":6.1873627,"12/03":6.1873627,"12/04":5.974892,"12/05":5.8867917,"12/06":5.8350043,"12/07":5.83187,"12/08":5.8235087,"12/09":5.8235087,"12/10":5.8235087,"12/11":5.8083625,"12/12":5.8459816,"12/13":5.791662,"12/14":5.558348,"12/15":5.383489,"12/16":5.383489,"12/17":5.383489,"12/18":5.351114,"12/19":5.325445,"12/20":5.4339256,"12/21":5.3870883,"12/22":5.341868,"12/23":5.341868,"12/24":5.341868,"12/25":5.341868,"12/26":5.2859635,"12/27":5.2173886,"12/28":5.1724443,"12/29":5.134201,"12/30":5.134201,"12/31":5.134201},"2023":{"02/23":10.921001,"02/24":10.921001,"02/25":10.921001,"02/26":10.951004,"02/27":10.987997,"02/28":10.892,"03/01":11.266003,"03/02":11.266003,"03/03":11.266003,"03/04":11.379995,"03/05":11.372004,"03/06":11.496,"03/07":11.623001,"03/08":11.623001,"03/09":11.623001,"03/10":11.623001,"03/11":11.726999,"03/12":11.671,"03/13":11.379004,"03/14":11.472998,"03/15":11.341,"03/16":11.341,"03/17":11.341,"03/18":11.341,"03/19":11.0770035,"03/20":11.126003,"03/21":11.476002,"03/22":11.408997,"03/23":11.408997,"03/24":11.395632,"03/25":11.395632,"03/26":11.391637,"03/27":11.54949,"03/28":11.89625,"03/29":11.876122,"03/30":11.876122,"03/31":11.872735,"04/01":11.872735,"04/02":11.716956,"04/03":11.654399,"04/04":11.764182,"04/05":11.678555,"04/06":11.569473,"04/07":11.569473,"04/08":11.493717,"04/09":11.493717,"04/10":11.716019,"04/11":11.68598,"04/12":11.146951,"04/13":11.163539,"04/14":11.163539,"04/15":11.070955,"04/16":10.893753,"04/17":10.889341,"04/18":10.805299,"04/19":10.6534,"04/20":10.608301,"04/21":10.46773,"04/22":10.790413,"04/23":10.976074,"04/24":10.719876,"04/25":10.510174,"04/26":10.451196,"04/27":10.344315,"04/28":10.250699,"04/29":10.525955,"04/30":10.528918,"05/01":10.528918,"05/02":10.596263,"05/03":10.261656,"05/04":10.107008,"05/05":10.107008,"05/06":10.358084,"05/07":10.240389,"05/08":10.152661,"05/09":10.013043,"05/10":10.1057005,"05/11":10.097071,"05/12":9.892557,"05/13":10.0528965,"05/14":10.214225,"05/15":10.239027,"05/16":10.417534,"05/17":10.487112,"05/18":10.5972395,"05/19":10.550788,"05/20":10.550788,"05/21":10.722695,"05/22":10.720161,"05/23":10.790352,"05/24":11.08089,"05/25":11.08089,