{"0":{"02/23":5.390997,"02/24":5.390997,"02/25":5.390997,"02/26":5.390997,"02/27":5.390997,"02/28":5.390997,"03/01":5.390997,"03/02":5.390997,"03/03":5.390997,"03/04":5.390997,"03/05":5.390997,"03/06":5.390997,"03/07":5.390997,"03/08":5.390997,"03/09":5.390997,"03/10":5.390997,"03/11":5.390997,"03/12":5.390997,"03/13":5.390997,"03/14":5.390997,"03/15":5.390997,"03/16":5.390997,"03/17":5.390997,"03/18":5.390997,"03/19":5.390997,"03/20":5.390997,"03/21":5.390997,"03/22":5.390997,"03/23":5.390997,"03/24":5.374134,"03/25":5.374134,"03/26":5.374134,"03/27":5.323589,"03/28":5.323589,"03/29":5.3414893,"03/30":5.3414893,"03/31":5.258372,"04/01":5.258372,"04/02":5.258372,"04/03":5.1627946,"04/04":5.1627946,"04/05":5.1197906,"04/06":5.104064,"04/07":5.104064,"04/08":5.104064,"04/09":5.104064,"04/10":5.0129476,"04/11":4.9930735,"04/12":4.975291,"04/13":4.955431,"04/14":4.955431,"04/15":4.955431,"04/16":4.955431,"04/17":4.8937955,"04/18":4.848932,"04/19":4.8311977,"04/20":4.8166018,"04/21":4.7655463,"04/22":4.7655463,"04/23":4.7655463,"04/24":4.651117,"04/25":4.6334496,"04/26":4.6199484,"04/27":4.576348,"04/28":4.58673,"04/29":4.58673,"04/30":4.58673,"05/01":4.58673,"05/02":4.487181,"05/03":4.0991297,"05/04":4.048771,"05/05":4.048771,"05/06":4.048771,"05/07":4.048771,"05/08":4.0867853,"05/09":4.0590386,"05/10":3.9881952,"05/11":3.930769,"05/12":3.7476387,"05/13":3.7476387,"05/14":3.7476387,"05/15":3.6619208,"05/16":3.5274987,"05/17":3.5458128,"05/18":3.5743058,"05/19":3.599755,"05/20":3.599755,"05/21":3.599755,"05/22":3.3974977,"05/23":3.566162,"05/24":3.4502685,"05/25":3.4502685,"05/26":3.35085,"05/27":3.35085,"05/28":3.35085,"05/29":3.3488204,"05/30":3.3022265,"05/31":3.1677334,"06/01":3.090029,"06/02":3.0718758,"06/03":3.0718758,"06/04":3.0718758,"06/05":3.0376155,"06/06":2.9933174,"06/07":2.9279337,"06/08":3.1616757,"06/09":3.3001988,"06/10":3.3001988,"06/11":3.3001988,"06/12":3.1525857,"06/13":3.079942,"06/14":3.0668385,"06/15":3.1485515,"06/16":3.0688572,"06/17":3.0688572,"06/18":3.0688572,"06/19":3.0980983,"06/20":3.1001084,"06/21":3.1061685,"06/22":3.2253318,"06/23":3.2647734,"06/24":3.2647734,"06/25":3.2647734,"06/26":3.1667223,"06/27":3.0819612,"06/28":2.9671483,"06/29":2.9671483,"06/30":3.0003633,"07/01":3.0003633,"07/02":3.0003633,"07/03":2.9772131,"07/04":2.9128563,"07/05":2.837545,"07/06":2.8997953,"07/07":2.8997953,"07/08":2.8997953,"07/09":2.8997953,"07/10":2.8997953,"07/11":2.652236,"07/12":2.7463114,"07/13":2.5663188,"07/14":2.4895175,"07/15":2.4895175,"07/16":2.4895175,"07/17":2.2617886,"07/18":2.1171265,"07/19":2.104257,"07/20":2.0518608,"07/21":2.1804821,"07/22":2.1804821,"07/23":2.1804821,"07/24":2.1082194,"07/25":2.212199,"07/26":2.1181078,"07/27":2.1547337,"07/28":2.3561354,"07/29":2.3561354,"07/30":2.3561354,"07/31":2.3014915,"08/01":2.212199,"08/02":2.2985084,"08/03":2.4974928,"08/04":2.4536483,"08/05":2.4536483,"08/06":2.4536483,"08/07":2.3302984,"08/08":2.2389693,"08/09":2.1854424,"08/10":2.1369178,"08/11":2.3253336,"08/12":2.3253336,"08/13":2.3253336,"08/14":2.3064542,"08/15":2.3064542,"08/16":2.3064542,"08/17":2.4656081,"08/18":2.407858,"08/19":2.407858,"08/20":2.407858,"08/21":2.2885852,"08/22":2.2399626,"08/23":2.0943716,"08/24":2.070637,"08/25":2.1785076,"08/26":2.1785076,"08/27":2.1785076,"08/28":1.9925989,"08/29":1.9768156,"08/30":1.9432791,"08/31":1.9225757,"09/01":1.8398459,"09/02":1.8398459,"09/03":1.8398459,"09/04":1.8122991,"09/05":1.7700229,"09/06":1.7621603,"09/07":1.5200381,"09/08":1.5083072,"09/09":1.5083072,"09/10":1.5083072,"09/11":1.5249252,"09/12":1.5562364,"09/13":1.3920963,"09/14":1.1032106,"09/15":1.2537694,"09/16":1.2537694,"09/17":1.2537694,"09/18":1.1682314,"09/19":1.1682314,"09/20":1.2527953,"09/21":1.2771163,"09/22":1.3940406,"09/23":1.3940406,"09/24":1.3940406,"09/25":1.3550389,"09/26":1.3491921,"09/27":1.3316468,"09/28":1.78083,"09/29":1.78083,"09/30":1.78083,"10/01":1.78083,"10/02":1.78083,"10/03":1.6335984,"10/04":1.7189425,"10/05":1.5259047,"10/06":2.0548294,"10/07":2.0548294,"10/08":2.0548294,"10/09":2.2995026,"10/10":2.0864587,"10/11":1.7955775,"10/12":1.8024606,"10/13":1.82016,"10/14":1.82016,"10/15":1.82016,"10/16":1.8477111,"10/17":1.7277817,"10/18":1.8743004,"10/19":2.0014856,"10/20":2.0736067,"10/21":2.0736067,"10/22":2.0736067,"10/23":2.2806423,"10/24":2.2806423,"10/25":2.1854424,"10/26":2.4287589,"10/27":2.2280645,"10/28":2.2280645,"10/29":2.2280645,"10/30":2.1339443,"10/31":2.1329532,"11/01":2.1289985,"11/02":1.862478,"11/03":1.7395633,"11/04":1.7395633,"11/05":1.7395633,"11/06":1.5053704,"11/07":1.4242935,"11/08":1.2858789,"11/09":1.2878283,"11/10":1.4106305,"11/11":1.4106305,"11/12":1.4106305,"11/13":1.3199594,"11/14":1.3199594,"11/15":0.88159424,"11/16":0.8178978,"11/17":0.73502254,"11/18":0.73502254,"11/19":0.73502254,"11/20":0.8371887,"11/21":0.8188636,"11/22":0.74272716,"11/23":0.7359867,"11/24":0.8729015,"11/25":0.8729015,"11/26":0.8729015,"11/27":0.8729015,"11/28":0.7937876,"11/29":0.5591286,"11/30":0.5927217,"12/01":0.5456976,"12/02":0.5456976,"12/03":0.5456976,"12/04":0.14062762,"12/05":0.0,"12/06":0.0,"12/07":0.0,"12/08":0.0,"12/09":0.0,"12/10":0.0,"12/11":0.0,"12/12":0.0,"12/13":0.0,"12/14":0.0,"12/15":0.0,"12/16":0.0,"12/17":0.0,"12/18":0.0,"12/19":0.0,"12/20":0.0,"12/21":0.0,"12/22":0.0,"12/23":0.0,"12/24":0.0,"12/25":0.0,"12/26":0.0,"12/27":0.0,"12/28":0.0,"12/29":0.0,"12/30":0.0,"12/31":0.0},"2023":{"02/23":5.390997,"02/24":5.390997,"02/25":5.390997,"02/26":5.390997,"02/27":5.390997,"02/28":5.390997,"03/01":5.390997,"03/02":5.390997,"03/03":5.390997,"03/04":5.390997,"03/05":5.390997,"03/06":5.390997,"03/07":5.390997,"03/08":5.390997,"03/09":5.390997,"03/10":5.390997,"03/11":5.390997,"03/12":5.390997,"03/13":5.390997,"03/14":5.390997,"03/15":5.390997,"03/16":5.390997,"03/17":5.390997,"03/18":5.390997,"03/19":5.390997,"03/20":5.390997,"03/21":5.390997,"03/22":5.390997,"03/23":5.390997,"03/24":5.374134,"03/25":5.374134,"03/26":5.374134,"03/27":5.323589,"03/28":5.323589,"03/29":5.3414893,"03/30":5.3414893,"03/31":5.258372,"04/01":5.258372,"04/02":5.258372,"04/03":5.1627946,"04/04":5.1627946,"04/05":5.1197906,"04/06":5.104064,"04/07":5.104064,"04/08":5.104064,"04/09":5.104064,"04/10":5.0129476,"04/11":4.9930735,"04/12":4.975291,"04/13":4.955431,"04/14":4.955431,"04/15":4.955431,"04/16":4.955431,"04/17":4.8937955,"04/18":4.848932,"04/19":4.8311977,"04/20":4.8166018,"04/21":4.7655463,"04/22":4.7655463,"04/23":4.7655463,"04/24":4.651117,"04/25":4.6334496,"04/26":4.6199484,"04/27":4.576348,"04/28":4.58673,"04/29":4.58673,"04/30":4.58673,"05/01":4.58673,"05/02":4.487181,"05/03":4.0991297,"05/04":4.048771,"05/05":4.048771,"05/06":4.048771,"05/07":4.048771,"05/08":4.0867853,"05/09":4.0590386,"05/10":3.9881952,"05/11":3.930769,"05/12":3.7476387,"05/13":3.7476387,"05/14":3.7476387,"05/15":3.6619208,"05/16":3.5274987,"05/17":3.5458128,"05/18":3.5743058,"05/19":3.599755,"05/20":3.599755,"05/21":3.599755,"05/22":3.3974977,"05/23":3.566162,"05/24":3.4502685,"05/25":3.4502685,"05/26":3.35085,"05/27":3.35085,"05/28":3.35085,"05/29":3.3488204,"05/30":3.3022265,"05/31":3.1677334,"06/01":3.090029,"06/02":3.0718758,"06/03":3.0718758,"06/04":3.0718758,"06/05":3.0376155,"06/06":2.9933174,"06/07":2.9279337,"06/08":3.1616757,"06/09":3.3001988,"06/10":3.3001988,"06/11":3.3001988,"06/12":3.1525857,"06/13":3.079942,"06/14":3.0668385,"06/15":3.1485515,"06/16":3.0688572,"06/17":3.0688572,"06/18":3.0688572,"06/19":3.0980983,"06/20":3.1001084,"06/21":3.1061685,"06/22":3.2253318,"06/23":3.2647734,"06/24":3.2647734,"06/25":3.2647734,"06/26":3.1667223,"06/27":3.0819612,"06/28":2.9671483,"06/29":2.9671483,"06/30":3.0003633,"07/01":3.0003633,"07/02":3.0003633,"07/03":2.9772131,"07/04":2.9128563,"07/05":2.837545,"07/06":2.8997953,"07/07":2.8997953,"07/08":2.8997953,"07/09":2.8997953,"07/10":2.8997953,"07/11":2.652236,"07/12":2.7463114,"07/13":2.5663188,"07/14":2.4895175,"07/15":2.4895175,"07/16":2.4895175,"07/17":2.2617886,"07/18":2.1171265,"07/19":2.104257,"07/20":2.0518608,"07/21":2.1804821,"07/22":2.1804821,