{"0":{"04/02":3.814001,"04/03":3.814001,"04/04":3.814001,"04/05":3.814001,"04/06":3.814001,"04/07":3.814001,"04/08":3.814001,"04/09":3.814001,"04/10":3.814001,"04/11":3.814001,"04/12":3.814001,"04/13":3.814001,"04/14":3.814001,"04/15":3.814001,"04/16":3.7019992,"04/17":3.692684,"04/18":3.692684,"04/19":3.692684,"04/20":3.692684,"04/21":3.6709387,"04/22":3.6709387,"04/23":3.6709387,"04/24":3.1005497,"04/25":3.1548417,"04/26":3.1548417,"04/27":3.1548417,"04/28":3.1968822,"04/29":2.9492314,"04/30":2.9492314,"05/01":2.9492314,"05/02":2.9492314,"05/03":2.9492314,"05/04":2.9492314,"05/05":2.7657876,"05/06":2.8482587,"05/07":2.8156583,"05/08":3.0125654,"05/09":2.9186103,"05/10":2.9186103,"05/11":2.9186103,"05/12":2.9186103,"05/13":2.9186103,"05/14":2.3483732,"05/15":2.2888708,"05/16":2.2364948,"05/17":2.2364948,"05/18":2.2364948,"05/19":2.221393,"05/20":2.127869,"05/21":2.0545754,"05/22":1.8983155,"05/23":1.7604712,"05/24":1.7604712,"05/25":1.7604712,"05/26":1.6558444,"05/27":1.7056413,"05/28":1.7515016,"05/29":1.7175967,"05/30":1.7894075,"05/31":1.7894075,"06/01":1.7894075,"06/02":1.7325497,"06/03":1.6777498,"06/04":1.6777498,"06/05":1.5742881,"06/06":1.5146977,"06/07":1.5146977,"06/08":1.5146977,"06/09":1.7534894,"06/10":1.7734482,"06/11":1.8393353,"06/12":2.0124564,"06/13":2.1600347,"06/14":2.1600347,"06/15":2.1600347,"06/16":1.8773162,"06/17":1.77145,"06/18":1.7884082,"06/19":1.9803933,"06/20":1.8703183,"06/21":1.8703183,"06/22":1.8703183,"06/23":1.9003091,"06/24":1.7245736,"06/25":1.6369376,"06/26":1.4710368,"06/27":1.4710368,"06/28":1.4710368,"06/29":1.4710368,"06/30":1.4710368,"07/01":1.4710368,"07/02":1.4710368,"07/03":1.4710368,"07/04":1.4710368,"07/05":1.4710368,"07/06":1.4710368,"07/07":1.4710368,"07/08":1.2000066,"07/09":1.2296134,"07/10":1.3135777,"07/11":1.3640307,"07/12":1.3640307,"07/13":1.3640307,"07/14":1.3739328,"07/15":1.3195186,"07/16":1.2493577,"07/17":1.2187512,"07/18":1.2414572,"07/19":1.2414572,"07/20":1.2414572,"07/21":1.1093273,"07/22":1.1044066,"07/23":0.99718803,"07/24":1.0955428,"07/25":1.308637,"07/26":1.308637,"07/27":1.308637,"07/28":1.414534,"07/29":1.3917503,"07/30":1.3571032,"07/31":1.3788799,"08/01":1.4442664,"08/02":1.4442664,"08/03":1.4442664,"08/04":1.1822472,"08/05":1.2305925,"08/06":1.5991358,"08/07":1.5266082,"08/08":1.6847212,"08/09":1.6847212,"08/10":1.6847212,"08/11":1.6906961,"08/12":1.9153159,"08/13":1.9013107,"08/14":1.6449001,"08/15":1.6449001,"08/16":1.6449001,"08/17":1.6449001,"08/18":1.6976694,"08/19":1.7993929,"08/20":1.6011271,"08/21":1.6190339,"08/22":1.7584832,"08/23":1.7584832,"08/24":1.7584832,"08/25":1.8133701,"08/26":2.1801436,"08/27":2.1801436,"08/28":2.0505667,"08/29":2.2616675,"08/30":2.2616675,"08/31":2.2616675,"09/01":2.0826836,"09/02":2.1178286,"09/03":1.9263282,"09/04":1.727568,"09/05":1.5752833,"09/06":1.5752833,"09/07":1.5752833,"09/08":1.5752833,"09/09":1.4859173,"09/10":1.4085915,"09/11":1.3571032,"09/12":1.278004,"09/13":1.278004,"09/14":1.278004,"09/15":1.2691098,"09/16":1.1270518,"09/17":0.93728983,"09/18":0.93630713,"09/19":0.9402288,"09/20":0.9402288,"09/21":0.9402288,"09/22":0.9716505,"09/23":0.9510313,"09/24":1.0384725,"09/25":1.0866805,"09/26":1.2799734,"09/27":1.2799734,"09/28":1.2799734,"09/29":1.2691098,"09/30":1.3481951,"10/01":1.1723918,"10/02":1.1723918,"10/03":1.1723918,"10/04":1.1723918,"10/05":1.1723918,"10/06":0.7971407,"10/07":0.7208605,"10/08":0.70913815,"10/09":0.6437279,"10/10":0.54138374,"10/11":0.54138374,"10/12":0.54138374,"10/13":0.46354285,"10/14":0.49660748,"10/15":0.26560187,"10/16":0.122484796,"10/17":0.09159849,"10/18":0.09159849,"10/19":0.09159849,"10/20":0.0,"10/21":0.0,"10/22":0.0,"10/23":0.0,"10/24":0.0,"10/25":0.0,"10/26":0.0,"10/27":0.0,"10/28":0.0,"10/29":0.0,"10/30":0.0,"10/31":0.0,"11/01":0.0,"11/02":0.0,"11/03":0.0,"11/04":0.0,"11/05":0.0,"11/06":0.0,"11/07":0.0,"11/08":0.0,"11/09":0.0,"11/10":0.0,"11/11":0.0,"11/12":0.0,"11/13":0.0,"11/14":0.0,"11/15":0.0,"11/16":0.0,"11/17":0.0,"11/18":0.0,"11/19":0.0,"11/20":0.0,"11/21":0.0,"11/22":0.0,"11/23":0.0,"11/24":0.0,"11/25":0.0,"11/26":0.0,"11/27":0.0,"11/28":0.0,"11/29":0.0,"11/30":0.0,"12/01":0.0,"12/02":0.0,"12/03":0.0,"12/04":0.0,"12/05":0.0,"12/06":0.0,"12/07":0.0,"12/08":0.0,"12/09":0.0,"12/10":0.0,"12/11":0.0,"12/12":0.0,"12/13":0.0,"12/14":0.0,"12/15":0.0,"12/16":0.0,"12/17":0.0,"12/18":0.0,"12/19":0.0,"12/20":0.0,"12/21":0.0,"12/22":0.0,"12/23":0.0,"12/24":0.0,"12/25":0.0,"12/26":0.0,"12/27":0.0,"12/28":0.0,"12/29":0.0,"12/30":0.0,"12/31":0.0},"2025":{"04/02":3.814001,"04/03":3.814001,"04/04":3.814001,"04/05":3.814001,"04/06":3.814001,"04/07":3.814001,"04/08":3.814001,"04/09":3.814001,"04/10":3.814001,"04/11":3.814001,"04/12":3.814001,"04/13":3.814001,"04/14":3.814001,"04/15":3.814001,"04/16":3.7019992,"04/17":3.692684,"04/18":3.692684,"04/19":3.692684,"04/20":3.692684,"04/21":3.6709387,"04/22":3.6709387,"04/23":3.6709387,"04/24":3.1005497,"04/25":3.1548417,"04/26":3.1548417,"04/27":3.1548417,"04/28":3.1968822,"04/29":2.9492314,"04/30":2.9492314,"05/01":2.9492314,"05/02":2.9492314,"05/03":2.9492314,"05/04":2.9492314,"05/05":2.7657876,"05/06":2.8482587,"05/07":2.8156583,"05/08":3.0125654,"05/09":2.9186103,"05/10":2.9186103,"05/11":2.9186103,"05/12":2.9186103,"05/13":2.9186103,"05/14":2.3483732,"05/15":2.2888708,"05/16":2.2364948,"05/17":2.2364948,"05/18":2.2364948,"05/19":2.221393,"05/20":2.127869,"05/21":2.0545754,"05/22":1.8983155,"05/23":1.7604712,"05/24":1.7604712,"05/25":1.7604712,"05/26":1.6558444,"05/27":1.7056413,"05/28":1.7515016,"05/29":1.7175967,"05/30":1.7894075,"05/31":1.7894075,"06/01":1.7894075,"06/02":1.7325497,"06/03":1.6777498,"06/04":1.6777498,"06/05":1.5742881,"06/06":1.5146977,"06/07":1.5146977,"06/08":1.5146977,"06/09":1.7534894,"06/10":1.7734482,"06/11":1.8393353,"06/12":2.0124564,"06/13":2.1600347,"06/14":2.1600347,"06/15":2.1600347,"06/16":1.8773162,"06/17":1.77145,"06/18":1.7884082,"06/19":1.9803933,"06/20":1.8703183,"06/21":1.8703183,"06/22":1.8703183,"06/23":1.9003091,"06/24":1.7245736,"06/25":1.6369376,"06/26":1.4710368,"06/27":1.4710368,"06/28":1.4710368,"06/29":1.4710368,"06/30":1.4710368,"07/01":1.4710368,"07/02":1.4710368,"07/03":1.4710368,"07/04":1.4710368,"07/05":1.4710368,"07/06":1.4710368,"07/07":1.4710368,"07/08":1.2000066,"07/09":1.2296134,"07/10":1.3135777,"07/11":1.3640307,"07/12":1.3640307,"07/13":1.3640307,"07/14":1.3739328,"07/15":1.3195186,"07/16":1.2493577,"07/17":1.2187512,"07/18":1.2414572,"07/19":1.2414572,"07/20":1.2414572,"07/21":1.1093273,"07/22":1.1044066,"07/23":0.99718803,"07/24":1.0955428,"07/25":1.308637,"07/26":1.308637,"07/27":1.308637,"07/28":1.414534,"07/29":1.3917503,"07/30":1.3571032,"07/31":1.3788799,"08/01":1.4442664,"08/02":1.4442664,"08/03":1.4442664,"08/04":1.1822472,"08/05":1.2305925,"08/06":1.5991358,"08/07":1.5266082,"08/08":1.6847212,"08/09":1.6847212,"08/10":1.6847212,"08/11":1.6906961,"08/12":1.9153159,"08/13":1.9013107,"08/14":1.6449001,"08/15":1.6449001,"08/16":1.6449001,"08/17":1.6449001,"08/18":1.6976694,"08/19":1.7993929,"08/20":1.6011271,"08/21":1.6190339,"08/22":1.7584832,"08/23":1.7584832,"08/24":1.7584832,"08/25":1.8133701,"08/26":2.1801436,"08/27":2.1801436,"08/28":2.0505667,"08/29":2.2616675,"08/30":2.2616675,"08/31":2.2616675,"09/01":2.0826836,"09/02":2.1178286,"09/03":1.9263282,"09/04":1.727568,"09/05":1.5752833,"09/06":1.5752833,"09/07":1.5752833,"09/08":1.5752833,"09/09":1.4859173,"09/10":1.4085915,"09/11":1.3571032,"09/12":1.278004,"09/13":1.278004,"09/14":1.278004,"09/15":1.2691098,"09/16":1.1270518,"09/17":0.93728983,"09/18":0.93630713,"09/19":0.9402288,"09/20":0.9402288,"09/21":0.9402288,"09/22":0.9716505,"09/23":0.9510313,"09/24":1.0384725,"09/25":1.0866805,"09/26":1.2799734,"09/27":1.2799734,"09/28":1.2799734,"09/29":1.2691098,"09/30":1.3481951,"10/01":1.1723918,"10/02":1.1723918,"10/03":1.1723918,"10/04":1.1723918,"10/05":1.1723918,"10/06":0.7971407,"10/07":0.7208605,"10/08":0.70913815,"10/09":0.6437279,"10/10":0.54138374,"10/11":0.54138374,"10/12":0.54138374,"10/13":0.46354285,