{"0":{"10/01":1.9919968,"10/02":1.9919968,"10/03":1.9919968,"10/04":1.9919968,"10/05":1.9919968,"10/06":1.9940394,"10/07":1.9991367,"10/08":1.9970938,"10/09":1.9909755,"10/10":1.9787409,"10/11":1.9787409,"10/12":1.9787409,"10/13":1.9440861,"10/14":1.931853,"10/15":1.9206526,"10/16":1.9145434,"10/17":1.9023273,"10/18":1.9023273,"10/19":1.9023273,"10/20":1.874837,"10/21":1.874837,"10/22":1.874837,"10/23":1.8392345,"10/24":1.8270363,"10/25":1.8270363,"10/26":1.8270363,"10/27":1.7874078,"10/28":1.4270451,"10/29":1.6484238,"10/30":1.6301962,"10/31":1.6170343,"11/01":1.6170343,"11/02":1.6170343,"11/03":1.5846413,"11/04":1.5876809,"11/05":1.5876809,"11/06":1.5977949,"11/07":1.5866678,"11/08":1.5866678,"11/09":1.5866678,"11/10":1.5138658,"11/11":1.4552951,"11/12":1.5118424,"11/13":1.4330959,"11/14":1.4330959,"11/15":1.4330959,"11/16":1.4330959,"11/17":1.1333754,"11/18":1.3091731,"11/19":0.9841736,"11/20":0.7467667,"11/21":0.9911731,"11/22":0.9911731,"11/23":0.9911731,"11/24":1.1564481,"11/25":1.31521,"11/26":0.70498717,"11/27":0.6145836,"11/28":0.6870963,"11/29":0.6870963,"11/30":0.6870963,"12/01":0.79854584,"12/02":1.1955868,"12/03":1.2528514,"12/04":1.2528514,"12/05":0.6393995,"12/06":0.6393995,"12/07":0.6393995,"12/08":1.1223402,"12/09":1.3645488,"12/10":0.91723156,"12/11":0.65529346,"12/12":-0.10284293,"12/13":-0.10284293,"12/14":-0.10284293,"12/15":0.5530843,"12/16":0.79854584,"12/17":0.82843345,"12/18":0.76766944,"12/19":0.355201,"12/20":0.355201,"12/21":0.355201,"12/22":-0.12241608,"12/23":-0.08132041,"12/24":0.0,"12/25":0.0,"12/26":0.0,"12/27":0.0,"12/28":0.0,"12/29":0.0,"12/30":0.0,"12/31":0.0},"2025":{"10/01":1.9919968,"10/02":1.9919968,"10/03":1.9919968,"10/04":1.9919968,"10/05":1.9919968,"10/06":1.9940394,"10/07":1.9991367,"10/08":1.9970938,"10/09":1.9909755,"10/10":1.9787409,"10/11":1.9787409,"10/12":1.9787409,"10/13":1.9440861,"10/14":1.931853,"10/15":1.9206526,"10/16":1.9145434,"10/17":1.9023273,"10/18":1.9023273,"10/19":1.9023273,"10/20":1.874837,"10/21":1.874837,"10/22":1.874837,"10/23":1.8392345,"10/24":1.8270363,"10/25":1.8270363,"10/26":1.8270363,"10/27":1.7874078,"10/28":1.4270451,"10/29":1.6484238,"10/30":1.6301962,"10/31":1.6170343,"11/01":1.6170343,"11/02":1.6170343,"11/03":1.5846413,"11/04":1.5876809,"11/05":1.5876809,"11/06":1.5977949,"11/07":1.5866678,"11/08":1.5866678,"11/09":1.5866678,"11/10":1.5138658,"11/11":1.4552951,"11/12":1.5118424,"11/13":1.4330959,"11/14":1.4330959,"11/15":1.4330959,"11/16":1.4330959,"11/17":1.1333754,"11/18":1.3091731,"11/19":0.9841736,"11/20":0.7467667,"11/21":0.9911731,"11/22":0.9911731,"11/23":0.9911731,"11/24":1.1564481,"11/25":1.31521,"11/26":0.70498717,"11/27":0.6145836,"11/28":0.6870963,"11/29":0.6870963,"11/30":0.6870963,"12/01":0.79854584,"12/02":1.1955868,"12/03":1.2528514,"12/04":1.2528514,"12/05":0.6393995,"12/06":0.6393995,"12/07":0.6393995,"12/08":1.1223402,"12/09":1.3645488,"12/10":0.91723156,"12/11":0.65529346,"12/12":-0.10284293,"12/13":-0.10284293,"12/14":-0.10284293,"12/15":0.5530843,"12/16":0.79854584,"12/17":0.82843345,"12/18":0.76766944,"12/19":0.355201,"12/20":0.355201,"12/21":0.355201,"12/22":-0.12241608,"12/23":-0.08132041,"12/24":0.0,"12/25":0.0,"12/26":0.0,"12/27":0.0,"12/28":0.0,"12/29":0.0,"12/30":0.0,"12/31":0.0}}