{"0":{"04/02":3.1499958,"04/03":3.1499958,"04/04":3.1499958,"04/05":3.1499958,"04/06":3.1499958,"04/07":3.1499958,"04/08":3.1499958,"04/09":3.1499958,"04/10":3.1499958,"04/11":3.1499958,"04/12":3.1499958,"04/13":3.1499958,"04/14":3.1499958,"04/15":3.1499958,"04/16":3.0387104,"04/17":3.0294547,"04/18":3.0294547,"04/19":3.0294547,"04/20":3.0294547,"04/21":3.0078485,"04/22":3.0078485,"04/23":3.0078485,"04/24":2.4411077,"04/25":2.4950526,"04/26":2.4950526,"04/27":2.4950526,"04/28":2.536824,"04/29":2.2907572,"04/30":2.2907572,"05/01":2.2907572,"05/02":2.2907572,"05/03":2.2907572,"05/04":2.2907572,"05/05":2.108487,"05/06":2.1904304,"05/07":2.1580386,"05/08":2.353686,"05/09":2.260332,"05/10":2.260332,"05/11":2.260332,"05/12":2.260332,"05/13":2.260332,"05/14":1.6937423,"05/15":1.6346205,"05/16":1.5825793,"05/17":1.5825793,"05/18":1.5825793,"05/19":1.5675744,"05/20":1.4746484,"05/21":1.4018235,"05/22":1.2465632,"05/23":1.1096005,"05/24":1.1096005,"05/25":1.1096005,"05/26":1.005643,"05/27":1.0551213,"05/28":1.1006882,"05/29":1.0670003,"05/30":1.1383517,"05/31":1.1383517,"06/01":1.1383517,"06/02":1.0818576,"06/03":1.0274082,"06/04":1.0274082,"06/05":0.9246083,"06/06":0.865399,"06/07":0.865399,"06/08":0.865399,"06/09":1.1026634,"06/10":1.1224945,"06/11":1.1879601,"06/12":1.359974,"06/13":1.5066082,"06/14":1.5066082,"06/15":1.5066082,"06/16":1.2256981,"06/17":1.1205091,"06/18":1.1373588,"06/19":1.3281159,"06/20":1.218745,"06/21":1.218745,"06/22":1.218745,"06/23":1.248544,"06/24":1.0739325,"06/25":0.9868571,"06/26":0.8220173,"06/27":0.8220173,"06/28":0.8220173,"06/29":0.8220173,"06/30":0.8220173,"07/01":0.8220173,"07/02":0.8220173,"07/03":0.8220173,"07/04":0.8220173,"07/05":0.8220173,"07/06":0.8220173,"07/07":0.8220173,"07/08":0.5527208,"07/09":0.5821382,"07/10":0.6655654,"07/11":0.7156957,"07/12":0.7156957,"07/13":0.7156957,"07/14":0.7255345,"07/15":0.6714682,"07/16":0.6017562,"07/17":0.5713454,"07/18":0.5939062,"07/19":0.5939062,"07/20":0.5939062,"07/21":0.46262145,"07/22":0.4577321,"07/23":0.3511994,"07/24":0.44892505,"07/25":0.6606563,"07/26":0.6606563,"07/27":0.6606563,"07/28":0.76587594,"07/29":0.743238,"07/30":0.7088125,"07/31":0.73045,"08/01":0.79541826,"08/02":0.79541826,"08/03":0.79541826,"08/04":0.53507483,"08/05":0.5831109,"08/06":0.94929695,"08/07":0.8772334,"08/08":1.034335,"08/09":1.034335,"08/10":1.034335,"08/11":1.0402718,"08/12":1.2634548,"08/13":1.2495393,"08/14":0.99476856,"08/15":0.99476856,"08/16":0.99476856,"08/17":0.99476856,"08/18":1.0472003,"08/19":1.1482733,"08/20":0.9512756,"08/21":0.96906793,"08/22":1.1076251,"08/23":1.1076251,"08/24":1.1076251,"08/25":1.1621611,"08/26":1.5265886,"08/27":1.5265886,"08/28":1.3978405,"08/29":1.607591,"08/30":1.607591,"08/31":1.607591,"09/01":1.429752,"09/02":1.4646722,"09/03":1.2743967,"09/04":1.0769079,"09/05":0.9255971,"09/06":0.9255971,"09/07":0.9255971,"09/08":0.9255971,"09/09":0.8368028,"09/10":0.75997144,"09/11":0.7088125,"09/12":0.6302192,"09/13":0.6302192,"09/14":0.6302192,"09/15":0.6213819,"09/16":0.4802326,"09/17":0.29168433,"09/18":0.2907079,"09/19":0.29460448,"09/20":0.29460448,"09/21":0.29460448,"09/22":0.3258252,"09/23":0.30533788,"09/24":0.39221987,"09/25":0.4401195,"09/26":0.63217604,"09/27":0.63217604,"09/28":0.63217604,"09/29":0.6213819,"09/30":0.69996136,"10/01":0.52528256,"10/02":0.52528256,"10/03":0.52528256,"10/04":0.52528256,"10/05":0.52528256,"10/06":0.15243159,"10/07":0.07663925,"10/08":0.06499192,"10/09":0.0,"10/10":0.0,"10/11":0.0,"10/12":0.0,"10/13":0.0,"10/14":0.0,"10/15":0.0,"10/16":0.0,"10/17":0.0,"10/18":0.0,"10/19":0.0,"10/20":0.0,"10/21":0.0,"10/22":0.0,"10/23":0.0,"10/24":0.0,"10/25":0.0,"10/26":0.0,"10/27":0.0,"10/28":0.0,"10/29":0.0,"10/30":0.0,"10/31":0.0,"11/01":0.0,"11/02":0.0,"11/03":0.0,"11/04":0.0,"11/05":0.0,"11/06":0.0,"11/07":0.0,"11/08":0.0,"11/09":0.0,"11/10":0.0,"11/11":0.0,"11/12":0.0,"11/13":0.0,"11/14":0.0,"11/15":0.0,"11/16":0.0,"11/17":0.0,"11/18":0.0,"11/19":0.0,"11/20":0.0,"11/21":0.0,"11/22":0.0,"11/23":0.0,"11/24":0.0,"11/25":0.0,"11/26":0.0,"11/27":0.0,"11/28":0.0,"11/29":0.0,"11/30":0.0,"12/01":0.0,"12/02":0.0,"12/03":0.0,"12/04":0.0,"12/05":0.0,"12/06":0.0,"12/07":0.0,"12/08":0.0,"12/09":0.0,"12/10":0.0,"12/11":0.0,"12/12":0.0,"12/13":0.0,"12/14":0.0,"12/15":0.0,"12/16":0.0,"12/17":0.0,"12/18":0.0,"12/19":0.0,"12/20":0.0,"12/21":0.0,"12/22":0.0,"12/23":0.0,"12/24":0.0,"12/25":0.0,"12/26":0.0,"12/27":0.0,"12/28":0.0,"12/29":0.0,"12/30":0.0,"12/31":0.0},"2025":{"04/02":3.1499958,"04/03":3.1499958,"04/04":3.1499958,"04/05":3.1499958,"04/06":3.1499958,"04/07":3.1499958,"04/08":3.1499958,"04/09":3.1499958,"04/10":3.1499958,"04/11":3.1499958,"04/12":3.1499958,"04/13":3.1499958,"04/14":3.1499958,"04/15":3.1499958,"04/16":3.0387104,"04/17":3.0294547,"04/18":3.0294547,"04/19":3.0294547,"04/20":3.0294547,"04/21":3.0078485,"04/22":3.0078485,"04/23":3.0078485,"04/24":2.4411077,"04/25":2.4950526,"04/26":2.4950526,"04/27":2.4950526,"04/28":2.536824,"04/29":2.2907572,"04/30":2.2907572,"05/01":2.2907572,"05/02":2.2907572,"05/03":2.2907572,"05/04":2.2907572,"05/05":2.108487,"05/06":2.1904304,"05/07":2.1580386,"05/08":2.353686,"05/09":2.260332,"05/10":2.260332,"05/11":2.260332,"05/12":2.260332,"05/13":2.260332,"05/14":1.6937423,"05/15":1.6346205,"05/16":1.5825793,"05/17":1.5825793,"05/18":1.5825793,"05/19":1.5675744,"05/20":1.4746484,"05/21":1.4018235,"05/22":1.2465632,"05/23":1.1096005,"05/24":1.1096005,"05/25":1.1096005,"05/26":1.005643,"05/27":1.0551213,"05/28":1.1006882,"05/29":1.0670003,"05/30":1.1383517,"05/31":1.1383517,"06/01":1.1383517,"06/02":1.0818576,"06/03":1.0274082,"06/04":1.0274082,"06/05":0.9246083,"06/06":0.865399,"06/07":0.865399,"06/08":0.865399,"06/09":1.1026634,"06/10":1.1224945,"06/11":1.1879601,"06/12":1.359974,"06/13":1.5066082,"06/14":1.5066082,"06/15":1.5066082,"06/16":1.2256981,"06/17":1.1205091,"06/18":1.1373588,"06/19":1.3281159,"06/20":1.218745,"06/21":1.218745,"06/22":1.218745,"06/23":1.248544,"06/24":1.0739325,"06/25":0.9868571,"06/26":0.8220173,"06/27":0.8220173,"06/28":0.8220173,"06/29":0.8220173,"06/30":0.8220173,"07/01":0.8220173,"07/02":0.8220173,"07/03":0.8220173,"07/04":0.8220173,"07/05":0.8220173,"07/06":0.8220173,"07/07":0.8220173,"07/08":0.5527208,"07/09":0.5821382,"07/10":0.6655654,"07/11":0.7156957,"07/12":0.7156957,"07/13":0.7156957,"07/14":0.7255345,"07/15":0.6714682,"07/16":0.6017562,"07/17":0.5713454,"07/18":0.5939062,"07/19":0.5939062,"07/20":0.5939062,"07/21":0.46262145,"07/22":0.4577321,"07/23":0.3511994,"07/24":0.44892505,"07/25":0.6606563,"07/26":0.6606563,"07/27":0.6606563,"07/28":0.76587594,"07/29":0.743238,"07/30":0.7088125,"07/31":0.73045,"08/01":0.79541826,"08/02":0.79541826,"08/03":0.79541826,"08/04":0.53507483,"08/05":0.5831109,"08/06":0.94929695,"08/07":0.8772334,"08/08":1.034335,"08/09":1.034335,"08/10":1.034335,"08/11":1.0402718,"08/12":1.2634548,"08/13":1.2495393,"08/14":0.99476856,"08/15":0.99476856,"08/16":0.99476856,"08/17":0.99476856,"08/18":1.0472003,"08/19":1.1482733,"08/20":0.9512756,"08/21":0.96906793,"08/22":1.1076251,"08/23":1.1076251,"08/24":1.1076251,"08/25":1.1621611,"08/26":1.5265886,"08/27":1.5265886,"08/28":1.3978405,"08/29":1.607591,"08/30":1.607591,"08/31":1.607591,"09/01":1.429752,"09/02":1.4646722,"09/03":1.2743967,"09/04":1.0769079,"09/05":0.9255971,"09/06":0.9255971,"09/07":0.9255971,"09/08":0.9255971,"09/09":0.8368028,"09/10":0.75997144,"09/11":0.7088125,"09/12":0.6302192,"09/13":0.6302192,"09/14":0.6302192,"09/15":0.6213819,"09/16":0.4802326,"09/17":0.29168433,"09/18":0.2907079,"09/19":0.29460448,"09/20":0.29460448,"09/21":0.29460448,"09/22":0.3258252,"09/23":0.30533788,"09/24":0.39221987,"09/25":0.4401195,"09/26":0.63217604,"09/27":0.63217604,"09/28":0.63217604,"09/29":0.6213819,"09/30":0.69996136,"10/01":0.52528256,"10/02":0.52528256,"10/03":0.52528256,"10/04":0.52528256,"10/05":0.52528256,"10/06":0.15243159,"10/07":0.07663925,"10/08":0.06499192,"10/09":0.0,"10/10":0.0,"10/11":0.0,"10/12":0.0,"10/13":0.0,"10/14":0.0,"10/15":0.0,"10/16":0.0,"10/17":0.0,"10/18":0.0,