{"0":{"01/01":5.7569637,"01/02":5.8869123,"01/03":5.983849,"01/04":5.9006095,"01/05":5.9006095,"01/06":5.9006095,"01/07":5.9006095,"01/08":5.8116403,"01/09":5.7296467,"01/10":5.6049557,"01/11":5.52231,"01/12":5.52231,"01/13":5.52231,"01/14":5.52231,"01/15":5.0031576,"01/16":5.021436,"01/17":5.3593445,"01/18":5.433003,"01/19":5.236483,"01/20":5.236483,"01/21":5.236483,"01/22":5.236483,"01/23":5.304166,"01/24":5.103299,"01/25":5.043577,"01/26":5.043577,"01/27":5.043577,"01/28":5.043577,"01/29":4.633135,"01/30":4.6111665,"01/31":4.3977222,"02/01":3.7729132,"02/02":3.4581702,"02/03":3.4581702,"02/04":3.4581702,"02/05":3.5076954,"02/06":3.388178,"02/07":3.2521944,"02/08":3.22894,"02/09":3.4535034,"02/10":3.4535034,"02/11":3.4535034,"02/12":3.5825274,"02/13":3.53855,"02/14":3.536677,"02/15":3.1676173,"02/16":3.111923,"02/17":3.111923,"02/18":3.111923,"02/19":3.111923,"02/20":2.9248781,"02/21":2.8999295,"02/22":2.823309,"02/23":7.1429553,"02/24":7.1429553,"02/25":7.1429553,"02/26":7.1448517,"02/27":7.1455927,"02/28":7.13941,"02/29":2.8777583,"03/01":7.1573944,"03/02":7.1573944,"03/03":7.1573944,"03/04":7.1641364,"03/05":7.166157,"03/06":7.1685,"03/07":7.17308,"03/08":7.17308,"03/09":7.17308,"03/10":7.17308,"03/11":7.1787014,"03/12":7.1748652,"03/13":7.156814,"03/14":7.1637087,"03/15":7.1574354,"03/16":7.1574354,"03/17":7.1574354,"03/18":7.1574354,"03/19":7.1459446,"03/20":7.146572,"03/21":7.161499,"03/22":7.160697,"03/23":7.160697,"03/24":7.149513,"03/25":7.149513,"03/26":7.1492605,"03/27":7.125947,"03/28":7.13773,"03/29":7.134364,"03/30":7.134364,"03/31":7.105594,"04/01":7.105594,"04/02":7.100777,"04/03":7.062947,"04/04":7.065544,"04/05":7.0408764,"04/06":7.0313764,"04/07":7.0313764,"04/08":7.027322,"04/09":7.027322,"04/10":6.997868,"04/11":6.991163,"04/12":6.953969,"04/13":6.951185,"04/14":6.951185,"04/15":6.9499397,"04/16":6.9425015,"04/17":6.9097867,"04/18":6.882719,"04/19":6.8690367,"04/20":6.855219,"04/21":6.800557,"04/22":6.810417,"04/23":6.815668,"04/24":6.7039156,"04/25":6.674886,"04/26":6.6682878,"04/27":6.6418686,"04/28":6.641318,"04/29":6.6503873,"04/30":6.6517577,"05/01":6.6517577,"05/02":6.599251,"05/03":6.40765,"05/04":6.3397756,"05/05":6.3397756,"05/06":6.3488383,"05/07":6.3380723,"05/08":6.313988,"05/09":6.3076367,"05/10":6.287555,"05/11":6.262988,"05/12":6.1682076,"05/13":6.173228,"05/14":6.1833987,"05/15":6.144462,"05/16":6.0974035,"05/17":6.0687804,"05/18":6.11133,"05/19":6.146296,"05/20":6.146296,"05/21":6.1604314,"05/22":6.0739417,"05/23":6.1194205,"05/24":6.0795374,"05/25":6.0795374,"05/26":6.0603356,"05/27":6.0603356,"05/28":6.0603356,"05/29":6.0449843,"05/30":6.018688,"05/31":5.985306,"06/01":5.9628906,"06/02":5.9115634,"06/03":5.9115634,"06/04":5.9115634,"06/05":5.8815775,"06/06":5.827137,"06/07":5.7668343,"06/08":5.863057,"06/09":5.919748,"06/10":5.919748,"06/11":5.919748,"06/12":5.8587,"06/13":5.7999563,"06/14":5.782577,"06/15":5.827137,"06/16":5.809741,"06/17":5.809741,"06/18":5.809741,"06/19":5.8037596,"06/20":5.7820334,"06/21":5.797785,"06/22":5.8815775,"06/23":5.903382,"06/24":5.903382,"06/25":5.903382,"06/26":5.8478136,"06/27":5.8059363,"06/28":5.7245355,"06/29":5.7245355,"06/30":5.7994123,"07/01":5.7994123,"07/02":5.7994123,"07/03":5.7684646,"07/04":5.7733455,"07/05":5.7137012,"07/06":5.7619486,"07/07":5.7619486,"07/08":5.7619486,"07/09":5.7619486,"07/10":5.7619486,"07/11":5.5716066,"07/12":5.6142135,"07/13":5.5107827,"07/14":5.493578,"07/15":5.493578,"07/16":5.493578,"07/17":5.3873787,"07/18":5.311465,"07/19":5.307728,"07/20":5.2773232,"07/21":5.3109355,"07/22":5.3109355,"07/23":5.3109355,"07/24":5.24428,"07/25":5.2815847,"07/26":5.213945,"07/27":5.222987,"07/28":5.3066645,"07/29":5.3066645,"07/30":5.3066645,"07/31":5.2671905,"08/01":5.222987,"08/02":5.294389,"08/03":5.4077306,"08/04":5.374001,"08/05":5.374001,"08/06":5.374001,"08/07":5.294923,"08/08":5.224586,"08/09":5.1746035,"08/10":5.1565485,"08/11":5.253337,"08/12":5.253337,"08/13":5.253337,"08/14":5.2299056,"08/15":5.2299056,"08/16":5.2299056,"08/17":5.311465,"08/18":5.2485414,"08/19":5.2485414,"08/20":5.2485414,"08/21":5.1783223,"08/22":5.1358495,"08/23":5.037888,"08/24":5.0278482,"08/25":5.101924,"08/26":5.101924,"08/27":5.101924,"08/28":4.9808574,"08/29":4.9444847,"08/30":4.954494,"08/31":4.942902,"09/01":4.88502,"09/02":4.88502,"09/03":4.88502,"09/04":4.8430023,"09/05":4.8540263,"09/06":4.8860726,"09/07":4.757582,"09/08":4.728821,"09/09":4.728821,"09/10":4.728821,"09/11":4.721504,"09/12":4.7732797,"09/13":4.6865144,"09/14":4.495656,"09/15":4.606265,"09/16":4.606265,"09/17":4.606265,"09/18":4.55532,"09/19":4.55532,"09/20":4.5781827,"09/21":4.596903,"09/22":4.6453166,"09/23":4.6453166,"09/24":4.6453166,"09/25":4.6307306,"09/26":4.615114,"09/27":4.5937777,"09/28":4.8346043,"09/29":4.8346043,"09/30":4.8346043,"10/01":4.8346043,"10/02":4.8346043,"10/03":4.728821,"10/04":4.817291,"10/05":4.724639,"10/06":5.000383,"10/07":5.000383,"10/08":5.000383,"10/09":5.139036,"10/10":5.004607,"10/11":4.852449,"10/12":4.8393283,"10/13":4.8519235,"10/14":4.8519235,"10/15":4.8519235,"10/16":4.865055,"10/17":4.805237,"10/18":4.87451,"10/19":4.9050045,"10/20":4.9386926,"10/21":4.9386926,"10/22":4.9386926,"10/23":5.073855,"10/24":5.073855,"10/25":5.0278482,"10/26":5.159201,"10/27":5.052163,"10/28":5.052163,"10/29":5.052163,"10/30":4.9961596,"10/31":4.9866633,"11/01":4.9961596,"11/02":4.8403745,"11/03":4.767,"11/04":4.767,"11/05":4.767,"11/06":4.646882,"11/07":4.594819,"11/08":4.5366282,"11/09":4.5112085,"11/10":4.558955,"11/11":4.558955,"11/12":4.558955,"11/13":4.4842563,"11/14":4.4842563,"11/15":4.24393,"11/16":4.198272,"11/17":4.154224,"11/18":4.154224,"11/19":4.154224,"11/20":4.216219,"11/21":4.2090387,"11/22":4.189558,"11/23":4.195706,"11/24":4.2408495,"11/25":4.2408495,"11/26":4.2408495,"11/27":4.2408495,"11/28":4.161902,"11/29":4.0586915,"11/30":4.0688963,"12/01":4.038302,"12/02":4.038302,"12/03":4.038302,"12/04":3.819064,"12/05":3.7156463,"12/06":3.6392195,"12/07":3.6196482,"12/08":3.601592,"12/09":3.601592,"12/10":3.601592,"12/11":3.5740318,"12/12":3.5965817,"12/13":3.4835322,"12/14":3.251929,"12/15":3.0847018,"12/16":3.0847018,"12/17":3.0847018,"12/18":3.0287054,"12/19":2.9953554,"12/20":3.1610317,"12/21":3.1309674,"12/22":3.110779,"12/23":3.110779,"12/24":3.110779,"12/25":3.110779,"12/26":2.995846,"12/27":2.9356346,"12/28":2.8965428,"12/29":2.832659,"12/30":2.832659,"12/31":2.832659},"2023":{"02/23":11.434002,"02/24":11.434002,"02/25":11.434002,"02/26":11.483002,"02/27":11.501999,"02/28":11.341,"03/01":11.794996,"03/02":11.794996,"03/03":11.794996,"03/04":11.955004,"03/05":12.002001,"03/06":12.055998,"03/07":12.159996,"03/08":12.159996,"03/09":12.159996,"03/10":12.159996,"03/11":12.285004,"03/12":12.200003,"03/13":11.780996,"03/14":11.945,"03/15":11.795998,"03/16":11.795998,"03/17":11.795998,"03/18":11.795998,"03/19":11.511002,"03/20":11.527004,"03/21":11.892996,"03/22":11.873999,"03/23":11.873999,"03/24":11.85163,"03/25":11.85163,"03/26":11.845633,"03/27":11.935286,"03/28":12.336515,"03/29":12.329783,"03/30":12.329783,"03/31":12.313023,"04/01":12.313023,"04/02":12.208176,"04/03":12.159739,"04/04":12.216617,"04/05":12.099271,"04/06":12.080271,"04/07":12.080271,"04/08":11.989509,"04/09":11.989509,"04/10":12.18085,"04/11":12.167439,"04/12":11.622375,"04/13":11.616807,"04/14":11.616807,"04/15":11.586921,"04/16":11.40463,"04/17":11.3392,"04/18":11.31255,"04/19":11.158647,"04/20":11.13101,"04/21":11.021687,"04/22":11.274069,"04/23":11.403249,"04/24":11.213473,"04/25":11.221885,"04/26":11.134013,"04/27":11.081175,"04/28":11.080073,"04/29":11.30195,"04/30":11.334636,"05/01":11.334636,"05/02":11.462247,"05/03":11.177381,"05/04":11.041632,"05/05":11.041632,"05/06":11.25138,"05/07":11.001259,"05/08":11.035104,"05/09":10.859146,"05/10":11.036245,"05/11":10.987111,"05/12":10.79755,"05/13":10.916315,"05/14":11.14896,"05/15":11.242417,"05/16":11.430806,"05/17":11.347861,"05/18":11.4329605,"05/19":11.5028925,"05/20":11.5028925,"05/21":11.790193,"05/22":11.859124,"05/23":11.950082,