{"0":{"01/01":10.497079,"01/02":10.632852,"01/03":10.734134,"01/04":10.647162,"01/05":10.647162,"01/06":10.647162,"01/07":10.647162,"01/08":10.554206,"01/09":10.468537,"01/10":10.338258,"01/11":10.251907,"01/12":10.251907,"01/13":10.251907,"01/14":10.251907,"01/15":9.709486,"01/16":9.728583,"01/17":10.081637,"01/18":10.158598,"01/19":9.953269,"01/20":9.953269,"01/21":9.953269,"01/22":9.953269,"01/23":10.023986,"01/24":9.8141165,"01/25":9.751717,"01/26":9.751717,"01/27":9.751717,"01/28":9.751717,"01/29":9.322879,"01/30":9.299926,"01/31":9.076915,"02/01":8.424102,"02/02":8.095251,"02/03":8.095251,"02/04":8.095251,"02/05":8.146996,"02/06":8.022122,"02/07":7.8800435,"02/08":7.8557467,"02/09":8.090376,"02/10":8.090376,"02/11":8.090376,"02/12":8.225182,"02/13":8.179234,"02/14":8.177277,"02/15":7.7916756,"02/16":7.7334847,"02/17":7.7334847,"02/18":7.7334847,"02/19":7.7334847,"02/20":7.538057,"02/21":7.51199,"02/22":7.431935,"02/23":9.447909,"02/24":9.447909,"02/25":9.447909,"02/26":9.448792,"02/27":9.449141,"02/28":9.446289,"02/29":7.4888253,"03/01":9.4549055,"03/02":9.4549055,"03/03":9.4549055,"03/04":9.4583645,"03/05":9.459421,"03/06":9.46066,"03/07":9.463114,"03/08":9.463114,"03/09":9.463114,"03/10":9.463114,"03/11":9.466187,"03/12":9.464083,"03/13":9.454613,"03/14":9.458141,"03/15":9.454926,"03/16":9.454926,"03/17":9.454926,"03/18":9.454926,"03/19":9.4493065,"03/20":9.449604,"03/21":9.456998,"03/22":9.456586,"03/23":9.456586,"03/24":9.445401,"03/25":9.445401,"03/26":9.445272,"03/27":9.418905,"03/28":9.422224,"03/29":9.418859,"03/30":9.418859,"03/31":9.389174,"04/01":9.389174,"04/02":9.386492,"04/03":9.34805,"04/04":9.34949,"04/05":9.326346,"04/06":9.316847,"04/07":9.316847,"04/08":9.314644,"04/09":9.314644,"04/10":9.279582,"04/11":9.272877,"04/12":9.246231,"04/13":9.243447,"04/14":9.243447,"04/15":9.242816,"04/16":9.239129,"04/17":9.206414,"04/18":9.178731,"04/19":9.167885,"04/20":9.154066,"04/21":9.099404,"04/22":9.104051,"04/23":9.106642,"04/24":8.994134,"04/25":8.963614,"04/26":8.95869,"04/27":8.93227,"04/28":8.93172,"04/29":8.936223,"04/30":8.936923,"05/01":8.936923,"05/02":8.879203,"05/03":8.685398,"05/04":8.617523,"05/05":8.617523,"05/06":8.622292,"05/07":8.616649,"05/08":8.590727,"05/09":8.588034,"05/10":8.563084,"05/11":8.538516,"05/12":8.443736,"05/13":8.44632,"05/14":8.451733,"05/15":8.408957,"05/16":8.355566,"05/17":8.327519,"05/18":8.3700695,"05/19":8.405035,"05/20":8.405035,"05/21":8.413365,"05/22":8.321455,"05/23":8.366934,"05/24":8.320579,"05/25":8.320579,"05/26":8.301377,"05/27":8.305708,"05/28":8.301611,"05/29":8.281553,"05/30":8.25069,"05/31":8.220222,"06/01":8.197844,"06/02":8.146603,"06/03":8.179303,"06/04":8.124712,"06/05":8.110067,"06/06":8.067772,"06/07":8.019598,"06/08":8.116127,"06/09":8.172998,"06/10":8.175928,"06/11":8.180445,"06/12":8.1228485,"06/13":8.07176,"06/14":8.060644,"06/15":8.105614,"06/16":8.0880575,"06/17":8.0880575,"06/18":8.095035,"06/19":8.08907,"06/20":8.068983,"06/21":8.08722,"06/22":8.171988,"06/23":8.194046,"06/24":8.199274,"06/25":8.199491,"06/26":8.145886,"06/27":8.112335,"06/28":8.027745,"06/29":8.027745,"06/30":8.10372,"07/01":8.108485,"07/02":8.110923,"07/03":8.087251,"07/04":8.09483,"07/05":8.037556,"07/06":8.086705,"07/07":8.086705,"07/08":8.092001,"07/09":8.097389,"07/10":8.09568,"07/11":7.9030733,"07/12":7.9478965,"07/13":7.8423076,"07/14":7.824744,"07/15":7.837413,"07/16":7.837413,"07/17":7.7287526,"07/18":7.659308,"07/19":7.643552,"07/20":7.612464,"07/21":7.6468315,"07/22":7.6533823,"07/23":7.650113,"07/24":7.585336,"07/25":7.6235266,"07/26":7.5771046,"07/27":7.586399,"07/28":7.6724052,"07/29":7.6795263,"07/30":7.6734285,"07/31":7.639062,"08/01":7.593883,"08/02":7.659126,"08/03":7.77561,"08/04":7.740945,"08/05":7.728824,"08/06":7.7254033,"08/07":7.662588,"08/08":7.5801735,"08/09":7.53612,"08/10":7.517565,"08/11":7.6170382,"08/12":7.62131,"08/13":7.616937,"08/14":7.5968037,"08/15":7.5968037,"08/16":7.612563,"08/17":7.696654,"08/18":7.631778,"08/19":7.6448274,"08/20":7.6556363,"08/21":7.58504,"08/22":7.543587,"08/23":7.4437466,"08/24":7.4333467,"08/25":7.510075,"08/26":7.5198007,"08/27":7.5220356,"08/28":7.39658,"08/29":7.360185,"08/30":7.3767576,"08/31":7.364715,"09/01":7.304585,"09/02":7.3058867,"09/03":7.3094716,"09/04":7.267154,"09/05":7.278617,"09/06":7.297836,"09/07":7.164512,"09/08":7.1346693,"09/09":7.1370044,"09/10":7.1425962,"09/11":7.1358776,"09/12":7.2163897,"09/13":7.1288643,"09/14":6.929698,"09/15":7.045121,"09/16":7.0589733,"09/17":7.05725,"09/18":7.0039954,"09/19":7.0071855,"09/20":7.0470314,"09/21":7.0666513,"09/22":7.1173944,"09/23":7.134157,"09/24":7.138312,"09/25":7.1390686,"09/26":7.139767,"09/27":7.110435,"09/28":7.3643937,"09/29":7.3643937,"09/30":7.3545938,"10/01":7.367968,"10/02":7.367968,"10/03":7.2225184,"10/04":7.28171,"10/05":7.184807,"10/06":7.4732037,"10/07":7.4619412,"10/08":7.4801326,"10/09":7.6406503,"10/10":7.4997826,"10/11":7.3376193,"10/12":7.323862,"10/13":7.3370686,"10/14":7.351447,"10/15":7.3517094,"10/16":7.3625555,"10/17":7.2857676,"10/18":7.3550644,"10/19":7.3870163,"10/20":7.4223137,"10/21":7.4176493,"10/22":7.4001026,"10/23":7.54294,"10/24":7.5417438,"10/25":7.4795456,"10/26":7.6165137,"10/27":7.5049005,"10/28":7.503618,"10/29":7.5196466,"10/30":7.4611335,"10/31":7.451211,"11/01":7.4611335,"11/02":7.298365,"11/03":7.221702,"11/04":7.221702,"11/05":7.221702,"11/06":7.0962005,"11/07":7.041805,"11/08":6.9810057,"11/09":6.9544463,"11/10":7.0043335,"11/11":7.0043335,"11/12":7.0043335,"11/13":6.926286,"11/14":6.926286,"11/15":6.6751876,"11/16":6.627484,"11/17":6.581461,"11/18":6.581461,"11/19":6.581461,"11/20":6.6462345,"11/21":6.6387334,"11/22":6.6183786,"11/23":6.6248026,"11/24":6.67197,"11/25":6.67197,"11/26":6.67197,"11/27":6.67197,"11/28":6.5894837,"11/29":6.4816465,"11/30":6.492309,"12/01":6.460344,"12/02":6.460344,"12/03":6.460344,"12/04":6.2312784,"12/05":6.1232257,"12/06":6.0433736,"12/07":6.022925,"12/08":6.00406,"12/09":6.00406,"12/10":6.00406,"12/11":5.9752645,"12/12":5.9988246,"12/13":5.880708,"12/14":5.638725,"12/15":5.4640017,"12/16":5.4640017,"12/17":5.4640017,"12/18":5.405496,"12/19":5.370651,"12/20":5.543753,"12/21":5.5123415,"12/22":5.4912486,"12/23":5.4912486,"12/24":5.4912486,"12/25":5.4912486,"12/26":5.371164,"12/27":5.3082533,"12/28":5.26741,"12/29":5.2006626,"12/30":5.2006626,"12/31":5.2006626},"2023":{"02/23":11.434002,"02/24":11.434002,"02/25":11.434002,"02/26":11.483002,"02/27":11.501999,"02/28":11.341,"03/01":11.794996,"03/02":11.794996,"03/03":11.794996,"03/04":11.955004,"03/05":12.002001,"03/06":12.055998,"03/07":12.159996,"03/08":12.159996,"03/09":12.159996,"03/10":12.159996,"03/11":12.285004,"03/12":12.200003,"03/13":11.780996,"03/14":11.945,"03/15":11.795998,"03/16":11.795998,"03/17":11.795998,"03/18":11.795998,"03/19":11.511002,"03/20":11.527004,"03/21":11.892996,"03/22":11.873999,"03/23":11.873999,"03/24":11.85163,"03/25":11.85163,"03/26":11.845633,"03/27":11.935286,"03/28":12.336515,"03/29":12.329783,"03/30":12.329783,"03/31":12.313023,"04/01":12.313023,"04/02":12.208176,"04/03":12.159739,"04/04":12.216617,"04/05":12.099271,"04/06":12.080271,"04/07":12.080271,"04/08":11.989509,"04/09":11.989509,"04/10":12.18085,"04/11":12.167439,"04/12":11.622375,"04/13":11.616807,"04/14":11.616807,"04/15":11.586921,"04/16":11.40463,"04/17":11.3392,"04/18":11.31255,"04/19":11.158647,"04/20":11.13101,"04/21":11.021687,"04/22":11.274069,"04/23":11.403249,"04/24":11.213473,"04/25":11.221885,"04/26":11.134013,"04/27":11.081175,"04/28":11.080073,"04/29":11.30195,"04/30":11.334636,"05/01":11.334636,"05/02":11.462247,"05/03":11.177381,"05/04":11.041632,"05/05":11.041632,"05/06":11.25138,"05/07":11.001259,"05/08":11.035104,"05/09":10.859146,"05/10":11.036245,"05/11":10.987111,"05/12":10.79755,"05/13":10.916315,"05/14":11.14896,"05/15":11.242417,"05/16":11.430806,"05/17":11.347861,"05/18":11.4329605,"05/19":11.5028925,"05/20":11.5028925,"05/21":11.790193,"05/22":11.859124,"05/23":11.950082,"05/24":12.159075,"05/25":12.159075,"05/26":12.120671,