{"0":{"01/01":7.0262876,"01/02":7.123673,"01/03":7.1051254,"01/04":7.1051254,"01/05":6.900204,"01/06":6.9395804,"01/07":6.749529,"01/08":6.4657545,"01/09":6.375179,"01/10":6.523833,"01/11":6.523833,"01/12":6.6655087,"01/13":6.9418883,"01/14":6.798655,"01/15":6.734687,"01/16":6.302443,"01/17":6.229792,"01/18":6.229792,"01/19":6.15471,"01/20":5.7130814,"01/21":5.654911,"01/22":5.8571243,"01/23":5.55806,"01/24":5.634211,"01/25":5.634211,"01/26":5.634211,"01/27":5.826229,"01/28":6.1037173,"01/29":6.0456147,"01/30":5.878625,"01/31":5.6556387,"02/01":5.6556387,"02/02":5.2459207,"02/03":6.1048307,"02/04":6.0961947,"02/05":6.011447,"02/06":5.8127666,"02/07":5.928162,"02/08":5.928162,"02/09":6.065911,"02/10":6.218693,"02/11":6.5834155,"02/12":6.390281,"02/13":6.301646,"02/14":6.3741317,"02/15":6.3741317,"02/16":6.6276717,"02/17":6.629304,"02/18":6.7684712,"02/19":6.7684712,"02/20":6.408351,"02/21":6.5360084,"02/22":6.5360084,"02/23":6.7423635,"02/24":6.6464496,"02/25":6.9106703,"02/26":7.0020003,"02/27":7.08483,"02/28":7.395305,"03/01":7.395305,"03/02":7.063813,"03/03":7.0514007,"03/04":6.6300745,"03/05":6.7845454,"03/06":6.2153687,"03/07":6.1908484,"03/08":6.1908484,"03/09":5.546474,"03/10":6.142006,"03/11":5.8499446,"03/12":5.4296694,"03/13":4.864255,"03/14":4.864255,"03/15":4.864255,"03/16":4.95837,"03/17":4.9378724,"03/18":4.7570777,"03/19":4.4150352,"03/20":3.384671,"03/21":3.1515899,"03/22":3.1515899,"03/23":2.0934834,"03/24":2.144925,"03/25":2.4869945,"03/26":2.4067426,"03/27":1.334475,"03/28":1.1727246,"03/29":1.1727246,"03/30":1.1727246,"03/31":0.46365258,"04/01":0.46365258,"04/02":0.0112074455,"04/03":-0.0046638357,"04/04":0.21981725,"04/05":0.21981725,"04/06":0.7960057,"04/07":1.5132338,"04/08":2.8016922,"04/09":2.6232636,"04/10":3.0543873,"04/11":2.7683258,"04/12":2.7683258,"04/13":2.5038273,"04/14":2.5038273,"04/15":3.1571276,"04/16":2.5180428,"04/17":2.224651,"04/18":5.098326,"04/19":5.098326,"04/20":5.098326,"04/21":5.109581,"04/22":5.109581,"04/23":5.109581,"04/24":5.1127453,"04/25":5.3748426,"04/26":5.3573503,"04/27":5.3573503,"04/28":5.363118,"04/29":5.342633,"04/30":5.344278,"05/01":5.344278,"05/02":5.298862,"05/03":5.2562494,"05/04":5.2562494,"05/05":5.260024,"05/06":5.1852016,"05/07":5.2016873,"05/08":5.1795197,"05/09":5.1610026,"05/10":5.14208,"05/11":5.14208,"05/12":5.14208,"05/13":5.1048145,"05/14":5.1234903,"05/15":5.120868,"05/16":5.117187,"05/17":5.110081,"05/18":5.110081,"05/19":5.1090665,"05/20":5.1076717,"05/21":5.07653,"05/22":5.055661,"05/23":5.0635476,"05/24":5.0427847,"05/25":5.0427847,"05/26":5.049869,"05/27":5.015045,"05/28":5.009283,"05/29":5.002864,"05/30":4.986273,"05/31":4.9770045,"06/01":4.9770045,"06/02":4.9784875,"06/03":4.9345837,"06/04":4.9345837,"06/05":4.9283643,"06/06":4.913509,"06/07":4.9042735,"06/08":4.9042735,"06/09":4.9021425,"06/10":4.8630085,"06/11":4.851396,"06/12":4.832063,"06/13":4.8145337,"06/14":4.80433,"06/15":4.80433,"06/16":4.814629,"06/17":4.813174,"06/18":4.770788,"06/19":4.7541094,"06/20":4.7536764,"06/21":4.7424016,"06/22":4.7424016,"06/23":4.7405887,"06/24":4.716424,"06/25":4.702985,"06/26":4.683054,"06/27":4.6674957,"06/28":4.653019,"06/29":4.653019,"06/30":4.653019,"07/01":4.6224813,"07/02":4.6139135,"07/03":4.6048193,"07/04":4.596257,"07/05":4.5791473,"07/06":4.5791473,"07/07":4.5791473,"07/08":4.5576177,"07/09":4.5470986,"07/10":4.538772,"07/11":4.5234632,"07/12":4.509564,"07/13":4.509564,"07/14":4.5116596,"07/15":4.4780817,"07/16":4.47798,"07/17":4.478625,"07/18":4.443191,"07/19":4.4544034,"07/20":4.4544034,"07/21":4.4604483,"07/22":4.438701,"07/23":4.439446,"07/24":4.4275007,"07/25":4.4178195,"07/26":4.37844,"07/27":4.37844,"07/28":4.372822,"07/29":4.3427153,"07/30":4.3335185,"07/31":4.3157244,"08/01":4.3126984,"08/02":4.3317533,"08/03":4.3317533,"08/04":4.3404603,"08/05":4.369652,"08/06":4.382727,"08/07":4.295469,"08/08":4.3348846,"08/09":4.277423,"08/10":4.277423,"08/11":4.2757025,"08/12":4.2225523,"08/13":4.2865133,"08/14":4.278546,"08/15":4.278546,"08/16":4.1903257,"08/17":4.1903257,"08/18":4.1873665,"08/19":4.067955,"08/20":3.9659488,"08/21":3.9482775,"08/22":3.92481,"08/23":3.9222202,"08/24":3.9222202,"08/25":3.9211085,"08/26":3.879423,"08/27":3.875822,"08/28":3.8916447,"08/29":3.8666778,"08/30":3.8569176,"08/31":3.8569176,"09/01":3.8597302,"09/02":3.808123,"09/03":3.7887428,"09/04":3.7773514,"09/05":3.780346,"09/06":3.8350434,"09/07":3.8350434,"09/08":3.8350434,"09/09":3.8016715,"09/10":3.7800019,"09/11":3.7750287,"09/12":3.675408,"09/13":3.6393714,"09/14":3.6393714,"09/15":3.6396275,"09/16":3.5678205,"09/17":3.5855994,"09/18":3.5852087,"09/19":3.5303679,"09/20":3.5067158,"09/21":3.5067158,"09/22":3.5064487,"09/23":3.4203303,"09/24":3.3708878,"09/25":3.2838216,"09/26":3.2162468,"09/27":3.2588727,"09/28":3.2588727,"09/29":3.2603307,"09/30":3.2490313,"10/01":3.191861,"10/02":3.191861,"10/03":3.2965686,"10/04":3.4600582,"10/05":3.4600582,"10/06":3.471317,"10/07":3.5236661,"10/08":3.4313564,"10/09":3.3681874,"10/10":3.351414,"10/11":3.3807523,"10/12":3.3807523,"10/13":3.3813987,"10/14":3.3095057,"10/15":3.303249,"10/16":3.2963078,"10/17":3.370499,"10/18":3.3550005,"10/19":3.3550005,"10/20":3.3608696,"10/21":3.3738074,"10/22":3.4551764,"10/23":3.454977,"10/24":3.4610515,"10/25":3.5576196,"10/26":3.5576196,"10/27":3.5620062,"10/28":3.5585232,"10/29":3.5118144,"10/30":3.5023537,"10/31":3.4825144,"11/01":3.4825144,"11/02":3.4825144,"11/03":3.484038,"11/04":3.4684443,"11/05":3.4244714,"11/06":3.3546863,"11/07":3.4105036,"11/08":3.4166973,"11/09":3.4166973,"11/10":3.421969,"11/11":3.4140532,"11/12":3.4877272,"11/13":3.582946,"11/14":3.654444,"11/15":3.654444,"11/16":3.654444,"11/17":3.6561275,"11/18":3.6194897,"11/19":3.578601,"11/20":3.58305,"11/21":3.644577,"11/22":3.5944147,"11/23":3.5944147,"11/24":3.5941298,"11/25":3.4941022,"11/26":3.5066378,"11/27":3.488236,"11/28":3.5161886,"11/29":3.4079275,"11/30":3.4079275,"12/01":3.4056494,"12/02":3.2769556,"12/03":3.187272,"12/04":3.121586,"12/05":3.0643096,"12/06":3.099742,"12/07":3.099742,"12/08":3.091094,"12/09":3.0513296,"12/10":3.011226,"12/11":3.0021842,"12/12":3.0380194,"12/13":3.002806,"12/14":3.002806,"12/15":3.0033014,"12/16":3.0015335,"12/17":3.050778,"12/18":3.0957448,"12/19":3.2076612,"12/20":3.3091574,"12/21":3.3091574,"12/22":3.310525,"12/23":3.2135687,"12/24":3.2283626,"12/25":3.2283626,"12/26":3.237979,"12/27":3.2287054,"12/28":3.2287054,"12/29":3.228899,"12/30":3.2264743,"12/31":3.1853385},"2024":{"04/18":7.9720016,"04/19":7.9720016,"04/20":7.9720016,"04/21":8.368998,"04/22":8.368998,"04/23":8.368998,"04/24":8.633131,"04/25":8.838401,"04/26":8.803416,"04/27":8.803416,"04/28":8.981225,"04/29":9.070464,"04/30":9.073754,"05/01":9.073754,"05/02":8.982923,"05/03":8.897697,"05/04":8.897697,"05/05":9.00898,"05/06":8.65634,"05/07":8.756748,"05/08":8.247875,"05/09":8.039562,"05/10":8.001717,"05/11":8.001717,"05/12":8.001717,"05/13":7.9271855,"05/14":8.979921,"05/15":9.253578,"05/16":9.406734,"05/17":9.392523,"05/18":9.392523,"05/19":9.366534,"05/20":9.330567,"05/21":9.510213,"05/22":9.326952,"05/23":9.524613,"05/24":9.483088,"05/25":9.483088,"05/26":9.654722,"05/27":9.491755,"05/28":9.522335,"05/29":9.548828,"05/30":9.375564,"05/31":9.357027,"06/01":9.357027,"06/02":9.393908,"06/03":9.093081,"06/04":9.093081,"06/05":9.191857,"06/06":9.118971,"06/07":9.1005,"06/08":9.1005,"06/09":9.044755,"06/10":8.660174,"06/11":8.600848,"06/12":8.276142,"06/13":8.051669,"06/14":8.031261,"06/15":8.031261,"06/16":8.360347,"06/17":8.315603,"06/18":8.138686,"06/19":7.9205317,"06/20":8.138923,"06/21":8.116373,"06/22":8.116373,"06/23":8.057786,"06/24":8.137914,"06/25":8.094295,"06/26":8.224326,"06/27":8.193209,"06/28":8.164256,"06/29":8.164256,"06/30":8.164256,"07/01":8.103181,"07/02":8.086045,"07/03":8.067856,"07/04":8.050733,"07/05":8.016513,"07/06":8.016513,"07/07":8.016513,"07/08":8.286674,"07/09":8.299706,"07/10":8.231482,"07/11":8.147391,"07/12":8.119593,"07/13":8.119593,"07/14":8.181861,"07/15":8.190194,"07/16":8.187236,"07/17":8.205999,