{"0":{"02/23":3.3230019,"02/24":3.3230019,"02/25":3.3230019,"02/26":3.3230019,"02/27":3.3230019,"02/28":3.3230019,"03/01":3.3230019,"03/02":3.3230019,"03/03":3.3230019,"03/04":3.3230019,"03/05":3.3230019,"03/06":3.3230019,"03/07":3.3230019,"03/08":3.3230019,"03/09":3.3230019,"03/10":3.3230019,"03/11":3.3230019,"03/12":3.3230019,"03/13":3.3230019,"03/14":3.3230019,"03/15":3.3230019,"03/16":3.3230019,"03/17":3.3230019,"03/18":3.3230019,"03/19":3.3230019,"03/20":3.3230019,"03/21":3.3230019,"03/22":3.3230019,"03/23":3.3230019,"03/24":3.3064702,"03/25":3.3064702,"03/26":3.3064702,"03/27":3.2569163,"03/28":3.2569163,"03/29":3.2744658,"03/30":3.2744658,"03/31":3.1929793,"04/01":3.1929793,"04/02":3.1929793,"04/03":3.0992775,"04/04":3.0992775,"04/05":3.057117,"04/06":3.0416992,"04/07":3.0416992,"04/08":3.0416992,"04/09":3.0416992,"04/10":2.9523706,"04/11":2.9328866,"04/12":2.9154527,"04/13":2.8959825,"04/14":2.8959825,"04/15":2.8959825,"04/16":2.8959825,"04/17":2.8355565,"04/18":2.791573,"04/19":2.7741873,"04/20":2.7598774,"04/21":2.709824,"04/22":2.709824,"04/23":2.709824,"04/24":2.5976398,"04/25":2.5803194,"04/26":2.567083,"04/27":2.524338,"04/28":2.5345163,"04/29":2.5345163,"04/30":2.5345163,"05/01":2.5345163,"05/02":2.436921,"05/03":2.0564837,"05/04":2.007113,"05/05":2.007113,"05/06":2.007113,"05/07":2.007113,"05/08":2.0443816,"05/09":2.0171793,"05/10":1.9477261,"05/11":1.8914266,"05/12":1.7118897,"05/13":1.7118897,"05/14":1.7118897,"05/15":1.6278539,"05/16":1.4960696,"05/17":1.5140243,"05/18":1.5419581,"05/19":1.566908,"05/20":1.566908,"05/21":1.566908,"05/22":1.3686192,"05/23":1.5339742,"05/24":1.4203546,"05/25":1.4203546,"05/26":1.3228872,"05/27":1.3228872,"05/28":1.3228872,"05/29":1.3208972,"05/30":1.2752177,"05/31":1.1433636,"06/01":1.0671839,"06/02":1.0493869,"06/03":1.0493869,"06/04":1.0493869,"06/05":1.0157987,"06/06":0.97236985,"06/07":0.9082693,"06/08":1.1374247,"06/09":1.2732296,"06/10":1.2732296,"06/11":1.2732296,"06/12":1.1285131,"06/13":1.0572948,"06/14":1.0444485,"06/15":1.1245581,"06/16":1.0464275,"06/17":1.0464275,"06/18":1.0464275,"06/19":1.0750947,"06/20":1.0770655,"06/21":1.0830067,"06/22":1.1998317,"06/23":1.2384992,"06/24":1.2384992,"06/25":1.2384992,"06/26":1.1423721,"06/27":1.0592743,"06/28":0.94671416,"06/29":0.94671416,"06/30":0.97927755,"07/01":0.97927755,"07/02":0.97927755,"07/03":0.95658165,"07/04":0.89348763,"07/05":0.8196539,"07/06":0.88068295,"07/07":0.88068295,"07/08":0.88068295,"07/09":0.88068295,"07/10":0.88068295,"07/11":0.63798124,"07/12":0.73021066,"07/13":0.55375,"07/14":0.47845548,"07/15":0.47845548,"07/16":0.47845548,"07/17":0.25519532,"07/18":0.11337161,"07/19":0.10075488,"07/20":0.049386576,"07/21":0.17548414,"07/22":0.17548414,"07/23":0.17548414,"07/24":0.10463946,"07/25":0.20657857,"07/26":0.11433373,"07/27":0.15024105,"07/28":0.34769076,"07/29":0.34769076,"07/30":0.34769076,"07/31":0.294119,"08/01":0.20657857,"08/02":0.2911945,"08/03":0.4862744,"08/04":0.44329023,"08/05":0.44329023,"08/06":0.44329023,"08/07":0.32236084,"08/08":0.23282373,"08/09":0.18034716,"08/10":0.13277465,"08/11":0.3174933,"08/12":0.3174933,"08/13":0.3174933,"08/14":0.29898426,"08/15":0.29898426,"08/16":0.29898426,"08/17":0.45501545,"08/18":0.39839834,"08/19":0.39839834,"08/20":0.39839834,"08/21":0.28146598,"08/22":0.2337974,"08/23":0.091063246,"08/24":0.067794345,"08/25":0.17354831,"08/26":0.17354831,"08/27":0.17354831,"08/28":-0.008712389,"08/29":-0.024186056,"08/30":-0.057064377,"08/31":-0.07736159,"09/01":-0.15846807,"09/02":-0.15846807,"09/03":-0.15846807,"09/04":-0.1854743,"09/05":-0.22692105,"09/06":-0.23462933,"09/07":-0.47200048,"09/08":-0.4835012,"09/09":-0.4835012,"09/10":-0.4835012,"09/11":-0.46720928,"09/12":-0.4365126,"09/13":-0.5974319,"09/14":-0.88064903,"09/15":-0.7330445,"09/16":-0.7330445,"09/17":-0.7330445,"09/18":-0.8169041,"09/19":-0.8169041,"09/20":-0.7339995,"09/21":-0.71015567,"09/22":-0.59552574,"09/23":-0.59552574,"09/24":-0.59552574,"09/25":-0.63376206,"09/26":-0.63949406,"09/27":-0.65669525,"09/28":-0.21632594,"09/29":-0.21632594,"09/30":-0.21632594,"10/01":-0.21632594,"10/02":-0.21632594,"10/03":-0.36066854,"10/04":-0.2769991,"10/05":-0.46624914,"10/06":0.05229699,"10/07":0.05229699,"10/08":0.05229699,"10/09":0.29216933,"10/10":0.08330575,"10/11":-0.20186776,"10/12":-0.19511978,"10/13":-0.1777676,"10/14":-0.1777676,"10/15":-0.1777676,"10/16":-0.1507572,"10/17":-0.26833338,"10/18":-0.124689706,"10/19":0.0,"10/20":0.0,"10/21":0.0,"10/22":0.0,"10/23":0.0,"10/24":0.0,"10/25":0.0,"10/26":0.0,"10/27":0.0,"10/28":0.0,"10/29":0.0,"10/30":0.0,"10/31":0.0,"11/01":0.0,"11/02":0.0,"11/03":0.0,"11/04":0.0,"11/05":0.0,"11/06":0.0,"11/07":0.0,"11/08":0.0,"11/09":0.0,"11/10":0.0,"11/11":0.0,"11/12":0.0,"11/13":0.0,"11/14":0.0,"11/15":0.0,"11/16":0.0,"11/17":0.0,"11/18":0.0,"11/19":0.0,"11/20":0.0,"11/21":0.0,"11/22":0.0,"11/23":0.0,"11/24":0.0,"11/25":0.0,"11/26":0.0,"11/27":0.0,"11/28":0.0,"11/29":0.0,"11/30":0.0,"12/01":0.0,"12/02":0.0,"12/03":0.0,"12/04":0.0,"12/05":0.0,"12/06":0.0,"12/07":0.0,"12/08":0.0,"12/09":0.0,"12/10":0.0,"12/11":0.0,"12/12":0.0,"12/13":0.0,"12/14":0.0,"12/15":0.0,"12/16":0.0,"12/17":0.0,"12/18":0.0,"12/19":0.0,"12/20":0.0,"12/21":0.0,"12/22":0.0,"12/23":0.0,"12/24":0.0,"12/25":0.0,"12/26":0.0,"12/27":0.0,"12/28":0.0,"12/29":0.0,"12/30":0.0,"12/31":0.0},"2023":{"02/23":3.3230019,"02/24":3.3230019,"02/25":3.3230019,"02/26":3.3230019,"02/27":3.3230019,"02/28":3.3230019,"03/01":3.3230019,"03/02":3.3230019,"03/03":3.3230019,"03/04":3.3230019,"03/05":3.3230019,"03/06":3.3230019,"03/07":3.3230019,"03/08":3.3230019,"03/09":3.3230019,"03/10":3.3230019,"03/11":3.3230019,"03/12":3.3230019,"03/13":3.3230019,"03/14":3.3230019,"03/15":3.3230019,"03/16":3.3230019,"03/17":3.3230019,"03/18":3.3230019,"03/19":3.3230019,"03/20":3.3230019,"03/21":3.3230019,"03/22":3.3230019,"03/23":3.3230019,"03/24":3.3064702,"03/25":3.3064702,"03/26":3.3064702,"03/27":3.2569163,"03/28":3.2569163,"03/29":3.2744658,"03/30":3.2744658,"03/31":3.1929793,"04/01":3.1929793,"04/02":3.1929793,"04/03":3.0992775,"04/04":3.0992775,"04/05":3.057117,"04/06":3.0416992,"04/07":3.0416992,"04/08":3.0416992,"04/09":3.0416992,"04/10":2.9523706,"04/11":2.9328866,"04/12":2.9154527,"04/13":2.8959825,"04/14":2.8959825,"04/15":2.8959825,"04/16":2.8959825,"04/17":2.8355565,"04/18":2.791573,"04/19":2.7741873,"04/20":2.7598774,"04/21":2.709824,"04/22":2.709824,"04/23":2.709824,"04/24":2.5976398,"04/25":2.5803194,"04/26":2.567083,"04/27":2.524338,"04/28":2.5345163,"04/29":2.5345163,"04/30":2.5345163,"05/01":2.5345163,"05/02":2.436921,"05/03":2.0564837,"05/04":2.007113,"05/05":2.007113,"05/06":2.007113,"05/07":2.007113,"05/08":2.0443816,"05/09":2.0171793,"05/10":1.9477261,"05/11":1.8914266,"05/12":1.7118897,"05/13":1.7118897,"05/14":1.7118897,"05/15":1.6278539,"05/16":1.4960696,"05/17":1.5140243,"05/18":1.5419581,"05/19":1.566908,"05/20":1.566908,"05/21":1.566908,"05/22":1.3686192,"05/23":1.5339742,"05/24":1.4203546,"05/25":1.4203546,"05/26":1.3228872,"05/27":1.3228872,"05/28":1.3228872,"05/29":1.3208972,"05/30":1.2752177,"05/31":1.1433636,"06/01":1.0671839,"06/02":1.0493869,"06/03":1.0493869,"06/04":1.0493869,"06/05":1.0157987,"06/06":0.97236985,"06/07":0.9082693,"06/08":1.1374247,"06/09":1.2732296,"06/10":1.2732296,"06/11":1.2732296,"06/12":1.1285131,"06/13":1.0572948,"06/14":1.0444485,"06/15":1.1245581,"06/16":1.0464275,"06/17":1.0464275,"06/18":1.0464275,"06/19":1.0750947,"06/20":1.0770655,"06/21":1.0830067,"06/22":1.1998317,"06/23":1.2384992,"06/24":1.2384992,"06/25":1.2384992,"06/26":1.1423721,"06/27":1.0592743,"06/28":0.94671416,"06/29":0.94671416,"06/30":0.97927755,"07/01":0.97927755,"07/02":0.97927755,"07/03":0.95658165,"07/04":0.89348763,"07/05":0.8196539,"07/06":0.88068295,"07/07":0.88068295,"07/08":0.88068295,"07/09":0.88068295,"07/10":0.88068295,"07/11":0.63798124,"07/12":0.73021066,"07/13":0.55375,"07/14":0.47845548,"07/15":0.47845548,"07/16":0.47845548,"07/17":0.25519532,"07/18":0.11337161,"07/19":0.10075488,"07/20":0.049386576,"07/21":0.17548414,