{"0":{"01/01":0.76568234,"01/02":0.5829233,"01/03":0.5829233,"01/04":0.5829233,"01/05":0.77253664,"01/06":0.79800075,"01/07":0.75295687,"01/08":1.0208974,"01/09":1.1805712,"01/10":1.1805712,"01/11":1.1805712,"01/12":1.0947545,"01/13":1.704511,"01/14":1.7653887,"01/15":1.7653887,"01/16":0.3279697,"01/17":0.3279697,"01/18":0.3279697,"01/19":0.2988568,"01/20":0.28916243,"01/21":0.27848968,"01/22":0.26685768,"01/23":0.38623697,"01/24":0.38623697,"01/25":0.38623697,"01/26":0.38623697,"01/27":0.27946067,"01/28":0.1371193,"01/29":0.1371193,"01/30":0.045348663,"01/31":0.045348663,"02/01":0.045348663,"02/02":0.28334484,"02/03":-0.23184937,"02/04":-0.3631771,"02/05":-0.32391375,"02/06":-0.24433334,"02/07":-0.24433334,"02/08":-0.24433334,"02/09":-0.44161102,"02/10":-0.5523645,"02/11":-0.635259,"02/12":-0.66190994,"02/13":-0.5475895,"02/14":-0.5475895,"02/15":-0.5475895,"02/16":-0.7560269,"02/17":-0.8034936,"02/18":-0.9162789,"02/19":-0.9162789,"02/20":-0.7075628,"02/21":-0.7075628,"02/22":-0.7075628,"02/23":-0.93520796,"02/24":-0.806344,"02/25":-0.86418444,"02/26":-0.92858315,"02/27":-0.71327436,"02/28":-0.71327436,"03/01":-0.71327436,"03/02":-0.5218327,"03/03":-0.5218327,"03/04":-0.16750376,"03/05":-0.41006255,"03/06":-0.10692021,"03/07":-0.10692021,"03/08":-0.10692021,"03/09":0.3085623,"03/10":0.0077162134,"03/11":0.38040814,"03/12":0.63856244,"03/13":1.0780089,"03/14":1.0780089,"03/15":1.0780089,"03/16":0.94518024,"03/17":0.8264225,"03/18":0.62391365,"03/19":0.62391365,"03/20":1.3100561,"03/21":1.3100561,"03/22":1.3100561,"03/23":2.0508049,"03/24":1.7314477,"03/25":1.3367935,"03/26":1.3367935,"03/27":1.9685163,"03/28":1.9685163,"03/29":1.9685163,"03/30":1.9685163,"03/31":2.5047183,"04/01":2.5047183,"04/02":2.3499343,"04/03":2.3499343,"04/04":2.3499343,"04/05":2.3499343,"04/06":1.9976021,"04/07":1.7783712,"04/08":0.39693266,"04/09":0.63367283,"04/10":0.26685768,"04/11":0.26685768,"04/12":0.26685768,"04/13":0.49811688,"04/14":0.49811688,"04/15":0.0,"04/16":0.0,"04/17":0.0,"04/18":0.0,"04/19":0.0,"04/20":0.0,"04/21":0.0,"04/22":0.0,"04/23":0.0,"04/24":0.0,"04/25":0.0,"04/26":0.0,"04/27":0.0,"04/28":0.0,"04/29":0.0,"04/30":0.0,"05/01":0.0,"05/02":0.0,"05/03":0.0,"05/04":0.0,"05/05":0.0,"05/06":0.0,"05/07":0.0,"05/08":0.0,"05/09":0.0,"05/10":0.0,"05/11":0.0,"05/12":0.0,"05/13":0.0,"05/14":0.0,"05/15":0.0,"05/16":0.0,"05/17":0.0,"05/18":0.0,"05/19":0.0,"05/20":0.0,"05/21":0.0,"05/22":0.0,"05/23":0.0,"05/24":0.0,"05/25":0.0,"05/26":0.0,"05/27":0.0,"05/28":0.0,"05/29":0.0,"05/30":0.0,"05/31":0.0,"06/01":0.0,"06/02":0.0,"06/03":0.0,"06/04":0.0,"06/05":0.0,"06/06":0.0,"06/07":0.0,"06/08":0.0,"06/09":0.0,"06/10":0.0,"06/11":0.0,"06/12":0.0,"06/13":0.0,"06/14":0.0,"06/15":0.0,"06/16":0.0,"06/17":0.0,"06/18":0.0,"06/19":0.0,"06/20":0.0,"06/21":0.0,"06/22":0.0,"06/23":0.0,"06/24":0.0,"06/25":0.0,"06/26":0.0,"06/27":0.0,"06/28":0.0,"06/29":0.0,"06/30":0.0,"07/01":0.0,"07/02":0.0,"07/03":0.0,"07/04":0.0,"07/05":0.0,"07/06":0.0,"07/07":0.0,"07/08":1.8214438,"07/09":1.814194,"07/10":1.8079829,"07/11":1.8017734,"07/12":1.8017734,"07/13":1.8017734,"07/14":1.779529,"07/15":1.7702204,"07/16":1.7635025,"07/17":1.7557516,"07/18":1.7485203,"07/19":1.7485203,"07/20":1.7485203,"07/21":1.7258097,"07/22":1.7190983,"07/23":1.7108493,"07/24":1.7036304,"07/25":1.6964136,"07/26":1.6964136,"07/27":1.6964136,"07/28":1.6737438,"07/29":1.6665354,"07/30":1.6593289,"07/31":1.6536702,"08/01":1.6454371,"08/02":1.6454371,"08/03":1.6454371,"08/04":1.621273,"08/05":1.6130502,"08/06":1.6053443,"08/07":1.5981549,"08/08":1.5899395,"08/09":1.5899395,"08/10":1.5899395,"08/11":1.5678766,"08/12":1.561211,"08/13":1.5530074,"08/14":1.543785,"08/15":1.543785,"08/16":1.543785,"08/17":1.543785,"08/18":1.5120379,"08/19":1.5038499,"08/20":1.4961766,"08/21":1.4879985,"08/22":1.4813486,"08/23":1.4813486,"08/24":1.4813486,"08/25":1.458872,"08/26":1.4522346,"08/27":1.4522346,"08/28":1.438449,"08/29":1.656757,"08/30":1.656757,"08/31":1.656757,"09/01":1.6187,"09/02":1.6181855,"09/03":1.6058587,"09/04":1.5064065,"09/05":1.4481497,"09/06":1.4481497,"09/07":1.4481497,"09/08":1.4481497,"09/09":1.3981715,"09/10":1.3747431,"09/11":1.3757626,"09/12":1.3391364,"09/13":1.3391364,"09/14":1.3391364,"09/15":1.3304992,"09/16":1.2310908,"09/17":1.1305616,"09/18":1.1396366,"09/19":1.141657,"09/20":1.141657,"09/21":1.141657,"09/22":1.1441778,"09/23":1.1305616,"09/24":1.1724433,"09/25":1.1916434,"09/26":1.2802414,"09/27":1.2802414,"09/28":1.2802414,"09/29":1.229575,"09/30":1.3086575,"10/01":1.2154068,"10/02":1.2154068,"10/03":1.2154068,"10/04":1.2154068,"10/05":1.2154068,"10/06":1.0233912,"10/07":0.96621656,"10/08":0.9672199,"10/09":0.9046752,"10/10":0.8707163,"10/11":0.8707163,"10/12":0.8707163,"10/13":0.8382952,"10/14":0.78401977,"10/15":0.6862234,"10/16":0.5853481,"10/17":0.5641406,"10/18":0.5641406,"10/19":0.5641406,"10/20":0.58189386,"10/21":0.58189386,"10/22":0.58189386,"10/23":0.63029647,"10/24":0.6718629,"10/25":0.6718629,"10/26":0.6718629,"10/27":0.5582209,"10/28":0.5434395,"10/29":0.44410938,"10/30":0.5779508,"10/31":0.6604748,"11/01":0.6604748,"11/02":0.6604748,"11/03":0.5902856,"11/04":0.61398864,"11/05":0.61398864,"11/06":0.6540417,"11/07":0.6466195,"11/08":0.6466195,"11/09":0.6466195,"11/10":0.54294616,"11/11":0.5197978,"11/12":0.45490882,"11/13":0.509956,"11/14":0.509956,"11/15":0.509956,"11/16":0.509956,"11/17":0.45147234,"11/18":0.47406608,"11/19":0.38626832,"11/20":0.33588898,"11/21":0.4195833,"11/22":0.4195833,"11/23":0.4195833,"11/24":0.43920508,"11/25":0.44607514,"11/26":0.29292238,"11/27":0.3104903,"11/28":0.36669236,"11/29":0.36669236,"11/30":0.36669236,"12/01":0.4176243,"12/02":0.43086338,"12/03":0.50159556,"12/04":0.50159556,"12/05":0.35054922,"12/06":0.35054922,"12/07":0.35054922,"12/08":0.48290956,"12/09":0.6189317,"12/10":0.70456374,"12/11":0.6011477,"12/12":0.5138932,"12/13":0.5138932,"12/14":0.5138932,"12/15":0.46178314,"12/16":0.47750562,"12/17":0.5311228,"12/18":0.55723834,"12/19":0.4996255,"12/20":0.4996255,"12/21":0.4996255,"12/22":0.45343864,"12/23":0.51635253,"12/24":0.45638373,"12/25":0.45638373,"12/26":0.5197978,"12/27":0.5197978,"12/28":0.5197978,"12/29":0.5257085,"12/30":0.5197978,"12/31":0.5197978},"2025":{"07/08":3.6428876,"07/09":3.628388,"07/10":3.6159658,"07/11":3.6035469,"07/12":3.6035469,"07/13":3.6035469,"07/14":3.559058,"07/15":3.5404408,"07/16":3.527005,"07/17":3.5115032,"07/18":3.4970405,"07/19":3.4970405,"07/20":3.4970405,"07/21":3.4516194,"07/22":3.4381967,"07/23":3.4216986,"07/24":3.407261,"07/25":3.3928273,"07/26":3.3928273,"07/27":3.3928273,"07/28":3.3474877,"07/29":3.3330708,"07/30":3.3186579,"07/31":3.3073404,"08/01":3.2908742,"08/02":3.2908742,"08/03":3.2908742,"08/04":3.242546,"08/05":3.2261004,"08/06":3.2106886,"08/07":3.1963098,"08/08":3.179879,"08/09":3.179879,"08/10":3.179879,"08/11":3.1357532,"08/12":3.122422,"08/13":3.1060147,"08/14":3.08757,"08/15":3.08757,"08/16":3.08757,"08/17":3.08757,"08/18":3.0240757,"08/19":3.0076997,"08/20":2.9923532,"08/21":2.975997,"08/22":2.9626973,"08/23":2.9626973,"08/24":2.9626973,"08/25":2.917744,"08/26":2.9044693,"08/27":2.9044693,"08/28":2.876898,"08/29":3.313514,"08/30":3.313514,"08/31":3.313514,"09/01":3.2374,"09/02":3.236371,"09/03":3.2117174,"09/04":3.012813,"09/05":2.8962994,"09/06":2.8962994,"09/07":2.8962994,"09/08":2.8962994,"09/09":2.796343,"09/10":2.7494862,"09/11":2.7515252,"09/12":2.6782727,"09/13":2.6782727,"09/14":2.6782727,"09/15":2.6609983,"09/16":2.4621816,"09/17":2.2611232,"09/18":2.2792733,"09/19":2.283314,"09/20":2.283314,"09/21":2.283314,"09/22":2.2883556,"09/23":2.2611232,"09/24":2.3448865,"09/25":2.3832867,"09/26":2.5604827,"09/27":2.5604827,"09/28":2.5604827,"09/29":2.45915,"09/30":2.617315,"10/01":2.4308136,"10/02":2.4308136,"10/03":2.4308136,"10/04":2.4308136,"10/05":2.4308136,"10/06":2.0467825,"10/07":1.9324331,"10/08":1.9344398,"10/09":1.8093504,"10/10":1.7414325,"10/11":1.7414325,"10/12":1.7414325,"10/13":1.6765904,"10/14":1.5680395,"10/15":1.3724468,"10/16":1.1706963,"10/17":1.1282812,"10/18":1.1282812,