{"0":{"01/01":3.008966,"01/02":3.0881119,"01/03":3.1625364,"01/04":3.1238542,"01/05":3.1238542,"01/06":3.1238542,"01/07":3.1238542,"01/08":3.102603,"01/09":3.0533514,"01/10":2.9078062,"01/11":2.8414392,"01/12":2.8414392,"01/13":2.8414392,"01/14":2.8414392,"01/15":2.371626,"01/16":2.4221282,"01/17":2.7175848,"01/18":2.7588365,"01/19":2.6457183,"01/20":2.6457183,"01/21":2.6457183,"01/22":2.6457183,"01/23":2.6888318,"01/24":2.5548325,"01/25":2.539538,"01/26":2.539538,"01/27":2.539538,"01/28":2.539538,"01/29":2.2166047,"01/30":2.2707615,"01/31":2.073421,"02/01":1.5786805,"02/02":1.3634499,"02/03":1.3634499,"02/04":1.3634499,"02/05":1.5261921,"02/06":1.4204506,"02/07":1.2682947,"02/08":1.3587836,"02/09":1.4513078,"02/10":1.4513078,"02/11":1.4513078,"02/12":1.4952893,"02/13":1.4232502,"02/14":1.4223139,"02/15":1.1770356,"02/16":1.1323985,"02/17":1.1323985,"02/18":1.1323985,"02/19":1.1323985,"02/20":0.8210205,"02/21":0.7886964,"02/22":0.7342592,"02/23":4.9786577,"02/24":4.9786577,"02/25":4.9786577,"02/26":4.979818,"02/27":4.9812984,"02/28":4.976779,"02/29":0.7988582,"03/01":4.990479,"03/02":4.990479,"03/03":4.990479,"03/04":4.994668,"03/05":4.994208,"03/06":4.999456,"03/07":5.004832,"03/08":5.004832,"03/09":5.004832,"03/10":5.004832,"03/11":5.0086803,"03/12":5.004131,"03/13":4.9929576,"03/14":4.9968157,"03/15":4.9910135,"03/16":4.9910135,"03/17":4.9910135,"03/18":4.9910135,"03/19":4.9809856,"03/20":4.982004,"03/21":4.997536,"03/22":4.996224,"03/23":4.996224,"03/24":4.9874544,"03/25":4.9874544,"03/26":4.9864874,"03/27":4.968668,"03/28":4.9869514,"03/29":4.9963107,"03/30":4.9963107,"03/31":4.9548564,"04/01":4.9548564,"04/02":4.947436,"04/03":4.8975177,"04/04":4.9002767,"04/05":4.8750577,"04/06":4.866844,"04/07":4.866844,"04/08":4.864221,"04/09":4.864221,"04/10":4.816659,"04/11":4.8062844,"04/12":4.797002,"04/13":4.786635,"04/14":4.786635,"04/15":4.786635,"04/16":4.786635,"04/17":4.754461,"04/18":4.7310424,"04/19":4.7217855,"04/20":4.714166,"04/21":4.6875153,"04/22":4.6875153,"04/23":4.6875153,"04/24":4.6277833,"04/25":4.6185613,"04/26":4.611513,"04/27":4.5887537,"04/28":4.594173,"04/29":4.594173,"04/30":4.594173,"05/01":4.594173,"05/02":4.542209,"05/03":4.3396463,"05/04":4.3133593,"05/05":4.3133593,"05/06":4.3133593,"05/07":4.3133593,"05/08":4.3332024,"05/09":4.318719,"05/10":4.2817388,"05/11":4.2517624,"05/12":4.1561685,"05/13":4.1561685,"05/14":4.1561685,"05/15":4.111424,"05/16":4.0412555,"05/17":4.0508156,"05/18":4.065689,"05/19":4.0789733,"05/20":4.0789733,"05/21":4.0789733,"05/22":3.9733953,"05/23":4.0614376,"05/24":4.0009418,"05/25":4.0009418,"05/26":3.9490454,"05/27":3.9490454,"05/28":3.9490454,"05/29":3.9479856,"05/30":3.9236639,"05/31":3.8534586,"06/01":3.812897,"06/02":3.803421,"06/03":3.803421,"06/04":3.803421,"06/05":3.7855368,"06/06":3.7624135,"06/07":3.7282834,"06/08":3.8502967,"06/09":3.9226053,"06/10":3.9226053,"06/11":3.9226053,"06/12":3.8455517,"06/13":3.8076313,"06/14":3.8007915,"06/15":3.8434455,"06/16":3.8018453,"06/17":3.8018453,"06/18":3.8018453,"06/19":3.8171089,"06/20":3.8181584,"06/21":3.8213217,"06/22":3.8835247,"06/23":3.9041133,"06/24":3.9041133,"06/25":3.9041133,"06/26":3.8529308,"06/27":3.8086858,"06/28":3.748753,"06/29":3.748753,"06/30":3.7660916,"07/01":3.7660916,"07/02":3.7660916,"07/03":3.754007,"07/04":3.7204132,"07/05":3.6811006,"07/06":3.7135952,"07/07":3.7135952,"07/08":3.7135952,"07/09":3.7135952,"07/10":3.7135952,"07/11":3.5843694,"07/12":3.6334765,"07/13":3.5395207,"07/14":3.4994304,"07/15":3.4994304,"07/16":3.4994304,"07/17":3.380556,"07/18":3.3050427,"07/19":3.298325,"07/20":3.270974,"07/21":3.338114,"07/22":3.338114,"07/23":3.338114,"07/24":3.3003933,"07/25":3.3546703,"07/26":3.305555,"07/27":3.324674,"07/28":3.429805,"07/29":3.429805,"07/30":3.429805,"07/31":3.401281,"08/01":3.3546703,"08/02":3.399724,"08/03":3.5035937,"08/04":3.4807065,"08/05":3.4807065,"08/06":3.4807065,"08/07":3.4163184,"08/08":3.3686445,"08/09":3.3407035,"08/10":3.3153737,"08/11":3.4137268,"08/12":3.4137268,"08/13":3.4137268,"08/14":3.4038715,"08/15":3.4038715,"08/16":3.4038715,"08/17":3.48695,"08/18":3.4568043,"08/19":3.4568043,"08/20":3.4568043,"08/21":3.3945441,"08/22":3.3691628,"08/23":3.2931647,"08/24":3.280775,"08/25":3.3370836,"08/26":3.3370836,"08/27":3.3370836,"08/28":3.2400393,"08/29":3.2318003,"08/30":3.2142944,"08/31":3.2034874,"09/01":3.1603024,"09/02":3.1603024,"09/03":3.1603024,"09/04":3.1459231,"09/05":3.1238546,"09/06":3.1197507,"09/07":2.9933631,"09/08":2.9872396,"09/09":2.9872396,"09/10":2.9872396,"09/11":2.9959142,"09/12":3.0122585,"09/13":2.9265776,"09/14":2.7757795,"09/15":2.854371,"09/16":2.854371,"09/17":2.854371,"09/18":2.8097203,"09/19":2.8097203,"09/20":2.8538625,"09/21":2.866558,"09/22":2.9275925,"09/23":2.9275925,"09/24":2.9275925,"09/25":2.9072337,"09/26":2.9041817,"09/27":2.895023,"09/28":3.1294963,"09/29":3.1294963,"09/30":3.1294963,"10/01":3.1294963,"10/02":3.1294963,"10/03":3.0526414,"10/04":3.097191,"10/05":2.9964254,"10/06":3.2725234,"10/07":3.2725234,"10/08":3.2725234,"10/09":3.4002428,"10/10":3.2890341,"10/11":3.1371946,"10/12":3.1407871,"10/13":3.1500266,"10/14":3.1500266,"10/15":3.1500266,"10/16":3.1644082,"10/17":3.101805,"10/18":3.1782877,"10/19":3.2446783,"10/20":3.2823253,"10/21":3.2823253,"10/22":3.2823253,"10/23":3.3903978,"10/24":3.3903978,"10/25":3.3407035,"10/26":3.4677145,"10/27":3.3629525,"10/28":3.3629525,"10/29":3.3629525,"10/30":3.3138213,"10/31":3.3133042,"11/01":3.3112397,"11/02":3.1721163,"11/03":3.107955,"11/04":3.107955,"11/05":3.107955,"11/06":2.9857066,"11/07":2.9433846,"11/08":2.8711321,"11/09":2.87215,"11/10":2.9362524,"11/11":2.9362524,"11/12":2.9362524,"11/13":2.8889222,"11/14":2.8889222,"11/15":2.660096,"11/16":2.6268466,"11/17":2.5835857,"11/18":2.5835857,"11/19":2.5835857,"11/20":2.6369164,"11/21":2.6273506,"11/22":2.5876076,"11/23":2.584089,"11/24":2.6555583,"11/25":2.6555583,"11/26":2.6555583,"11/27":2.6555583,"11/28":2.6142612,"11/29":2.4917693,"11/30":2.5093048,"12/01":2.4847584,"12/02":2.4847584,"12/03":2.4847584,"12/04":2.273312,"12/05":2.1999047,"12/06":2.1336186,"12/07":2.1257138,"12/08":2.1262085,"12/09":2.1262085,"12/10":2.1262085,"12/11":2.1133716,"12/12":2.1291714,"12/13":2.0734136,"12/14":1.8344711,"12/15":1.6830298,"12/16":1.6830298,"12/17":1.6830298,"12/18":1.6209546,"12/19":1.6069111,"12/20":1.7253033,"12/21":1.7082874,"12/22":1.6674947,"12/23":1.6674947,"12/24":1.6674947,"12/25":1.6674947,"12/26":1.5982006,"12/27":1.5672462,"12/28":1.5223314,"12/29":1.4500527,"12/30":1.4500527,"12/31":1.4500527},"2023":{"02/23":9.188004,"02/24":9.188004,"02/25":9.188004,"02/26":9.217997,"02/27":9.2560005,"02/28":9.139004,"03/01":9.484997,"03/02":9.484997,"03/03":9.484997,"03/04":9.586,"03/05":9.575005,"03/06":9.699001,"03/07":9.822998,"03/08":9.822998,"03/09":9.822998,"03/10":9.822998,"03/11":9.910002,"03/12":9.806995,"03/13":9.545002,"03/14":9.637003,"03/15":9.497995,"03/16":9.497995,"03/17":9.497995,"03/18":9.497995,"03/19":9.247999,"03/20":9.273996,"03/21":9.653997,"03/22":9.623003,"03/23":9.623003,"03/24":9.605464,"03/25":9.605464,"03/26":9.582464,"03/27":9.728776,"03/28":10.134514,"03/29":10.153233,"03/30":10.153233,"03/31":10.109265,"04/01":10.109265,"04/02":9.948469,"04/03":9.848633,"04/04":9.909498,"04/05":9.803713,"04/06":9.787286,"04/07":9.787286,"04/08":9.728442,"04/09":9.728442,"04/10":9.633318,"04/11":9.612569,"04/12":9.594004,"04/13":9.57327,"04/14":9.57327,"04/15":9.57327,"04/16":9.57327,"04/17":9.508922,"04/18":9.462085,"04/19":9.443571,"04/20":9.428332,"04/21":9.3750305,"04/22":9.3750305,"04/23":9.3750305,"04/24":9.255567,"04/25":9.237123,"04/26":9.223026,"04/27":9.177507,"04/28":9.188346,"04/29":9.188346,"04/30":9.188346,"05/01":9.188346,"05/02":9.084418,"05/03":8.679293,"05/04":8.6267185,"05/05":8.6267185,"05/06":8.6267185,"05/07":8.6267185,"05/08":8.666405,"05/09":8.637438,"05/10":8.5634775,"05/11":8.503525,"05/12":8.312337,"05/13":8.312337,"05/14":8.312337,"05/15":8.222848,"05/16":8.082511,"05/17":8.101631,"05/18":8.131378,"05/19":8.157947,