{"0":{"01/01":7.186633,"01/02":7.1938734,"01/03":7.1907663,"01/04":7.1907663,"01/05":7.1907663,"01/06":7.1628447,"01/07":7.1649146,"01/08":7.2611628,"01/09":7.3513503,"01/10":7.5124154,"01/11":7.5124154,"01/12":7.5124154,"01/13":8.082604,"01/14":7.877893,"01/15":7.7805448,"01/16":7.4385767,"01/17":7.620754,"01/18":7.620754,"01/19":7.620754,"01/20":7.5009737,"01/21":7.643702,"01/22":7.5353174,"01/23":7.330604,"01/24":7.3939056,"01/25":7.3939056,"01/26":7.3939056,"01/27":7.4739213,"01/28":7.470807,"01/29":7.316086,"01/30":7.272554,"01/31":7.0863924,"02/01":7.0863924,"02/02":7.0863924,"02/03":7.129773,"02/04":6.876184,"02/05":6.753945,"02/06":6.823758,"02/07":6.9523363,"02/08":6.9523363,"02/09":6.9523363,"02/10":7.138042,"02/11":7.403255,"02/12":7.3721037,"02/13":7.2963915,"02/14":7.544691,"02/15":7.544691,"02/16":7.544691,"02/17":7.4458513,"02/18":7.4458513,"02/19":7.4458513,"02/20":7.405335,"02/21":7.525945,"02/22":7.525945,"02/23":7.525945,"02/24":7.5592713,"02/25":7.6259756,"02/26":7.6259756,"02/27":7.68649,"02/28":8.072084,"03/01":8.072084,"03/02":8.072084,"03/03":8.023739,"03/04":8.023739,"03/05":7.7167773,"03/06":7.3897567,"03/07":7.448974,"03/08":7.448974,"03/09":7.448974,"03/10":7.4843254,"03/11":7.356545,"03/12":7.3420196,"03/13":7.4500146,"03/14":7.4500146,"03/15":7.4500146,"03/16":7.4500146,"03/17":7.1938734,"03/18":6.8247876,"03/19":6.4633336,"03/20":6.274885,"03/21":6.103312,"03/22":6.103312,"03/23":6.103312,"03/24":5.9029984,"03/25":5.9828324,"03/26":5.863627,"03/27":5.653165,"03/28":5.6471367,"03/29":5.6471367,"03/30":5.6471367,"03/31":5.6069593,"04/01":5.6069593,"04/02":5.299583,"04/03":5.3175607,"04/04":5.503629,"04/05":5.503629,"04/06":5.503629,"04/07":5.890876,"04/08":5.5637984,"04/09":5.592903,"04/10":5.592903,"04/11":5.4125113,"04/12":5.4125113,"04/13":5.4125113,"04/14":5.4125113,"04/15":5.4125113,"04/16":4.8671107,"04/17":4.671434,"04/18":5.3922195,"04/19":5.3922195,"04/20":5.3922195,"04/21":5.3960824,"04/22":5.3960824,"04/23":5.3960824,"04/24":5.3948116,"04/25":5.392838,"04/26":5.3859286,"04/27":5.3859286,"04/28":5.3865056,"04/29":5.362157,"04/30":5.3557763,"05/01":5.3557763,"05/02":5.3398266,"05/03":5.334511,"05/04":5.334511,"05/05":5.337193,"05/06":5.310397,"05/07":5.305823,"05/08":5.295781,"05/09":5.2897196,"05/10":5.2823086,"05/11":5.2823086,"05/12":5.2823086,"05/13":5.2558565,"05/14":5.2610006,"05/15":5.2609386,"05/16":5.259612,"05/17":5.253188,"05/18":5.253188,"05/19":5.2517257,"05/20":5.2469263,"05/21":5.2178774,"05/22":5.208501,"05/23":5.2105637,"05/24":5.193463,"05/25":5.193463,"05/26":5.197133,"05/27":5.171131,"05/28":5.165865,"05/29":5.1611996,"05/30":5.1494513,"05/31":5.142512,"06/01":5.142512,"06/02":5.1433787,"06/03":5.1178145,"06/04":5.111414,"06/05":5.110593,"06/06":5.1042547,"06/07":5.0973063,"06/08":5.0973063,"06/09":5.095501,"06/10":5.0701747,"06/11":5.062513,"06/12":5.0527563,"06/13":5.04244,"06/14":5.0360675,"06/15":5.0360675,"06/16":5.042079,"06/17":5.0419755,"06/18":5.0048347,"06/19":4.991558,"06/20":4.9885736,"06/21":4.9816766,"06/22":4.9816766,"06/23":4.982084,"06/24":4.9626193,"06/25":4.955584,"06/26":4.9486556,"06/27":4.9422665,"06/28":4.935346,"06/29":4.935346,"06/30":4.935346,"07/01":4.90821,"07/02":4.9023623,"07/03":4.89492,"07/04":4.888012,"07/05":4.8821645,"07/06":4.8821645,"07/07":4.8821645,"07/08":4.8627653,"07/09":4.855115,"07/10":4.8472133,"07/11":4.8380485,"07/12":4.8311505,"07/13":4.8311505,"07/14":4.831403,"07/15":4.8098335,"07/16":4.8102417,"07/17":4.813069,"07/18":4.793596,"07/19":4.7866864,"07/20":4.7866864,"07/21":4.7922335,"07/22":4.7628427,"07/23":4.7579355,"07/24":4.7484093,"07/25":4.742451,"07/26":4.7286844,"07/27":4.7286844,"07/28":4.7263274,"07/29":4.7040014,"07/30":4.698639,"07/31":4.68918,"08/01":4.679496,"08/02":4.673167,"08/03":4.673167,"08/04":4.683148,"08/05":4.6564636,"08/06":4.6397114,"08/07":4.636285,"08/08":4.626439,"08/09":4.619602,"08/10":4.619602,"08/11":4.620325,"08/12":4.5885334,"08/13":4.58354,"08/14":4.5834475,"08/15":4.5834475,"08/16":4.5676637,"08/17":4.5676637,"08/18":4.564023,"08/19":4.539149,"08/20":4.535729,"08/21":4.526171,"08/22":4.516059,"08/23":4.50978,"08/24":4.50978,"08/25":4.5078382,"08/26":4.4776154,"08/27":4.471366,"08/28":4.468873,"08/29":4.4578156,"08/30":4.450537,"08/31":4.450537,"09/01":4.453777,"09/02":4.430191,"09/03":4.4283724,"09/04":4.426241,"09/05":4.4297614,"09/06":4.4177155,"09/07":4.4177155,"09/08":4.4177155,"09/09":4.3933835,"09/10":4.3886547,"09/11":4.3852324,"09/12":4.3794723,"09/13":4.3731837,"09/14":4.3731837,"09/15":4.3737025,"09/16":4.349542,"09/17":4.346962,"09/18":4.3441963,"09/19":4.329646,"09/20":4.323353,"09/21":4.323353,"09/22":4.323507,"09/23":4.2988644,"09/24":4.2886477,"09/25":4.280277,"09/26":4.2684155,"09/27":4.2616324,"09/28":4.2616324,"09/29":4.264408,"09/30":4.235502,"10/01":4.1998024,"10/02":4.1998024,"10/03":4.275623,"10/04":4.3758287,"10/05":4.3758287,"10/06":4.3858824,"10/07":4.3965273,"10/08":4.3095903,"10/09":4.2207875,"10/10":4.2340703,"10/11":4.2508993,"10/12":4.2508993,"10/13":4.253053,"10/14":4.2130113,"10/15":4.1809053,"10/16":4.185099,"10/17":4.198317,"10/18":4.238862,"10/19":4.238862,"10/20":4.243436,"10/21":4.2682433,"10/22":4.248709,"10/23":4.2064404,"10/24":4.2033815,"10/25":4.2439327,"10/26":4.2439327,"10/27":4.2493567,"10/28":4.2535124,"10/29":4.2247853,"10/30":4.2180004,"10/31":4.1895556,"11/01":4.1895556,"11/02":4.1895556,"11/03":4.196436,"11/04":4.1343226,"11/05":4.130117,"11/06":4.1191235,"11/07":4.096883,"11/08":4.0596967,"11/09":4.0596967,"11/10":4.067484,"11/11":4.0664096,"11/12":4.0828643,"11/13":4.085166,"11/14":4.1225457,"11/15":4.1225457,"11/16":4.1225457,"11/17":4.1311326,"11/18":4.073408,"11/19":4.0525384,"11/20":4.0563736,"11/21":4.0574446,"11/22":4.071656,"11/23":4.071656,"11/24":4.07096,"11/25":4.002433,"11/26":4.0230446,"11/27":3.9847984,"11/28":3.9579718,"11/29":3.8510208,"11/30":3.8510208,"12/01":3.8498874,"12/02":3.755606,"12/03":3.7518086,"12/04":3.7045093,"12/05":3.7062838,"12/06":3.7808735,"12/07":3.7808735,"12/08":3.764439,"12/09":3.6939456,"12/10":3.6713142,"12/11":3.6898112,"12/12":3.718768,"12/13":3.6985123,"12/14":3.6985123,"12/15":3.6985123,"12/16":3.6985123,"12/17":3.7026675,"12/18":3.6808655,"12/19":3.724487,"12/20":3.717732,"12/21":3.717732,"12/22":3.717732,"12/23":3.6663406,"12/24":3.6585622,"12/25":3.6585622,"12/26":3.6538951,"12/27":3.6554523,"12/28":3.6554523,"12/29":3.6554523,"12/30":3.6124609,"12/31":3.5747032},"2024":{"04/18":6.1130047,"04/19":6.1130047,"04/20":6.1130047,"04/21":6.5509987,"04/22":6.5509987,"04/23":6.5509987,"04/24":6.7525244,"04/25":6.326873,"04/26":6.313054,"04/27":6.313054,"04/28":6.3770456,"04/29":6.4469347,"04/30":6.4341736,"05/01":6.4341736,"05/02":6.402274,"05/03":6.391642,"05/04":6.391642,"05/05":6.6343684,"05/06":6.3747387,"05/07":6.483846,"05/08":6.0708303,"05/09":6.097049,"05/10":6.0822268,"05/11":6.0822268,"05/12":6.0822268,"05/13":6.029322,"05/14":6.930284,"05/15":7.1442027,"05/16":7.4026084,"05/17":7.389761,"05/18":7.389761,"05/19":7.31498,"05/20":7.0487814,"05/21":7.370806,"05/22":7.2323704,"05/23":7.3389654,"05/24":7.3047633,"05/25":7.3047633,"05/26":7.484017,"05/27":7.441542,"05/28":7.50627,"05/29":7.57304,"05/30":7.3094535,"05/31":7.295575,"06/01":7.295575,"06/02":7.3383574,"06/03":7.3148856,"06/04":7.302084,"06/05":7.548757,"06/06":7.5616984,"06/07":7.5478015,"06/08":7.5478015,"06/09":7.467299,"06/10":7.406199,"06/11":7.3585496,"06/12":7.1828675,"06/13":6.9902716,"06/14":6.977526,"06/15":6.977526,"06/16":7.285345,"06/17":7.2803826,"06/18":7.161363,"06/19":6.7735486,"06/20":6.9810133,"06/21":6.9672194,"06/22":6.9672194,"06/23":6.9890428,"06/24":7.239521,"06/25":7.337358,"06/26":7.4786134,"06/27":7.465835,"06/28":7.4519944,"06/29":7.4519944,"06/30":7.4519944,"07/01":7.397722,"07/02":7.3860273,"07/03":7.3711424,"07/04":7.3573265,"07/05":7.3456316,"07/06":7.3456316,"07/07":7.3456316,"07/08":7.5499105,"07/09":7.5064106,"07/10":7.452036,"07/11":7.321576,"07/12":7.3077807,"07/13":7.3077807,"07/14":7.3186646,"07/15":7.411139,