{"0":{"01/01":7.313962,"01/02":7.262459,"01/03":7.3354464,"01/04":7.3354464,"01/05":7.1868773,"01/06":7.2629385,"01/07":7.1517625,"01/08":6.9296136,"01/09":6.889175,"01/10":6.9682155,"01/11":6.9682155,"01/12":7.110346,"01/13":7.338797,"01/14":7.097194,"01/15":7.029194,"01/16":6.653039,"01/17":6.738065,"01/18":6.738065,"01/19":6.7063613,"01/20":6.2893987,"01/21":6.2923565,"01/22":6.3538156,"01/23":6.0810146,"01/24":6.064753,"01/25":6.064753,"01/26":6.064753,"01/27":6.044825,"01/28":6.2041006,"01/29":6.1461725,"01/30":6.2152677,"01/31":6.1543603,"02/01":6.1543603,"02/02":5.8427763,"02/03":6.4920325,"02/04":6.4295254,"02/05":6.47635,"02/06":6.255544,"02/07":6.408769,"02/08":6.408769,"02/09":6.6035824,"02/10":6.7940536,"02/11":7.0368977,"02/12":7.1188083,"02/13":7.060446,"02/14":7.0922074,"02/15":7.0922074,"02/16":7.3141985,"02/17":7.356043,"02/18":7.42968,"02/19":7.42968,"02/20":7.213083,"02/21":7.3105874,"02/22":7.3105874,"02/23":7.499168,"02/24":7.4820733,"02/25":7.4911237,"02/26":7.5313315,"02/27":7.463118,"02/28":7.731467,"03/01":7.731467,"03/02":7.5105705,"03/03":7.4527783,"03/04":7.1724777,"03/05":7.1363645,"03/06":6.6702285,"03/07":6.65699,"03/08":6.65699,"03/09":6.240688,"03/10":6.5498805,"03/11":6.286847,"03/12":5.9289455,"03/13":5.5820794,"03/14":5.5820794,"03/15":5.5820794,"03/16":5.6792707,"03/17":5.589485,"03/18":5.3940253,"03/19":5.1945148,"03/20":4.471303,"03/21":4.301935,"03/22":4.301935,"03/23":3.6402454,"03/24":3.6496396,"03/25":3.8759906,"03/26":3.8447385,"03/27":3.638208,"03/28":3.546889,"03/29":3.546889,"03/30":3.546889,"03/31":3.4780223,"04/01":3.4780223,"04/02":3.1851559,"04/03":3.2314382,"04/04":3.2603893,"04/05":3.2603893,"04/06":3.2603893,"04/07":3.612928,"04/08":3.4228008,"04/09":3.430549,"04/10":3.430549,"04/11":3.430549,"04/12":3.430549,"04/13":3.430549,"04/14":3.430549,"04/15":3.430549,"04/16":2.6024687,"04/17":2.295583,"04/18":5.1427903,"04/19":5.1427903,"04/20":5.1427903,"04/21":5.1522017,"04/22":5.1522017,"04/23":5.1522017,"04/24":5.1592684,"04/25":5.1564116,"04/26":5.15207,"04/27":5.15207,"04/28":5.1556377,"04/29":5.1345177,"04/30":5.1252766,"05/01":5.1252766,"05/02":5.106264,"05/03":5.0948634,"05/04":5.0948634,"05/05":5.104094,"05/06":5.0665283,"05/07":5.0592723,"05/08":5.041026,"05/09":5.0298166,"05/10":5.0211744,"05/11":5.0211744,"05/12":5.0211744,"05/13":4.9909534,"05/14":5.007292,"05/15":5.006689,"05/16":4.997425,"05/17":4.986548,"05/18":4.986548,"05/19":4.987045,"05/20":4.986509,"05/21":4.9510303,"05/22":4.9281683,"05/23":4.935038,"05/24":4.9138484,"05/25":4.9138484,"05/26":4.918526,"05/27":4.884984,"05/28":4.876202,"05/29":4.8659754,"05/30":4.8513374,"05/31":4.8415875,"06/01":4.8415875,"06/02":4.843094,"06/03":4.808299,"06/04":4.7969446,"06/05":4.7903113,"06/06":4.7753153,"06/07":4.7639737,"06/08":4.7639737,"06/09":4.7590065,"06/10":4.7230196,"06/11":4.7086096,"06/12":4.6928864,"06/13":4.678079,"06/14":4.668445,"06/15":4.668445,"06/16":4.676635,"06/17":4.676171,"06/18":4.634281,"06/19":4.619283,"06/20":4.6140394,"06/21":4.6038785,"06/22":4.6038785,"06/23":4.602035,"06/24":4.576126,"06/25":4.56276,"06/26":4.557796,"06/27":4.5492363,"06/28":4.5390787,"06/29":4.5390787,"06/30":4.5390787,"07/01":4.5043516,"07/02":4.488343,"07/03":4.4696736,"07/04":4.457945,"07/05":4.4494166,"07/06":4.4494166,"07/07":4.4494166,"07/08":4.4302487,"07/09":4.4206076,"07/10":4.4093194,"07/11":4.3992615,"07/12":4.388072,"07/13":4.388072,"07/14":4.38959,"07/15":4.356977,"07/16":4.3583875,"07/17":4.357354,"07/18":4.326708,"07/19":4.315544,"07/20":4.315544,"07/21":4.320138,"07/22":4.290172,"07/23":4.2823896,"07/24":4.270082,"07/25":4.264395,"07/26":4.2442513,"07/27":4.2442513,"07/28":4.2423744,"07/29":4.2111154,"07/30":4.204069,"07/31":4.193587,"08/01":4.1794453,"08/02":4.169414,"08/03":4.169414,"08/04":4.1773157,"08/05":4.1439333,"08/06":4.1211815,"08/07":4.111714,"08/08":4.0969176,"08/09":4.0869465,"08/10":4.0869465,"08/11":4.086396,"08/12":4.047718,"08/13":4.0372133,"08/14":4.0334554,"08/15":4.0334554,"08/16":4.011996,"08/17":4.011996,"08/18":4.010563,"08/19":3.977638,"08/20":3.9734583,"08/21":3.9604034,"08/22":3.9471912,"08/23":3.936769,"08/24":3.936769,"08/25":3.935617,"08/26":3.8965206,"08/27":3.8871918,"08/28":3.8797789,"08/29":3.8654926,"08/30":3.8561807,"08/31":3.8561807,"09/01":3.8595405,"09/02":3.8291957,"09/03":3.8236177,"09/04":3.8191235,"09/05":3.8239894,"09/06":3.805798,"09/07":3.805798,"09/08":3.805798,"09/09":3.778591,"09/10":3.7696898,"09/11":3.7611537,"09/12":3.754479,"09/13":3.7440903,"09/14":3.7440903,"09/15":3.7441714,"09/16":3.718044,"09/17":3.7163243,"09/18":3.7163546,"09/19":3.6962624,"09/20":3.6848152,"09/21":3.6848152,"09/22":3.683401,"09/23":3.6518357,"09/24":3.6389015,"09/25":3.6260567,"09/26":3.6116266,"09/27":3.6002493,"09/28":3.6002493,"09/29":3.600916,"09/30":3.5668945,"10/01":3.5521512,"10/02":3.5521512,"10/03":3.5289428,"10/04":3.5155458,"10/05":3.5155458,"10/06":3.528514,"10/07":3.5016093,"10/08":3.4908347,"10/09":3.4819841,"10/10":3.4753869,"10/11":3.465549,"10/12":3.465549,"10/13":3.4674082,"10/14":3.4345608,"10/15":3.4333093,"10/16":3.4306788,"10/17":3.4247952,"10/18":3.41545,"10/19":3.41545,"10/20":3.4205353,"10/21":3.3909352,"10/22":3.3795233,"10/23":3.3645387,"10/24":3.3521714,"10/25":3.3423429,"10/26":3.3423429,"10/27":3.348731,"10/28":3.3164363,"10/29":3.3131902,"10/30":3.3029923,"10/31":3.2817419,"11/01":3.2817419,"11/02":3.2817419,"11/03":3.2843835,"11/04":3.242882,"11/05":3.2325764,"11/06":3.220116,"11/07":3.2068865,"11/08":3.1965969,"11/09":3.1965969,"11/10":3.201327,"11/11":3.1765165,"11/12":3.1705735,"11/13":3.1599538,"11/14":3.1496558,"11/15":3.1496558,"11/16":3.1496558,"11/17":3.150395,"11/18":3.1109605,"11/19":3.1067219,"11/20":3.112193,"11/21":3.0865698,"11/22":3.0778294,"11/23":3.0778294,"11/24":3.0774345,"11/25":3.0496254,"11/26":3.0487084,"11/27":3.0371096,"11/28":3.0255783,"11/29":3.0158083,"11/30":3.0158083,"12/01":3.0104685,"12/02":2.9784276,"12/03":2.9649873,"12/04":2.959357,"12/05":2.8649755,"12/06":2.9638963,"12/07":2.9638963,"12/08":2.9540431,"12/09":2.8933616,"12/10":2.8655472,"12/11":2.8831434,"12/12":2.9072447,"12/13":2.8032978,"12/14":2.8032978,"12/15":2.80491,"12/16":2.8018336,"12/17":2.904216,"12/18":2.928059,"12/19":3.0567322,"12/20":3.1694307,"12/21":3.1694307,"12/22":3.1718018,"12/23":3.0971544,"12/24":3.1243224,"12/25":3.1243224,"12/26":3.1248696,"12/27":3.116113,"12/28":3.116113,"12/29":3.1146483,"12/30":3.1094391,"12/31":3.0544124},"2024":{"04/18":7.989998,"04/19":7.989998,"04/20":7.989998,"04/21":8.327999,"04/22":8.327999,"04/23":8.327999,"04/24":8.811589,"04/25":8.534662,"04/26":8.525979,"04/27":8.525979,"04/28":8.638967,"04/29":8.784463,"04/30":8.765981,"05/01":8.765981,"05/02":8.727956,"05/03":8.705154,"05/04":8.705154,"05/05":8.973791,"05/06":8.750941,"05/07":8.790359,"05/08":8.450902,"05/09":8.284288,"05/10":8.267004,"05/11":8.267004,"05/12":8.267004,"05/13":8.206562,"05/14":8.947824,"05/15":9.148713,"05/16":9.195531,"05/17":9.173777,"05/18":9.173777,"05/19":9.186725,"05/20":9.172778,"05/21":9.266196,"05/22":9.07725,"05/23":9.25437,"05/24":9.21199,"05/25":9.21199,"05/26":9.329373,"05/27":9.215629,"05/28":9.220938,"05/29":9.215123,"05/30":9.084224,"05/31":9.064724,"06/01":9.064724,"06/02":9.103462,"06/03":8.939459,"06/04":8.91675,"06/05":8.991487,"06/06":8.886334,"06/07":8.863651,"06/08":8.863651,"06/09":8.729728,"06/10":8.520551,"06/11":8.392981,"06/12":8.221832,"06/13":8.072573,"06/14":8.053305,"06/15":8.053305,"06/16":8.305923,"06/17":8.292054,"06/18":8.160182,"06/19":7.988393,"06/20":8.122469,"06/21":8.102147,"06/22":8.102147,"06/23":8.044759,"06/24":8.14002,"06/25":8.113288,"06/26":8.24816,"06/27":8.231041,"06/28":8.210726,"06/29":8.210726,"06/30":8.210726,"07/01":8.141272,"07/02":8.109254,"07/03":8.071916,"07/04":8.048458,"07/05":8.031402,"07/06":8.031402,"07/07":8.031402,"07/08":8.254875,"07/09":8.234675,"07/10":8.195608,"07/11":8.17732,"07/12":8.154941,"07/13":8.154941,"07/14":8.198288,"07/15":8.115663,"07/16":8.156028,"07/17":8.126489,"07/18":8.07069,