{"0":{"01/01":7.4192,"01/02":7.5770144,"01/03":7.5738964,"01/04":7.5738964,"01/05":7.3828096,"01/06":7.261252,"01/07":7.29034,"01/08":7.030359,"01/09":6.951211,"01/10":7.111676,"01/11":7.111676,"01/12":7.199762,"01/13":7.5892386,"01/14":7.3436966,"01/15":7.246831,"01/16":6.8901076,"01/17":7.0713553,"01/18":7.0713553,"01/19":7.049077,"01/20":6.5253587,"01/21":6.670674,"01/22":6.733668,"01/23":6.1651998,"01/24":6.227814,"01/25":6.227814,"01/26":6.227814,"01/27":6.4414673,"01/28":6.6870522,"01/29":6.533459,"01/30":6.6525,"01/31":6.467414,"02/01":6.467414,"02/02":6.0017395,"02/03":6.9223948,"02/04":6.8222985,"02/05":6.777969,"02/06":6.5890803,"02/07":6.717375,"02/08":6.717375,"02/09":6.985074,"02/10":7.253794,"02/11":7.60052,"02/12":7.50841,"02/13":7.2905874,"02/14":7.5388727,"02/15":7.5388727,"02/16":7.850661,"02/17":7.9324355,"02/18":8.038843,"02/19":8.038843,"02/20":7.647083,"02/21":7.7679634,"02/22":7.7679634,"02/23":7.9761,"02/24":7.833319,"02/25":8.144379,"02/26":8.218991,"02/27":8.157678,"02/28":8.544959,"03/01":8.544959,"03/02":8.1197605,"03/03":8.071394,"03/04":7.5627337,"03/05":7.614948,"03/06":6.9478984,"03/07":7.006872,"03/08":7.006872,"03/09":6.4428787,"03/10":7.024654,"03/11":6.581357,"03/12":6.3427224,"03/13":5.853792,"03/14":5.853792,"03/15":5.853792,"03/16":5.904092,"03/17":5.8620286,"03/18":5.7774096,"03/19":5.4194994,"03/20":4.5324993,"03/21":4.363738,"03/22":4.363738,"03/23":3.233634,"03/24":3.2704394,"03/25":3.8272917,"03/26":3.710511,"03/27":3.5043292,"03/28":3.4984236,"03/29":3.4984236,"03/30":3.4984236,"03/31":3.4590633,"04/01":3.4590633,"04/02":3.1579385,"04/03":3.1755505,"04/04":3.3578346,"04/05":3.3578346,"04/06":3.3578346,"04/07":3.7372055,"04/08":3.4167802,"04/09":3.4452934,"04/10":3.4452934,"04/11":3.2685702,"04/12":3.2685702,"04/13":3.2685702,"04/14":3.2685702,"04/15":3.2685702,"04/16":2.7342625,"04/17":2.542565,"04/18":4.327785,"04/19":4.327785,"04/20":4.327785,"04/21":4.3360233,"04/22":4.3360233,"04/23":4.3360233,"04/24":4.336828,"04/25":4.330566,"04/26":4.3236566,"04/27":4.3236566,"04/28":4.324873,"04/29":4.3017297,"04/30":4.295349,"05/01":4.295349,"05/02":4.2793994,"05/03":4.2740836,"05/04":4.2740836,"05/05":4.2791796,"05/06":4.2502885,"05/07":4.246917,"05/08":4.232879,"05/09":4.227208,"05/10":4.2197967,"05/11":4.2197967,"05/12":4.2197967,"05/13":4.193344,"05/14":4.207546,"05/15":4.209661,"05/16":4.210989,"05/17":4.2045655,"05/18":4.2045655,"05/19":4.202372,"05/20":4.194963,"05/21":4.16978,"05/22":4.1591864,"05/23":4.162291,"05/24":4.1451902,"05/25":4.1451902,"05/26":4.1506085,"05/27":4.124704,"05/28":4.120203,"05/29":4.116311,"05/30":4.1021214,"05/31":4.0951824,"06/01":4.0951824,"06/02":4.0964665,"06/03":4.0711837,"06/04":4.0647826,"06/05":4.066487,"06/06":4.060409,"06/07":4.0534606,"06/08":4.0534606,"06/09":4.0508738,"06/10":4.025441,"06/11":4.017451,"06/12":4.006106,"06/13":3.994041,"06/14":3.9876683,"06/15":3.9876683,"06/16":3.9966881,"06/17":3.996536,"06/18":3.9589405,"06/19":3.94199,"06/20":3.941176,"06/21":3.934279,"06/22":3.934279,"06/23":3.9348998,"06/24":3.9183784,"06/25":3.912481,"06/26":3.9071298,"06/27":3.9007406,"06/28":3.8938203,"06/29":3.8938203,"06/30":3.8938203,"07/01":3.866684,"07/02":3.8608367,"07/03":3.8533943,"07/04":3.8464863,"07/05":3.8406389,"07/06":3.8406389,"07/07":3.8406389,"07/08":3.8237114,"07/09":3.8157744,"07/10":3.8074806,"07/11":3.7971754,"07/12":3.7902777,"07/13":3.7902777,"07/14":3.7906353,"07/15":3.770445,"07/16":3.771016,"07/17":3.7749414,"07/18":3.756536,"07/19":3.7496269,"07/20":3.7496269,"07/21":3.7571504,"07/22":3.7263918,"07/23":3.7222068,"07/24":3.71173,"07/25":3.703474,"07/26":3.689707,"07/27":3.689707,"07/28":3.6863744,"07/29":3.6651006,"07/30":3.6601393,"07/31":3.6493897,"08/01":3.6384692,"08/02":3.632141,"08/03":3.632141,"08/04":3.64625,"08/05":3.6188607,"08/06":3.5978305,"08/07":3.5959775,"08/08":3.5845003,"08/09":3.5776634,"08/10":3.5776634,"08/11":3.5787323,"08/12":3.5443985,"08/13":3.5406492,"08/14":3.5437624,"08/15":3.5437624,"08/16":3.527979,"08/17":3.527979,"08/18":3.5226512,"08/19":3.4979305,"08/20":3.495862,"08/21":3.4850202,"08/22":3.473235,"08/23":3.4669561,"08/24":3.4669561,"08/25":3.4639544,"08/26":3.4301496,"08/27":3.4239004,"08/28":3.4241977,"08/29":3.4099514,"08/30":3.4026732,"08/31":3.4026732,"09/01":3.4081438,"09/02":3.3857665,"09/03":3.3864532,"09/04":3.3866515,"09/05":3.391777,"09/06":3.3797314,"09/07":3.3797314,"09/08":3.3797314,"09/09":3.3557522,"09/10":3.3517,"09/11":3.3494756,"09/12":3.3441424,"09/13":3.337854,"09/14":3.337854,"09/15":3.3385816,"09/16":3.3158422,"09/17":3.3148396,"09/18":3.3110542,"09/19":3.2973351,"09/20":3.2910416,"09/21":3.2910416,"09/22":3.2912521,"09/23":3.267185,"09/24":3.255704,"09/25":3.2467282,"09/26":3.2328012,"09/27":3.226018,"09/28":3.226018,"09/29":3.2299507,"09/30":3.2007506,"10/01":3.1676707,"10/02":3.1676707,"10/03":3.243491,"10/04":3.3436966,"10/05":3.3436966,"10/06":3.3571439,"10/07":3.369454,"10/08":3.2828717,"10/09":3.1942558,"10/10":3.2085543,"10/11":3.2253835,"10/12":3.2253835,"10/13":3.2281795,"10/14":3.1876442,"10/15":3.1564684,"10/16":3.1618872,"10/17":3.1751237,"10/18":3.2156687,"10/19":3.2156687,"10/20":3.2215104,"10/21":3.2463183,"10/22":3.2267842,"10/23":3.1842008,"10/24":3.1801322,"10/25":3.2206833,"10/26":3.2206833,"10/27":3.2276073,"10/28":3.2317443,"10/29":3.2047796,"10/30":3.196186,"10/31":3.1671586,"11/01":3.1671586,"11/02":3.1671586,"11/03":3.175914,"11/04":3.112804,"11/05":3.1085982,"11/06":3.0961244,"11/07":3.0735135,"11/08":3.0363271,"11/09":3.0363271,"11/10":3.0463624,"11/11":3.0471404,"11/12":3.0651379,"11/13":3.0668154,"11/14":3.104195,"11/15":3.104195,"11/16":3.104195,"11/17":3.1149173,"11/18":3.0558195,"11/19":3.0364416,"11/20":3.0412083,"11/21":3.040607,"11/22":3.0548186,"11/23":3.0548186,"11/24":3.0539484,"11/25":2.9859064,"11/26":3.0099554,"11/27":2.9716368,"11/28":2.9434357,"11/29":2.836485,"11/30":2.836485,"12/01":2.8350687,"12/02":2.7399023,"12/03":2.7348154,"12/04":2.687516,"12/05":2.692758,"12/06":2.7673478,"12/07":2.7673478,"12/08":2.7466302,"12/09":2.6742253,"12/10":2.649888,"12/11":2.6707072,"12/12":2.7018387,"12/13":2.6815832,"12/14":2.6815832,"12/15":2.6810317,"12/16":2.670048,"12/17":2.6724687,"12/18":2.6553104,"12/19":2.7035804,"12/20":2.696831,"12/21":2.696831,"12/22":2.6981752,"12/23":2.6486115,"12/24":2.6527128,"12/25":2.6527128,"12/26":2.641468,"12/27":2.6430264,"12/28":2.6430264,"12/29":2.6379347,"12/30":2.5907502,"12/31":2.553032},"2024":{"04/18":6.1130047,"04/19":6.1130047,"04/20":6.1130047,"04/21":6.5509987,"04/22":6.5509987,"04/23":6.5509987,"04/24":6.7525244,"04/25":6.326873,"04/26":6.313054,"04/27":6.313054,"04/28":6.3770456,"04/29":6.4469347,"04/30":6.4341736,"05/01":6.4341736,"05/02":6.402274,"05/03":6.391642,"05/04":6.391642,"05/05":6.6343684,"05/06":6.3747387,"05/07":6.483846,"05/08":6.0708303,"05/09":6.097049,"05/10":6.0822268,"05/11":6.0822268,"05/12":6.0822268,"05/13":6.029322,"05/14":6.930284,"05/15":7.1442027,"05/16":7.4026084,"05/17":7.389761,"05/18":7.389761,"05/19":7.31498,"05/20":7.0487814,"05/21":7.370806,"05/22":7.2323704,"05/23":7.3389654,"05/24":7.3047633,"05/25":7.3047633,"05/26":7.484017,"05/27":7.441542,"05/28":7.50627,"05/29":7.57304,"05/30":7.3094535,"05/31":7.295575,"06/01":7.295575,"06/02":7.3383574,"06/03":7.3148856,"06/04":7.302084,"06/05":7.548757,"06/06":7.5616984,"06/07":7.5478015,"06/08":7.5478015,"06/09":7.467299,"06/10":7.406199,"06/11":7.3585496,"06/12":7.1828675,"06/13":6.9902716,"06/14":6.977526,"06/15":6.977526,"06/16":7.285345,"06/17":7.2803826,"06/18":7.161363,"06/19":6.7735486,"06/20":6.9810133,"06/21":6.9672194,"06/22":6.9672194,"06/23":6.9890428,"06/24":7.239521,"06/25":7.337358,"06/26":7.4786134,"06/27":7.465835,"06/28":7.4519944,"06/29":7.4519944,"06/30":7.4519944,"07/01":7.397722,"07/02":7.3860273,"07/03":7.3711424,"07/04":7.3573265,"07/05":7.3456316,"07/06":7.3456316,"07/07":7.3456316,"07/08":7.5499105,"07/09":7.5064106,"07/10":7.452036,"07/11":7.321576,"07/12":7.3077807,"07/13":7.3077807,"07/14":7.3186646,