{"0":{"01/01":9.631697,"01/02":9.71593,"01/03":9.79514,"01/04":9.75397,"01/05":9.75397,"01/06":9.75397,"01/07":9.75397,"01/08":9.731354,"01/09":9.678936,"01/10":9.524033,"01/11":9.453399,"01/12":9.453399,"01/13":9.453399,"01/14":9.453399,"01/15":8.95338,"01/16":9.007129,"01/17":9.321582,"01/18":9.365485,"01/19":9.245095,"01/20":9.245095,"01/21":9.245095,"01/22":9.245095,"01/23":9.290979,"01/24":9.148365,"01/25":9.132088,"01/26":9.132088,"01/27":9.132088,"01/28":9.132088,"01/29":8.788391,"01/30":8.84603,"01/31":8.636003,"02/01":8.109453,"02/02":7.8803854,"02/03":7.8803854,"02/04":7.8803854,"02/05":8.053591,"02/06":7.9410505,"02/07":7.779112,"02/08":7.875419,"02/09":7.9738913,"02/10":7.9738913,"02/11":7.9738913,"02/12":8.0207,"02/13":7.944031,"02/14":7.943034,"02/15":7.6819854,"02/16":7.634479,"02/17":7.634479,"02/18":7.634479,"02/19":7.634479,"02/20":7.303082,"02/21":7.268679,"02/22":7.2107425,"02/23":8.218026,"02/24":8.218026,"02/25":8.218026,"02/26":8.218296,"02/27":8.218651,"02/28":8.217602,"02/29":7.279495,"03/01":8.22106,"03/02":8.22106,"03/03":8.22106,"03/04":8.222272,"03/05":8.222136,"03/06":8.223734,"03/07":8.225471,"03/08":8.225471,"03/09":8.225471,"03/10":8.225471,"03/11":8.226769,"03/12":8.225239,"03/13":8.221768,"03/14":8.222918,"03/15":8.2212105,"03/16":8.2212105,"03/17":8.2212105,"03/18":8.2212105,"03/19":8.2185755,"03/20":8.218823,"03/21":8.223139,"03/22":8.222738,"03/23":8.222738,"03/24":8.213968,"03/25":8.213968,"03/26":8.213678,"03/27":8.19001,"03/28":8.196426,"03/29":8.205786,"03/30":8.205786,"03/31":8.163079,"04/01":8.163079,"04/02":8.160351,"04/03":8.110433,"04/04":8.111412,"04/05":8.087973,"04/06":8.079759,"04/07":8.079759,"04/08":8.078859,"04/09":8.078859,"04/10":8.035513,"04/11":8.025113,"04/12":8.008851,"04/13":7.9985037,"04/14":7.9985037,"04/15":7.9977126,"04/16":7.9954624,"04/17":7.9634275,"04/18":7.940178,"04/19":7.929965,"04/20":7.9223857,"04/21":7.895876,"04/22":7.8990707,"04/23":7.9007835,"04/24":7.840919,"04/25":7.832609,"04/26":7.8245864,"04/27":7.8018537,"04/28":7.8072667,"04/29":7.8103247,"04/30":7.8096313,"05/01":7.8096313,"05/02":7.7602367,"05/03":7.5571146,"05/04":7.5307674,"05/05":7.5307674,"05/06":7.5346065,"05/07":7.532544,"05/08":7.5526214,"05/09":7.5356574,"05/10":7.500539,"05/11":7.470463,"05/12":7.374549,"05/13":7.376636,"05/14":7.379291,"05/15":7.3363123,"05/16":7.2692537,"05/17":7.278721,"05/18":7.2937403,"05/19":7.3071556,"05/20":7.3071556,"05/21":7.311529,"05/22":7.2095222,"05/23":7.2988205,"05/24":7.2445927,"05/25":7.2445927,"05/26":7.1918035,"05/27":7.1941586,"05/28":7.1924944,"05/29":7.1876035,"05/30":7.1603346,"05/31":7.090907,"06/01":7.049711,"06/02":7.0400867,"06/03":7.059209,"06/04":7.0283628,"06/05":7.020179,"06/06":7.002794,"06/07":6.9765563,"06/08":7.1011257,"06/09":7.174949,"06/10":7.175604,"06/11":7.17822,"06/12":7.102282,"06/13":7.0694647,"06/14":7.067465,"06/15":7.111251,"06/16":7.0685472,"06/17":7.0685472,"06/18":7.0728903,"06/19":7.091173,"06/20":7.094543,"06/21":7.098714,"06/22":7.16275,"06/23":7.183945,"06/24":7.1879606,"06/25":7.1894517,"06/26":7.137722,"06/27":7.097001,"06/28":7.0327735,"06/29":7.0327735,"06/30":7.050664,"07/01":7.054746,"07/02":7.0552773,"07/03":7.0497675,"07/04":7.016547,"07/05":6.977948,"07/06":7.011604,"07/07":7.011604,"07/08":7.0159097,"07/09":7.020161,"07/10":7.0207486,"07/11":6.8873124,"07/12":6.94156,"07/13":6.8439565,"07/14":6.8023105,"07/15":6.8085384,"07/16":6.8085384,"07/17":6.6848764,"07/18":6.61481,"07/19":6.600197,"07/20":6.571739,"07/21":6.6415977,"07/22":6.6447034,"07/23":6.6423984,"07/24":6.603218,"07/25":6.6597037,"07/26":6.62785,"07/27":6.647831,"07/28":6.757704,"07/29":6.7650023,"07/30":6.761283,"07/31":6.7341423,"08/01":6.6878443,"08/02":6.734396,"08/03":6.8431277,"08/04":6.8191695,"08/05":6.8095202,"08/06":6.806614,"08/07":6.752032,"08/08":6.695098,"08/09":6.670925,"08/10":6.6444187,"08/11":6.74734,"08/12":6.7492304,"08/13":6.744034,"08/14":6.7398844,"08/15":6.7398844,"08/16":6.7527466,"08/17":6.8399477,"08/18":6.8083057,"08/19":6.8163795,"08/20":6.826358,"08/21":6.765148,"08/22":6.741237,"08/23":6.6630864,"08/24":6.650019,"08/25":6.7094073,"08/26":6.718064,"08/27":6.715968,"08/28":6.615611,"08/29":6.6089773,"08/30":6.5939794,"08/31":6.5825534,"09/01":6.5368958,"09/02":6.5379567,"09/03":6.541417,"09/04":6.5291224,"09/05":6.505762,"09/06":6.4912767,"09/07":6.357714,"09/08":6.351243,"09/09":6.356672,"09/10":6.363952,"09/11":6.3768954,"09/12":6.4157114,"09/13":6.3288865,"09/14":6.168406,"09/15":6.252044,"09/16":6.2646117,"09/17":6.2637873,"09/18":6.2161813,"09/19":6.2217236,"09/20":6.2837663,"09/21":6.2973437,"09/22":6.3626204,"09/23":6.3758984,"09/24":6.3822794,"09/25":6.3709373,"09/26":6.385563,"09/27":6.3646927,"09/28":6.6167707,"09/29":6.6167707,"09/30":6.6094084,"10/01":6.618964,"10/02":6.618964,"10/03":6.500831,"10/04":6.5166645,"10/05":6.409327,"10/06":6.7034326,"10/07":6.691765,"10/08":6.7148685,"10/09":6.8681207,"10/10":6.745567,"10/11":6.580636,"10/12":6.584476,"10/13":6.594349,"10/14":6.606268,"10/15":6.6096907,"10/16":6.622577,"10/17":6.5398774,"10/18":6.6177244,"10/19":6.688597,"10/20":6.7287865,"10/21":6.721655,"10/22":6.707993,"10/23":6.823014,"10/24":6.823014,"10/25":6.770124,"10/26":6.9053016,"10/27":6.7938037,"10/28":6.7938037,"10/29":6.7938037,"10/30":6.741514,"10/31":6.7409635,"11/01":6.738766,"11/02":6.5906982,"11/03":6.522412,"11/04":6.522412,"11/05":6.522412,"11/06":6.3923035,"11/07":6.3472605,"11/08":6.2703633,"11/09":6.2714458,"11/10":6.3396697,"11/11":6.3396697,"11/12":6.3396697,"11/13":6.2892966,"11/14":6.2892966,"11/15":6.0457587,"11/16":6.010371,"11/17":5.9643297,"11/18":5.9643297,"11/19":5.9643297,"11/20":6.0210886,"11/21":6.010908,"11/22":5.96861,"11/23":5.964865,"11/24":6.0409293,"11/25":6.0409293,"11/26":6.0409293,"11/27":6.0409293,"11/28":5.996977,"11/29":5.8666096,"11/30":5.8852725,"12/01":5.859148,"12/02":5.859148,"12/03":5.859148,"12/04":5.6341076,"12/05":5.55598,"12/06":5.4854326,"12/07":5.47702,"12/08":5.477546,"12/09":5.477546,"12/10":5.477546,"12/11":5.463884,"12/12":5.480699,"12/13":5.4213567,"12/14":5.1670523,"12/15":5.005874,"12/16":5.005874,"12/17":5.005874,"12/18":4.939808,"12/19":4.9248614,"12/20":5.0508657,"12/21":5.0327554,"12/22":4.9893403,"12/23":4.9893403,"12/24":4.9893403,"12/25":4.9893403,"12/26":4.9155912,"12/27":4.8826466,"12/28":4.834844,"12/29":4.7579184,"12/30":4.7579184,"12/31":4.7579184},"2023":{"02/23":9.188004,"02/24":9.188004,"02/25":9.188004,"02/26":9.217997,"02/27":9.2560005,"02/28":9.139004,"03/01":9.484997,"03/02":9.484997,"03/03":9.484997,"03/04":9.586,"03/05":9.575005,"03/06":9.699001,"03/07":9.822998,"03/08":9.822998,"03/09":9.822998,"03/10":9.822998,"03/11":9.910002,"03/12":9.806995,"03/13":9.545002,"03/14":9.637003,"03/15":9.497995,"03/16":9.497995,"03/17":9.497995,"03/18":9.497995,"03/19":9.247999,"03/20":9.273996,"03/21":9.653997,"03/22":9.623003,"03/23":9.623003,"03/24":9.605464,"03/25":9.605464,"03/26":9.582464,"03/27":9.728776,"03/28":10.134514,"03/29":10.153233,"03/30":10.153233,"03/31":10.109265,"04/01":10.109265,"04/02":9.948469,"04/03":9.848633,"04/04":9.909498,"04/05":9.803713,"04/06":9.787286,"04/07":9.787286,"04/08":9.728442,"04/09":9.728442,"04/10":9.900357,"04/11":9.879558,"04/12":9.387815,"04/13":9.367121,"04/14":9.367121,"04/15":9.302397,"04/16":9.098242,"04/17":9.034173,"04/18":8.994503,"04/19":8.866655,"04/20":8.851497,"04/21":8.798477,"04/22":9.125523,"04/23":9.269659,"04/24":9.1344185,"04/25":9.190463,"04/26":9.094967,"04/27":9.049501,"04/28":9.060328,"04/29":9.303457,"04/30":9.25186,"05/01":9.25186,"05/02":9.33921,"05/03":8.926225,"05/04":8.87353,"05/05":8.87353,"05/06":9.155895,"05/07":9.010768,"05/08":9.062444,"05/09":8.844783,"05/10":8.926583,"05/11":8.86643,"05/12":8.6746025,"05/13":8.838996,"05/14":9.025049,"05/15":9.069718,"05/16":9.15324,"05/17":9.1617365,"05/18":9.191774,"05/19":9.218605,"05/20":9.218605,"05/21":9.454527,"05/22":9.486116,"05/23":9.664713,"05/24":9.860021,"05/25":9.860021,"05/26":9.754442,"05/27":9.85349,"05/28":9.783864,