{"0":{"07/08":0.91748357,"07/09":0.9154636,"07/10":0.9043748,"07/11":0.8963073,"07/12":0.8963073,"07/13":0.8963073,"07/14":0.8590156,"07/15":0.85095537,"07/16":0.83786386,"07/17":0.8247757,"07/18":0.811691,"07/19":0.811691,"07/20":0.811691,"07/21":0.76943606,"07/22":0.75535893,"07/23":0.7402793,"07/24":0.7241981,"07/25":0.6970786,"07/26":0.6970786,"07/27":0.6970786,"07/28":0.6749896,"07/29":0.6569292,"07/30":0.63787085,"07/31":0.6428835,"08/01":0.6569292,"08/02":0.6569292,"08/03":0.6569292,"08/04":0.51464444,"08/05":0.5016401,"08/06":0.61179215,"08/07":0.60177356,"08/08":0.66194373,"08/09":0.66194373,"08/10":0.66194373,"08/11":0.6188102,"08/12":0.6940716,"08/13":0.65191513,"08/14":0.50964457,"08/15":0.50964457,"08/16":0.50964457,"08/17":0.50964457,"08/18":0.6037714,"08/19":0.7091278,"08/20":0.5817328,"08/21":0.52064687,"08/22":0.63686645,"08/23":0.63686645,"08/24":0.63686645,"08/25":0.6780051,"08/26":0.94976515,"08/27":0.94976515,"08/28":0.8821947,"08/29":1.5140495,"08/30":1.5140495,"08/31":1.5140495,"09/01":1.4650874,"09/02":1.4528567,"09/03":1.438588,"09/04":1.3581442,"09/05":1.2839218,"09/06":1.2839218,"09/07":1.2839218,"09/08":1.2839218,"09/09":1.239247,"09/10":1.2219899,"09/11":1.1844571,"09/12":1.1966329,"09/13":1.1966329,"09/14":1.1966329,"09/15":1.1834514,"09/16":1.2676762,"09/17":1.2108335,"09/18":1.2636083,"09/19":1.2270609,"09/20":1.2270609,"09/21":1.2270609,"09/22":1.1530399,"09/23":1.0922718,"09/24":1.0983434,"09/25":1.0922718,"09/26":1.2250383,"09/27":1.2250383,"09/28":1.2250383,"09/29":1.2006856,"09/30":1.2758032,"10/01":1.0053128,"10/02":1.0053128,"10/03":1.0053128,"10/04":1.0053128,"10/05":1.0053128,"10/06":0.7241981,"10/07":0.5947579,"10/08":0.5757136,"10/09":0.5897405,"10/10":0.5506792,"10/11":0.5506792,"10/12":0.5506792,"10/13":0.37276143,"10/14":0.33586517,"10/15":0.20840687,"10/16":0.15671642,"10/17":0.07928539,"10/18":0.07928539,"10/19":0.07928539,"10/20":-0.032677602,"10/21":-0.032677602,"10/22":-0.032677602,"10/23":0.11500863,"10/24":0.17658813,"10/25":0.17658813,"10/26":0.17658813,"10/27":0.09416776,"10/28":0.12593415,"10/29":-0.06433401,"10/30":0.13884145,"10/31":0.11104233,"11/01":0.11104233,"11/02":0.11104233,"11/03":0.013866818,"11/04":0.031697184,"11/05":0.031697184,"11/06":0.04061948,"11/07":0.07036565,"11/08":0.07036565,"11/09":0.07036565,"11/10":-0.09202046,"11/11":-0.17991935,"11/12":-0.29327527,"11/13":-0.3188643,"11/14":-0.3188643,"11/15":-0.3188643,"11/16":-0.3188643,"11/17":-0.28146195,"11/18":-0.26274085,"11/19":-0.36902797,"11/20":-0.47704396,"11/21":-0.38574108,"11/22":-0.38574108,"11/23":-0.38574108,"11/24":-0.36902797,"11/25":-0.36116156,"11/26":-0.6171226,"11/27":-0.59266645,"11/28":-0.5025481,"11/29":-0.5025481,"11/30":-0.5025481,"12/01":-0.50156635,"12/02":-0.39457813,"12/03":-0.27358174,"12/04":-0.27358174,"12/05":-0.6024466,"12/06":-0.6024466,"12/07":-0.6024466,"12/08":-0.37394032,"12/09":-0.14734736,"12/10":0.031697184,"12/11":-0.16215801,"12/12":-0.3041001,"12/13":-0.3041001,"12/14":-0.3041001,"12/15":-0.13352138,"12/16":0.018817486,"12/17":0.10806071,"12/18":-0.032677602,"12/19":-0.25486708,"12/20":-0.25486708,"12/21":-0.25486708,"12/22":-0.24993359,"12/23":-0.33853996,"12/24":-0.33460918,"12/25":-0.33460918,"12/26":-0.3041001,"12/27":-0.3041001,"12/28":-0.3041001,"12/29":-0.28342476,"12/30":-0.20162533,"12/31":-0.20162533},"2025":{"07/08":0.91748357,"07/09":0.9154636,"07/10":0.9043748,"07/11":0.8963073,"07/12":0.8963073,"07/13":0.8963073,"07/14":0.8590156,"07/15":0.85095537,"07/16":0.83786386,"07/17":0.8247757,"07/18":0.811691,"07/19":0.811691,"07/20":0.811691,"07/21":0.76943606,"07/22":0.75535893,"07/23":0.7402793,"07/24":0.7241981,"07/25":0.6970786,"07/26":0.6970786,"07/27":0.6970786,"07/28":0.6749896,"07/29":0.6569292,"07/30":0.63787085,"07/31":0.6428835,"08/01":0.6569292,"08/02":0.6569292,"08/03":0.6569292,"08/04":0.51464444,"08/05":0.5016401,"08/06":0.61179215,"08/07":0.60177356,"08/08":0.66194373,"08/09":0.66194373,"08/10":0.66194373,"08/11":0.6188102,"08/12":0.6940716,"08/13":0.65191513,"08/14":0.50964457,"08/15":0.50964457,"08/16":0.50964457,"08/17":0.50964457,"08/18":0.6037714,"08/19":0.7091278,"08/20":0.5817328,"08/21":0.52064687,"08/22":0.63686645,"08/23":0.63686645,"08/24":0.63686645,"08/25":0.6780051,"08/26":0.94976515,"08/27":0.94976515,"08/28":0.8821947,"08/29":1.5140495,"08/30":1.5140495,"08/31":1.5140495,"09/01":1.4650874,"09/02":1.4528567,"09/03":1.438588,"09/04":1.3581442,"09/05":1.2839218,"09/06":1.2839218,"09/07":1.2839218,"09/08":1.2839218,"09/09":1.239247,"09/10":1.2219899,"09/11":1.1844571,"09/12":1.1966329,"09/13":1.1966329,"09/14":1.1966329,"09/15":1.1834514,"09/16":1.2676762,"09/17":1.2108335,"09/18":1.2636083,"09/19":1.2270609,"09/20":1.2270609,"09/21":1.2270609,"09/22":1.1530399,"09/23":1.0922718,"09/24":1.0983434,"09/25":1.0922718,"09/26":1.2250383,"09/27":1.2250383,"09/28":1.2250383,"09/29":1.2006856,"09/30":1.2758032,"10/01":1.0053128,"10/02":1.0053128,"10/03":1.0053128,"10/04":1.0053128,"10/05":1.0053128,"10/06":0.7241981,"10/07":0.5947579,"10/08":0.5757136,"10/09":0.5897405,"10/10":0.5506792,"10/11":0.5506792,"10/12":0.5506792,"10/13":0.37276143,"10/14":0.33586517,"10/15":0.20840687,"10/16":0.15671642,"10/17":0.07928539,"10/18":0.07928539,"10/19":0.07928539,"10/20":-0.032677602,"10/21":-0.032677602,"10/22":-0.032677602,"10/23":0.11500863,"10/24":0.17658813,"10/25":0.17658813,"10/26":0.17658813,"10/27":0.09416776,"10/28":0.12593415,"10/29":-0.06433401,"10/30":0.13884145,"10/31":0.11104233,"11/01":0.11104233,"11/02":0.11104233,"11/03":0.013866818,"11/04":0.031697184,"11/05":0.031697184,"11/06":0.04061948,"11/07":0.07036565,"11/08":0.07036565,"11/09":0.07036565,"11/10":-0.09202046,"11/11":-0.17991935,"11/12":-0.29327527,"11/13":-0.3188643,"11/14":-0.3188643,"11/15":-0.3188643,"11/16":-0.3188643,"11/17":-0.28146195,"11/18":-0.26274085,"11/19":-0.36902797,"11/20":-0.47704396,"11/21":-0.38574108,"11/22":-0.38574108,"11/23":-0.38574108,"11/24":-0.36902797,"11/25":-0.36116156,"11/26":-0.6171226,"11/27":-0.59266645,"11/28":-0.5025481,"11/29":-0.5025481,"11/30":-0.5025481,"12/01":-0.50156635,"12/02":-0.39457813,"12/03":-0.27358174,"12/04":-0.27358174,"12/05":-0.6024466,"12/06":-0.6024466,"12/07":-0.6024466,"12/08":-0.37394032,"12/09":-0.14734736,"12/10":0.031697184,"12/11":-0.16215801,"12/12":-0.3041001,"12/13":-0.3041001,"12/14":-0.3041001,"12/15":-0.13352138,"12/16":0.018817486,"12/17":0.10806071,"12/18":-0.032677602,"12/19":-0.25486708,"12/20":-0.25486708,"12/21":-0.25486708,"12/22":-0.24993359,"12/23":-0.33853996,"12/24":-0.33460918,"12/25":-0.33460918,"12/26":-0.3041001,"12/27":-0.3041001,"12/28":-0.3041001,"12/29":-0.28342476,"12/30":-0.20162533,"12/31":-0.20162533}}