{"0":{"01/01":11.095008,"01/02":11.231514,"01/03":11.333345,"01/04":11.245903,"01/05":11.245903,"01/06":11.245903,"01/07":11.245903,"01/08":11.152444,"01/09":11.066312,"01/10":10.935327,"01/11":10.848509,"01/12":10.848509,"01/13":10.848509,"01/14":10.848509,"01/15":10.303153,"01/16":10.322354,"01/17":10.677318,"01/18":10.754695,"01/19":10.548255,"01/20":10.548255,"01/21":10.548255,"01/22":10.548255,"01/23":10.619354,"01/24":10.408349,"01/25":10.345613,"01/26":10.345613,"01/27":10.345613,"01/28":10.345613,"01/29":9.9144535,"01/30":9.891376,"01/31":9.667158,"02/01":9.010813,"02/02":8.680182,"02/03":8.680182,"02/04":8.680182,"02/05":8.732207,"02/06":8.606658,"02/07":8.46381,"02/08":8.439383,"02/09":8.675281,"02/10":8.675281,"02/11":8.675281,"02/12":8.810817,"02/13":8.76462,"02/14":8.762652,"02/15":8.374965,"02/16":8.31646,"02/17":8.31646,"02/18":8.31646,"02/19":8.31646,"02/20":8.119973,"02/21":8.093765,"02/22":8.013277,"02/23":9.738661,"02/24":9.738661,"02/25":9.738661,"02/26":9.739417,"02/27":9.739716,"02/28":9.737284,"02/29":8.070475,"03/01":9.744719,"03/02":9.744719,"03/03":9.744719,"03/04":9.747763,"03/05":9.748699,"03/06":9.749798,"03/07":9.751985,"03/08":9.751985,"03/09":9.751985,"03/10":9.751985,"03/11":9.754735,"03/12":9.75285,"03/13":9.744462,"03/14":9.747566,"03/15":9.744737,"03/16":9.744737,"03/17":9.744737,"03/18":9.744737,"03/19":9.739859,"03/20":9.740113,"03/21":9.746557,"03/22":9.746194,"03/23":9.746194,"03/24":9.73501,"03/25":9.73501,"03/26":9.734897,"03/27":9.708143,"03/28":9.710396,"03/29":9.707029,"03/30":9.707029,"03/31":9.677231,"04/01":9.677231,"04/02":9.674816,"04/03":9.636298,"04/04":9.637592,"04/05":9.614641,"04/06":9.605141,"04/07":9.605141,"04/08":9.603172,"04/09":9.603172,"04/10":9.567402,"04/11":9.560697,"04/12":9.535381,"04/13":9.5325985,"04/14":9.5325985,"04/15":9.532044,"04/16":9.5288315,"04/17":9.496117,"04/18":9.468355,"04/19":9.457867,"04/20":9.444048,"04/21":9.389386,"04/22":9.393375,"04/23":9.39563,"04/24":9.283027,"04/25":9.252319,"04/26":9.247606,"04/27":9.221187,"04/28":9.220636,"04/29":9.224564,"04/30":9.225179,"05/01":9.225179,"05/02":9.1668005,"05/03":8.972718,"05/04":8.904843,"05/05":8.904843,"05/06":8.90907,"05/07":8.904074,"05/08":8.877919,"05/09":8.875689,"05/10":8.850123,"05/11":8.825556,"05/12":8.730776,"05/13":8.733052,"05/14":8.737865,"05/15":8.694605,"05/16":8.640416,"05/17":8.612442,"05/18":8.654991,"05/19":8.689958,"05/20":8.689958,"05/21":8.697556,"05/22":8.60496,"05/23":8.650439,"05/24":8.603269,"05/25":8.603269,"05/26":8.584067,"05/27":8.588082,"05/28":8.584284,"05/29":8.564582,"05/30":8.534082,"05/31":8.5033865,"06/01":8.481009,"06/02":8.429768,"06/03":8.460126,"06/04":8.409877,"06/05":8.39379,"06/06":8.350494,"06/07":8.3013935,"06/08":8.397922,"06/09":8.454793,"06/10":8.4575205,"06/11":8.46173,"06/12":8.403884,"06/13":8.352272,"06/14":8.340753,"06/15":8.385723,"06/16":8.368166,"06/17":8.368166,"06/18":8.3747225,"06/19":8.368754,"06/20":8.348556,"06/21":8.366657,"06/22":8.451426,"06/23":8.473483,"06/24":8.478417,"06/25":8.478622,"06/26":8.42487,"06/27":8.390831,"06/28":8.306349,"06/29":8.306349,"06/30":8.382323,"07/01":8.386832,"07/02":8.389141,"07/03":8.365064,"07/04":8.372509,"07/05":8.31506,"07/06":8.364209,"07/07":8.364209,"07/08":8.369241,"07/09":8.374367,"07/10":8.37274,"07/11":8.180053,"07/12":8.22481,"07/13":8.119221,"07/14":8.101657,"07/15":8.1137,"07/16":8.1137,"07/17":8.00504,"07/18":7.9351907,"07/19":7.920026,"07/20":7.888937,"07/21":7.9233055,"07/22":7.929528,"07/23":7.926421,"07/24":7.861473,"07/25":7.899663,"07/26":7.8521395,"07/27":7.861434,"07/28":7.94744,"07/29":7.9542394,"07/30":7.9484167,"07/31":7.9137683,"08/01":7.868575,"08/02":7.934191,"08/03":8.050675,"08/04":8.01601,"08/05":8.004449,"08/06":8.001189,"08/07":7.93752,"08/08":7.8555775,"08/09":7.81118,"08/10":7.7926254,"08/11":7.8920984,"08/12":7.896175,"08/13":7.8920026,"08/14":7.871687,"08/15":7.871687,"08/16":7.8867416,"08/17":7.9708323,"08/18":7.9059563,"08/19":7.9184475,"08/20":7.928809,"08/21":7.8581276,"08/22":7.816571,"08/23":7.716664,"08/24":7.706264,"08/25":7.7829924,"08/26":7.792323,"08/27":7.7944684,"08/28":7.6690063,"08/29":7.6325564,"08/30":7.6488795,"08/31":7.636837,"09/01":7.576707,"09/02":7.577956,"09/03":7.581397,"09/04":7.5390253,"09/05":7.550488,"09/06":7.570278,"09/07":7.4369545,"09/08":7.407111,"09/09":7.409348,"09/10":7.414707,"09/11":7.407952,"09/12":7.4874034,"09/13":7.399762,"09/14":7.200596,"09/15":7.316019,"09/16":7.3293376,"09/17":7.32768,"09/18":7.2744255,"09/19":7.2774935,"09/20":7.3167453,"09/21":7.336365,"09/22":7.3871083,"09/23":7.4032726,"09/24":7.4072824,"09/25":7.4074864,"09/26":7.4076123,"09/27":7.3785067,"09/28":7.6324654,"09/29":7.6324654,"09/30":7.622985,"10/01":7.6359243,"10/02":7.6359243,"10/03":7.491612,"10/04":7.551998,"10/05":7.455095,"10/06":7.7434916,"10/07":7.7326355,"10/08":7.750175,"10/09":7.910169,"10/10":7.7692966,"10/11":7.6072235,"10/12":7.5934663,"10/13":7.606673,"10/14":7.620554,"10/15":7.620554,"10/16":7.634348,"10/17":7.5715113,"10/18":7.64428,"10/19":7.6763144,"10/20":7.7117023,"10/21":7.7117023,"10/22":7.7117023,"10/23":7.853687,"10/24":7.853687,"10/25":7.805359,"10/26":7.9433413,"10/27":7.8309007,"10/28":7.8309007,"10/29":7.8309007,"10/30":7.77207,"10/31":7.762095,"11/01":7.77207,"11/02":7.608422,"11/03":7.531344,"11/04":7.531344,"11/05":7.531344,"11/06":7.4051633,"11/07":7.3504725,"11/08":7.2893443,"11/09":7.262642,"11/10":7.312799,"11/11":7.312799,"11/12":7.312799,"11/13":7.2343287,"11/14":7.2343287,"11/15":6.981872,"11/16":6.9339104,"11/17":6.887638,"11/18":6.887638,"11/19":6.887638,"11/20":6.952762,"11/21":6.9452195,"11/22":6.9247556,"11/23":6.931214,"11/24":6.978637,"11/25":6.978637,"11/26":6.978637,"11/27":6.978637,"11/28":6.895704,"11/29":6.7872834,"11/30":6.798004,"12/01":6.765865,"12/02":6.765865,"12/03":6.765865,"12/04":6.535561,"12/05":6.4269233,"12/06":6.346639,"12/07":6.32608,"12/08":6.307112,"12/09":6.307112,"12/10":6.307112,"12/11":6.2781615,"12/12":6.301849,"12/13":6.1830935,"12/14":5.9398003,"12/15":5.764132,"12/16":5.764132,"12/17":5.764132,"12/18":5.70531,"12/19":5.670276,"12/20":5.8443146,"12/21":5.812733,"12/22":5.7915263,"12/23":5.7915263,"12/24":5.7915263,"12/25":5.7915263,"12/26":5.670791,"12/27":5.607541,"12/28":5.5664763,"12/29":5.499368,"12/30":5.499368,"12/31":5.499368},"2023":{"02/23":11.434002,"02/24":11.434002,"02/25":11.434002,"02/26":11.483002,"02/27":11.501999,"02/28":11.341,"03/01":11.794996,"03/02":11.794996,"03/03":11.794996,"03/04":11.955004,"03/05":12.002001,"03/06":12.055998,"03/07":12.159996,"03/08":12.159996,"03/09":12.159996,"03/10":12.159996,"03/11":12.285004,"03/12":12.200003,"03/13":11.780996,"03/14":11.945,"03/15":11.795998,"03/16":11.795998,"03/17":11.795998,"03/18":11.795998,"03/19":11.511002,"03/20":11.527004,"03/21":11.892996,"03/22":11.873999,"03/23":11.873999,"03/24":11.85163,"03/25":11.85163,"03/26":11.845633,"03/27":11.935286,"03/28":12.336515,"03/29":12.329783,"03/30":12.329783,"03/31":12.313023,"04/01":12.313023,"04/02":12.208176,"04/03":12.159739,"04/04":12.216617,"04/05":12.099271,"04/06":12.080271,"04/07":12.080271,"04/08":11.989509,"04/09":11.989509,"04/10":12.18085,"04/11":12.167439,"04/12":11.622375,"04/13":11.616807,"04/14":11.616807,"04/15":11.586921,"04/16":11.40463,"04/17":11.3392,"04/18":11.31255,"04/19":11.158647,"04/20":11.13101,"04/21":11.021687,"04/22":11.274069,"04/23":11.403249,"04/24":11.213473,"04/25":11.221885,"04/26":11.134013,"04/27":11.081175,"04/28":11.080073,"04/29":11.30195,"04/30":11.334636,"05/01":11.334636,"05/02":11.462247,"05/03":11.177381,"05/04":11.041632,"05/05":11.041632,"05/06":11.25138,"05/07":11.001259,"05/08":11.035104,"05/09":10.859146,"05/10":11.036245,"05/11":10.987111,"05/12":10.79755,"05/13":10.916315,"05/14":11.14896,"05/15":11.242417,"05/16":11.430806,"05/17":11.347861,"05/18":11.4329605,"05/19":11.5028925,"05/20":11.5028925,"05/21":11.790193,"05/22":11.859124,"05/23":11.950082,"05/24":12.159075,"05/25":12.159075,"05/26":12.120671,"05/27":12.245892,