{"0":{"07/08":1.2403028,"07/09":1.2382764,"07/10":1.227152,"07/11":1.2190588,"07/12":1.2190588,"07/13":1.2190588,"07/14":1.1816478,"07/15":1.1735617,"07/16":1.1604283,"07/17":1.1472983,"07/18":1.1341717,"07/19":1.1341717,"07/20":1.1341717,"07/21":1.0917816,"07/22":1.0776595,"07/23":1.0625316,"07/24":1.046399,"07/25":1.0191927,"07/26":1.0191927,"07/27":1.0191927,"07/28":0.99703306,"07/29":0.97891486,"07/30":0.9597956,"07/31":0.96482426,"08/01":0.97891486,"08/02":0.97891486,"08/03":0.97891486,"08/04":0.836175,"08/05":0.82312906,"08/06":0.93363345,"08/07":0.9235828,"08/08":0.9839454,"08/09":0.9839454,"08/10":0.9839454,"08/11":0.94067395,"08/12":1.0161761,"08/13":0.9738848,"08/14":0.8311592,"08/15":0.8311592,"08/16":0.8311592,"08/17":0.8311592,"08/18":0.92558706,"08/19":1.0312804,"08/20":0.90347797,"08/21":0.84219664,"08/22":0.958788,"08/23":0.958788,"08/24":0.958788,"08/25":1.0000582,"08/26":1.2726876,"08/27":1.2726876,"08/28":1.204901,"08/29":1.838777,"08/30":1.838777,"08/31":1.838777,"09/01":1.7896583,"09/02":1.7773885,"09/03":1.763074,"09/04":1.6823729,"09/05":1.6079131,"09/06":1.6079131,"09/07":1.6079131,"09/08":1.6079131,"09/09":1.5630953,"09/10":1.5457832,"09/11":1.5081303,"09/12":1.520345,"09/13":1.520345,"09/14":1.520345,"09/15":1.5071214,"09/16":1.5916157,"09/17":1.5345911,"09/18":1.5875348,"09/19":1.5508704,"09/20":1.5508704,"09/21":1.5508704,"09/22":1.4766127,"09/23":1.4156501,"09/24":1.4217411,"09/25":1.4156501,"09/26":1.5488412,"09/27":1.5488412,"09/28":1.5488412,"09/29":1.5244107,"09/30":1.5997686,"10/01":1.3284129,"10/02":1.3284129,"10/03":1.3284129,"10/04":1.3284129,"10/05":1.3284129,"10/06":1.046399,"10/07":0.91654474,"10/08":0.8974395,"10/09":0.9115113,"10/10":0.87232506,"10/11":0.87232506,"10/12":0.87232506,"10/13":0.6938381,"10/14":0.6568238,"10/15":0.5289578,"10/16":0.477102,"10/17":0.3994233,"10/18":0.3994233,"10/19":0.3994233,"10/20":0.28710216,"10/21":0.28710216,"10/22":0.28710216,"10/23":0.4352608,"10/24":0.4970373,"10/25":0.4970373,"10/26":0.4970373,"10/27":0.41435328,"10/28":0.4462213,"10/29":0.25534448,"10/30":0.45916986,"10/31":0.43128183,"11/01":0.43128183,"11/02":0.43128183,"11/03":0.33379546,"11/04":0.35168287,"11/05":0.35168287,"11/06":0.3606337,"11/07":0.39047503,"11/08":0.39047503,"11/09":0.39047503,"11/10":0.22756948,"11/11":0.13938941,"11/12":0.025670884,"11/13":0.0,"11/14":0.0,"11/15":0.0,"11/16":0.0,"11/17":0.0,"11/18":0.0,"11/19":0.0,"11/20":0.0,"11/21":0.0,"11/22":0.0,"11/23":0.0,"11/24":0.0,"11/25":0.0,"11/26":0.0,"11/27":0.0,"11/28":0.0,"11/29":0.0,"11/30":0.0,"12/01":0.0,"12/02":0.0,"12/03":0.0,"12/04":0.0,"12/05":0.0,"12/06":0.0,"12/07":0.0,"12/08":0.0,"12/09":0.0,"12/10":0.0,"12/11":0.0,"12/12":0.0,"12/13":0.0,"12/14":0.0,"12/15":0.0,"12/16":0.0,"12/17":0.0,"12/18":0.0,"12/19":0.0,"12/20":0.0,"12/21":0.0,"12/22":0.0,"12/23":0.0,"12/24":0.0,"12/25":0.0,"12/26":0.0,"12/27":0.0,"12/28":0.0,"12/29":0.0,"12/30":0.0,"12/31":0.0},"2025":{"07/08":1.2403028,"07/09":1.2382764,"07/10":1.227152,"07/11":1.2190588,"07/12":1.2190588,"07/13":1.2190588,"07/14":1.1816478,"07/15":1.1735617,"07/16":1.1604283,"07/17":1.1472983,"07/18":1.1341717,"07/19":1.1341717,"07/20":1.1341717,"07/21":1.0917816,"07/22":1.0776595,"07/23":1.0625316,"07/24":1.046399,"07/25":1.0191927,"07/26":1.0191927,"07/27":1.0191927,"07/28":0.99703306,"07/29":0.97891486,"07/30":0.9597956,"07/31":0.96482426,"08/01":0.97891486,"08/02":0.97891486,"08/03":0.97891486,"08/04":0.836175,"08/05":0.82312906,"08/06":0.93363345,"08/07":0.9235828,"08/08":0.9839454,"08/09":0.9839454,"08/10":0.9839454,"08/11":0.94067395,"08/12":1.0161761,"08/13":0.9738848,"08/14":0.8311592,"08/15":0.8311592,"08/16":0.8311592,"08/17":0.8311592,"08/18":0.92558706,"08/19":1.0312804,"08/20":0.90347797,"08/21":0.84219664,"08/22":0.958788,"08/23":0.958788,"08/24":0.958788,"08/25":1.0000582,"08/26":1.2726876,"08/27":1.2726876,"08/28":1.204901,"08/29":1.838777,"08/30":1.838777,"08/31":1.838777,"09/01":1.7896583,"09/02":1.7773885,"09/03":1.763074,"09/04":1.6823729,"09/05":1.6079131,"09/06":1.6079131,"09/07":1.6079131,"09/08":1.6079131,"09/09":1.5630953,"09/10":1.5457832,"09/11":1.5081303,"09/12":1.520345,"09/13":1.520345,"09/14":1.520345,"09/15":1.5071214,"09/16":1.5916157,"09/17":1.5345911,"09/18":1.5875348,"09/19":1.5508704,"09/20":1.5508704,"09/21":1.5508704,"09/22":1.4766127,"09/23":1.4156501,"09/24":1.4217411,"09/25":1.4156501,"09/26":1.5488412,"09/27":1.5488412,"09/28":1.5488412,"09/29":1.5244107,"09/30":1.5997686,"10/01":1.3284129,"10/02":1.3284129,"10/03":1.3284129,"10/04":1.3284129,"10/05":1.3284129,"10/06":1.046399,"10/07":0.91654474,"10/08":0.8974395,"10/09":0.9115113,"10/10":0.87232506,"10/11":0.87232506,"10/12":0.87232506,"10/13":0.6938381,"10/14":0.6568238,"10/15":0.5289578,"10/16":0.477102,"10/17":0.3994233,"10/18":0.3994233,"10/19":0.3994233,"10/20":0.28710216,"10/21":0.28710216,"10/22":0.28710216,"10/23":0.4352608,"10/24":0.4970373,"10/25":0.4970373,"10/26":0.4970373,"10/27":0.41435328,"10/28":0.4462213,"10/29":0.25534448,"10/30":0.45916986,"10/31":0.43128183,"11/01":0.43128183,"11/02":0.43128183,"11/03":0.33379546,"11/04":0.35168287,"11/05":0.35168287,"11/06":0.3606337,"11/07":0.39047503,"11/08":0.39047503,"11/09":0.39047503,"11/10":0.22756948,"11/11":0.13938941,"11/12":0.025670884,"11/13":0.0,"11/14":0.0,"11/15":0.0,"11/16":0.0,"11/17":0.0,"11/18":0.0,"11/19":0.0,"11/20":0.0,"11/21":0.0,"11/22":0.0,"11/23":0.0,"11/24":0.0,"11/25":0.0,"11/26":0.0,"11/27":0.0,"11/28":0.0,"11/29":0.0,"11/30":0.0,"12/01":0.0,"12/02":0.0,"12/03":0.0,"12/04":0.0,"12/05":0.0,"12/06":0.0,"12/07":0.0,"12/08":0.0,"12/09":0.0,"12/10":0.0,"12/11":0.0,"12/12":0.0,"12/13":0.0,"12/14":0.0,"12/15":0.0,"12/16":0.0,"12/17":0.0,"12/18":0.0,"12/19":0.0,"12/20":0.0,"12/21":0.0,"12/22":0.0,"12/23":0.0,"12/24":0.0,"12/25":0.0,"12/26":0.0,"12/27":0.0,"12/28":0.0,"12/29":0.0,"12/30":0.0,"12/31":0.0}}