{"0":{"01/01":-4.1767592,"01/02":-4.49085,"01/03":-4.49085,"01/04":-4.49085,"01/05":-4.2022257,"01/06":-3.947884,"01/07":-3.8881228,"01/08":-3.216178,"01/09":-2.6712344,"01/10":-2.6712344,"01/11":-2.6712344,"01/12":-2.831581,"01/13":-2.7218273,"01/14":-2.5181801,"01/15":-2.5181801,"01/16":-2.6030505,"01/17":-2.6030505,"01/18":-2.6030505,"01/19":-2.4429364,"01/20":-1.5906079,"01/21":-1.3261883,"01/22":-1.7277384,"01/23":-1.187934,"01/24":-1.187934,"01/25":-1.187934,"01/26":-1.187934,"01/27":-1.1809107,"01/28":-1.6572307,"01/29":-1.6572307,"01/30":-1.6224369,"01/31":-1.6224369,"02/01":-1.6224369,"02/02":-1.1628501,"02/03":-2.9875274,"02/04":-3.1680274,"02/05":-2.672209,"02/06":-2.882969,"02/07":-2.882969,"02/08":-2.882969,"02/09":-3.40159,"02/10":-3.5776844,"02/11":-3.6626399,"02/12":-3.291196,"02/13":-2.4742167,"02/14":-2.4742167,"02/15":-2.4742167,"02/16":-2.9904232,"02/17":-3.1805496,"02/18":-3.3852835,"02/19":-3.3852835,"02/20":-2.7626493,"02/21":-2.7626493,"02/22":-2.7626493,"02/23":-3.084139,"02/24":-2.661505,"02/25":-2.823818,"02/26":-2.9739866,"02/27":-2.2086456,"02/28":-2.2086456,"03/01":-2.2086456,"03/02":-1.6124967,"03/03":-1.6124967,"03/04":-0.6685308,"03/05":-1.602545,"03/06":-0.9082395,"03/07":-0.9082395,"03/08":-0.9082395,"03/09":0.30508062,"03/10":-0.46637148,"03/11":0.45935845,"03/12":1.1337574,"03/13":2.415162,"03/14":2.415162,"03/15":2.415162,"03/16":1.8833573,"03/17":1.5368319,"03/18":1.0791324,"03/19":1.0791324,"03/20":2.9579804,"03/21":2.9579804,"03/22":2.9579804,"03/23":4.7521734,"03/24":3.680818,"03/25":2.6961515,"03/26":2.6961515,"03/27":4.173582,"03/28":4.173582,"03/29":4.173582,"03/30":4.173582,"03/31":5.7021894,"04/01":5.7021894,"04/02":4.9102635,"04/03":4.9102635,"04/04":4.9102635,"04/05":4.9102635,"04/06":3.8877923,"04/07":3.2496276,"04/08":0.6692678,"04/09":1.1884414,"04/10":0.50707865,"04/11":0.50707865,"04/12":0.50707865,"04/13":1.1337574,"04/14":1.1337574,"04/15":0.0,"04/16":0.0,"04/17":0.0,"04/18":0.0,"04/19":0.0,"04/20":0.0,"04/21":0.0,"04/22":0.0,"04/23":0.0,"04/24":0.0,"04/25":0.0,"04/26":0.0,"04/27":0.0,"04/28":0.0,"04/29":0.0,"04/30":0.0,"05/01":0.0,"05/02":0.0,"05/03":0.0,"05/04":0.0,"05/05":0.0,"05/06":0.0,"05/07":0.0,"05/08":0.0,"05/09":0.0,"05/10":0.0,"05/11":0.0,"05/12":0.0,"05/13":0.0,"05/14":0.0,"05/15":0.0,"05/16":0.0,"05/17":0.0,"05/18":0.0,"05/19":0.0,"05/20":0.0,"05/21":0.0,"05/22":0.0,"05/23":0.0,"05/24":0.0,"05/25":0.0,"05/26":0.0,"05/27":0.0,"05/28":0.0,"05/29":0.0,"05/30":0.0,"05/31":0.0,"06/01":0.0,"06/02":0.0,"06/03":0.0,"06/04":0.0,"06/05":0.0,"06/06":0.0,"06/07":0.0,"06/08":0.0,"06/09":0.0,"06/10":0.0,"06/11":0.0,"06/12":0.0,"06/13":0.0,"06/14":0.0,"06/15":0.0,"06/16":0.0,"06/17":0.0,"06/18":0.0,"06/19":0.0,"06/20":0.0,"06/21":0.0,"06/22":0.0,"06/23":0.0,"06/24":0.0,"06/25":0.0,"06/26":0.0,"06/27":0.0,"06/28":0.0,"06/29":0.0,"06/30":0.0,"07/01":0.0,"07/02":0.0,"07/03":0.0,"07/04":0.0,"07/05":0.0,"07/06":0.0,"07/07":0.0,"07/08":0.0,"07/09":0.0,"07/10":0.0,"07/11":0.0,"07/12":0.0,"07/13":0.0,"07/14":0.0,"07/15":0.0,"07/16":0.0,"07/17":0.0,"07/18":0.0,"07/19":0.0,"07/20":0.0,"07/21":0.0,"07/22":0.0,"07/23":0.0,"07/24":0.0,"07/25":0.0,"07/26":0.0,"07/27":0.0,"07/28":0.0,"07/29":0.0,"07/30":0.0,"07/31":0.0,"08/01":0.0,"08/02":0.0,"08/03":0.0,"08/04":0.0,"08/05":0.0,"08/06":0.0,"08/07":0.0,"08/08":0.0,"08/09":0.0,"08/10":0.0,"08/11":0.0,"08/12":0.0,"08/13":0.0,"08/14":0.0,"08/15":0.0,"08/16":0.0,"08/17":0.0,"08/18":0.0,"08/19":0.0,"08/20":0.0,"08/21":0.0,"08/22":0.0,"08/23":0.0,"08/24":0.0,"08/25":0.0,"08/26":0.0,"08/27":0.0,"08/28":0.0,"08/29":0.0,"08/30":0.0,"08/31":0.0,"09/01":0.0,"09/02":0.0,"09/03":0.0,"09/04":0.0,"09/05":0.0,"09/06":0.0,"09/07":0.0,"09/08":0.0,"09/09":0.0,"09/10":0.0,"09/11":0.0,"09/12":0.0,"09/13":0.0,"09/14":0.0,"09/15":0.0,"09/16":0.0,"09/17":0.0,"09/18":0.0,"09/19":0.0,"09/20":0.0,"09/21":0.0,"09/22":0.0,"09/23":0.0,"09/24":0.0,"09/25":0.0,"09/26":0.0,"09/27":0.0,"09/28":0.0,"09/29":0.0,"09/30":0.0,"10/01":-1.3399982,"10/02":-1.3399982,"10/03":-1.3399982,"10/04":-1.3399982,"10/05":-1.3399982,"10/06":-1.3390237,"10/07":-1.3365918,"10/08":-1.3375665,"10/09":-1.3404855,"10/10":-1.3463225,"10/11":-1.3463225,"10/12":-1.3463225,"10/13":-1.3628563,"10/14":-1.3686926,"10/15":-1.3740363,"10/16":-1.376951,"10/17":-1.3827792,"10/18":-1.3827792,"10/19":-1.3827792,"10/20":-1.3958948,"10/21":-1.3958948,"10/22":-1.3958948,"10/23":-1.4128805,"10/24":-1.4187002,"10/25":-1.4187002,"10/26":-1.4187002,"10/27":-1.4376069,"10/28":-1.6095346,"10/29":-1.5039157,"10/30":-1.512612,"10/31":-1.5188915,"11/01":-1.5188915,"11/02":-1.5188915,"11/03":-1.534346,"11/04":-1.5328958,"11/05":-1.5328958,"11/06":-1.5280704,"11/07":-1.5333792,"11/08":-1.5333792,"11/09":-1.5333792,"11/10":-1.5681127,"11/11":-1.5960566,"11/12":-1.5690781,"11/13":-1.6066477,"11/14":-1.6066477,"11/15":-1.6066477,"11/16":-1.6066477,"11/17":-1.7496433,"11/18":-1.6657709,"11/19":-1.8208269,"11/20":-1.9340929,"11/21":-1.8174875,"11/22":-1.8174875,"11/23":-1.8174875,"11/24":-1.7386354,"11/25":-1.6628907,"11/26":-1.9540257,"11/27":-1.9971569,"11/28":-1.9625614,"11/29":-1.9625614,"11/30":-1.9625614,"12/01":-1.9093893,"12/02":-1.7199625,"12/03":-1.6926417,"12/04":-1.6926417,"12/05":-1.9853173,"12/06":-1.9853173,"12/07":-1.9853173,"12/08":-1.7549082,"12/09":-1.6393514,"12/10":-1.8527647,"12/11":-1.9777344,"12/12":-2.3394384,"12/13":-2.3394384,"12/14":-2.3394384,"12/15":-2.026498,"12/16":-1.9093893,"12/17":-1.8951299,"12/18":-1.9241203,"12/19":-2.1209073,"12/20":-2.1209073,"12/21":-2.1209073,"12/22":-2.3487768,"12/23":-2.3291702,"12/24":-2.2903724,"12/25":-2.2903724,"12/26":-2.202739,"12/27":-2.202739,"12/28":-2.202739,"12/29":-2.0732765,"12/30":-2.0581684,"12/31":-2.0581684},"2025":{"10/01":-2.6799965,"10/02":-2.6799965,"10/03":-2.6799965,"10/04":-2.6799965,"10/05":-2.6799965,"10/06":-2.6780474,"10/07":-2.6731837,"10/08":-2.675133,"10/09":-2.680971,"10/10":-2.692645,"10/11":-2.692645,"10/12":-2.692645,"10/13":-2.7257125,"10/14":-2.7373853,"10/15":-2.7480726,"10/16":-2.753902,"10/17":-2.7655585,"10/18":-2.7655585,"10/19":-2.7655585,"10/20":-2.7917895,"10/21":-2.7917895,"10/22":-2.7917895,"10/23":-2.825761,"10/24":-2.8374004,"10/25":-2.8374004,"10/26":-2.8374004,"10/27":-2.8752139,"10/28":-3.2190692,"10/29":-3.0078313,"10/30":-3.025224,"10/31":-3.037783,"11/01":-3.037783,"11/02":-3.037783,"11/03":-3.068692,"11/04":-3.0657916,"11/05":-3.0657916,"11/06":-3.056141,"11/07":-3.0667584,"11/08":-3.0667584,"11/09":-3.0667584,"11/10":-3.1362255,"11/11":-3.1921132,"11/12":-3.1381562,"11/13":-3.2132955,"11/14":-3.2132955,"11/15":-3.2132955,"11/16":-3.2132955,"11/17":-3.4992867,"11/18":-3.3315418,"11/19":-3.6416538,"11/20":-3.8681858,"11/21":-3.634975,"11/22":-3.634975,"11/23":-3.634975,"11/24":-3.4772708,"11/25":-3.3257813,"11/26":-3.9080515,"11/27":-3.9943137,"11/28":-3.9251227,"11/29":-3.9251227,"11/30":-3.9251227,"12/01":-3.8187785,"12/02":-3.439925,"12/03":-3.3852835,"12/04":-3.3852835,"12/05":-3.9706347,"12/06":-3.9706347,"12/07":-3.9706347,"12/08":-3.5098164,"12/09":-3.2787027,"12/10":-3.7055295,"12/11":-3.955469,"12/12":-4.678877,"12/13":-4.678877,"12/14":-4.678877,"12/15":-4.052996,"12/16":-3.8187785,"12/17":-3.7902598,"12/18":-3.8482406,"12/19":-4.2418146,"12/20":-4.2418146,"12/21":-4.2418146,"12/22":-4.6975536,"12/23":-4.6583405,"12/24":-4.5807447,"12/25":-4.5807447,"12/26":-4.405478,"12/27":-4.405478,"12/28":-4.405478,"12/29":-4.146553,"12/30":-4.116337,"12/31":-4.116337},"2026":{"01/01":-4.1767592,"01/02":-4.49085,"01/03":-4.49085,"01/04":-4.49085,"01/05":-4.2022257,"01/06":-3.947884,"01/07":-3.8881228,"01/08":-3.216178,"01/09":-2.6712344,"01/10":-2.6712344,"01/11":-2.6712344,"01/12":-2.831581,"01/13":-2.7218273,"01/14":-2.5181801,"01/15":-2.5181801,"01/16":-2.6030505,"01/17":-2.6030505,"01/18":-2.6030505,"01/19":-2.4429364,"01/20":-1.5906079,"01/21":-1.3261883,"01/22":-1.7277384,"01/23":-1.187934,"01/24":-1.187934,"01/25":-1.187934,"01/26":-1.187934,"01/27":-1.1809107,"01/28":-1.6572307,"01/29":-1.6572307,"01/30":-1.6224369,