{"0":{"10/01":1.0039997,"10/02":1.0039997,"10/03":1.0039997,"10/04":1.0039997,"10/05":1.0039997,"10/06":0.97068226,"10/07":0.9585644,"10/08":0.9454489,"10/09":0.9353667,"10/10":0.9222572,"10/11":0.9222572,"10/12":0.9222572,"10/13":0.88193035,"10/14":0.867826,"10/15":0.85271716,"10/16":0.83862096,"10/17":0.8245287,"10/18":0.8245287,"10/19":0.8245287,"10/20":0.7812686,"10/21":0.7812686,"10/22":0.7812686,"10/23":0.736043,"10/24":0.7199679,"10/25":0.7199679,"10/26":0.7199679,"10/27":0.6737925,"10/28":0.6587417,"10/29":0.64770293,"10/30":0.6366761,"10/31":0.623644,"11/01":0.623644,"11/02":0.623644,"11/03":0.57655394,"11/04":0.56854117,"11/05":0.56854117,"11/06":0.537505,"11/07":0.5244986,"11/08":0.5244986,"11/09":0.5244986,"11/10":0.4754995,"11/11":0.46250916,"11/12":0.44652122,"11/13":0.4295384,"11/14":0.4295384,"11/15":0.4295384,"11/16":0.4295384,"11/17":0.3666673,"11/18":0.35270664,"11/19":0.33576506,"11/20":0.3188197,"11/21":0.30487233,"11/22":0.30487233,"11/23":0.30487233,"11/24":0.25808012,"11/25":0.24414964,"11/26":0.2272352,"11/27":0.21133153,"11/28":0.2043723,"11/29":0.2043723,"11/30":0.2043723,"12/01":0.15865886,"12/02":0.14674458,"12/03":0.13284503,"12/04":0.13284503,"12/05":0.1070445,"12/06":0.1070445,"12/07":0.1070445,"12/08":0.04655157,"12/09":0.03367187,"12/10":0.022779161,"12/11":0.013862698,"12/12":0.0,"12/13":0.0,"12/14":0.0,"12/15":0.0,"12/16":0.0,"12/17":0.0,"12/18":0.0,"12/19":0.0,"12/20":0.0,"12/21":0.0,"12/22":0.0,"12/23":0.0,"12/24":0.0,"12/25":0.0,"12/26":0.0,"12/27":0.0,"12/28":0.0,"12/29":0.0,"12/30":0.0,"12/31":0.0},"2025":{"10/01":1.0039997,"10/02":1.0039997,"10/03":1.0039997,"10/04":1.0039997,"10/05":1.0039997,"10/06":0.97068226,"10/07":0.9585644,"10/08":0.9454489,"10/09":0.9353667,"10/10":0.9222572,"10/11":0.9222572,"10/12":0.9222572,"10/13":0.88193035,"10/14":0.867826,"10/15":0.85271716,"10/16":0.83862096,"10/17":0.8245287,"10/18":0.8245287,"10/19":0.8245287,"10/20":0.7812686,"10/21":0.7812686,"10/22":0.7812686,"10/23":0.736043,"10/24":0.7199679,"10/25":0.7199679,"10/26":0.7199679,"10/27":0.6737925,"10/28":0.6587417,"10/29":0.64770293,"10/30":0.6366761,"10/31":0.623644,"11/01":0.623644,"11/02":0.623644,"11/03":0.57655394,"11/04":0.56854117,"11/05":0.56854117,"11/06":0.537505,"11/07":0.5244986,"11/08":0.5244986,"11/09":0.5244986,"11/10":0.4754995,"11/11":0.46250916,"11/12":0.44652122,"11/13":0.4295384,"11/14":0.4295384,"11/15":0.4295384,"11/16":0.4295384,"11/17":0.3666673,"11/18":0.35270664,"11/19":0.33576506,"11/20":0.3188197,"11/21":0.30487233,"11/22":0.30487233,"11/23":0.30487233,"11/24":0.25808012,"11/25":0.24414964,"11/26":0.2272352,"11/27":0.21133153,"11/28":0.2043723,"11/29":0.2043723,"11/30":0.2043723,"12/01":0.15865886,"12/02":0.14674458,"12/03":0.13284503,"12/04":0.13284503,"12/05":0.1070445,"12/06":0.1070445,"12/07":0.1070445,"12/08":0.04655157,"12/09":0.03367187,"12/10":0.022779161,"12/11":0.013862698,"12/12":0.0,"12/13":0.0,"12/14":0.0,"12/15":0.0,"12/16":0.0,"12/17":0.0,"12/18":0.0,"12/19":0.0,"12/20":0.0,"12/21":0.0,"12/22":0.0,"12/23":0.0,"12/24":0.0,"12/25":0.0,"12/26":0.0,"12/27":0.0,"12/28":0.0,"12/29":0.0,"12/30":0.0,"12/31":0.0}}