{"0":{"01/01":10.250341,"01/02":10.344191,"01/03":10.478093,"01/04":10.398322,"01/05":10.398322,"01/06":10.398322,"01/07":10.398322,"01/08":10.378911,"01/09":10.304382,"01/10":10.220791,"01/11":10.166823,"01/12":10.166823,"01/13":10.166823,"01/14":10.166823,"01/15":9.640164,"01/16":9.688576,"01/17":9.9646845,"01/18":10.05398,"01/19":9.897802,"01/20":9.897802,"01/21":9.897802,"01/22":9.897802,"01/23":9.823929,"01/24":9.671424,"01/25":9.62001,"01/26":9.62001,"01/27":9.62001,"01/28":9.62001,"01/29":9.290516,"01/30":9.363681,"01/31":9.137497,"02/01":8.591927,"02/02":8.343325,"02/03":8.343325,"02/04":8.343325,"02/05":8.457615,"02/06":8.288235,"02/07":8.125253,"02/08":8.226325,"02/09":8.316757,"02/10":8.316757,"02/11":8.316757,"02/12":8.34431,"02/13":8.27447,"02/14":8.260711,"02/15":7.991123,"02/16":7.916858,"02/17":7.916858,"02/18":7.916858,"02/19":7.916858,"02/20":7.6295495,"02/21":7.6208057,"02/22":7.5111732,"02/23":9.2194805,"02/24":9.2194805,"02/25":9.2194805,"02/26":9.219944,"02/27":9.220528,"02/28":9.219039,"02/29":7.517959,"03/01":9.225291,"03/02":9.225291,"03/03":9.225291,"03/04":9.227438,"03/05":9.2272835,"03/06":9.229738,"03/07":9.2323885,"03/08":9.2323885,"03/09":9.2323885,"03/10":9.2323885,"03/11":9.234662,"03/12":9.233426,"03/13":9.227419,"03/14":9.229273,"03/15":9.22669,"03/16":9.22669,"03/17":9.22669,"03/18":9.22669,"03/19":9.221979,"03/20":9.222808,"03/21":9.229333,"03/22":9.228002,"03/23":9.228002,"03/24":9.221319,"03/25":9.221319,"03/26":9.221242,"03/27":9.196112,"03/28":9.1949,"03/29":9.184835,"03/30":9.184835,"03/31":9.165083,"04/01":9.165083,"04/02":9.161416,"04/03":9.129661,"04/04":9.1321945,"04/05":9.108407,"04/06":9.053866,"04/07":9.053866,"04/08":9.052182,"04/09":9.052182,"04/10":9.030238,"04/11":9.015219,"04/12":8.973791,"04/13":8.982085,"04/14":8.982085,"04/15":8.980306,"04/16":8.977106,"04/17":8.974901,"04/18":8.931917,"04/19":8.920919,"04/20":8.89837,"04/21":8.828084,"04/22":8.833329,"04/23":8.836759,"04/24":8.703407,"04/25":8.635804,"04/26":8.586252,"04/27":8.532812,"04/28":8.486004,"04/29":8.490742,"04/30":8.490796,"05/01":8.490796,"05/02":8.419205,"05/03":8.246695,"05/04":8.169371,"05/05":8.169371,"05/06":8.174065,"05/07":8.171796,"05/08":8.121798,"05/09":8.132325,"05/10":8.105865,"05/11":8.101549,"05/12":7.999293,"05/13":8.002168,"05/14":8.005288,"05/15":7.937101,"05/16":7.905463,"05/17":7.9281435,"05/18":7.9832077,"05/19":7.959982,"05/20":7.959982,"05/21":7.9641376,"05/22":7.851278,"05/23":7.886373,"05/24":7.8800564,"05/25":7.8800564,"05/26":7.7892303,"05/27":7.7911325,"05/28":7.7883873,"05/29":7.7468386,"05/30":7.716196,"05/31":7.704362,"06/01":7.685033,"06/02":7.620167,"06/03":7.6430373,"06/04":7.605828,"06/05":7.5883045,"06/06":7.56139,"06/07":7.5044518,"06/08":7.6069813,"06/09":7.6667404,"06/10":7.6668572,"06/11":7.6695786,"06/12":7.6092486,"06/13":7.554082,"06/14":7.5263925,"06/15":7.589483,"06/16":7.5237007,"06/17":7.5237007,"06/18":7.5284834,"06/19":7.547745,"06/20":7.528093,"06/21":7.538733,"06/22":7.6257944,"06/23":7.646385,"06/24":7.651821,"06/25":7.6547737,"06/26":7.61362,"06/27":7.5753007,"06/28":7.4448724,"06/29":7.4448724,"06/30":7.446493,"07/01":7.451481,"07/02":7.4519305,"07/03":7.4272537,"07/04":7.4239073,"07/05":7.394302,"07/06":7.40025,"07/07":7.40025,"07/08":7.4032674,"07/09":7.407917,"07/10":7.407631,"07/11":7.3136473,"07/12":7.3582535,"07/13":7.272414,"07/14":7.2174864,"07/15":7.223368,"07/16":7.223368,"07/17":7.1099377,"07/18":7.051903,"07/19":7.022528,"07/20":6.969601,"07/21":7.063763,"07/22":7.0670304,"07/23":7.064766,"07/24":7.042367,"07/25":7.0659475,"07/26":7.02106,"07/27":7.080742,"07/28":7.1513453,"07/29":7.1568394,"07/30":7.1527753,"07/31":7.100848,"08/01":7.0512924,"08/02":7.136774,"08/03":7.2497287,"08/04":7.23186,"08/05":7.223509,"08/06":7.2201457,"08/07":7.1563263,"08/08":7.129273,"08/09":7.0954614,"08/10":7.1094756,"08/11":7.2023745,"08/12":7.204075,"08/13":7.198416,"08/14":7.1898003,"08/15":7.1898003,"08/16":7.203578,"08/17":7.306269,"08/18":7.2719946,"08/19":7.2785554,"08/20":7.289128,"08/21":7.2224226,"08/22":7.1983833,"08/23":7.105603,"08/24":7.100179,"08/25":7.1376114,"08/26":7.147455,"08/27":7.148139,"08/28":7.061177,"08/29":7.0265474,"08/30":7.0098414,"08/31":7.0103836,"09/01":6.942221,"09/02":6.9429975,"09/03":6.9466934,"09/04":6.899578,"09/05":6.90066,"09/06":6.9136257,"09/07":6.8075113,"09/08":6.7811794,"09/09":6.7868395,"09/10":6.7932625,"09/11":6.765033,"09/12":6.798839,"09/13":6.7068844,"09/14":6.5704412,"09/15":6.5999293,"09/16":6.6128826,"09/17":6.61316,"09/18":6.6271377,"09/19":6.6369824,"09/20":6.6901793,"09/21":6.7475505,"09/22":6.7882113,"09/23":6.802862,"09/24":6.8074594,"09/25":6.8020916,"09/26":6.812753,"09/27":6.7724214,"09/28":6.9608035,"09/29":6.9608035,"09/30":6.948237,"10/01":6.956565,"10/02":6.956565,"10/03":6.8457932,"10/04":6.871722,"10/05":6.778577,"10/06":6.978233,"10/07":6.978233,"10/08":6.978233,"10/09":7.110839,"10/10":7.003832,"10/11":6.873889,"10/12":6.8587046,"10/13":6.874432,"10/14":6.874432,"10/15":6.874432,"10/16":6.874432,"10/17":6.8159046,"10/18":6.903739,"10/19":6.94232,"10/20":6.983675,"10/21":6.983675,"10/22":6.983675,"10/23":7.09389,"10/24":7.09389,"10/25":7.085144,"10/26":7.202329,"10/27":7.090606,"10/28":7.090606,"10/29":7.090606,"10/30":7.0403633,"10/31":7.0469146,"11/01":7.077493,"11/02":6.9417753,"11/03":6.873889,"11/04":6.873889,"11/05":6.873889,"11/06":6.7526393,"11/07":6.7164755,"11/08":6.6679616,"11/09":6.650737,"11/10":6.6744285,"11/11":6.6744285,"11/12":6.6744285,"11/13":6.643203,"11/14":6.643203,"11/15":6.4336014,"11/16":6.38131,"11/17":6.353067,"11/18":6.353067,"11/19":6.353067,"11/20":6.411179,"11/21":6.385571,"11/22":6.3370934,"11/23":6.344546,"11/24":6.39357,"11/25":6.39357,"11/26":6.39357,"11/27":6.39357,"11/28":6.331774,"11/29":6.2128224,"11/30":6.200636,"12/01":6.1656966,"12/02":6.1656966,"12/03":6.1656966,"12/04":5.953308,"12/05":5.8652415,"12/06":5.813474,"12/07":5.810341,"12/08":5.801983,"12/09":5.801983,"12/10":5.801983,"12/11":5.7868423,"12/12":5.824447,"12/13":5.7701488,"12/14":5.5369244,"12/15":5.3621325,"12/16":5.3621325,"12/17":5.3621325,"12/18":5.32977,"12/19":5.304111,"12/20":5.41255,"12/21":5.365731,"12/22":5.3205276,"12/23":5.3205276,"12/24":5.3205276,"12/25":5.3205276,"12/26":5.264645,"12/27":5.1960964,"12/28":5.1511693,"12/29":5.112941,"12/30":5.112941,"12/31":5.112941},"2023":{"02/23":10.921001,"02/24":10.921001,"02/25":10.921001,"02/26":10.951004,"02/27":10.987997,"02/28":10.892,"03/01":11.266003,"03/02":11.266003,"03/03":11.266003,"03/04":11.379995,"03/05":11.372004,"03/06":11.496,"03/07":11.623001,"03/08":11.623001,"03/09":11.623001,"03/10":11.623001,"03/11":11.726999,"03/12":11.671,"03/13":11.379004,"03/14":11.472998,"03/15":11.341,"03/16":11.341,"03/17":11.341,"03/18":11.341,"03/19":11.0770035,"03/20":11.126003,"03/21":11.476002,"03/22":11.408997,"03/23":11.408997,"03/24":11.395632,"03/25":11.395632,"03/26":11.391637,"03/27":11.54949,"03/28":11.89625,"03/29":11.876122,"03/30":11.876122,"03/31":11.872735,"04/01":11.872735,"04/02":11.716956,"04/03":11.654399,"04/04":11.764182,"04/05":11.678555,"04/06":11.569473,"04/07":11.569473,"04/08":11.493717,"04/09":11.493717,"04/10":11.716019,"04/11":11.68598,"04/12":11.146951,"04/13":11.163539,"04/14":11.163539,"04/15":11.070955,"04/16":10.893753,"04/17":10.889341,"04/18":10.805299,"04/19":10.6534,"04/20":10.608301,"04/21":10.46773,"04/22":10.790413,"04/23":10.976074,"04/24":10.719876,"04/25":10.510174,"04/26":10.451196,"04/27":10.344315,"04/28":10.250699,"04/29":10.525955,"04/30":10.528918,"05/01":10.528918,"05/02":10.596263,"05/03":10.261656,"05/04":10.107008,"05/05":10.107008,"05/06":10.358084,"05/07":10.240389,"05/08":10.152661,"05/09":10.013043,"05/10":10.1057005,"05/11":10.097071,"05/12":9.892557,"05/13":10.0528965,"05/14":10.214225,"05/15":10.239027,"05/16":10.417534,"05/17":10.487112,"05/18":10.5972395,"05/19":10.550788,"05/20":10.550788,"05/21":10.722695,"05/22":10.720161,"05/23":10.790352,"05/24":11.08089,"05/25":11.08089,"05/26":10.899238,