{"0":{"01/01":7.7321334,"01/02":7.814908,"01/03":7.892745,"01/04":7.8522887,"01/05":7.8522887,"01/06":7.8522887,"01/07":7.8522887,"01/08":7.830064,"01/09":7.778554,"01/10":7.6263347,"01/11":7.556925,"01/12":7.556925,"01/13":7.556925,"01/14":7.556925,"01/15":7.0655694,"01/16":7.1183877,"01/17":7.427392,"01/18":7.470535,"01/19":7.35223,"01/20":7.35223,"01/21":7.35223,"01/22":7.35223,"01/23":7.3973203,"01/24":7.257177,"01/25":7.241181,"01/26":7.241181,"01/27":7.241181,"01/28":7.241181,"01/29":6.90344,"01/30":6.9600806,"01/31":6.753691,"02/01":6.2362657,"02/02":6.011167,"02/03":6.011167,"02/04":6.011167,"02/05":6.1813707,"02/06":6.0707808,"02/07":5.9116483,"02/08":6.0062866,"02/09":6.1030526,"02/10":6.1030526,"02/11":6.1030526,"02/12":6.149051,"02/13":6.0737095,"02/14":6.07273,"02/15":5.816205,"02/16":5.769521,"02/17":5.769521,"02/18":5.769521,"02/19":5.769521,"02/20":5.443866,"02/21":5.41006,"02/22":5.3531265,"02/23":7.2888947,"02/24":7.2888947,"02/25":7.2888947,"02/26":7.2894206,"02/27":7.290098,"02/28":7.2880535,"02/29":5.4206877,"03/01":7.2944493,"03/02":7.2944493,"03/03":7.2944493,"03/04":7.296515,"03/05":7.2962856,"03/06":7.2989316,"03/07":7.301711,"03/08":7.301711,"03/09":7.301711,"03/10":7.301711,"03/11":7.3037415,"03/12":7.301345,"03/13":7.2956657,"03/14":7.297592,"03/15":7.29471,"03/16":7.29471,"03/17":7.29471,"03/18":7.29471,"03/19":7.289954,"03/20":7.2904234,"03/21":7.2979555,"03/22":7.2972937,"03/23":7.2972937,"03/24":7.2885246,"03/25":7.2885246,"03/26":7.28804,"03/27":7.2660494,"03/28":7.275869,"03/29":7.2852283,"03/30":7.2852283,"03/31":7.2428813,"04/01":7.2428813,"04/02":7.238807,"04/03":7.188889,"04/04":7.190379,"04/05":7.166429,"04/06":7.1582155,"04/07":7.1582155,"04/08":7.1568213,"04/09":7.1568213,"04/10":7.115716,"04/11":7.105316,"04/12":7.0850754,"04/13":7.074728,"04/14":7.074728,"04/15":7.07339,"04/16":7.0694094,"04/17":7.0373755,"04/18":7.014185,"04/19":7.0030413,"04/20":6.9954615,"04/21":6.968952,"04/22":6.974925,"04/23":6.9778566,"04/24":6.917858,"04/25":6.910177,"04/26":6.9014664,"04/27":6.8787336,"04/28":6.8841467,"04/29":6.889258,"04/30":6.88813,"05/01":6.88813,"05/02":6.840348,"05/03":6.637167,"05/04":6.61082,"05/05":6.61082,"05/06":6.6170387,"05/07":6.613755,"05/08":6.6339316,"05/09":6.615376,"05/10":6.581575,"05/11":6.5514984,"05/12":6.4555845,"05/13":6.4590597,"05/14":6.4632807,"05/15":6.421434,"05/16":6.3562603,"05/17":6.365638,"05/18":6.3806562,"05/19":6.3940716,"05/20":6.3940716,"05/21":6.400414,"05/22":6.3004475,"05/23":6.3897457,"05/24":6.33815,"05/25":6.33815,"05/26":6.285361,"05/27":6.288533,"05/28":6.2862945,"05/29":6.2800255,"05/30":6.251765,"05/31":6.1830697,"06/01":6.1418734,"06/02":6.1322494,"06/03":6.1579275,"06/04":6.114975,"06/05":6.1116176,"06/06":6.0966673,"06/07":6.073438,"06/08":6.1980076,"06/09":6.271831,"06/10":6.272687,"06/11":6.276089,"06/12":6.200993,"06/13":6.169894,"06/14":6.169256,"06/15":6.2130423,"06/16":6.1703386,"06/17":6.1703386,"06/18":6.1758094,"06/19":6.194742,"06/20":6.198674,"06/21":6.2030663,"06/22":6.2671022,"06/23":6.2882977,"06/24":6.293246,"06/25":6.295076,"06/26":6.2435822,"06/27":6.203971,"06/28":6.139209,"06/29":6.139209,"06/30":6.1570992,"07/01":6.1621013,"07/02":6.1627502,"07/03":6.1587534,"07/04":6.125862,"07/05":6.0877085,"07/06":6.121364,"07/07":6.121364,"07/08":6.1265593,"07/09":6.1316676,"07/10":6.1323714,"07/11":5.9990754,"07/12":6.0539756,"07/13":5.9563723,"07/14":5.9147263,"07/15":5.922203,"07/16":5.922203,"07/17":5.7985406,"07/18":5.730182,"07/19":5.71404,"07/20":5.6855817,"07/21":5.75544,"07/22":5.7591724,"07/23":5.7564034,"07/24":5.7172384,"07/25":5.773724,"07/26":5.7455997,"07/27":5.7655807,"07/28":5.8754535,"07/29":5.884039,"07/30":5.8796687,"07/31":5.8498363,"08/01":5.801089,"08/02":5.848208,"08/03":5.9568405,"08/04":5.9329042,"08/05":5.9329042,"08/06":5.9329042,"08/07":5.8655634,"08/08":5.815704,"08/09":5.7864814,"08/10":5.75999,"08/11":5.8628526,"08/12":5.8628526,"08/13":5.8628526,"08/14":5.8525457,"08/15":5.8525457,"08/16":5.8525457,"08/17":5.9394336,"08/18":5.9079056,"08/19":5.9079056,"08/20":5.9079056,"08/21":5.8427906,"08/22":5.816246,"08/23":5.736763,"08/24":5.723805,"08/25":5.782696,"08/26":5.782696,"08/27":5.782696,"08/28":5.6812015,"08/29":5.672585,"08/30":5.6542764,"08/31":5.6429734,"09/01":5.5978084,"09/02":5.5978084,"09/03":5.5978084,"09/04":5.58277,"09/05":5.55969,"09/06":5.5553975,"09/07":5.4232144,"09/08":5.416811,"09/09":5.416811,"09/10":5.416811,"09/11":5.425883,"09/12":5.4429765,"09/13":5.353367,"09/14":5.1956544,"09/15":5.27785,"09/16":5.27785,"09/17":5.27785,"09/18":5.2311516,"09/19":5.2311516,"09/20":5.277318,"09/21":5.290596,"09/22":5.3544283,"09/23":5.3544283,"09/24":5.3544283,"09/25":5.333136,"09/26":5.3299446,"09/27":5.320366,"09/28":5.56559,"09/29":5.56559,"09/30":5.56559,"10/01":5.56559,"10/02":5.56559,"10/03":5.4852114,"10/04":5.5318036,"10/05":5.4264174,"10/06":5.7151756,"10/07":5.7151756,"10/08":5.7151756,"10/09":5.848751,"10/10":5.7324433,"10/11":5.5736413,"10/12":5.577399,"10/13":5.587062,"10/14":5.587062,"10/15":5.587062,"10/16":5.6021028,"10/17":5.536629,"10/18":5.6166186,"10/19":5.6860533,"10/20":5.7254267,"10/21":5.7254267,"10/22":5.7254267,"10/23":5.8384542,"10/24":5.8384542,"10/25":5.7864814,"10/26":5.9193163,"10/27":5.8097506,"10/28":5.8097506,"10/29":5.8097506,"10/30":5.758367,"10/31":5.757826,"11/01":5.7556667,"11/02":5.610164,"11/03":5.543061,"11/04":5.543061,"11/05":5.543061,"11/06":5.4152074,"11/07":5.3709445,"11/08":5.2953796,"11/09":5.2964435,"11/10":5.3634853,"11/11":5.3634853,"11/12":5.3634853,"11/13":5.313985,"11/14":5.313985,"11/15":5.074667,"11/16":5.0398927,"11/17":4.9946485,"11/18":4.9946485,"11/19":4.9946485,"11/20":5.050424,"11/21":5.04042,"11/22":4.9988546,"11/23":4.995175,"11/24":5.069921,"11/25":5.069921,"11/26":5.069921,"11/27":5.069921,"11/28":5.0267305,"11/29":4.898622,"11/30":4.9169617,"12/01":4.891289,"12/02":4.891289,"12/03":4.891289,"12/04":4.6701484,"12/05":4.5933747,"12/06":4.5240493,"12/07":4.5157824,"12/08":4.5162992,"12/09":4.5162992,"12/10":4.5162992,"12/11":4.502874,"12/12":4.519398,"12/13":4.461084,"12/14":4.2111855,"12/15":4.0528,"12/16":4.0528,"12/17":4.0528,"12/18":3.9878786,"12/19":3.973191,"12/20":4.097012,"12/21":4.0792155,"12/22":4.036553,"12/23":4.036553,"12/24":4.036553,"12/25":4.036553,"12/26":3.9640813,"12/27":3.9317079,"12/28":3.8847334,"12/29":3.8091407,"12/30":3.8091407,"12/31":3.8091407},"2023":{"02/23":9.188004,"02/24":9.188004,"02/25":9.188004,"02/26":9.217997,"02/27":9.2560005,"02/28":9.139004,"03/01":9.484997,"03/02":9.484997,"03/03":9.484997,"03/04":9.586,"03/05":9.575005,"03/06":9.699001,"03/07":9.822998,"03/08":9.822998,"03/09":9.822998,"03/10":9.822998,"03/11":9.910002,"03/12":9.806995,"03/13":9.545002,"03/14":9.637003,"03/15":9.497995,"03/16":9.497995,"03/17":9.497995,"03/18":9.497995,"03/19":9.247999,"03/20":9.273996,"03/21":9.653997,"03/22":9.623003,"03/23":9.623003,"03/24":9.605464,"03/25":9.605464,"03/26":9.582464,"03/27":9.728776,"03/28":10.134514,"03/29":10.153233,"03/30":10.153233,"03/31":10.109265,"04/01":10.109265,"04/02":9.948469,"04/03":9.848633,"04/04":9.909498,"04/05":9.803713,"04/06":9.787286,"04/07":9.787286,"04/08":9.728442,"04/09":9.728442,"04/10":9.900357,"04/11":9.879558,"04/12":9.387815,"04/13":9.367121,"04/14":9.367121,"04/15":9.302397,"04/16":9.098242,"04/17":9.034173,"04/18":8.994503,"04/19":8.866655,"04/20":8.851497,"04/21":8.798477,"04/22":9.125523,"04/23":9.269659,"04/24":9.1344185,"04/25":9.190463,"04/26":9.094967,"04/27":9.049501,"04/28":9.060328,"04/29":9.303457,"04/30":9.25186,"05/01":9.25186,"05/02":9.33921,"05/03":8.926225,"05/04":8.87353,"05/05":8.87353,"05/06":9.155895,"05/07":9.010768,"05/08":9.062444,"05/09":8.844783,"05/10":8.926583,"05/11":8.86643,"05/12":8.6746025,"05/13":8.838996,"05/14":9.025049,"05/15":9.069718,"05/16":9.15324,"05/17":9.1617365,"05/18":9.191774,"05/19":9.218605,"05/20":9.218605,"05/21":9.454527,"05/22":9.486116,"05/23":9.664713,"05/24":9.860021,"05/25":9.860021,"05/26":9.754442,"05/27":9.85349,