{"0":{"01/01":10.912312,"01/02":11.320212,"01/03":11.385129,"01/04":11.2976465,"01/05":11.2976465,"01/06":11.069428,"01/07":11.261615,"01/08":11.150603,"01/09":10.868901,"01/10":10.626657,"01/11":10.54008,"01/12":10.54008,"01/13":9.838516,"01/14":10.007004,"01/15":9.624281,"01/16":9.980574,"01/17":10.276525,"01/18":10.353621,"01/19":10.147929,"01/20":10.41512,"01/21":10.33983,"01/22":10.518876,"01/23":10.659783,"01/24":10.417523,"01/25":10.354781,"01/26":10.354781,"01/27":10.294288,"01/28":10.314453,"01/29":10.007577,"01/30":10.142382,"01/31":10.072503,"02/01":9.413731,"02/02":9.08188,"02/03":8.854404,"02/04":9.113473,"02/05":9.229827,"02/06":9.13888,"02/07":8.854801,"02/08":8.830285,"02/09":9.067034,"02/10":8.938856,"02/11":8.742081,"02/12":8.85149,"02/13":8.805276,"02/14":8.709358,"02/15":8.32186,"02/16":8.263384,"02/17":8.344352,"02/18":8.344352,"02/19":8.344352,"02/20":8.225048,"02/21":8.039001,"02/22":7.9585543,"02/23":9.711292,"02/24":9.66732,"02/25":9.633669,"02/26":9.634471,"02/27":9.56887,"02/28":9.354678,"02/29":7.3057103,"03/01":9.363667,"03/02":9.363667,"03/03":9.363667,"03/04":9.367256,"03/05":9.368351,"03/06":9.369634,"03/07":9.372172,"03/08":9.372172,"03/09":9.372172,"03/10":9.372172,"03/11":9.375346,"03/12":9.373174,"03/13":9.363363,"03/14":9.367025,"03/15":9.363688,"03/16":9.363688,"03/17":9.363688,"03/18":9.363688,"03/19":9.357836,"03/20":9.358147,"03/21":9.365839,"03/22":9.365412,"03/23":9.365412,"03/24":9.354227,"03/25":9.354227,"03/26":9.354094,"03/27":9.327847,"03/28":9.331503,"03/29":9.328136,"03/30":9.328136,"03/31":9.298489,"04/01":9.298489,"04/02":9.295721,"04/03":9.257304,"04/04":9.25879,"04/05":9.235586,"04/06":9.226086,"04/07":9.226086,"04/08":9.22381,"04/09":9.22381,"04/10":9.188971,"04/11":9.182265,"04/12":9.155201,"04/13":9.152417,"04/14":9.152417,"04/15":9.151761,"04/16":9.147926,"04/17":9.1152115,"04/18":9.087552,"04/19":9.076592,"04/20":9.062775,"04/21":9.008113,"04/22":9.012966,"04/23":9.015662,"04/24":8.903185,"04/25":8.872725,"04/26":8.867733,"04/27":8.841314,"04/28":8.840763,"04/29":8.845448,"04/30":8.846174,"05/01":8.846174,"05/02":8.788661,"05/03":8.594944,"05/04":8.52707,"05/05":8.52707,"05/06":8.532009,"05/07":8.526162,"05/08":8.500313,"05/09":8.497475,"05/10":8.472717,"05/11":8.448151,"05/12":8.35337,"05/13":8.3560505,"05/14":8.361652,"05/15":8.319029,"05/16":8.26589,"05/17":8.237821,"05/18":8.28037,"05/19":8.315336,"05/20":8.315336,"05/21":8.323897,"05/22":8.232202,"05/23":8.27768,"05/24":8.231583,"05/25":8.231583,"05/26":8.212381,"05/27":8.216811,"05/28":8.21262,"05/29":8.1924515,"05/30":8.161473,"05/31":8.131077,"06/01":8.108699,"06/02":8.057458,"06/03":8.090895,"06/04":8.034936,"06/05":8.020746,"06/06":7.978766,"06/07":7.930884,"06/08":8.027412,"06/09":8.084284,"06/10":8.087278,"06/11":8.09189,"06/12":8.034374,"06/13":7.98345,"06/14":7.9724603,"06/15":8.01743,"06/16":7.9998736,"06/17":7.9998736,"06/18":8.006983,"06/19":8.001021,"06/20":7.9809685,"06/21":7.999248,"06/22":8.084016,"06/23":8.106073,"06/24":8.111394,"06/25":8.111614,"06/26":8.058058,"06/27":8.024659,"06/28":7.9400353,"06/29":7.9400353,"06/30":8.01601,"07/01":8.020856,"07/02":8.0233345,"07/03":7.99979,"07/04":8.00741,"07/05":7.9501925,"07/06":7.999342,"07/07":7.999342,"07/08":8.004721,"07/09":8.010192,"07/10":8.008456,"07/11":7.815875,"07/12":7.8607187,"07/13":7.75513,"07/14":7.737567,"07/15":7.7504325,"07/16":7.7504325,"07/17":7.6417723,"07/18":7.572455,"07/19":7.556513,"07/20":7.525425,"07/21":7.5597925,"07/22":7.5664463,"07/23":7.5631256,"07/24":7.498403,"07/25":7.5365934,"07/26":7.4905186,"07/27":7.499813,"07/28":7.5858192,"07/29":7.5930414,"07/30":7.5868573,"07/31":7.5525794,"08/01":7.507405,"08/02":7.5725303,"08/03":7.6890144,"08/04":7.6543493,"08/05":7.6420527,"08/06":7.6385803,"08/07":7.576034,"08/08":7.493471,"08/09":7.449526,"08/10":7.43097,"08/11":7.530444,"08/12":7.534778,"08/13":7.5303416,"08/14":7.5102654,"08/15":7.5102654,"08/16":7.5262465,"08/17":7.6103373,"08/18":7.545461,"08/19":7.5586867,"08/20":7.5696363,"08/21":7.499067,"08/22":7.4576464,"08/23":7.357827,"08/24":7.3474274,"08/25":7.424155,"08/26":7.4340057,"08/27":7.4362683,"08/28":7.3108153,"08/29":7.2744374,"08/30":7.2910886,"08/31":7.279046,"09/01":7.218916,"09/02":7.2202344,"09/03":7.2238646,"09/04":7.1815643,"09/05":7.193027,"09/06":7.2120657,"09/07":7.078742,"09/08":7.048899,"09/09":7.0512652,"09/10":7.056931,"09/11":7.050224,"09/12":7.1310697,"09/13":7.0435805,"09/14":6.844414,"09/15":6.9598374,"09/16":6.9738574,"09/17":6.9721136,"09/18":6.918859,"09/19":6.922087,"09/20":6.96212,"09/21":6.98174,"09/22":7.032483,"09/23":7.049434,"09/24":7.053635,"09/25":7.0545654,"09/26":7.0554442,"09/27":7.026041,"09/28":7.2799997,"09/29":7.2799997,"09/30":7.270099,"10/01":7.283611,"10/02":7.283611,"10/03":7.1378026,"10/04":7.1966186,"10/05":7.099715,"10/06":7.388112,"10/07":7.376722,"10/08":7.395118,"10/09":7.555801,"10/10":7.414934,"10/11":7.2527432,"10/12":7.238986,"10/13":7.2521925,"10/14":7.2667274,"10/15":7.2669926,"10/16":7.2778068,"10/17":7.2008653,"10/18":7.270125,"10/19":7.302077,"10/20":7.337374,"10/21":7.3326583,"10/22":7.314913,"10/23":7.457769,"10/24":7.4565587,"10/25":7.3941975,"10/26":7.5311656,"10/27":7.4195523,"10/28":7.4182544,"10/29":7.4344683,"10/30":7.375955,"10/31":7.3602095,"11/01":7.3701243,"11/02":7.2074823,"11/03":7.130879,"11/04":7.12835,"11/05":7.1370726,"11/06":7.0258617,"11/07":6.9582353,"11/08":6.9018216,"11/09":6.8752403,"11/10":6.925169,"11/11":6.931013,"11/12":6.918386,"11/13":6.817411,"11/14":6.810455,"11/15":6.5604906,"11/16":6.5130024,"11/17":6.4671874,"11/18":6.467863,"11/19":6.4729896,"11/20":6.5375304,"11/21":6.5218,"11/22":6.5192604,"11/23":6.525671,"11/24":6.572738,"11/25":6.5954485,"11/26":6.593384,"11/27":6.6013484,"11/28":6.50503,"11/29":6.4124928,"11/30":6.4231806,"12/01":6.3911386,"12/02":6.417389,"12/03":6.425942,"12/04":6.203195,"12/05":6.1079345,"12/06":6.009931,"12/07":5.9893208,"12/08":5.9703054,"12/09":5.9804525,"12/10":5.985041,"12/11":5.95879,"12/12":5.974057,"12/13":5.867468,"12/14":5.622811,"12/15":5.4461575,"12/16":5.4461575,"12/17":5.43091,"12/18":5.3664174,"12/19":5.311974,"12/20":5.4693274,"12/21":5.4378567,"12/22":5.4167237,"12/23":5.4262896,"12/24":5.4226465,"12/25":5.4226465,"12/26":5.3052983,"12/27":5.242029,"12/28":5.201046,"12/29":5.1340714,"12/30":5.1287622,"12/31":5.136475},"2023":{"02/23":11.434002,"02/24":11.434002,"02/25":11.434002,"02/26":11.483002,"02/27":11.501999,"02/28":11.341,"03/01":11.794996,"03/02":11.794996,"03/03":11.794996,"03/04":11.955004,"03/05":12.002001,"03/06":12.055998,"03/07":12.159996,"03/08":12.159996,"03/09":12.159996,"03/10":12.159996,"03/11":12.285004,"03/12":12.200003,"03/13":11.780996,"03/14":11.945,"03/15":11.795998,"03/16":11.795998,"03/17":11.795998,"03/18":11.795998,"03/19":11.511002,"03/20":11.527004,"03/21":11.892996,"03/22":11.873999,"03/23":11.873999,"03/24":11.85163,"03/25":11.85163,"03/26":11.845633,"03/27":11.935286,"03/28":12.336515,"03/29":12.329783,"03/30":12.329783,"03/31":12.313023,"04/01":12.313023,"04/02":12.208176,"04/03":12.159739,"04/04":12.216617,"04/05":12.099271,"04/06":12.080271,"04/07":12.080271,"04/08":11.989509,"04/09":11.989509,"04/10":12.18085,"04/11":12.167439,"04/12":11.622375,"04/13":11.616807,"04/14":11.616807,"04/15":11.586921,"04/16":11.40463,"04/17":11.3392,"04/18":11.31255,"04/19":11.158647,"04/20":11.13101,"04/21":11.021687,"04/22":11.274069,"04/23":11.403249,"04/24":11.213473,"04/25":11.221885,"04/26":11.134013,"04/27":11.081175,"04/28":11.080073,"04/29":11.30195,"04/30":11.334636,"05/01":11.334636,"05/02":11.462247,"05/03":11.177381,"05/04":11.041632,"05/05":11.041632,"05/06":11.25138,"05/07":11.001259,"05/08":11.035104,"05/09":10.859146,"05/10":11.036245,"05/11":10.987111,"05/12":10.79755,"05/13":10.916315,"05/14":11.14896,"05/15":11.242417,"05/16":11.430806,"05/17":11.347861,"05/18":11.4329605,"05/19":11.5028925,"05/20":11.5028925,"05/21":11.790193,"05/22":11.859124,"05/23":11.950082,"05/24":12.159075,"05/25":12.159075,"05/26":12.120671,