{"0":{"10/01":1.1800003,"10/02":1.1800003,"10/03":1.1800003,"10/04":1.1800003,"10/05":1.1800003,"10/06":1.1800003,"10/07":1.1800003,"10/08":1.1800003,"10/09":1.1800003,"10/10":1.1800003,"10/11":1.1800003,"10/12":1.1800003,"10/13":1.1800003,"10/14":1.1800003,"10/15":1.1800003,"10/16":1.1800003,"10/17":1.1800003,"10/18":1.1800003,"10/19":1.1800003,"10/20":1.1800003,"10/21":1.1800003,"10/22":1.1800003,"10/23":1.1800003,"10/24":1.1800003,"10/25":1.1800003,"10/26":1.1800003,"10/27":1.1800003,"10/28":1.1800003,"10/29":1.1800003,"10/30":1.1800003,"10/31":1.1800003,"11/01":1.1800003,"11/02":1.1800003,"11/03":1.1800003,"11/04":1.1800003,"11/05":1.1800003,"11/06":1.1800003,"11/07":1.1800003,"11/08":1.1800003,"11/09":1.1800003,"11/10":1.1800003,"11/11":1.1800003,"11/12":1.1800003,"11/13":1.1800003,"11/14":1.1800003,"11/15":1.1800003,"11/16":1.1800003,"11/17":1.1800003,"11/18":1.1800003,"11/19":1.1800003,"11/20":1.1800003,"11/21":1.1800003,"11/22":1.1800003,"11/23":1.1800003,"11/24":1.1800003,"11/25":1.1800003,"11/26":1.1800003,"11/27":1.1800003,"11/28":1.1800003,"11/29":1.1800003,"11/30":1.1800003,"12/01":1.1800003,"12/02":1.1800003,"12/03":1.1800003,"12/04":1.1800003,"12/05":1.1800003,"12/06":1.1800003,"12/07":1.1800003,"12/08":1.1800003,"12/09":1.1800003,"12/10":1.1800003,"12/11":1.1800003,"12/12":1.1800003,"12/13":1.1800003,"12/14":1.1800003,"12/15":1.1800003,"12/16":1.1800003,"12/17":1.1800003,"12/18":1.1800003,"12/19":1.1729182,"12/20":1.1729182,"12/21":1.1729182,"12/22":1.1476374,"12/23":1.1344858,"12/24":1.1274102,"12/25":1.1274102,"12/26":1.1213474,"12/27":1.1213474,"12/28":1.1213474,"12/29":1.0930579,"12/30":1.0758953,"12/31":1.0758953},"2025":{"10/01":1.1800003,"10/02":1.1800003,"10/03":1.1800003,"10/04":1.1800003,"10/05":1.1800003,"10/06":1.1800003,"10/07":1.1800003,"10/08":1.1800003,"10/09":1.1800003,"10/10":1.1800003,"10/11":1.1800003,"10/12":1.1800003,"10/13":1.1800003,"10/14":1.1800003,"10/15":1.1800003,"10/16":1.1800003,"10/17":1.1800003,"10/18":1.1800003,"10/19":1.1800003,"10/20":1.1800003,"10/21":1.1800003,"10/22":1.1800003,"10/23":1.1800003,"10/24":1.1800003,"10/25":1.1800003,"10/26":1.1800003,"10/27":1.1800003,"10/28":1.1800003,"10/29":1.1800003,"10/30":1.1800003,"10/31":1.1800003,"11/01":1.1800003,"11/02":1.1800003,"11/03":1.1800003,"11/04":1.1800003,"11/05":1.1800003,"11/06":1.1800003,"11/07":1.1800003,"11/08":1.1800003,"11/09":1.1800003,"11/10":1.1800003,"11/11":1.1800003,"11/12":1.1800003,"11/13":1.1800003,"11/14":1.1800003,"11/15":1.1800003,"11/16":1.1800003,"11/17":1.1800003,"11/18":1.1800003,"11/19":1.1800003,"11/20":1.1800003,"11/21":1.1800003,"11/22":1.1800003,"11/23":1.1800003,"11/24":1.1800003,"11/25":1.1800003,"11/26":1.1800003,"11/27":1.1800003,"11/28":1.1800003,"11/29":1.1800003,"11/30":1.1800003,"12/01":1.1800003,"12/02":1.1800003,"12/03":1.1800003,"12/04":1.1800003,"12/05":1.1800003,"12/06":1.1800003,"12/07":1.1800003,"12/08":1.1800003,"12/09":1.1800003,"12/10":1.1800003,"12/11":1.1800003,"12/12":1.1800003,"12/13":1.1800003,"12/14":1.1800003,"12/15":1.1800003,"12/16":1.1800003,"12/17":1.1800003,"12/18":1.1800003,"12/19":1.1729182,"12/20":1.1729182,"12/21":1.1729182,"12/22":1.1476374,"12/23":1.1344858,"12/24":1.1274102,"12/25":1.1274102,"12/26":1.1213474,"12/27":1.1213474,"12/28":1.1213474,"12/29":1.0930579,"12/30":1.0758953,"12/31":1.0758953}}