{"0":{"01/01":10.912312,"01/02":11.320212,"01/03":11.385129,"01/04":11.2976465,"01/05":11.2976465,"01/06":11.069428,"01/07":11.261615,"01/08":11.150603,"01/09":10.868901,"01/10":10.626657,"01/11":10.54008,"01/12":10.54008,"01/13":9.838516,"01/14":10.007004,"01/15":9.624281,"01/16":9.980574,"01/17":10.276525,"01/18":10.353621,"01/19":10.147929,"01/20":10.41512,"01/21":10.33983,"01/22":10.518876,"01/23":10.659783,"01/24":10.417523,"01/25":10.354781,"01/26":10.354781,"01/27":10.294288,"01/28":10.314453,"01/29":10.007577,"01/30":10.142382,"01/31":10.072503,"02/01":9.413731,"02/02":9.08188,"02/03":8.854404,"02/04":9.113473,"02/05":9.229827,"02/06":9.13888,"02/07":8.854801,"02/08":8.830285,"02/09":9.067034,"02/10":8.938856,"02/11":8.742081,"02/12":8.85149,"02/13":8.805276,"02/14":8.709358,"02/15":8.32186,"02/16":8.263384,"02/17":8.344352,"02/18":8.344352,"02/19":8.344352,"02/20":8.225048,"02/21":8.039001,"02/22":7.9585543,"02/23":9.711292,"02/24":9.66732,"02/25":9.633669,"02/26":9.634471,"02/27":9.56887,"02/28":9.354678,"02/29":7.3057103,"03/01":9.363667,"03/02":9.363667,"03/03":9.360536,"03/04":9.36413,"03/05":9.479956,"03/06":9.619954,"03/07":9.639646,"03/08":9.639646,"03/09":9.639646,"03/10":9.642319,"03/11":9.697741,"03/12":9.732353,"03/13":9.748041,"03/14":9.751141,"03/15":9.748316,"03/16":9.748316,"03/17":9.848054,"03/18":10.015767,"03/19":10.153272,"03/20":10.32428,"03/21":10.438292,"03/22":10.4380455,"03/23":10.4380455,"03/24":10.560492,"03/25":10.567644,"03/26":10.585453,"03/27":10.68612,"03/28":10.7617,"03/29":10.758334,"03/30":10.758334,"03/31":10.728115,"04/01":10.728115,"04/02":10.726683,"04/03":10.687883,"04/04":10.688644,"04/05":10.666394,"04/06":10.656895,"04/07":10.656895,"04/08":10.655778,"04/09":10.655778,"04/10":10.617428,"04/11":10.610722,"04/12":10.590261,"04/13":10.587478,"04/14":10.587478,"04/15":10.587206,"04/16":10.58572,"04/17":10.553005,"04/18":10.52496,"04/19":10.515776,"04/20":10.501958,"04/21":10.447296,"04/22":10.448885,"04/23":10.449917,"04/24":10.336966,"04/25":10.3055725,"04/26":10.30163,"04/27":10.27521,"04/28":10.27466,"04/29":10.276485,"04/30":10.276793,"05/01":10.276793,"05/02":10.216015,"05/03":10.020918,"05/04":9.953044,"05/05":9.953044,"05/06":9.955295,"05/07":9.952655,"05/08":9.925655,"05/09":9.925108,"05/10":9.897303,"05/11":9.872735,"05/12":9.777954,"05/13":9.77911,"05/14":9.781733,"05/15":9.736706,"05/16":9.679604,"05/17":9.651895,"05/18":9.694444,"05/19":9.72941,"05/20":9.72941,"05/21":9.734337,"05/22":9.639247,"05/23":9.684726,"05/24":9.634577,"05/25":9.634577,"05/26":9.6153755,"05/27":9.61824,"05/28":9.615529,"05/29":9.597124,"05/30":9.567953,"05/31":9.536425,"06/01":9.514047,"06/02":9.462806,"06/03":9.484623,"06/04":9.450216,"06/05":9.4288645,"06/06":9.38192,"06/07":9.329436,"06/08":9.425965,"06/09":9.482836,"06/10":9.484821,"06/11":9.487917,"06/12":9.429153,"06/13":9.375633,"06/14":9.362646,"06/15":9.407616,"06/16":9.390059,"06/17":9.390059,"06/18":9.395081,"06/19":9.389094,"06/20":9.368491,"06/21":9.386101,"06/22":9.470868,"06/23":9.492926,"06/24":9.496788,"06/25":9.496949,"06/26":9.442654,"06/27":9.406838,"06/28":9.32275,"06/29":9.32275,"06/30":9.398724,"07/01":9.402299,"07/02":9.404137,"07/03":9.37858,"07/04":9.385538,"07/05":9.327447,"07/06":9.376596,"07/07":9.376596,"07/08":9.380667,"07/09":9.384832,"07/10":9.383509,"07/11":9.190528,"07/12":9.235043,"07/13":9.129454,"07/14":9.111891,"07/15":9.121651,"07/16":9.121651,"07/17":9.01299,"07/18":8.941665,"07/19":8.928656,"07/20":8.897567,"07/21":8.931935,"07/22":8.936963,"07/23":8.934449,"07/24":8.868874,"07/25":8.9070635,"07/26":8.85552,"07/27":8.864815,"07/28":8.950821,"07/29":8.956447,"07/30":8.951628,"07/31":8.91595,"08/01":8.870706,"08/02":8.937683,"08/03":9.054167,"08/04":9.019503,"08/05":9.009981,"08/06":9.007313,"08/07":8.940527,"08/08":8.860307,"08/09":8.814655,"08/10":8.7961,"08/11":8.895574,"08/12":8.898934,"08/13":8.895494,"08/14":8.874515,"08/15":8.874515,"08/16":8.886998,"08/17":8.971088,"08/18":8.906213,"08/19":8.916668,"08/20":8.925397,"08/21":8.854404,"08/22":8.81247,"08/23":8.71232,"08/24":8.70192,"08/25":8.778648,"08/26":8.786539,"08/27":8.788358,"08/28":8.662871,"08/29":8.626221,"08/30":8.641634,"08/31":8.629591,"09/01":8.569462,"09/02":8.5705185,"09/03":8.573435,"09/04":8.530863,"09/05":8.542326,"09/06":8.564201,"09/07":8.430878,"09/08":8.401034,"09/09":8.402912,"09/10":8.407419,"09/11":8.400531,"09/12":8.476113,"09/13":8.388051,"09/14":8.188885,"09/15":8.304308,"09/16":8.31568,"09/17":8.314261,"09/18":8.261006,"09/19":8.26363,"09/20":8.3007145,"09/21":8.320334,"09/22":8.371078,"09/23":8.38506,"09/24":8.38854,"09/25":8.386727,"09/26":8.384765,"09/27":8.356484,"09/28":8.610443,"09/29":8.610443,"09/30":8.602129,"10/01":8.6134815,"10/02":8.6134815,"10/03":8.473317,"10/04":8.53806,"10/05":8.441157,"10/06":8.729554,"10/07":8.7201805,"10/08":8.735342,"10/09":8.893427,"10/10":8.752538,"10/11":8.590792,"10/12":8.577034,"10/13":8.5902405,"10/14":8.602308,"10/15":8.60253,"10/16":8.613843,"10/17":8.539326,"10/18":8.609165,"10/19":8.641117,"10/20":8.6764145,"10/21":8.672513,"10/22":8.657901,"10/23":8.800466,"10/24":8.799468,"10/25":8.73968,"10/26":8.876648,"10/27":8.765035,"10/28":8.763973,"10/29":8.777277,"10/30":8.718763,"10/31":8.7040615,"11/01":8.713977,"11/02":8.551334,"11/03":8.474731,"11/04":8.472673,"11/05":8.47978,"11/06":8.365939,"11/07":8.300741,"11/08":8.243499,"11/09":8.216917,"11/10":8.266846,"11/11":8.271605,"11/12":8.26134,"11/13":8.164889,"11/14":8.159358,"11/15":7.9093933,"11/16":7.861905,"11/17":7.81609,"11/18":7.8166184,"11/19":7.8206377,"11/20":7.8851786,"11/21":7.8712234,"11/22":7.864912,"11/23":7.8713226,"11/24":7.91839,"11/25":7.936555,"11/26":7.934893,"11/27":7.9413147,"11/28":7.8476925,"11/29":7.7520905,"11/30":7.7627783,"12/01":7.7307367,"12/02":7.751972,"12/03":7.7589545,"12/04":7.5347176,"12/05":7.436926,"12/06":7.3421707,"12/07":7.3215604,"12/08":7.302545,"12/09":7.3107634,"12/10":7.314494,"12/11":7.2877154,"12/12":7.3045774,"12/13":7.195603,"12/14":6.950946,"12/15":6.7742925,"12/16":6.7742925,"12/17":6.762124,"12/18":6.698778,"12/19":6.648555,"12/20":6.809618,"12/21":6.7781467,"12/22":6.7570143,"12/23":6.764394,"12/24":6.761575,"12/25":6.761575,"12/26":6.6435137,"12/27":6.580278,"12/28":6.5392947,"12/29":6.47232,"12/30":6.4682817,"12/31":6.4741564},"2023":{"02/23":11.434002,"02/24":11.434002,"02/25":11.434002,"02/26":11.483002,"02/27":11.501999,"02/28":11.341,"03/01":11.794996,"03/02":11.794996,"03/03":11.794996,"03/04":11.955004,"03/05":12.002001,"03/06":12.055998,"03/07":12.159996,"03/08":12.159996,"03/09":12.159996,"03/10":12.159996,"03/11":12.285004,"03/12":12.200003,"03/13":11.780996,"03/14":11.945,"03/15":11.795998,"03/16":11.795998,"03/17":11.795998,"03/18":11.795998,"03/19":11.511002,"03/20":11.527004,"03/21":11.892996,"03/22":11.873999,"03/23":11.873999,"03/24":11.85163,"03/25":11.85163,"03/26":11.845633,"03/27":11.935286,"03/28":12.336515,"03/29":12.329783,"03/30":12.329783,"03/31":12.313023,"04/01":12.313023,"04/02":12.208176,"04/03":12.159739,"04/04":12.216617,"04/05":12.099271,"04/06":12.080271,"04/07":12.080271,"04/08":11.989509,"04/09":11.989509,"04/10":12.18085,"04/11":12.167439,"04/12":11.622375,"04/13":11.616807,"04/14":11.616807,"04/15":11.586921,"04/16":11.40463,"04/17":11.3392,"04/18":11.31255,"04/19":11.158647,"04/20":11.13101,"04/21":11.021687,"04/22":11.274069,"04/23":11.403249,"04/24":11.213473,"04/25":11.221885,"04/26":11.134013,"04/27":11.081175,"04/28":11.080073,"04/29":11.30195,"04/30":11.334636,"05/01":11.334636,"05/02":11.462247,"05/03":11.177381,"05/04":11.041632,"05/05":11.041632,"05/06":11.25138,"05/07":11.001259,"05/08":11.035104,"05/09":10.859146,"05/10":11.036245,"05/11":10.987111,"05/12":10.79755,"05/13":10.916315,"05/14":11.14896,"05/15":11.242417,"05/16":11.430806,"05/17":11.347861,"05/18":11.4329605,"05/19":11.5028925,"05/20":11.5028925,"05/21":11.790193,"05/22":11.859124,"05/23":11.950082,"05/24":12.159075,"05/25":12.159075,"05/26":12.120671,"05/27":12.245892,