{"0":{"10/01":1.3689995,"10/02":1.3689995,"10/03":1.3689995,"10/04":1.3689995,"10/05":1.3689995,"10/06":1.3710296,"10/07":1.3760958,"10/08":1.3740654,"10/09":1.3679844,"10/10":1.3558247,"10/11":1.3558247,"10/12":1.3558247,"10/13":1.3213814,"10/14":1.3092232,"10/15":1.2980912,"10/16":1.2920192,"10/17":1.2798777,"10/18":1.2798777,"10/19":1.2798777,"10/20":1.2525554,"10/21":1.2525554,"10/22":1.2525554,"10/23":1.2171702,"10/24":1.2050467,"10/25":1.2050467,"10/26":1.2050467,"10/27":1.1656601,"10/28":0.8074987,"10/29":1.0275252,"10/30":1.009409,"10/31":0.9963274,"11/01":0.9963274,"11/02":0.9963274,"11/03":0.9641323,"11/04":0.9671533,"11/05":0.9671533,"11/06":0.9772055,"11/07":0.9661463,"11/08":0.9661463,"11/09":0.9661463,"11/10":0.89378905,"11/11":0.8355761,"11/12":0.89177793,"11/13":0.81351256,"11/14":0.81351256,"11/15":0.81351256,"11/16":0.81351256,"11/17":0.51562285,"11/18":0.6903468,"11/19":0.3673324,"11/20":0.13137561,"11/21":0.37428916,"11/22":0.37428916,"11/23":0.37428916,"11/24":0.53855467,"11/25":0.6963467,"11/26":0.089851305,"11/27":0.0,"11/28":0.0,"11/29":0.0,"11/30":0.0,"12/01":0.0,"12/02":0.0,"12/03":0.0,"12/04":0.0,"12/05":0.0,"12/06":0.0,"12/07":0.0,"12/08":0.0,"12/09":0.0,"12/10":0.0,"12/11":0.0,"12/12":0.0,"12/13":0.0,"12/14":0.0,"12/15":0.0,"12/16":0.0,"12/17":0.0,"12/18":0.0,"12/19":0.0,"12/20":0.0,"12/21":0.0,"12/22":0.0,"12/23":0.0,"12/24":0.0,"12/25":0.0,"12/26":0.0,"12/27":0.0,"12/28":0.0,"12/29":0.0,"12/30":0.0,"12/31":0.0},"2025":{"10/01":1.3689995,"10/02":1.3689995,"10/03":1.3689995,"10/04":1.3689995,"10/05":1.3689995,"10/06":1.3710296,"10/07":1.3760958,"10/08":1.3740654,"10/09":1.3679844,"10/10":1.3558247,"10/11":1.3558247,"10/12":1.3558247,"10/13":1.3213814,"10/14":1.3092232,"10/15":1.2980912,"10/16":1.2920192,"10/17":1.2798777,"10/18":1.2798777,"10/19":1.2798777,"10/20":1.2525554,"10/21":1.2525554,"10/22":1.2525554,"10/23":1.2171702,"10/24":1.2050467,"10/25":1.2050467,"10/26":1.2050467,"10/27":1.1656601,"10/28":0.8074987,"10/29":1.0275252,"10/30":1.009409,"10/31":0.9963274,"11/01":0.9963274,"11/02":0.9963274,"11/03":0.9641323,"11/04":0.9671533,"11/05":0.9671533,"11/06":0.9772055,"11/07":0.9661463,"11/08":0.9661463,"11/09":0.9661463,"11/10":0.89378905,"11/11":0.8355761,"11/12":0.89177793,"11/13":0.81351256,"11/14":0.81351256,"11/15":0.81351256,"11/16":0.81351256,"11/17":0.51562285,"11/18":0.6903468,"11/19":0.3673324,"11/20":0.13137561,"11/21":0.37428916,"11/22":0.37428916,"11/23":0.37428916,"11/24":0.53855467,"11/25":0.6963467,"11/26":0.089851305,"11/27":0.0,"11/28":0.0,"11/29":0.0,"11/30":0.0,"12/01":0.0,"12/02":0.0,"12/03":0.0,"12/04":0.0,"12/05":0.0,"12/06":0.0,"12/07":0.0,"12/08":0.0,"12/09":0.0,"12/10":0.0,"12/11":0.0,"12/12":0.0,"12/13":0.0,"12/14":0.0,"12/15":0.0,"12/16":0.0,"12/17":0.0,"12/18":0.0,"12/19":0.0,"12/20":0.0,"12/21":0.0,"12/22":0.0,"12/23":0.0,"12/24":0.0,"12/25":0.0,"12/26":0.0,"12/27":0.0,"12/28":0.0,"12/29":0.0,"12/30":0.0,"12/31":0.0}}