{"0":{"01/01":10.0717125,"01/02":10.156284,"01/03":10.235813,"01/04":10.194478,"01/05":10.194478,"01/06":10.194478,"01/07":10.194478,"01/08":10.17177,"01/09":10.119142,"01/10":9.963617,"01/11":9.892699,"01/12":9.892699,"01/13":9.892699,"01/14":9.892699,"01/15":9.390674,"01/16":9.444638,"01/17":9.760353,"01/18":9.804434,"01/19":9.683559,"01/20":9.683559,"01/21":9.683559,"01/22":9.683559,"01/23":9.729629,"01/24":9.586441,"01/25":9.570099,"01/26":9.570099,"01/27":9.570099,"01/28":9.570099,"01/29":9.225024,"01/30":9.282893,"01/31":9.072023,"02/01":8.543361,"02/02":8.313374,"02/03":8.313374,"02/04":8.313374,"02/05":8.487273,"02/06":8.374282,"02/07":8.211694,"02/08":8.308387,"02/09":8.407254,"02/10":8.407254,"02/11":8.407254,"02/12":8.454252,"02/13":8.377274,"02/14":8.376272,"02/15":8.114177,"02/16":8.06648,"02/17":8.06648,"02/18":8.06648,"02/19":8.06648,"02/20":7.7337523,"02/21":7.6992116,"02/22":7.641042,"02/23":8.43325,"02/24":8.43325,"02/25":8.43325,"02/26":8.433462,"02/27":8.433742,"02/28":8.432923,"02/29":7.71007,"03/01":8.435701,"03/02":8.435701,"03/03":8.435701,"03/04":8.436714,"03/05":8.4366,"03/06":8.437957,"03/07":8.43945,"03/08":8.43945,"03/09":8.43945,"03/10":8.43945,"03/11":8.44058,"03/12":8.43925,"03/13":8.436293,"03/14":8.437262,"03/15":8.435826,"03/16":8.435826,"03/17":8.435826,"03/18":8.435826,"03/19":8.4336815,"03/20":8.433878,"03/21":8.4374485,"03/22":8.437109,"03/23":8.437109,"03/24":8.428339,"03/25":8.428339,"03/26":8.428094,"03/27":8.404037,"03/28":8.409664,"03/29":8.4190235,"03/30":8.4190235,"03/31":8.376234,"04/01":8.376234,"04/02":8.373817,"04/03":8.3239,"04/04":8.324761,"04/05":8.301439,"04/06":8.293226,"04/07":8.293226,"04/08":8.29244,"04/09":8.29244,"04/10":8.248576,"04/11":8.238176,"04/12":8.222836,"04/13":8.212488,"04/14":8.212488,"04/15":8.211824,"04/16":8.209974,"04/17":8.177939,"04/18":8.1546755,"04/19":8.144678,"04/20":8.137099,"04/21":8.11059,"04/22":8.11314,"04/23":8.114571,"04/24":8.054738,"04/25":8.046282,"04/26":8.038419,"04/27":8.015686,"04/28":8.021099,"04/29":8.023682,"04/30":8.023089,"05/01":8.023089,"05/02":7.973321,"05/03":7.770212,"05/04":7.743865,"05/05":7.743865,"05/06":7.7471523,"05/07":7.7453737,"05/08":7.7654276,"05/09":7.748832,"05/10":7.7134085,"05/11":7.6833324,"05/12":7.5874186,"05/13":7.5891848,"05/14":7.5914764,"05/15":7.548236,"05/16":7.4807405,"05/17":7.4902287,"05/18":7.505247,"05/19":7.5186625,"05/20":7.5186625,"05/21":7.522581,"05/22":7.4201007,"05/23":7.509399,"05/24":7.454562,"05/25":7.454562,"05/26":7.4017725,"05/27":7.4039383,"05/28":7.402407,"05/29":7.3978357,"05/30":7.370796,"05/31":7.3012,"06/01":7.260003,"06/02":7.2503796,"06/03":7.267982,"06/04":7.2399406,"06/05":7.2306385,"06/06":7.21269,"06/07":7.1857557,"06/08":7.3103247,"06/09":7.3841486,"06/10":7.384757,"06/11":7.38719,"06/12":7.311057,"06/13":7.2778425,"06/14":7.275527,"06/15":7.319313,"06/16":7.2766094,"06/17":7.2766094,"06/18":7.280691,"06/19":7.2988234,"06/20":7.302063,"06/21":7.3061824,"06/22":7.3702183,"06/23":7.3914137,"06/24":7.3952136,"06/25":7.396626,"06/26":7.344841,"06/27":7.303863,"06/28":7.2397594,"06/29":7.2397594,"06/30":7.2576504,"07/01":7.2615194,"07/02":7.262023,"07/03":7.2561626,"07/04":7.2228665,"07/05":7.1841645,"07/06":7.21782,"07/07":7.21782,"07/08":7.2219195,"07/09":7.2259727,"07/10":7.226533,"07/11":7.0930643,"07/12":7.1471605,"07/13":7.049557,"07/14":7.007911,"07/15":7.01385,"07/16":7.01385,"07/17":6.8901877,"07/18":6.8197255,"07/19":6.8054676,"07/20":6.777009,"07/21":6.8468676,"07/22":6.8498287,"07/23":6.847631,"07/24":6.8084474,"07/25":6.864933,"07/26":6.8322153,"07/27":6.852196,"07/28":6.962069,"07/29":6.9690695,"07/30":6.965501,"07/31":6.93825,"08/01":6.8918514,"08/02":6.9384274,"08/03":7.047159,"08/04":7.023201,"08/05":7.0139427,"08/06":7.011157,"08/07":6.956053,"08/08":6.8994083,"08/09":6.8750257,"08/10":6.84852,"08/11":6.9514413,"08/12":6.953255,"08/13":6.9482694,"08/14":6.94387,"08/15":6.94387,"08/16":6.95623,"08/17":7.0434313,"08/18":7.0117893,"08/19":7.0195646,"08/20":7.029185,"08/21":6.967821,"08/22":6.943811,"08/23":6.86559,"08/24":6.852523,"08/25":6.911911,"08/26":6.92027,"08/27":6.9182453,"08/28":6.817815,"08/29":6.81111,"08/30":6.7959924,"08/31":6.7845664,"09/01":6.738909,"09/02":6.7399335,"09/03":6.7432756,"09/04":6.730882,"09/05":6.7075214,"09/06":6.693385,"09/07":6.5598226,"09/08":6.5533514,"09/09":6.5585876,"09/10":6.565615,"09/11":6.57843,"09/12":6.616544,"09/13":6.5295815,"09/14":6.369101,"09/15":6.4527392,"09/16":6.4649096,"09/17":6.464111,"09/18":6.416505,"09/19":6.421875,"09/20":6.4834685,"09/21":6.497046,"09/22":6.5623226,"09/23":6.5752196,"09/24":6.581422,"09/25":6.5697894,"09/26":6.583935,"09/27":6.5633583,"09/28":6.8154364,"09/29":6.8154364,"09/30":6.8082676,"10/01":6.817573,"10/02":6.817573,"10/03":6.7004066,"10/04":6.7171693,"10/05":6.609832,"10/06":6.9039373,"10/07":6.892619,"10/08":6.91504,"10/09":7.067823,"10/10":6.9453692,"10/11":6.7805133,"10/12":6.7843533,"10/13":6.794226,"10/14":6.794226,"10/15":6.794226,"10/16":6.8095937,"10/17":6.742698,"10/18":6.8244247,"10/19":6.895367,"10/20":6.9355955,"10/21":6.9355955,"10/22":6.9355955,"10/23":7.0510783,"10/24":7.0510783,"10/25":6.9979763,"10/26":7.133696,"10/27":7.0217505,"10/28":7.0217505,"10/29":7.0217505,"10/30":6.969251,"10/31":6.9686985,"11/01":6.9664927,"11/02":6.81783,"11/03":6.7492695,"11/04":6.7492695,"11/05":6.7492695,"11/06":6.6186395,"11/07":6.5734153,"11/08":6.4962087,"11/09":6.4972963,"11/10":6.565794,"11/11":6.565794,"11/12":6.565794,"11/13":6.5152187,"11/14":6.5152187,"11/15":6.2707033,"11/16":6.235174,"11/17":6.1889467,"11/18":6.1889467,"11/19":6.1889467,"11/20":6.245934,"11/21":6.2357125,"11/22":6.1932445,"11/23":6.189485,"11/24":6.2658544,"11/25":6.2658544,"11/26":6.2658544,"11/27":6.2658544,"11/28":6.221726,"11/29":6.090835,"11/30":6.1095734,"12/01":6.0833435,"12/02":6.0833435,"12/03":6.0833435,"12/04":5.8574,"12/05":5.7789593,"12/06":5.7081285,"12/07":5.6996818,"12/08":5.70021,"12/09":5.70021,"12/10":5.70021,"12/11":5.686493,"12/12":5.7033763,"12/13":5.6437955,"12/14":5.3884697,"12/15":5.2266455,"12/16":5.2266455,"12/17":5.2266455,"12/18":5.1603136,"12/19":5.1453075,"12/20":5.2718167,"12/21":5.2536345,"12/22":5.210045,"12/23":5.210045,"12/24":5.210045,"12/25":5.210045,"12/26":5.1359997,"12/27":5.102923,"12/28":5.0549283,"12/29":4.977694,"12/30":4.977694,"12/31":4.977694},"2023":{"02/23":9.188004,"02/24":9.188004,"02/25":9.188004,"02/26":9.217997,"02/27":9.2560005,"02/28":9.139004,"03/01":9.484997,"03/02":9.484997,"03/03":9.484997,"03/04":9.586,"03/05":9.575005,"03/06":9.699001,"03/07":9.822998,"03/08":9.822998,"03/09":9.822998,"03/10":9.822998,"03/11":9.910002,"03/12":9.806995,"03/13":9.545002,"03/14":9.637003,"03/15":9.497995,"03/16":9.497995,"03/17":9.497995,"03/18":9.497995,"03/19":9.247999,"03/20":9.273996,"03/21":9.653997,"03/22":9.623003,"03/23":9.623003,"03/24":9.605464,"03/25":9.605464,"03/26":9.582464,"03/27":9.728776,"03/28":10.134514,"03/29":10.153233,"03/30":10.153233,"03/31":10.109265,"04/01":10.109265,"04/02":9.948469,"04/03":9.848633,"04/04":9.909498,"04/05":9.803713,"04/06":9.787286,"04/07":9.787286,"04/08":9.728442,"04/09":9.728442,"04/10":9.900357,"04/11":9.879558,"04/12":9.387815,"04/13":9.367121,"04/14":9.367121,"04/15":9.302397,"04/16":9.098242,"04/17":9.034173,"04/18":8.994503,"04/19":8.866655,"04/20":8.851497,"04/21":8.798477,"04/22":9.125523,"04/23":9.269659,"04/24":9.1344185,"04/25":9.190463,"04/26":9.094967,"04/27":9.049501,"04/28":9.060328,"04/29":9.303457,"04/30":9.25186,"05/01":9.25186,"05/02":9.33921,"05/03":8.926225,"05/04":8.87353,"05/05":8.87353,"05/06":9.155895,"05/07":9.010768,"05/08":9.062444,"05/09":8.844783,"05/10":8.926583,"05/11":8.86643,"05/12":8.6746025,"05/13":8.838996,"05/14":9.025049,"05/15":9.069718,"05/16":9.15324,"05/17":9.1617365,"05/18":9.191774,"05/19":9.218605,"05/20":9.218605,"05/21":9.454527,"05/22":9.486116,"05/23":9.664713,"05/24":9.860021,"05/25":9.860021,"05/26":9.754442,"05/27":9.85349,"05/28":9.783864,"05/29":9.615,"05/30":9.446005,