{"0":{"01/01":10.11665,"01/02":10.47109,"01/03":10.493655,"01/04":10.452224,"01/05":10.452224,"01/06":10.244148,"01/07":10.389423,"01/08":10.293583,"01/09":10.075114,"01/10":9.787786,"01/11":9.716981,"01/12":9.716981,"01/13":8.994469,"01/14":9.110368,"01/15":8.774737,"01/16":9.23426,"01/17":9.477484,"01/18":9.52145,"01/19":9.4008875,"01/20":9.57814,"01/21":9.467125,"01/22":9.617322,"01/23":9.736162,"01/24":9.573393,"01/25":9.557052,"01/26":9.557052,"01/27":9.558909,"01/28":9.592461,"01/29":9.345791,"01/30":9.492031,"01/31":9.417129,"02/01":8.886794,"02/02":8.656078,"02/03":8.575004,"02/04":8.844936,"02/05":9.103658,"02/06":8.999237,"02/07":8.646117,"02/08":8.743199,"02/09":8.8424635,"02/10":8.671882,"02/11":8.412786,"02/12":8.441338,"02/13":8.345933,"02/14":8.206663,"02/15":7.944977,"02/16":7.8973536,"02/17":7.9571004,"02/18":7.9571004,"02/19":7.9571004,"02/20":7.730082,"02/21":7.541651,"02/22":7.4835663,"02/23":8.3544855,"02/24":8.301369,"02/25":8.279388,"02/26":8.279642,"02/27":8.21636,"02/28":8.017857,"02/29":6.880065,"03/01":8.021946,"03/02":8.021946,"03/03":8.039297,"03/04":8.040676,"03/05":8.1728525,"03/06":8.31626,"03/07":8.317435,"03/08":8.317435,"03/09":8.317435,"03/10":8.28511,"03/11":8.3200245,"03/12":8.346359,"03/13":8.345461,"03/14":8.346506,"03/15":8.344955,"03/16":8.344955,"03/17":8.446783,"03/18":8.631721,"03/19":8.785631,"03/20":8.916153,"03/21":9.027939,"03/22":9.027767,"03/23":9.027767,"03/24":9.137129,"03/25":9.110222,"03/26":9.157107,"03/27":9.25559,"03/28":9.321148,"03/29":9.330507,"03/30":9.330507,"03/31":9.307314,"04/01":9.307314,"04/02":9.564241,"04/03":9.475717,"04/04":9.413294,"04/05":9.390576,"04/06":9.382362,"04/07":9.12166,"04/08":9.265829,"04/09":9.296274,"04/10":9.24997,"04/11":9.436768,"04/12":9.426611,"04/13":9.416264,"04/14":9.416264,"04/15":9.416311,"04/16":9.826117,"04/17":9.990335,"04/18":9.966955,"04/19":9.958779,"04/20":9.9512005,"04/21":10.180976,"04/22":10.177322,"04/23":10.176031,"04/24":10.228411,"04/25":10.009348,"04/26":10.00295,"04/27":9.980217,"04/28":10.044317,"04/29":10.163605,"04/30":10.164022,"05/01":10.164022,"05/02":10.110508,"05/03":9.907535,"05/04":9.881187,"05/05":9.977762,"05/06":9.831015,"05/07":9.896761,"05/08":9.619106,"05/09":9.605723,"05/10":9.567642,"05/11":9.537565,"05/12":9.441652,"05/13":9.440618,"05/14":9.439751,"05/15":9.394226,"05/16":9.322926,"05/17":9.332597,"05/18":9.347616,"05/19":9.361031,"05/20":9.361031,"05/21":9.360978,"05/22":9.254379,"05/23":9.3436775,"05/24":9.283531,"05/25":9.283531,"05/26":9.2307415,"05/27":9.231258,"05/28":9.2308855,"05/29":9.229095,"05/30":9.204056,"05/31":9.132983,"06/01":9.091787,"06/02":9.082163,"06/03":9.086535,"06/04":9.082922,"06/05":9.063883,"06/06":9.041021,"06/07":9.008017,"06/08":9.132586,"06/09":9.206409,"06/10":9.206612,"06/11":9.207458,"06/12":9.129627,"06/13":9.092945,"06/14":9.087881,"06/15":9.131667,"06/16":9.0889635,"06/17":9.0889635,"06/18":9.09077,"06/19":9.107591,"06/20":9.109695,"06/21":9.113369,"06/22":9.177404,"06/23":9.1986,"06/24":9.20052,"06/25":9.201247,"06/26":9.148985,"06/27":9.105768,"06/28":9.042744,"06/29":9.042744,"06/30":9.060635,"07/01":9.062647,"07/02":9.062913,"07/03":9.054001,"07/04":9.020041,"07/05":8.98044,"07/06":9.014096,"07/07":9.014096,"07/08":9.016399,"07/09":9.018724,"07/10":9.01905,"07/11":8.885298,"07/12":8.938077,"07/13":8.840474,"07/14":8.798828,"07/15":8.802248,"07/16":8.802248,"07/17":8.678585,"07/18":8.604677,"07/19":8.593506,"07/20":8.565047,"07/21":8.634906,"07/22":8.636603,"07/23":8.635342,"07/24":8.596127,"07/25":8.652612,"07/26":8.61237,"07/27":8.632351,"07/28":8.742224,"07/29":8.746627,"07/30":8.744371,"07/31":8.716163,"08/01":8.668884,"08/02":8.715676,"08/03":8.824409,"08/04":8.80045,"08/05":8.794593,"08/06":8.792862,"08/07":8.73321,"08/08":8.679083,"08/09":8.652877,"08/10":8.626371,"08/11":8.729292,"08/12":8.730442,"08/13":8.727295,"08/14":8.720718,"08/15":8.720718,"08/16":8.728708,"08/17":8.81591,"08/18":8.784267,"08/19":8.789438,"08/20":8.795942,"08/21":8.733237,"08/22":8.70836,"08/23":8.62953,"08/24":8.616463,"08/25":8.675852,"08/26":8.681615,"08/27":8.680212,"08/28":8.579145,"08/29":8.571818,"08/30":8.555656,"08/31":8.54423,"09/01":8.498573,"09/02":8.49928,"09/03":8.501595,"09/04":8.48834,"09/05":8.46498,"09/06":8.453882,"09/07":8.320319,"09/08":8.3138485,"09/09":8.317406,"09/10":8.322229,"09/11":8.33393,"09/12":8.365922,"09/13":8.277764,"09/14":8.117284,"09/15":8.200922,"09/16":8.209636,"09/17":8.209061,"09/18":8.161454,"09/19":8.165323,"09/20":8.223005,"09/21":8.236583,"09/22":8.301859,"09/23":8.311437,"09/24":8.316079,"09/25":8.301922,"09/26":8.311886,"09/27":8.293865,"09/28":8.545943,"09/29":8.545943,"09/30":8.540459,"10/01":8.547583,"10/02":8.547583,"10/03":8.438835,"10/04":8.4636965,"10/05":8.3563595,"10/06":8.650465,"10/07":8.642192,"10/08":8.658667,"10/09":8.80736,"10/10":8.685779,"10/11":8.521574,"10/12":8.5254135,"10/13":8.535287,"10/14":8.543942,"10/15":8.546444,"10/16":8.560005,"10/17":8.481641,"10/18":8.560563,"10/19":8.631435,"10/20":8.671625,"10/21":8.66648,"10/22":8.656721,"10/23":8.773874,"10/24":8.77145,"10/25":8.706337,"10/26":8.841153,"10/27":8.729953,"10/28":8.728516,"10/29":8.735046,"10/30":8.68284,"10/31":8.680244,"11/01":8.678052,"11/02":8.530282,"11/03":8.462133,"11/04":8.461985,"11/05":8.466889,"11/06":8.345834,"11/07":8.293192,"11/08":8.218024,"11/09":8.219107,"11/10":8.287313,"11/11":8.290169,"11/12":8.28123,"11/13":8.21925,"11/14":8.214263,"11/15":7.97216,"11/16":7.936981,"11/17":7.8912106,"11/18":7.892583,"11/19":7.895831,"11/20":7.9523315,"11/21":7.936257,"11/22":7.903373,"11/23":7.8996415,"11/24":7.9754286,"11/25":7.989867,"11/26":7.987816,"11/27":7.991167,"11/28":7.941847,"11/29":7.823585,"11/30":7.842286,"12/01":7.816108,"12/02":7.830944,"12/03":7.8372746,"12/04":7.6187267,"12/05":7.5481896,"12/06":7.468232,"12/07":7.4597473,"12/08":7.4602776,"12/09":7.465581,"12/10":7.4685793,"12/11":7.4541497,"12/12":7.467607,"12/13":7.415559,"12/14":7.1583977,"12/15":6.9954104,"12/16":6.9954104,"12/17":6.9852395,"12/18":6.9166183,"12/19":6.889747,"12/20":7.0056047,"12/21":6.98746,"12/22":6.943964,"12/23":6.949844,"12/24":6.948885,"12/25":6.948885,"12/26":6.874661,"12/27":6.8423376,"12/28":6.7943673,"12/29":6.717171,"12/30":6.7166033,"12/31":6.721319},"2023":{"02/23":9.188004,"02/24":9.188004,"02/25":9.188004,"02/26":9.217997,"02/27":9.2560005,"02/28":9.139004,"03/01":9.484997,"03/02":9.484997,"03/03":9.484997,"03/04":9.586,"03/05":9.575005,"03/06":9.699001,"03/07":9.822998,"03/08":9.822998,"03/09":9.822998,"03/10":9.822998,"03/11":9.910002,"03/12":9.806995,"03/13":9.545002,"03/14":9.637003,"03/15":9.497995,"03/16":9.497995,"03/17":9.497995,"03/18":9.497995,"03/19":9.247999,"03/20":9.273996,"03/21":9.653997,"03/22":9.623003,"03/23":9.623003,"03/24":9.605464,"03/25":9.605464,"03/26":9.582464,"03/27":9.728776,"03/28":10.134514,"03/29":10.153233,"03/30":10.153233,"03/31":10.109265,"04/01":10.109265,"04/02":9.948469,"04/03":9.848633,"04/04":9.909498,"04/05":9.803713,"04/06":9.787286,"04/07":9.787286,"04/08":9.728442,"04/09":9.728442,"04/10":9.900357,"04/11":9.879558,"04/12":9.387815,"04/13":9.367121,"04/14":9.367121,"04/15":9.302397,"04/16":9.098242,"04/17":9.034173,"04/18":8.994503,"04/19":8.866655,"04/20":8.851497,"04/21":8.798477,"04/22":9.125523,"04/23":9.269659,"04/24":9.1344185,"04/25":9.190463,"04/26":9.094967,"04/27":9.049501,"04/28":9.060328,"04/29":9.303457,"04/30":9.25186,"05/01":9.25186,"05/02":9.33921,"05/03":8.926225,"05/04":8.87353,"05/05":8.87353,"05/06":9.155895,"05/07":9.010768,"05/08":9.062444,"05/09":8.844783,"05/10":8.926583,"05/11":8.86643,"05/12":8.6746025,"05/13":8.838996,"05/14":9.025049,"05/15":9.069718,"05/16":9.15324,"05/17":9.1617365,"05/18":9.191774,"05/19":9.218605,"05/20":9.218605,"05/21":9.454527,"05/22":9.486116,"05/23":9.664713,"05/24":9.860021,"05/25":9.860021,"05/26":9.754442,"05/27":9.85349,"05/28":9.783864,"05/29":9.615,"05/30":9.446005,"05/31":9.391613,"06/01":9.30922,"06/02":9.289972,"06/03":10.08508,"06/04":8.6259165,