{"0":{"07/08":3.0032573,"07/09":2.9888473,"07/10":2.9765017,"07/11":2.9641593,"07/12":2.9641593,"07/13":2.9641593,"07/14":2.919945,"07/15":2.9014428,"07/16":2.88809,"07/17":2.8726838,"07/18":2.8583102,"07/19":2.8583102,"07/20":2.8583102,"07/21":2.8131695,"07/22":2.7998297,"07/23":2.7834332,"07/24":2.7690847,"07/25":2.7547402,"07/26":2.7547402,"07/27":2.7547402,"07/28":2.7096806,"07/29":2.6953526,"07/30":2.6810284,"07/31":2.669781,"08/01":2.6534164,"08/02":2.6534164,"08/03":2.6534164,"08/04":2.6053865,"08/05":2.5890424,"08/06":2.5737257,"08/07":2.5594356,"08/08":2.543106,"08/09":2.543106,"08/10":2.543106,"08/11":2.4992526,"08/12":2.4860039,"08/13":2.4696977,"08/14":2.451367,"08/15":2.451367,"08/16":2.451367,"08/17":2.451367,"08/18":2.3882644,"08/19":2.3719895,"08/20":2.3567376,"08/21":2.3404825,"08/22":2.3272648,"08/23":2.3272648,"08/24":2.3272648,"08/25":2.282589,"08/26":2.269396,"08/27":2.269396,"08/28":2.241995,"08/29":2.6759164,"08/30":2.6759164,"08/31":2.6759164,"09/01":2.6002722,"09/02":2.5992494,"09/03":2.574748,"09/04":2.3770714,"09/05":2.2612767,"09/06":2.2612767,"09/07":2.2612767,"09/08":2.2612767,"09/09":2.1619372,"09/10":2.1153696,"09/11":2.1173959,"09/12":2.0445955,"09/13":2.0445955,"09/14":2.0445955,"09/15":2.0274277,"09/16":1.8298379,"09/17":1.6300204,"09/18":1.6480585,"09/19":1.6520742,"09/20":1.6520742,"09/21":1.6520742,"09/22":1.6570847,"09/23":1.6300204,"09/24":1.713267,"09/25":1.75143,"09/26":1.9275324,"09/27":1.9275324,"09/28":1.9275324,"09/29":1.8268253,"09/30":1.984014,"10/01":1.7986636,"10/02":1.7986636,"10/03":1.7986636,"10/04":1.7986636,"10/05":1.7986636,"10/06":1.4170026,"10/07":1.3033589,"10/08":1.3053532,"10/09":1.1810356,"10/10":1.113537,"10/11":1.113537,"10/12":1.113537,"10/13":1.049095,"10/14":0.9412142,"10/15":0.74682844,"10/16":0.54632306,"10/17":0.50416976,"10/18":0.50416976,"10/19":0.50416976,"10/20":0.5394572,"10/21":0.5394572,"10/22":0.5394572,"10/23":0.6356649,"10/24":0.7182847,"10/25":0.7182847,"10/26":0.7182847,"10/27":0.49240348,"10/28":0.4630231,"10/29":0.26558888,"10/30":0.5316196,"10/31":0.695649,"11/01":0.695649,"11/02":0.695649,"11/03":0.5561371,"11/04":0.60325056,"11/05":0.60325056,"11/06":0.6828623,"11/07":0.66810954,"11/08":0.66810954,"11/09":0.66810954,"11/10":0.46204248,"11/11":0.41603154,"11/12":0.28705442,"11/13":0.39646935,"11/14":0.39646935,"11/15":0.39646935,"11/16":0.39646935,"11/17":0.28022388,"11/18":0.3251325,"11/19":0.15062064,"11/20":0.050483793,"11/21":0.21683942,"11/22":0.21683942,"11/23":0.21683942,"11/24":0.25584078,"11/25":0.26949608,"11/26":-0.034919064,"11/27":0.0,"11/28":0.0,"11/29":0.0,"11/30":0.0,"12/01":0.0,"12/02":0.0,"12/03":0.0,"12/04":0.0,"12/05":0.0,"12/06":0.0,"12/07":0.0,"12/08":0.0,"12/09":0.0,"12/10":0.0,"12/11":0.0,"12/12":0.0,"12/13":0.0,"12/14":0.0,"12/15":0.0,"12/16":0.0,"12/17":0.0,"12/18":0.0,"12/19":0.0,"12/20":0.0,"12/21":0.0,"12/22":0.0,"12/23":0.0,"12/24":0.0,"12/25":0.0,"12/26":0.0,"12/27":0.0,"12/28":0.0,"12/29":0.0,"12/30":0.0,"12/31":0.0},"2025":{"07/08":3.0032573,"07/09":2.9888473,"07/10":2.9765017,"07/11":2.9641593,"07/12":2.9641593,"07/13":2.9641593,"07/14":2.919945,"07/15":2.9014428,"07/16":2.88809,"07/17":2.8726838,"07/18":2.8583102,"07/19":2.8583102,"07/20":2.8583102,"07/21":2.8131695,"07/22":2.7998297,"07/23":2.7834332,"07/24":2.7690847,"07/25":2.7547402,"07/26":2.7547402,"07/27":2.7547402,"07/28":2.7096806,"07/29":2.6953526,"07/30":2.6810284,"07/31":2.669781,"08/01":2.6534164,"08/02":2.6534164,"08/03":2.6534164,"08/04":2.6053865,"08/05":2.5890424,"08/06":2.5737257,"08/07":2.5594356,"08/08":2.543106,"08/09":2.543106,"08/10":2.543106,"08/11":2.4992526,"08/12":2.4860039,"08/13":2.4696977,"08/14":2.451367,"08/15":2.451367,"08/16":2.451367,"08/17":2.451367,"08/18":2.3882644,"08/19":2.3719895,"08/20":2.3567376,"08/21":2.3404825,"08/22":2.3272648,"08/23":2.3272648,"08/24":2.3272648,"08/25":2.282589,"08/26":2.269396,"08/27":2.269396,"08/28":2.241995,"08/29":2.6759164,"08/30":2.6759164,"08/31":2.6759164,"09/01":2.6002722,"09/02":2.5992494,"09/03":2.574748,"09/04":2.3770714,"09/05":2.2612767,"09/06":2.2612767,"09/07":2.2612767,"09/08":2.2612767,"09/09":2.1619372,"09/10":2.1153696,"09/11":2.1173959,"09/12":2.0445955,"09/13":2.0445955,"09/14":2.0445955,"09/15":2.0274277,"09/16":1.8298379,"09/17":1.6300204,"09/18":1.6480585,"09/19":1.6520742,"09/20":1.6520742,"09/21":1.6520742,"09/22":1.6570847,"09/23":1.6300204,"09/24":1.713267,"09/25":1.75143,"09/26":1.9275324,"09/27":1.9275324,"09/28":1.9275324,"09/29":1.8268253,"09/30":1.984014,"10/01":1.7986636,"10/02":1.7986636,"10/03":1.7986636,"10/04":1.7986636,"10/05":1.7986636,"10/06":1.4170026,"10/07":1.3033589,"10/08":1.3053532,"10/09":1.1810356,"10/10":1.113537,"10/11":1.113537,"10/12":1.113537,"10/13":1.049095,"10/14":0.9412142,"10/15":0.74682844,"10/16":0.54632306,"10/17":0.50416976,"10/18":0.50416976,"10/19":0.50416976,"10/20":0.5394572,"10/21":0.5394572,"10/22":0.5394572,"10/23":0.6356649,"10/24":0.7182847,"10/25":0.7182847,"10/26":0.7182847,"10/27":0.49240348,"10/28":0.4630231,"10/29":0.26558888,"10/30":0.5316196,"10/31":0.695649,"11/01":0.695649,"11/02":0.695649,"11/03":0.5561371,"11/04":0.60325056,"11/05":0.60325056,"11/06":0.6828623,"11/07":0.66810954,"11/08":0.66810954,"11/09":0.66810954,"11/10":0.46204248,"11/11":0.41603154,"11/12":0.28705442,"11/13":0.39646935,"11/14":0.39646935,"11/15":0.39646935,"11/16":0.39646935,"11/17":0.28022388,"11/18":0.3251325,"11/19":0.15062064,"11/20":0.050483793,"11/21":0.21683942,"11/22":0.21683942,"11/23":0.21683942,"11/24":0.25584078,"11/25":0.26949608,"11/26":-0.034919064,"11/27":0.0,"11/28":0.0,"11/29":0.0,"11/30":0.0,"12/01":0.0,"12/02":0.0,"12/03":0.0,"12/04":0.0,"12/05":0.0,"12/06":0.0,"12/07":0.0,"12/08":0.0,"12/09":0.0,"12/10":0.0,"12/11":0.0,"12/12":0.0,"12/13":0.0,"12/14":0.0,"12/15":0.0,"12/16":0.0,"12/17":0.0,"12/18":0.0,"12/19":0.0,"12/20":0.0,"12/21":0.0,"12/22":0.0,"12/23":0.0,"12/24":0.0,"12/25":0.0,"12/26":0.0,"12/27":0.0,"12/28":0.0,"12/29":0.0,"12/30":0.0,"12/31":0.0}}