{"0":{"10/27":1.7500019,"10/28":1.7500019,"10/29":1.7500019,"10/30":1.7500019,"10/31":1.7500019,"11/01":1.7500019,"11/02":1.7500019,"11/03":1.7500019,"11/04":1.7500019,"11/05":1.7500019,"11/06":1.7500019,"11/07":1.7500019,"11/08":1.7500019,"11/09":1.7500019,"11/10":1.7500019,"11/11":1.7500019,"11/12":1.7500019,"11/13":1.7500019,"11/14":1.7500019,"11/15":1.7500019,"11/16":1.7500019,"11/17":1.7500019,"11/18":1.7500019,"11/19":1.7500019,"11/20":1.7500019,"11/21":1.7500019,"11/22":1.7500019,"11/23":1.7500019,"11/24":1.7500019,"11/25":1.7500019,"11/26":1.7500019,"11/27":1.7500019,"11/28":1.7500019,"11/29":1.7500019,"11/30":1.7500019,"12/01":1.7500019,"12/02":1.7500019,"12/03":1.7500019,"12/04":1.7500019,"12/05":1.7500019,"12/06":1.7500019,"12/07":1.7500019,"12/08":1.7500019,"12/09":1.7500019,"12/10":1.7500019,"12/11":1.7500019,"12/12":1.7500019,"12/13":1.7500019,"12/14":1.7500019,"12/15":1.7500019,"12/16":1.7500019,"12/17":1.7500019,"12/18":1.7337219,"12/19":1.7266021,"12/20":1.7266021,"12/21":1.7266021,"12/22":1.7032228,"12/23":1.6961074,"12/24":1.688993,"12/25":1.688993,"12/26":1.6737497,"12/27":1.6737497,"12/28":1.6737497,"12/29":1.6483512,"12/30":1.6402268,"12/31":1.6402268},"2025":{"10/27":1.7500019,"10/28":1.7500019,"10/29":1.7500019,"10/30":1.7500019,"10/31":1.7500019,"11/01":1.7500019,"11/02":1.7500019,"11/03":1.7500019,"11/04":1.7500019,"11/05":1.7500019,"11/06":1.7500019,"11/07":1.7500019,"11/08":1.7500019,"11/09":1.7500019,"11/10":1.7500019,"11/11":1.7500019,"11/12":1.7500019,"11/13":1.7500019,"11/14":1.7500019,"11/15":1.7500019,"11/16":1.7500019,"11/17":1.7500019,"11/18":1.7500019,"11/19":1.7500019,"11/20":1.7500019,"11/21":1.7500019,"11/22":1.7500019,"11/23":1.7500019,"11/24":1.7500019,"11/25":1.7500019,"11/26":1.7500019,"11/27":1.7500019,"11/28":1.7500019,"11/29":1.7500019,"11/30":1.7500019,"12/01":1.7500019,"12/02":1.7500019,"12/03":1.7500019,"12/04":1.7500019,"12/05":1.7500019,"12/06":1.7500019,"12/07":1.7500019,"12/08":1.7500019,"12/09":1.7500019,"12/10":1.7500019,"12/11":1.7500019,"12/12":1.7500019,"12/13":1.7500019,"12/14":1.7500019,"12/15":1.7500019,"12/16":1.7500019,"12/17":1.7500019,"12/18":1.7337219,"12/19":1.7266021,"12/20":1.7266021,"12/21":1.7266021,"12/22":1.7032228,"12/23":1.6961074,"12/24":1.688993,"12/25":1.688993,"12/26":1.6737497,"12/27":1.6737497,"12/28":1.6737497,"12/29":1.6483512,"12/30":1.6402268,"12/31":1.6402268}}