{"0":{"10/01":1.7660046,"10/02":1.7660046,"10/03":1.7660046,"10/04":1.7660046,"10/05":1.7660046,"10/06":1.7660046,"10/07":1.7660046,"10/08":1.7660046,"10/09":1.7660046,"10/10":1.7660046,"10/11":1.7660046,"10/12":1.7660046,"10/13":1.7660046,"10/14":1.7660046,"10/15":1.7660046,"10/16":1.7660046,"10/17":1.7660046,"10/18":1.7660046,"10/19":1.7660046,"10/20":1.7660046,"10/21":1.7660046,"10/22":1.7660046,"10/23":1.7660046,"10/24":1.7660046,"10/25":1.7660046,"10/26":1.7660046,"10/27":1.7660046,"10/28":1.7660046,"10/29":1.7660046,"10/30":1.7660046,"10/31":1.7660046,"11/01":1.7660046,"11/02":1.7660046,"11/03":1.7660046,"11/04":1.7660046,"11/05":1.7660046,"11/06":1.7660046,"11/07":1.7660046,"11/08":1.7660046,"11/09":1.7660046,"11/10":1.7660046,"11/11":1.7660046,"11/12":1.7660046,"11/13":1.7660046,"11/14":1.7660046,"11/15":1.7660046,"11/16":1.7660046,"11/17":1.7660046,"11/18":1.7660046,"11/19":1.7660046,"11/20":1.7660046,"11/21":1.7660046,"11/22":1.7660046,"11/23":1.7660046,"11/24":1.7660046,"11/25":1.7660046,"11/26":1.7660046,"11/27":1.7660046,"11/28":1.7660046,"11/29":1.7660046,"11/30":1.7660046,"12/01":1.7660046,"12/02":1.7660046,"12/03":1.7660046,"12/04":1.7660046,"12/05":1.7660046,"12/06":1.7660046,"12/07":1.7660046,"12/08":1.7660046,"12/09":1.7660046,"12/10":1.7660046,"12/11":1.7660046,"12/12":1.7660046,"12/13":1.7660046,"12/14":1.7660046,"12/15":1.7660046,"12/16":1.7660046,"12/17":1.7660046,"12/18":1.7660046,"12/19":1.7588814,"12/20":1.7588814,"12/21":1.7588814,"12/22":1.7334541,"12/23":1.7202265,"12/24":1.7131099,"12/25":1.7131099,"12/26":1.7070119,"12/27":1.7070119,"12/28":1.7070119,"12/29":1.6785586,"12/30":1.6612966,"12/31":1.6612966},"2025":{"10/01":1.7660046,"10/02":1.7660046,"10/03":1.7660046,"10/04":1.7660046,"10/05":1.7660046,"10/06":1.7660046,"10/07":1.7660046,"10/08":1.7660046,"10/09":1.7660046,"10/10":1.7660046,"10/11":1.7660046,"10/12":1.7660046,"10/13":1.7660046,"10/14":1.7660046,"10/15":1.7660046,"10/16":1.7660046,"10/17":1.7660046,"10/18":1.7660046,"10/19":1.7660046,"10/20":1.7660046,"10/21":1.7660046,"10/22":1.7660046,"10/23":1.7660046,"10/24":1.7660046,"10/25":1.7660046,"10/26":1.7660046,"10/27":1.7660046,"10/28":1.7660046,"10/29":1.7660046,"10/30":1.7660046,"10/31":1.7660046,"11/01":1.7660046,"11/02":1.7660046,"11/03":1.7660046,"11/04":1.7660046,"11/05":1.7660046,"11/06":1.7660046,"11/07":1.7660046,"11/08":1.7660046,"11/09":1.7660046,"11/10":1.7660046,"11/11":1.7660046,"11/12":1.7660046,"11/13":1.7660046,"11/14":1.7660046,"11/15":1.7660046,"11/16":1.7660046,"11/17":1.7660046,"11/18":1.7660046,"11/19":1.7660046,"11/20":1.7660046,"11/21":1.7660046,"11/22":1.7660046,"11/23":1.7660046,"11/24":1.7660046,"11/25":1.7660046,"11/26":1.7660046,"11/27":1.7660046,"11/28":1.7660046,"11/29":1.7660046,"11/30":1.7660046,"12/01":1.7660046,"12/02":1.7660046,"12/03":1.7660046,"12/04":1.7660046,"12/05":1.7660046,"12/06":1.7660046,"12/07":1.7660046,"12/08":1.7660046,"12/09":1.7660046,"12/10":1.7660046,"12/11":1.7660046,"12/12":1.7660046,"12/13":1.7660046,"12/14":1.7660046,"12/15":1.7660046,"12/16":1.7660046,"12/17":1.7660046,"12/18":1.7660046,"12/19":1.7588814,"12/20":1.7588814,"12/21":1.7588814,"12/22":1.7334541,"12/23":1.7202265,"12/24":1.7131099,"12/25":1.7131099,"12/26":1.7070119,"12/27":1.7070119,"12/28":1.7070119,"12/29":1.6785586,"12/30":1.6612966,"12/31":1.6612966}}