{"0":{"01/01":6.6626143,"01/02":6.669821,"01/03":6.666728,"01/04":6.666728,"01/05":6.666728,"01/06":6.6389422,"01/07":6.6410036,"01/08":6.736781,"01/09":6.826526,"01/10":6.986805,"01/11":6.986805,"01/12":6.986805,"01/13":7.5542064,"01/14":7.3504953,"01/15":7.2536244,"01/16":6.9133263,"01/17":7.0946145,"01/18":7.0946145,"01/19":7.0946145,"01/20":6.9754186,"01/21":7.1174493,"01/22":7.009594,"01/23":6.8058825,"01/24":6.8688745,"01/25":6.8688745,"01/26":6.8688745,"01/27":6.9484987,"01/28":6.9454,"01/29":6.791435,"01/30":6.748116,"01/31":6.562865,"02/01":6.562865,"02/02":6.562865,"02/03":6.6060333,"02/04":6.3536844,"02/05":6.2320414,"02/06":6.301515,"02/07":6.429464,"02/08":6.429464,"02/09":6.429464,"02/10":6.6142607,"02/11":6.8781776,"02/12":6.8471794,"02/13":6.7718368,"02/14":7.018922,"02/15":7.018922,"02/16":7.018922,"02/17":6.920567,"02/18":6.920567,"02/19":6.920567,"02/20":6.8802476,"02/21":7.0002675,"02/22":7.0002675,"02/23":7.0002675,"02/24":7.033431,"02/25":7.0998096,"02/26":7.0998096,"02/27":7.1600275,"02/28":7.5437365,"03/01":7.5437365,"03/02":7.5437365,"03/03":7.4956284,"03/04":7.4956284,"03/05":7.1901674,"03/06":6.864745,"03/07":6.9236736,"03/08":6.9236736,"03/09":6.9236736,"03/10":6.958853,"03/11":6.8316965,"03/12":6.817242,"03/13":6.92471,"03/14":6.92471,"03/15":6.92471,"03/16":6.92471,"03/17":6.669821,"03/18":6.3025384,"03/19":5.9428515,"03/20":5.7553253,"03/21":5.58459,"03/22":5.58459,"03/23":5.58459,"03/24":5.3852563,"03/25":5.4646997,"03/26":5.346077,"03/27":5.136644,"03/28":5.130645,"03/29":5.130645,"03/30":5.130645,"03/31":5.090664,"04/01":5.090664,"04/02":4.7847905,"04/03":4.80268,"04/04":4.987839,"04/05":4.987839,"04/06":4.987839,"04/07":5.373193,"04/08":5.047714,"04/09":5.076677,"04/10":5.076677,"04/11":4.8971667,"04/12":4.8971667,"04/13":4.8971667,"04/14":4.8971667,"04/15":4.8971667,"04/16":4.3544326,"04/17":4.1597123,"04/18":5.1363583,"04/19":5.1363583,"04/20":5.1363583,"04/21":5.1412735,"04/22":5.1412735,"04/23":5.1412735,"04/24":5.1405015,"04/25":5.137497,"04/26":5.1305876,"04/27":5.1305876,"04/28":5.131318,"04/29":5.1072593,"04/30":5.1008787,"05/01":5.1008787,"05/02":5.084929,"05/03":5.079613,"05/04":5.079613,"05/05":5.0828757,"05/06":5.055576,"05/07":5.051291,"05/08":5.040289,"05/09":5.0343213,"05/10":5.02691,"05/11":5.02691,"05/12":5.02691,"05/13":5.000458,"05/14":5.007779,"05/15":5.0082407,"05/16":5.007552,"05/17":5.001128,"05/18":5.001128,"05/19":4.99949,"05/20":4.9940634,"05/21":4.965944,"05/22":4.9562745,"05/23":4.9585876,"05/24":4.941487,"05/25":4.941487,"05/26":4.945577,"05/27":4.9195986,"05/28":4.9145164,"05/29":4.910037,"05/30":4.8977017,"05/31":4.890763,"06/01":4.890763,"06/02":4.89173,"06/03":4.8662333,"06/04":4.859833,"06/05":4.8596187,"06/06":4.853343,"06/07":4.8463945,"06/08":4.8463945,"06/09":4.8444014,"06/10":4.8190494,"06/11":4.811309,"06/12":4.8011703,"06/13":4.790434,"06/14":4.784061,"06/15":4.784061,"06/16":4.790796,"06/17":4.7906804,"06/18":4.7534304,"06/19":4.7392707,"06/20":4.736808,"06/21":4.729911,"06/22":4.729911,"06/23":4.7303696,"06/24":4.7116127,"06/25":4.7048507,"06/26":4.6983013,"06/27":4.691912,"06/28":4.684992,"06/29":4.684992,"06/30":4.684992,"07/01":4.6578555,"07/02":4.652008,"07/03":4.6445656,"07/04":4.637658,"07/05":4.63181,"07/06":4.63181,"07/07":4.63181,"07/08":4.613005,"07/09":4.605286,"07/10":4.59729,"07/11":4.587851,"07/12":4.5809536,"07/13":4.5809536,"07/14":4.581231,"07/15":4.5599933,"07/16":4.56044,"07/17":4.5635314,"07/18":4.5443153,"07/19":4.537406,"07/20":4.537406,"07/21":4.543428,"07/22":4.513708,"07/23":4.5089746,"07/24":4.49922,"07/25":4.4927096,"07/26":4.478943,"07/27":4.478943,"07/28":4.4763513,"07/29":4.454278,"07/30":4.4490123,"07/31":4.439243,"08/01":4.4292617,"08/02":4.4229336,"08/03":4.4229336,"08/04":4.433906,"08/05":4.407052,"08/06":4.3892717,"08/07":4.3862233,"08/08":4.3759856,"08/09":4.3691487,"08/10":4.3691487,"08/11":4.369955,"08/12":4.337552,"08/13":4.332858,"08/14":4.3335357,"08/15":4.3335357,"08/16":4.317752,"08/17":4.317752,"08/18":4.313706,"08/19":4.2888684,"08/20":4.2857733,"08/21":4.275907,"08/22":4.2653923,"08/23":4.259114,"08/24":4.259114,"08/25":4.2569175,"08/26":4.2258334,"08/27":4.219584,"08/28":4.217762,"08/29":4.205938,"08/30":4.1986594,"08/31":4.1986594,"09/01":4.2024355,"09/02":4.17914,"09/03":4.1779237,"09/04":4.176352,"09/05":4.1802583,"09/06":4.168213,"09/07":4.168213,"09/08":4.168213,"09/09":4.1439657,"09/10":4.1393995,"09/11":4.1362653,"09/12":4.130607,"09/13":4.1243186,"09/14":4.1243186,"09/15":4.124888,"09/16":4.101069,"09/17":4.0988684,"09/18":4.095857,"09/19":4.081507,"09/20":4.0752134,"09/21":4.0752134,"09/22":4.0753813,"09/23":4.050877,"09/24":4.0403566,"09/25":4.0318403,"09/26":4.0194826,"09/27":4.012699,"09/28":4.012699,"09/29":4.015753,"09/30":3.9867759,"10/01":3.9517064,"10/02":3.9517064,"10/03":4.027527,"10/04":4.1277323,"10/05":4.1277323,"10/06":4.138602,"10/07":4.149647,"10/08":4.062795,"10/09":3.9740376,"10/10":3.9875643,"10/11":4.0043936,"10/12":4.0043936,"10/13":4.0067015,"10/14":3.966541,"10/15":3.9346588,"10/16":3.9391472,"10/17":3.9523695,"10/18":3.9929144,"10/19":3.9929144,"10/20":3.997793,"10/21":4.0226007,"10/22":4.0030665,"10/23":3.961936,"10/24":3.9624636,"10/25":4.0030665,"10/26":4.0030665,"10/27":4.0030665,"10/28":4.0072894,"10/29":3.9719527,"10/30":3.9719527,"10/31":3.9456093,"11/01":3.9456093,"11/02":3.9456093,"11/03":3.9456093,"11/04":3.887222,"11/05":3.8830183,"11/06":3.8772366,"11/07":3.8562365,"11/08":3.8189974,"11/09":3.8189974,"11/10":3.8189974,"11/11":3.8111358,"11/12":3.8216166,"11/13":3.826336,"11/14":3.8635852,"11/15":3.8635852,"11/16":3.8635852,"11/17":3.8635852,"11/18":3.8116605,"11/19":3.7849495,"11/20":3.7849495,"11/21":3.7928035,"11/22":3.806944,"11/23":3.806944,"11/24":3.806944,"11/25":3.7368388,"11/26":3.7431085,"11/27":3.705503,"11/28":3.684636,"11/29":3.5784585,"11/30":3.5784585,"12/01":3.5784585,"12/02":3.4882278,"12/03":3.48926,"12/04":3.4421887,"12/05":3.430821,"12/06":3.504797,"12/07":3.504797,"12/08":3.504797,"12/09":3.4411588,"12/10":3.424107,"12/11":3.4349544,"12/12":3.4561455,"12/13":3.4359896,"12/14":3.4359896,"12/15":3.4359896,"12/16":3.4359896,"12/17":3.4401238,"12/18":3.4184284,"12/19":3.4618368,"12/20":3.455115,"12/21":3.455115,"12/22":3.455115,"12/23":3.4039745,"12/24":3.3962338,"12/25":3.3962338,"12/26":3.3915896,"12/27":3.3931394,"12/28":3.3931394,"12/29":3.3931394,"12/30":3.350358,"12/31":3.3127851},"2024":{"04/18":6.1130047,"04/19":6.1130047,"04/20":6.1130047,"04/21":6.5509987,"04/22":6.5509987,"04/23":6.5509987,"04/24":6.7525244,"04/25":6.326873,"04/26":6.313054,"04/27":6.313054,"04/28":6.3770456,"04/29":6.4469347,"04/30":6.4341736,"05/01":6.4341736,"05/02":6.402274,"05/03":6.391642,"05/04":6.391642,"05/05":6.6343684,"05/06":6.3747387,"05/07":6.483846,"05/08":6.0708303,"05/09":6.097049,"05/10":6.0822268,"05/11":6.0822268,"05/12":6.0822268,"05/13":6.029322,"05/14":6.930284,"05/15":7.1442027,"05/16":7.4026084,"05/17":7.389761,"05/18":7.389761,"05/19":7.31498,"05/20":7.0487814,"05/21":7.370806,"05/22":7.2323704,"05/23":7.3389654,"05/24":7.3047633,"05/25":7.3047633,"05/26":7.484017,"05/27":7.441542,"05/28":7.50627,"05/29":7.57304,"05/30":7.3094535,"05/31":7.295575,"06/01":7.295575,"06/02":7.3383574,"06/03":7.3148856,"06/04":7.302084,"06/05":7.548757,"06/06":7.5616984,"06/07":7.5478015,"06/08":7.5478015,"06/09":7.467299,"06/10":7.406199,"06/11":7.3585496,"06/12":7.1828675,"06/13":6.9902716,"06/14":6.977526,"06/15":6.977526,"06/16":7.285345,"06/17":7.2803826,"06/18":7.161363,"06/19":6.7735486,"06/20":6.9810133,"06/21":6.9672194,"06/22":6.9672194,"06/23":6.9890428,"06/24":7.239521,"06/25":7.337358,"06/26":7.4786134,"06/27":7.465835,"06/28":7.4519944,"06/29":7.4519944,"06/30":7.4519944,"07/01":7.397722,"07/02":7.3860273,"07/03":7.3711424,"07/04":7.3573265,"07/05":7.3456316,"07/06":7.3456316,"07/07":7.3456316,"07/08":7.5499105,"07/09":7.5064106,"07/10":7.452036,"07/11":7.321576,"07/12":7.3077807,"07/13":7.3077807,"07/14":7.3186646,"07/15":7.411139,"07/16":7.4279456,"07/17":7.5416174,