{"0":{"10/01":0.79099655,"10/02":0.79099655,"10/03":0.79099655,"10/04":0.79099655,"10/05":0.79099655,"10/06":0.7577494,"10/07":0.7456571,"10/08":0.73256916,"10/09":0.7225083,"10/10":0.7094264,"10/11":0.7094264,"10/12":0.7094264,"10/13":0.6691846,"10/14":0.65511,"10/15":0.64003307,"10/16":0.62596655,"10/17":0.611904,"10/18":0.611904,"10/19":0.611904,"10/20":0.5687351,"10/21":0.5687351,"10/22":0.5687351,"10/23":0.5236049,"10/24":0.5075637,"10/25":0.5075637,"10/26":0.5075637,"10/27":0.46148568,"10/28":0.44646668,"10/29":0.43545112,"10/30":0.42444754,"10/31":0.41144297,"11/01":0.41144297,"11/02":0.41144297,"11/03":0.3644522,"11/04":0.35645637,"11/05":0.35645637,"11/06":0.3254856,"11/07":0.31250662,"11/08":0.31250662,"11/09":0.31250662,"11/10":0.2636109,"11/11":0.2506479,"11/12":0.23469369,"11/13":0.21774672,"11/14":0.21774672,"11/15":0.21774672,"11/16":0.21774672,"11/17":0.1550082,"11/18":0.14107697,"11/19":0.124171115,"11/20":0.10726148,"11/21":0.09334353,"11/22":0.09334353,"11/23":0.09334353,"11/24":0.046649996,"11/25":0.032748897,"11/26":0.015870124,"11/27":0.0,"11/28":0.0,"11/29":0.0,"11/30":0.0,"12/01":0.0,"12/02":0.0,"12/03":0.0,"12/04":0.0,"12/05":0.0,"12/06":0.0,"12/07":0.0,"12/08":0.0,"12/09":0.0,"12/10":0.0,"12/11":0.0,"12/12":0.0,"12/13":0.0,"12/14":0.0,"12/15":0.0,"12/16":0.0,"12/17":0.0,"12/18":0.0,"12/19":0.0,"12/20":0.0,"12/21":0.0,"12/22":0.0,"12/23":0.0,"12/24":0.0,"12/25":0.0,"12/26":0.0,"12/27":0.0,"12/28":0.0,"12/29":0.0,"12/30":0.0,"12/31":0.0},"2025":{"10/01":0.79099655,"10/02":0.79099655,"10/03":0.79099655,"10/04":0.79099655,"10/05":0.79099655,"10/06":0.7577494,"10/07":0.7456571,"10/08":0.73256916,"10/09":0.7225083,"10/10":0.7094264,"10/11":0.7094264,"10/12":0.7094264,"10/13":0.6691846,"10/14":0.65511,"10/15":0.64003307,"10/16":0.62596655,"10/17":0.611904,"10/18":0.611904,"10/19":0.611904,"10/20":0.5687351,"10/21":0.5687351,"10/22":0.5687351,"10/23":0.5236049,"10/24":0.5075637,"10/25":0.5075637,"10/26":0.5075637,"10/27":0.46148568,"10/28":0.44646668,"10/29":0.43545112,"10/30":0.42444754,"10/31":0.41144297,"11/01":0.41144297,"11/02":0.41144297,"11/03":0.3644522,"11/04":0.35645637,"11/05":0.35645637,"11/06":0.3254856,"11/07":0.31250662,"11/08":0.31250662,"11/09":0.31250662,"11/10":0.2636109,"11/11":0.2506479,"11/12":0.23469369,"11/13":0.21774672,"11/14":0.21774672,"11/15":0.21774672,"11/16":0.21774672,"11/17":0.1550082,"11/18":0.14107697,"11/19":0.124171115,"11/20":0.10726148,"11/21":0.09334353,"11/22":0.09334353,"11/23":0.09334353,"11/24":0.046649996,"11/25":0.032748897,"11/26":0.015870124,"11/27":0.0,"11/28":0.0,"11/29":0.0,"11/30":0.0,"12/01":0.0,"12/02":0.0,"12/03":0.0,"12/04":0.0,"12/05":0.0,"12/06":0.0,"12/07":0.0,"12/08":0.0,"12/09":0.0,"12/10":0.0,"12/11":0.0,"12/12":0.0,"12/13":0.0,"12/14":0.0,"12/15":0.0,"12/16":0.0,"12/17":0.0,"12/18":0.0,"12/19":0.0,"12/20":0.0,"12/21":0.0,"12/22":0.0,"12/23":0.0,"12/24":0.0,"12/25":0.0,"12/26":0.0,"12/27":0.0,"12/28":0.0,"12/29":0.0,"12/30":0.0,"12/31":0.0}}