{"0":{"04/02":0.86999893,"04/03":0.86999893,"04/04":0.86999893,"04/05":0.86999893,"04/06":1.4410019,"04/07":1.7199993,"04/08":3.2369995,"04/09":3.043003,"04/10":3.5820007,"04/11":3.5820007,"04/12":3.5820007,"04/13":3.2900047,"04/14":3.2900047,"04/15":3.9470005,"04/16":3.885704,"04/17":3.8763678,"04/18":3.8763678,"04/19":3.8763678,"04/20":3.8763678,"04/21":3.817231,"04/22":3.817231,"04/23":3.817231,"04/24":3.580322,"04/25":3.7415903,"04/26":3.7415903,"04/27":3.7415903,"04/28":3.813078,"04/29":3.549374,"04/30":3.549374,"05/01":3.549374,"05/02":3.549374,"05/03":3.549374,"05/04":3.549374,"05/05":3.465882,"05/06":3.4823654,"05/07":3.4226458,"05/08":3.568974,"05/09":3.2439098,"05/10":3.2439098,"05/11":3.2439098,"05/12":3.2439098,"05/13":3.2439098,"05/14":2.732697,"05/15":2.49768,"05/16":2.221498,"05/17":2.221498,"05/18":2.221498,"05/19":2.3251498,"05/20":2.3835986,"05/21":2.15319,"05/22":2.290915,"05/23":2.2104456,"05/24":2.2104456,"05/25":2.2104456,"05/26":2.068932,"05/27":2.0528958,"05/28":1.9888114,"05/29":1.9728099,"05/30":2.1441529,"05/31":2.1441529,"06/01":2.1441529,"06/02":2.105027,"06/03":2.1381323,"06/04":2.1381323,"06/05":2.0348685,"06/06":1.9328046,"06/07":1.9328046,"06/08":1.9328046,"06/09":1.9818071,"06/10":2.0108323,"06/11":2.0679283,"06/12":2.1692576,"06/13":2.2164748,"06/14":2.2164748,"06/15":2.2164748,"06/16":1.9578054,"06/17":1.9628032,"06/18":1.979813,"06/19":2.180301,"06/20":2.09399,"06/21":2.09399,"06/22":2.09399,"06/23":2.0208483,"06/24":1.8080124,"06/25":1.7950528,"06/26":1.6328188,"06/27":1.6328188,"06/28":1.6328188,"06/29":1.6328188,"06/30":1.6328188,"07/01":1.6328188,"07/02":1.6328188,"07/03":1.6328188,"07/04":1.6328188,"07/05":1.6328188,"07/06":1.6328188,"07/07":1.6328188,"07/08":1.4047827,"07/09":1.4404093,"07/10":1.5097523,"07/11":1.5028137,"07/12":1.5028137,"07/13":1.5028137,"07/14":1.4503042,"07/15":1.3751113,"07/16":1.3504047,"07/17":1.3168191,"07/18":1.3563329,"07/19":1.3563329,"07/20":1.3563329,"07/21":1.1935203,"07/22":1.1964798,"07/23":1.1216625,"07/24":1.2309729,"07/25":1.5355297,"07/26":1.5355297,"07/27":1.5355297,"07/28":1.6835254,"07/29":1.618909,"07/30":1.5791903,"07/31":1.6447514,"08/01":1.7711294,"08/02":1.7711294,"08/03":1.7711294,"08/04":1.4126985,"08/05":1.4820037,"08/06":1.8908398,"08/07":1.8209753,"08/08":2.0639238,"08/09":2.0639238,"08/10":2.0639238,"08/11":2.0438862,"08/12":2.3170907,"08/13":2.2174814,"08/14":1.8968408,"08/15":1.8968408,"08/16":1.8968408,"08/17":1.8968408,"08/18":2.0048273,"08/19":2.0258524,"08/20":1.856895,"08/21":1.9348065,"08/22":2.0749445,"08/23":2.0749445,"08/24":2.0749445,"08/25":2.2164748,"08/26":2.6819546,"08/27":2.6819546,"08/28":2.5067794,"08/29":2.8109362,"08/30":2.8109362,"08/31":2.8109362,"09/01":2.5441978,"09/02":2.508804,"09/03":2.1973834,"09/04":1.978811,"09/05":1.7651527,"09/06":1.7651527,"09/07":1.7651527,"09/08":1.7651527,"09/09":1.7541988,"09/10":1.7113843,"09/11":1.635804,"09/12":1.5166918,"09/13":1.5166918,"09/14":1.5166918,"09/15":1.5018213,"09/16":1.3138525,"09/17":1.1098619,"09/18":1.152162,"09/19":1.1226476,"09/20":1.1226476,"09/21":1.1226476,"09/22":1.1639818,"09/23":1.1561047,"09/24":1.3257009,"09/25":1.4374355,"09/26":1.7651527,"09/27":1.7651527,"09/28":1.7651527,"09/29":1.6865137,"09/30":1.7701411,"10/01":1.4235791,"10/02":1.4235791,"10/03":1.4235791,"10/04":1.4235791,"10/05":1.4235791,"10/06":0.9949168,"10/07":0.9203972,"10/08":0.91941607,"10/09":0.829354,"10/10":0.66530925,"10/11":0.66530925,"10/12":0.66530925,"10/13":0.57472545,"10/14":0.5455471,"10/15":0.27009442,"10/16":0.15223652,"10/17":0.23722075,"10/18":0.23722075,"10/19":0.23722075,"10/20":0.104976,"10/21":0.104976,"10/22":0.104976,"10/23":0.22369026,"10/24":0.3078358,"10/25":0.3078358,"10/26":0.3078358,"10/27":0.12714739,"10/28":0.18118699,"10/29":0.0076980996,"10/30":0.23722075,"10/31":0.27492815,"11/01":0.27492815,"11/02":0.27492815,"11/03":0.16381471,"11/04":0.2536595,"11/05":0.2536595,"11/06":0.44158927,"11/07":0.40181422,"11/08":0.40181422,"11/09":0.40181422,"11/10":0.20630322,"11/11":0.0693164,"11/12":-0.07402106,"11/13":0.0461972,"11/14":0.0461972,"11/15":0.0461972,"11/16":0.0461972,"11/17":-0.070182435,"11/18":-0.033659525,"11/19":-0.21790762,"11/20":-0.27725685,"11/21":-0.0057705035,"11/22":-0.0057705035,"11/23":-0.0057705035,"11/24":-0.012503444,"11/25":-0.10379474,"11/26":-0.4377234,"11/27":-0.3957438,"11/28":-0.2638613,"11/29":-0.2638613,"11/30":-0.2638613,"12/01":-0.23896775,"12/02":-0.24184388,"12/03":-0.019235479,"12/04":-0.019235479,"12/05":-0.35564178,"12/06":-0.35564178,"12/07":-0.35564178,"12/08":0.013470158,"12/09":0.25461853,"12/10":0.45712295,"12/11":0.21789391,"12/12":-0.00480727,"12/13":-0.00480727,"12/14":-0.00480727,"12/15":-0.04807941,"12/16":0.05005425,"12/17":0.123293586,"12/18":0.07028108,"12/19":-0.20449612,"12/20":-0.20449612,"12/21":-0.20449612,"12/22":-0.197789,"12/23":-0.22461203,"12/24":-0.47775936,"12/25":-0.47775936,"12/26":-0.35372874,"12/27":-0.35372874,"12/28":-0.35372874,"12/29":-0.31933638,"12/30":-0.31742197,"12/31":-0.31742197},"2025":{"04/02":0.86999893,"04/03":0.86999893,"04/04":0.86999893,"04/05":0.86999893,"04/06":1.4410019,"04/07":1.7199993,"04/08":3.2369995,"04/09":3.043003,"04/10":3.5820007,"04/11":3.5820007,"04/12":3.5820007,"04/13":3.2900047,"04/14":3.2900047,"04/15":3.9470005,"04/16":3.885704,"04/17":3.8763678,"04/18":3.8763678,"04/19":3.8763678,"04/20":3.8763678,"04/21":3.817231,"04/22":3.817231,"04/23":3.817231,"04/24":3.580322,"04/25":3.7415903,"04/26":3.7415903,"04/27":3.7415903,"04/28":3.813078,"04/29":3.549374,"04/30":3.549374,"05/01":3.549374,"05/02":3.549374,"05/03":3.549374,"05/04":3.549374,"05/05":3.465882,"05/06":3.4823654,"05/07":3.4226458,"05/08":3.568974,"05/09":3.2439098,"05/10":3.2439098,"05/11":3.2439098,"05/12":3.2439098,"05/13":3.2439098,"05/14":2.732697,"05/15":2.49768,"05/16":2.221498,"05/17":2.221498,"05/18":2.221498,"05/19":2.3251498,"05/20":2.3835986,"05/21":2.15319,"05/22":2.290915,"05/23":2.2104456,"05/24":2.2104456,"05/25":2.2104456,"05/26":2.068932,"05/27":2.0528958,"05/28":1.9888114,"05/29":1.9728099,"05/30":2.1441529,"05/31":2.1441529,"06/01":2.1441529,"06/02":2.105027,"06/03":2.1381323,"06/04":2.1381323,"06/05":2.0348685,"06/06":1.9328046,"06/07":1.9328046,"06/08":1.9328046,"06/09":1.9818071,"06/10":2.0108323,"06/11":2.0679283,"06/12":2.1692576,"06/13":2.2164748,"06/14":2.2164748,"06/15":2.2164748,"06/16":1.9578054,"06/17":1.9628032,"06/18":1.979813,"06/19":2.180301,"06/20":2.09399,"06/21":2.09399,"06/22":2.09399,"06/23":2.0208483,"06/24":1.8080124,"06/25":1.7950528,"06/26":1.6328188,"06/27":1.6328188,"06/28":1.6328188,"06/29":1.6328188,"06/30":1.6328188,"07/01":1.6328188,"07/02":1.6328188,"07/03":1.6328188,"07/04":1.6328188,"07/05":1.6328188,"07/06":1.6328188,"07/07":1.6328188,"07/08":1.4047827,"07/09":1.4404093,"07/10":1.5097523,"07/11":1.5028137,"07/12":1.5028137,"07/13":1.5028137,"07/14":1.4503042,"07/15":1.3751113,"07/16":1.3504047,"07/17":1.3168191,"07/18":1.3563329,"07/19":1.3563329,"07/20":1.3563329,"07/21":1.1935203,"07/22":1.1964798,"07/23":1.1216625,"07/24":1.2309729,"07/25":1.5355297,"07/26":1.5355297,"07/27":1.5355297,"07/28":1.6835254,"07/29":1.618909,"07/30":1.5791903,"07/31":1.6447514,"08/01":1.7711294,"08/02":1.7711294,"08/03":1.7711294,"08/04":1.4126985,"08/05":1.4820037,"08/06":1.8908398,"08/07":1.8209753,"08/08":2.0639238,"08/09":2.0639238,"08/10":2.0639238,"08/11":2.0438862,"08/12":2.3170907,"08/13":2.2174814,"08/14":1.8968408,"08/15":1.8968408,"08/16":1.8968408,"08/17":1.8968408,"08/18":2.0048273,"08/19":2.0258524,"08/20":1.856895,"08/21":1.9348065,"08/22":2.0749445,"08/23":2.0749445,"08/24":2.0749445,"08/25":2.2164748,"08/26":2.6819546,"08/27":2.6819546,"08/28":2.5067794,"08/29":2.8109362,"08/30":2.8109362,"08/31":2.8109362,"09/01":2.5441978,"09/02":2.508804,"09/03":2.1973834,"09/04":1.978811,"09/05":1.7651527,"09/06":1.7651527,"09/07":1.7651527,"09/08":1.7651527,"09/09":1.7541988,"09/10":1.7113843,"09/11":1.635804,"09/12":1.5166918,"09/13":1.5166918,"09/14":1.5166918,"09/15":1.5018213,