{"0":{"10/01":0.63199997,"10/02":0.63199997,"10/03":0.63199997,"10/04":0.63199997,"10/05":0.63199997,"10/06":0.627979,"10/07":0.61992836,"10/08":0.6189209,"10/09":0.61187905,"10/10":0.60080975,"10/11":0.60080975,"10/12":0.60080975,"10/13":0.5736648,"10/14":0.57467127,"10/15":0.56361973,"10/16":0.5505585,"10/17":0.53649485,"10/18":0.53649485,"10/19":0.53649485,"10/20":0.4963278,"10/21":0.4963278,"10/22":0.4963278,"10/23":0.46823472,"10/24":0.45821077,"10/25":0.45821077,"10/26":0.45821077,"10/27":0.430139,"10/28":0.40208295,"10/29":0.39406842,"10/30":0.3930655,"10/31":0.387058,"11/01":0.387058,"11/02":0.387058,"11/03":0.37003258,"11/04":0.36503014,"11/05":0.36503014,"11/06":0.33801225,"11/07":0.33000797,"11/08":0.33000797,"11/09":0.33000797,"11/10":0.2830193,"11/11":0.18517876,"11/12":0.13831612,"11/13":0.13333677,"11/14":0.13333677,"11/15":0.13333677,"11/16":0.13333677,"11/17":0.093500644,"11/18":0.12636268,"11/19":-0.0019900987,"11/20":-0.12901227,"11/21":0.06164698,"11/22":0.06164698,"11/23":0.06164698,"11/24":0.20313108,"11/25":0.2590366,"11/26":-0.31796703,"11/27":-0.3446185,"11/28":-0.3505475,"11/29":-0.3505475,"11/30":-0.3505475,"12/01":-0.27845782,"12/02":-0.010925613,"12/03":0.31600592,"12/04":0.31600592,"12/05":-0.46979594,"12/06":-0.46979594,"12/07":-0.46979594,"12/08":0.18517876,"12/09":0.59578425,"12/10":0.86095744,"12/11":0.4642268,"12/12":0.0,"12/13":0.0,"12/14":0.0,"12/15":0.0,"12/16":0.0,"12/17":0.0,"12/18":0.0,"12/19":0.0,"12/20":0.0,"12/21":0.0,"12/22":0.0,"12/23":0.0,"12/24":0.0,"12/25":0.0,"12/26":0.0,"12/27":0.0,"12/28":0.0,"12/29":0.0,"12/30":0.0,"12/31":0.0},"2025":{"10/01":0.63199997,"10/02":0.63199997,"10/03":0.63199997,"10/04":0.63199997,"10/05":0.63199997,"10/06":0.627979,"10/07":0.61992836,"10/08":0.6189209,"10/09":0.61187905,"10/10":0.60080975,"10/11":0.60080975,"10/12":0.60080975,"10/13":0.5736648,"10/14":0.57467127,"10/15":0.56361973,"10/16":0.5505585,"10/17":0.53649485,"10/18":0.53649485,"10/19":0.53649485,"10/20":0.4963278,"10/21":0.4963278,"10/22":0.4963278,"10/23":0.46823472,"10/24":0.45821077,"10/25":0.45821077,"10/26":0.45821077,"10/27":0.430139,"10/28":0.40208295,"10/29":0.39406842,"10/30":0.3930655,"10/31":0.387058,"11/01":0.387058,"11/02":0.387058,"11/03":0.37003258,"11/04":0.36503014,"11/05":0.36503014,"11/06":0.33801225,"11/07":0.33000797,"11/08":0.33000797,"11/09":0.33000797,"11/10":0.2830193,"11/11":0.18517876,"11/12":0.13831612,"11/13":0.13333677,"11/14":0.13333677,"11/15":0.13333677,"11/16":0.13333677,"11/17":0.093500644,"11/18":0.12636268,"11/19":-0.0019900987,"11/20":-0.12901227,"11/21":0.06164698,"11/22":0.06164698,"11/23":0.06164698,"11/24":0.20313108,"11/25":0.2590366,"11/26":-0.31796703,"11/27":-0.3446185,"11/28":-0.3505475,"11/29":-0.3505475,"11/30":-0.3505475,"12/01":-0.27845782,"12/02":-0.010925613,"12/03":0.31600592,"12/04":0.31600592,"12/05":-0.46979594,"12/06":-0.46979594,"12/07":-0.46979594,"12/08":0.18517876,"12/09":0.59578425,"12/10":0.86095744,"12/11":0.4642268,"12/12":0.0,"12/13":0.0,"12/14":0.0,"12/15":0.0,"12/16":0.0,"12/17":0.0,"12/18":0.0,"12/19":0.0,"12/20":0.0,"12/21":0.0,"12/22":0.0,"12/23":0.0,"12/24":0.0,"12/25":0.0,"12/26":0.0,"12/27":0.0,"12/28":0.0,"12/29":0.0,"12/30":0.0,"12/31":0.0}}