{"0":{"01/01":6.6476603,"01/02":6.519373,"01/03":6.500931,"01/04":6.500931,"01/05":6.500931,"01/06":6.677457,"01/07":6.491707,"01/08":6.4763403,"01/09":6.537832,"01/10":6.6867127,"01/11":6.6867127,"01/12":6.6867127,"01/13":7.0995946,"01/14":7.0074553,"01/15":6.9433618,"01/16":6.626088,"01/17":6.553216,"01/18":6.553216,"01/19":6.553216,"01/20":6.3954997,"01/21":6.4405065,"01/22":6.428229,"01/23":6.3903794,"01/24":6.467131,"01/25":6.467131,"01/26":6.467131,"01/27":6.460978,"01/28":6.4026575,"01/29":6.3443913,"01/30":6.1913633,"01/31":5.9677176,"02/01":5.9677176,"02/02":5.9677176,"02/03":6.154701,"02/04":5.954533,"02/05":5.8107157,"02/06":5.7783647,"02/07":5.893723,"02/08":5.893723,"02/09":5.893723,"02/10":6.0357323,"02/11":6.2484407,"02/12":6.181173,"02/13":6.2392607,"02/14":6.3117037,"02/15":6.3117037,"02/16":6.3117037,"02/17":6.2453866,"02/18":6.2453866,"02/19":6.2453866,"02/20":6.1150184,"02/21":6.2423234,"02/22":6.2423234,"02/23":6.2423234,"02/24":6.273947,"02/25":6.425155,"02/26":6.425155,"02/27":6.6733494,"02/28":6.982631,"03/01":6.982631,"03/02":6.982631,"03/03":6.970228,"03/04":6.970228,"03/05":6.785511,"03/06":6.487613,"03/07":6.4630294,"03/08":6.4630294,"03/09":6.4630294,"03/10":6.499904,"03/11":6.4200425,"03/12":6.3791366,"03/13":6.308646,"03/14":6.308646,"03/15":6.308646,"03/16":6.308646,"03/17":6.136384,"03/18":5.7197685,"03/19":5.3745832,"03/20":5.096464,"03/21":4.859524,"03/22":4.859524,"03/23":4.859524,"03/24":4.5505214,"03/25":4.5179477,"03/26":4.4361053,"03/27":4.10217,"03/28":3.9360018,"03/29":3.9360018,"03/30":3.9360018,"03/31":3.8950307,"04/01":3.8950307,"04/02":3.3267417,"04/03":3.3103445,"04/04":3.5422673,"04/05":3.5422673,"04/06":3.5422673,"04/07":3.977983,"04/08":3.793719,"04/09":3.7460535,"04/10":3.7460535,"04/11":3.458072,"04/12":3.458072,"04/13":3.458072,"04/14":3.458072,"04/15":3.458072,"04/16":2.817123,"04/17":2.5228753,"04/18":5.2474384,"04/19":5.2474384,"04/20":5.2474384,"04/21":5.258147,"04/22":5.258147,"04/23":5.258147,"04/24":5.2609353,"04/25":5.5234976,"04/26":5.5060053,"04/27":5.5060053,"04/28":5.5115304,"04/29":5.490855,"04/30":5.4925003,"05/01":5.4925003,"05/02":5.4470844,"05/03":5.4044724,"05/04":5.4044724,"05/05":5.4080954,"05/06":5.3335686,"05/07":5.3499565,"05/08":5.3284664,"05/09":5.310199,"05/10":5.291276,"05/11":5.291276,"05/12":5.291276,"05/13":5.2540107,"05/14":5.271206,"05/15":5.268177,"05/16":5.2642612,"05/17":5.2571554,"05/18":5.2571554,"05/19":5.256176,"05/20":5.2548294,"05/21":5.223335,"05/22":5.2026725,"05/23":5.210294,"05/24":5.189531,"05/25":5.189531,"05/26":5.1963854,"05/27":5.1616974,"05/28":5.1558743,"05/29":5.1493974,"05/30":5.133011,"05/31":5.123742,"06/01":5.123742,"06/02":5.125176,"06/03":5.081583,"06/04":5.081583,"06/05":5.075201,"06/06":5.0604086,"06/07":5.051173,"06/08":5.051173,"06/09":5.0491176,"06/10":5.0104303,"06/11":4.9988704,"06/12":4.9799547,"06/13":4.9627013,"06/14":4.9524975,"06/15":4.9524975,"06/16":4.962347,"06/17":4.9609528,"06/18":4.9187016,"06/19":4.9022923,"06/20":4.90154,"06/21":4.890265,"06/22":4.890265,"06/23":4.8885317,"06/24":4.86418,"06/25":4.850765,"06/26":4.830587,"06/27":4.815028,"06/28":4.800552,"06/29":4.800552,"06/30":4.800552,"07/01":4.7700143,"07/02":4.7614465,"07/03":4.7523518,"07/04":4.74379,"07/05":4.7266803,"07/06":4.7266803,"07/07":4.7266803,"07/08":4.7046933,"07/09":4.694124,"07/10":4.685873,"07/11":4.6706424,"07/12":4.656743,"07/13":4.656743,"07/14":4.6587543,"07/15":4.6250663,"07/16":4.6249685,"07/17":4.6255875,"07/18":4.5901194,"07/19":4.6013317,"07/20":4.6013317,"07/21":4.6071434,"07/22":4.585471,"07/23":4.5860662,"07/24":4.5742908,"07/25":4.5649986,"07/26":4.525619,"07/27":4.525619,"07/28":4.520245,"07/29":4.4901805,"07/30":4.48092,"07/31":4.463237,"08/01":4.460303,"08/02":4.4793577,"08/03":4.4793577,"08/04":4.4876733,"08/05":4.5170507,"08/06":4.530631,"08/07":4.443374,"08/08":4.483047,"08/09":4.4255857,"08/10":4.4255857,"08/11":4.42396,"08/12":4.3713665,"08/13":4.435326,"08/14":4.426912,"08/15":4.426912,"08/16":4.3386917,"08/17":4.3386917,"08/18":4.3359146,"08/19":4.216629,"08/20":4.1142735,"08/21":4.096637,"08/22":4.073429,"08/23":4.0708394,"08/24":4.0708394,"08/25":4.06981,"08/26":4.0289392,"08/27":4.0253386,"08/28":4.041014,"08/29":4.0162973,"08/30":4.006537,"08/31":4.006537,"09/01":4.009047,"09/02":3.9576268,"09/03":3.937811,"09/04":3.926196,"09/05":3.928946,"09/06":3.9836435,"09/07":3.9836435,"09/08":3.9836435,"09/09":3.9501414,"09/10":3.928358,"09/11":3.9233713,"09/12":3.8234694,"09/13":3.7874331,"09/14":3.7874331,"09/15":3.7876713,"09/16":3.71551,"09/17":3.7330213,"09/18":3.7326534,"09/19":3.6777976,"09/20":3.6541455,"09/21":3.6541455,"09/22":3.653895,"09/23":3.5677724,"09/24":3.518384,"09/25":3.4314108,"09/26":3.3640623,"09/27":3.4066882,"09/28":3.4066882,"09/29":3.4080365,"09/30":3.3969827,"10/01":3.339449,"10/02":3.339449,"10/03":3.4441566,"10/04":3.607646,"10/05":3.607646,"10/06":3.618245,"10/07":3.6702409,"10/08":3.5779285,"10/09":3.5147276,"10/10":3.4977171,"10/11":3.5270555,"10/12":3.5270555,"10/13":3.527671,"10/14":3.4558475,"10/15":3.4492085,"10/16":3.442007,"10/17":3.5161812,"10/18":3.5006828,"10/19":3.5006828,"10/20":3.5063124,"10/21":3.5192502,"10/22":3.600619,"10/23":3.603733,"10/24":3.6141222,"10/25":3.7108924,"10/26":3.7108924,"10/27":3.7108924,"10/28":3.7103705,"10/29":3.656741,"10/30":3.656741,"10/31":3.638541,"11/01":3.638541,"11/02":3.638541,"11/03":3.638541,"11/04":3.6265867,"11/05":3.5824578,"11/06":3.5145915,"11/07":3.571566,"11/08":3.577788,"11/09":3.577788,"11/10":3.577788,"11/11":3.5668986,"11/12":3.6359437,"11/13":3.7317476,"11/14":3.8033085,"11/15":3.8033085,"11/16":3.8033085,"11/17":3.8033085,"11/18":3.7661994,"11/19":3.720796,"11/20":3.720796,"11/21":3.787621,"11/22":3.7374892,"11/23":3.7374892,"11/24":3.7374892,"11/25":3.6354232,"11/26":3.6390615,"11/27":3.6198332,"11/28":3.650501,"11/29":3.5425448,"11/30":3.5425448,"12/01":3.5425448,"12/02":3.4169776,"12/03":3.3335915,"12/04":3.267889,"12/05":3.1967254,"12/06":3.2320273,"12/07":3.2320273,"12/08":3.2320273,"12/09":3.2033725,"12/10":3.169132,"12/11":3.154323,"12/12":3.1859908,"12/13":3.1507502,"12/14":3.1507502,"12/15":3.1507502,"12/16":3.1507502,"12/17":3.2013288,"12/18":3.2463663,"12/19":3.35364,"12/20":3.4551523,"12/21":3.4551523,"12/22":3.4551523,"12/23":3.3623867,"12/24":3.3706212,"12/25":3.3706212,"12/26":3.3814306,"12/27":3.3721623,"12/28":3.3721623,"12/29":3.3721623,"12/30":3.3726778,"12/31":3.3315332},"2024":{"04/18":7.9720016,"04/19":7.9720016,"04/20":7.9720016,"04/21":8.368998,"04/22":8.368998,"04/23":8.368998,"04/24":8.633131,"04/25":8.838401,"04/26":8.803416,"04/27":8.803416,"04/28":8.981225,"04/29":9.070464,"04/30":9.073754,"05/01":9.073754,"05/02":8.982923,"05/03":8.897697,"05/04":8.897697,"05/05":9.00898,"05/06":8.65634,"05/07":8.756748,"05/08":8.247875,"05/09":8.039562,"05/10":8.001717,"05/11":8.001717,"05/12":8.001717,"05/13":7.9271855,"05/14":8.979921,"05/15":9.253578,"05/16":9.406734,"05/17":9.392523,"05/18":9.392523,"05/19":9.366534,"05/20":9.330567,"05/21":9.510213,"05/22":9.326952,"05/23":9.524613,"05/24":9.483088,"05/25":9.483088,"05/26":9.654722,"05/27":9.491755,"05/28":9.522335,"05/29":9.548828,"05/30":9.375564,"05/31":9.357027,"06/01":9.357027,"06/02":9.393908,"06/03":9.093081,"06/04":9.093081,"06/05":9.191857,"06/06":9.118971,"06/07":9.1005,"06/08":9.1005,"06/09":9.044755,"06/10":8.660174,"06/11":8.600848,"06/12":8.276142,"06/13":8.051669,"06/14":8.031261,"06/15":8.031261,"06/16":8.360347,"06/17":8.315603,"06/18":8.138686,"06/19":7.9205317,"06/20":8.138923,"06/21":8.116373,"06/22":8.116373,"06/23":8.057786,"06/24":8.137914,"06/25":8.094295,"06/26":8.224326,"06/27":8.193209,"06/28":8.164256,"06/29":8.164256,"06/30":8.164256,"07/01":8.103181,"07/02":8.086045,"07/03":8.067856,"07/04":8.050733,"07/05":8.016513,"07/06":8.016513,"07/07":8.016513,"07/08":8.286674,"07/09":8.299706,"07/10":8.231482,"07/11":8.147391,"07/12":8.119593,"07/13":8.119593,"07/14":8.181861,"07/15":8.190194,"07/16":8.187236,"07/17":8.205999,"07/18":8.159036,