{"0":{"02/23":9.188004,"02/24":9.188004,"02/25":9.188004,"02/26":9.217997,"02/27":9.2560005,"02/28":9.139004,"03/01":9.484997,"03/02":9.484997,"03/03":9.484997,"03/04":9.586,"03/05":9.575005,"03/06":9.699001,"03/07":9.822998,"03/08":9.822998,"03/09":9.822998,"03/10":9.822998,"03/11":9.910002,"03/12":9.806995,"03/13":9.545002,"03/14":9.637003,"03/15":9.497995,"03/16":9.497995,"03/17":9.497995,"03/18":9.497995,"03/19":9.247999,"03/20":9.273996,"03/21":9.653997,"03/22":9.623003,"03/23":9.623003,"03/24":9.605464,"03/25":9.605464,"03/26":9.582464,"03/27":9.728776,"03/28":10.134514,"03/29":10.153233,"03/30":10.153233,"03/31":10.109265,"04/01":10.109265,"04/02":9.948469,"04/03":9.848633,"04/04":9.909498,"04/05":9.803713,"04/06":9.787286,"04/07":9.787286,"04/08":9.728442,"04/09":9.728442,"04/10":9.633318,"04/11":9.612569,"04/12":9.594004,"04/13":9.57327,"04/14":9.57327,"04/15":9.57327,"04/16":9.57327,"04/17":9.508922,"04/18":9.462085,"04/19":9.443571,"04/20":9.428332,"04/21":9.3750305,"04/22":9.3750305,"04/23":9.3750305,"04/24":9.255567,"04/25":9.237123,"04/26":9.223026,"04/27":9.177507,"04/28":9.188346,"04/29":9.188346,"04/30":9.188346,"05/01":9.188346,"05/02":9.084418,"05/03":8.679293,"05/04":8.6267185,"05/05":8.6267185,"05/06":8.6267185,"05/07":8.6267185,"05/08":8.666405,"05/09":8.637438,"05/10":8.5634775,"05/11":8.503525,"05/12":8.312337,"05/13":8.312337,"05/14":8.312337,"05/15":8.222848,"05/16":8.082511,"05/17":8.101631,"05/18":8.131378,"05/19":8.157947,"05/20":8.157947,"05/21":8.157947,"05/22":7.9467907,"05/23":8.122875,"05/24":8.0018835,"05/25":8.0018835,"05/26":7.898091,"05/27":7.898091,"05/28":7.898091,"05/29":7.8959713,"05/30":7.8473277,"05/31":7.7069173,"06/01":7.625794,"06/02":7.606842,"06/03":7.606842,"06/04":7.606842,"06/05":7.5710735,"06/06":7.524827,"06/07":7.456567,"06/08":7.7005935,"06/09":7.8452106,"06/10":7.8452106,"06/11":7.8452106,"06/12":7.6911035,"06/13":7.6152625,"06/14":7.601583,"06/15":7.686891,"06/16":7.6036906,"06/17":7.6036906,"06/18":7.6036906,"06/19":7.6342177,"06/20":7.636317,"06/21":7.6426435,"06/22":7.7670493,"06/23":7.8082266,"06/24":7.8082266,"06/25":7.8082266,"06/26":7.7058616,"06/27":7.6173716,"06/28":7.497506,"06/29":7.497506,"06/30":7.532183,"07/01":7.532183,"07/02":7.532183,"07/03":7.508014,"07/04":7.4408264,"07/05":7.362201,"07/06":7.4271903,"07/07":7.4271903,"07/08":7.4271903,"07/09":7.4271903,"07/10":7.4271903,"07/11":7.168739,"07/12":7.266953,"07/13":7.0790415,"07/14":6.998861,"07/15":6.998861,"07/16":6.998861,"07/17":6.761112,"07/18":6.6100855,"07/19":6.59665,"07/20":6.541948,"07/21":6.676228,"07/22":6.676228,"07/23":6.676228,"07/24":6.6007867,"07/25":6.7093406,"07/26":6.61111,"07/27":6.649348,"07/28":6.85961,"07/29":6.85961,"07/30":6.85961,"07/31":6.802562,"08/01":6.7093406,"08/02":6.799448,"08/03":7.0071874,"08/04":6.961413,"08/05":6.961413,"08/06":6.961413,"08/07":6.832637,"08/08":6.737289,"08/09":6.681407,"08/10":6.6307473,"08/11":6.8274536,"08/12":6.8274536,"08/13":6.8274536,"08/14":6.807743,"08/15":6.807743,"08/16":6.807743,"08/17":6.9739,"08/18":6.9136086,"08/19":6.9136086,"08/20":6.9136086,"08/21":6.7890882,"08/22":6.7383256,"08/23":6.5863295,"08/24":6.56155,"08/25":6.674167,"08/26":6.674167,"08/27":6.674167,"08/28":6.4800787,"08/29":6.4636006,"08/30":6.428589,"08/31":6.406975,"09/01":6.320605,"09/02":6.320605,"09/03":6.320605,"09/04":6.2918463,"09/05":6.2477093,"09/06":6.2395015,"09/07":5.9867263,"09/08":5.974479,"09/09":5.974479,"09/10":5.974479,"09/11":5.9918284,"09/12":6.024517,"09/13":5.853155,"09/14":5.551559,"09/15":5.708742,"09/16":5.708742,"09/17":5.708742,"09/18":5.6194406,"09/19":5.6194406,"09/20":5.707725,"09/21":5.733116,"09/22":5.855185,"09/23":5.855185,"09/24":5.855185,"09/25":5.8144674,"09/26":5.8083634,"09/27":5.790046,"09/28":6.2589927,"09/29":6.2589927,"09/30":6.2589927,"10/01":6.2589927,"10/02":6.2589927,"10/03":6.105283,"10/04":6.194382,"10/05":5.992851,"10/06":6.545047,"10/07":6.545047,"10/08":6.545047,"10/09":6.8004856,"10/10":6.5780683,"10/11":6.2743893,"10/12":6.2815742,"10/13":6.300053,"10/14":6.300053,"10/15":6.300053,"10/16":6.3288164,"10/17":6.20361,"10/18":6.3565755,"10/19":6.4893565,"10/20":6.5646505,"10/21":6.5646505,"10/22":6.5646505,"10/23":6.7807956,"10/24":6.7807956,"10/25":6.681407,"10/26":6.935429,"10/27":6.725905,"10/28":6.725905,"10/29":6.725905,"10/30":6.6276426,"10/31":6.6266084,"11/01":6.6224794,"11/02":6.3442326,"11/03":6.21591,"11/04":6.21591,"11/05":6.21591,"11/06":5.971413,"11/07":5.8867693,"11/08":5.7422643,"11/09":5.7443,"11/10":5.8725047,"11/11":5.8725047,"11/12":5.8725047,"11/13":5.7778444,"11/14":5.7778444,"11/15":5.320192,"11/16":5.253693,"11/17":5.1671715,"11/18":5.1671715,"11/19":5.1671715,"11/20":5.273833,"11/21":5.254701,"11/22":5.1752152,"11/23":5.168178,"11/24":5.3111167,"11/25":5.3111167,"11/26":5.3111167,"11/27":5.3111167,"11/28":5.2285223,"11/29":4.9835386,"11/30":5.0186095,"12/01":4.9695168,"12/02":4.9695168,"12/03":4.9695168,"12/04":4.546624,"12/05":4.3998094,"12/06":4.267237,"12/07":4.2514277,"12/08":4.252417,"12/09":4.252417,"12/10":4.252417,"12/11":4.226743,"12/12":4.2583427,"12/13":4.146827,"12/14":3.6689422,"12/15":3.3660595,"12/16":3.3660595,"12/17":3.3660595,"12/18":3.2419093,"12/19":3.2138221,"12/20":3.4506066,"12/21":3.4165747,"12/22":3.3349893,"12/23":3.3349893,"12/24":3.3349893,"12/25":3.3349893,"12/26":3.1964011,"12/27":3.1344924,"12/28":3.0446627,"12/29":2.9001055,"12/30":2.9001055,"12/31":2.9001055},"2023":{"02/23":9.188004,"02/24":9.188004,"02/25":9.188004,"02/26":9.217997,"02/27":9.2560005,"02/28":9.139004,"03/01":9.484997,"03/02":9.484997,"03/03":9.484997,"03/04":9.586,"03/05":9.575005,"03/06":9.699001,"03/07":9.822998,"03/08":9.822998,"03/09":9.822998,"03/10":9.822998,"03/11":9.910002,"03/12":9.806995,"03/13":9.545002,"03/14":9.637003,"03/15":9.497995,"03/16":9.497995,"03/17":9.497995,"03/18":9.497995,"03/19":9.247999,"03/20":9.273996,"03/21":9.653997,"03/22":9.623003,"03/23":9.623003,"03/24":9.605464,"03/25":9.605464,"03/26":9.582464,"03/27":9.728776,"03/28":10.134514,"03/29":10.153233,"03/30":10.153233,"03/31":10.109265,"04/01":10.109265,"04/02":9.948469,"04/03":9.848633,"04/04":9.909498,"04/05":9.803713,"04/06":9.787286,"04/07":9.787286,"04/08":9.728442,"04/09":9.728442,"04/10":9.633318,"04/11":9.612569,"04/12":9.594004,"04/13":9.57327,"04/14":9.57327,"04/15":9.57327,"04/16":9.57327,"04/17":9.508922,"04/18":9.462085,"04/19":9.443571,"04/20":9.428332,"04/21":9.3750305,"04/22":9.3750305,"04/23":9.3750305,"04/24":9.255567,"04/25":9.237123,"04/26":9.223026,"04/27":9.177507,"04/28":9.188346,"04/29":9.188346,"04/30":9.188346,"05/01":9.188346,"05/02":9.084418,"05/03":8.679293,"05/04":8.6267185,"05/05":8.6267185,"05/06":8.6267185,"05/07":8.6267185,"05/08":8.666405,"05/09":8.637438,"05/10":8.5634775,"05/11":8.503525,"05/12":8.312337,"05/13":8.312337,"05/14":8.312337,"05/15":8.222848,"05/16":8.082511,"05/17":8.101631,"05/18":8.131378,"05/19":8.157947,"05/20":8.157947,"05/21":8.157947,"05/22":7.9467907,"05/23":8.122875,"05/24":8.0018835,"05/25":8.0018835,"05/26":7.898091,"05/27":7.898091,"05/28":7.898091,"05/29":7.8959713,"05/30":7.8473277,"05/31":7.7069173,"06/01":7.625794,"06/02":7.606842,"06/03":7.606842,"06/04":7.606842,"06/05":7.5710735,"06/06":7.524827,"06/07":7.456567,"06/08":7.7005935,"06/09":7.8452106,"06/10":7.8452106,"06/11":7.8452106,"06/12":7.6911035,"06/13":7.6152625,"06/14":7.601583,"06/15":7.686891,"06/16":7.6036906,"06/17":7.6036906,"06/18":7.6036906,"06/19":7.6342177,"06/20":7.636317,"06/21":7.6426435,"06/22":7.7670493,"06/23":7.8082266,"06/24":7.8082266,"06/25":7.8082266,"06/26":7.7058616,"06/27":7.6173716,"06/28":7.497506,"06/29":7.497506,"06/30":7.532183,"07/01":7.532183,"07/02":7.532183,"07/03":7.508014,"07/04":7.4408264,"07/05":7.362201,"07/06":7.4271903,"07/07":7.4271903,"07/08":7.4271903,"07/09":7.4271903,"07/10":7.4271903,"07/11":7.168739,"07/12":7.266953,"07/13":7.0790415,"07/14":6.998861,"07/15":6.998861,"07/16":6.998861,"07/17":6.761112,"07/18":6.6100855,"07/19":6.59665,"07/20":6.541948,