{"0":{"01/01":4.138895,"01/02":4.013625,"01/03":3.9956164,"01/04":3.9956164,"01/05":3.9956164,"01/06":4.1679907,"01/07":3.9866097,"01/08":3.9716048,"01/09":4.0316496,"01/10":4.1770287,"01/11":4.1770287,"01/12":4.1770287,"01/13":4.580198,"01/14":4.4902263,"01/15":4.42764,"01/16":4.11783,"01/17":4.046672,"01/18":4.046672,"01/19":4.046672,"01/20":3.8926654,"01/21":3.936614,"01/22":3.9246252,"01/23":3.8876662,"01/24":3.9626117,"01/25":3.9626117,"01/26":3.9626117,"01/27":3.9566045,"01/28":3.8996558,"01/29":3.84276,"01/30":3.6933312,"01/31":3.474947,"02/01":3.474947,"02/02":3.474947,"02/03":3.6575317,"02/04":3.4620728,"02/05":3.3216383,"02/06":3.2900484,"02/07":3.4026928,"02/08":3.4026928,"02/09":3.4026928,"02/10":3.5413616,"02/11":3.749066,"02/12":3.6833808,"02/13":3.740102,"02/14":3.8108413,"02/15":3.8108413,"02/16":3.8108413,"02/17":3.7460842,"02/18":3.7460842,"02/19":3.7460842,"02/20":3.6187825,"02/21":3.743093,"02/22":3.743093,"02/23":3.743093,"02/24":3.7739725,"02/25":3.9216237,"02/26":3.9216237,"02/27":4.1639795,"02/28":4.465986,"03/01":4.465986,"03/02":4.465986,"03/03":4.4538746,"03/04":4.4538746,"03/05":4.2735023,"03/06":3.9826124,"03/07":3.958607,"03/08":3.958607,"03/09":3.958607,"03/10":3.9946146,"03/11":3.916631,"03/12":3.8766882,"03/13":3.8078558,"03/14":3.8078558,"03/15":3.8078558,"03/16":3.8078558,"03/17":3.639646,"03/18":3.2328308,"03/19":2.8957655,"03/20":2.624189,"03/21":2.3928223,"03/22":2.3928223,"03/23":2.3928223,"03/24":2.0910885,"03/25":2.0592813,"03/26":1.9793642,"03/27":1.6532842,"03/28":1.491025,"03/29":1.491025,"03/30":1.491025,"03/31":1.4510177,"04/01":1.4510177,"04/02":0.8960971,"04/03":0.8800854,"04/04":1.1065527,"04/05":1.1065527,"04/06":1.1065527,"04/07":1.5320187,"04/08":1.3520893,"04/09":1.305545,"04/10":1.305545,"04/11":1.024338,"04/12":1.024338,"04/13":1.024338,"04/14":1.024338,"04/15":1.024338,"04/16":0.39846638,"04/17":0.1111407,"04/18":4.041571,"04/19":4.041571,"04/20":4.041571,"04/21":4.0566974,"04/22":4.0566974,"04/23":4.0566974,"04/24":4.0625267,"04/25":4.3213267,"04/26":4.3038344,"04/27":4.3038344,"04/28":4.3113213,"04/29":4.292182,"04/30":4.293827,"05/01":4.293827,"05/02":4.248411,"05/03":4.2057986,"05/04":4.2057986,"05/05":4.2106457,"05/06":4.1337247,"05/07":4.1509075,"05/08":4.1239376,"05/09":4.1103926,"05/10":4.091438,"05/11":4.091438,"05/12":4.091438,"05/13":4.05411,"05/14":4.0395184,"05/15":4.0260105,"05/16":4.015753,"05/17":4.008736,"05/18":4.008736,"05/19":4.008736,"05/20":4.008736,"05/21":3.96775,"05/22":3.9531994,"05/23":3.9531994,"05/24":3.932743,"05/25":3.932743,"05/26":3.932743,"05/27":3.902621,"05/28":3.8950958,"05/29":3.887035,"05/30":3.8768299,"05/31":3.8676987,"06/01":3.8676987,"06/02":3.8676987,"06/03":3.8333583,"06/04":3.8333583,"06/05":3.822637,"06/06":3.809779,"06/07":3.8006706,"06/08":3.8006706,"06/09":3.8006706,"06/10":3.7739053,"06/11":3.763743,"06/12":3.7546506,"06/13":3.743425,"06/14":3.7332742,"06/15":3.7332742,"06/16":3.7332742,"06/17":3.7332742,"06/18":3.6943023,"06/19":3.6836362,"06/20":3.6761718,"06/21":3.6649797,"06/22":3.6649797,"06/23":3.6649797,"06/24":3.6367548,"06/25":3.6239803,"06/26":3.5984547,"06/27":3.583044,"06/28":3.5687048,"06/29":3.5687048,"06/30":3.5687048,"07/01":3.5384572,"07/02":3.529971,"07/03":3.5209625,"07/04":3.512482,"07/05":3.495535,"07/06":3.495535,"07/07":3.495535,"07/08":3.4632506,"07/09":3.4516177,"07/10":3.4452763,"07/11":3.432069,"07/12":3.4183345,"07/13":3.4183345,"07/14":3.4183345,"07/15":3.3824575,"07/16":3.3824575,"07/17":3.3824575,"07/18":3.3466287,"07/19":3.357689,"07/20":3.357689,"07/21":3.357689,"07/22":3.3382037,"07/23":3.335046,"07/24":3.3276784,"07/25":3.3276784,"07/26":3.2887661,"07/27":3.2887661,"07/28":3.2887661,"07/29":3.2598846,"07/30":3.2493901,"07/31":3.2341795,"08/01":3.2331293,"08/02":3.252012,"08/03":3.252012,"08/04":3.252012,"08/05":3.2850888,"08/06":3.3087418,"08/07":3.2221208,"08/08":3.2661822,"08/09":3.2090237,"08/10":3.2090237,"08/11":3.2090237,"08/12":3.165057,"08/13":3.2289393,"08/14":3.21374,"08/15":3.21374,"08/16":3.1258633,"08/17":3.1258633,"08/18":3.1258633,"08/19":3.0086243,"08/20":2.9017367,"08/21":2.884656,"08/22":2.864997,"08/23":2.862413,"08/24":2.862413,"08/25":2.862413,"08/26":2.829859,"08/27":2.8262444,"08/28":2.8407059,"08/29":2.817983,"08/30":2.808179,"08/31":2.808179,"09/01":2.808179,"09/02":2.7581763,"09/03":2.7344937,"09/04":2.7206054,"09/05":2.7206054,"09/06":2.7751758,"09/07":2.7751758,"09/08":2.7751758,"09/09":2.7401571,"09/10":2.7170057,"09/11":2.711862,"09/12":2.6087308,"09/13":2.5729084,"09/14":2.5729084,"09/15":2.5729084,"09/16":2.4963086,"09/17":2.509573,"09/18":2.509573,"09/19":2.4550405,"09/20":2.4316294,"09/21":2.4316294,"09/22":2.4316294,"09/23":2.3463147,"09/24":2.2981963,"09/25":2.213315,"09/26":2.1493306,"09/27":2.191633,"09/28":2.191633,"09/29":2.191633,"09/30":2.1835687,"10/01":2.122174,"10/02":2.122174,"10/03":2.2259266,"10/04":2.3879251,"10/05":2.3879251,"10/06":2.3879251,"10/07":2.432648,"10/08":2.3417556,"10/09":2.2789707,"10/10":2.25774,"10/11":2.286558,"10/12":2.286558,"10/13":2.286558,"10/14":2.2173514,"10/15":2.2032292,"10/16":2.1906235,"10/17":2.2627954,"10/18":2.247637,"10/19":2.247637,"10/20":2.247637,"10/21":2.26027,"10/22":2.3397253,"10/23":2.342766,"10/24":2.3529108,"10/25":2.4474044,"10/26":2.4474044,"10/27":2.4474044,"10/28":2.4468946,"10/29":2.3945267,"10/30":2.3945267,"10/31":2.376755,"11/01":2.376755,"11/02":2.376755,"11/03":2.376755,"11/04":2.3650818,"11/05":2.3219907,"11/06":2.255721,"11/07":2.3113558,"11/08":2.317431,"11/09":2.317431,"11/10":2.317431,"11/11":2.306798,"11/12":2.3742187,"11/13":2.4677691,"11/14":2.5376465,"11/15":2.5376465,"11/16":2.5376465,"11/17":2.5376465,"11/18":2.5014102,"11/19":2.4570749,"11/20":2.4570749,"11/21":2.5223281,"11/22":2.4733756,"11/23":2.4733756,"11/24":2.4733756,"11/25":2.3737104,"11/26":2.3772633,"11/27":2.3584876,"11/28":2.3884337,"11/29":2.2830172,"11/30":2.2830172,"12/01":2.2830172,"12/02":2.160404,"12/03":2.0789793,"12/04":2.0148222,"12/05":1.9453329,"12/06":1.979804,"12/07":1.979804,"12/08":1.979804,"12/09":1.9518234,"12/10":1.9183881,"12/11":1.9039279,"12/12":1.9348505,"12/13":1.9004389,"12/14":1.9004389,"12/15":1.9004389,"12/16":1.9004389,"12/17":1.9498279,"12/18":1.9938056,"12/19":2.098556,"12/20":2.1976805,"12/21":2.1976805,"12/22":2.1976805,"12/23":2.107097,"12/24":2.1151376,"12/25":2.1151376,"12/26":2.1256928,"12/27":2.1166425,"12/28":2.1166425,"12/29":2.1166425,"12/30":2.1171458,"12/31":2.0769691},"2024":{"04/18":7.9720016,"04/19":7.9720016,"04/20":7.9720016,"04/21":8.368998,"04/22":8.368998,"04/23":8.368998,"04/24":8.633131,"04/25":8.838401,"04/26":8.803416,"04/27":8.803416,"04/28":8.981225,"04/29":9.070464,"04/30":9.073754,"05/01":9.073754,"05/02":8.982923,"05/03":8.897697,"05/04":8.897697,"05/05":9.00898,"05/06":8.65634,"05/07":8.756748,"05/08":8.247875,"05/09":8.220785,"05/10":8.182876,"05/11":8.182876,"05/12":8.182876,"05/13":8.10822,"05/14":8.079037,"05/15":8.052021,"05/16":8.031506,"05/17":8.017472,"05/18":8.017472,"05/19":8.017472,"05/20":8.017472,"05/21":7.9355,"05/22":7.906399,"05/23":7.906399,"05/24":7.865486,"05/25":7.865486,"05/26":7.865486,"05/27":7.805242,"05/28":7.7901917,"05/29":7.77407,"05/30":7.7536597,"05/31":7.7353973,"06/01":7.7353973,"06/02":7.7353973,"06/03":7.6667166,"06/04":7.6667166,"06/05":7.645274,"06/06":7.619558,"06/07":7.6013412,"06/08":7.6013412,"06/09":7.6013412,"06/10":7.5478106,"06/11":7.527486,"06/12":7.509301,"06/13":7.48685,"06/14":7.4665484,"06/15":7.4665484,"06/16":7.4665484,"06/17":7.4665484,"06/18":7.3886046,"06/19":7.3672724,"06/20":7.3523436,"06/21":7.3299594,"06/22":7.3299594,"06/23":7.3299594,"06/24":7.2735095,"06/25":7.2479606,"06/26":7.1969094,"06/27":7.166088,"06/28":7.1374097,"06/29":7.1374097,"06/30":7.1374097,"07/01":7.0769143,"07/02":7.059942,"07/03":7.041925,"07/04":7.024964,"07/05":6.99107,"07/06":6.99107,"07/07":6.99107,"07/08":6.9265013,"07/09":6.9032354,"07/10":6.8905525,"07/11":6.864138,"07/12":6.836669,"07/13":6.836669,"07/14":6.836669,"07/15":6.764915,