{"0":{"02/23":11.434002,"02/24":11.434002,"02/25":11.434002,"02/26":11.483002,"02/27":11.501999,"02/28":11.341,"03/01":11.794996,"03/02":11.794996,"03/03":11.794996,"03/04":11.794996,"03/05":11.794996,"03/06":11.794996,"03/07":11.794996,"03/08":11.794996,"03/09":11.794996,"03/10":11.794996,"03/11":11.794996,"03/12":11.794996,"03/13":11.794996,"03/14":11.794996,"03/15":11.794996,"03/16":11.794996,"03/17":11.794996,"03/18":11.794996,"03/19":11.794996,"03/20":11.794996,"03/21":11.794996,"03/22":11.794996,"03/23":11.794996,"03/24":11.772643,"03/25":11.772643,"03/26":11.772643,"03/27":11.713441,"03/28":11.70005,"03/29":11.693356,"03/30":11.693356,"03/31":11.632016,"04/01":11.632016,"04/02":11.632016,"04/03":11.554042,"04/04":11.554042,"04/05":11.511754,"04/06":11.492855,"04/07":11.492855,"04/08":11.492855,"04/09":11.492855,"04/10":11.409516,"04/11":11.396198,"04/12":11.367349,"04/13":11.361794,"04/14":11.361794,"04/15":11.361794,"04/16":11.361794,"04/17":11.296391,"04/18":11.239909,"04/19":11.223307,"04/20":11.195654,"04/21":11.086267,"04/22":11.086267,"04/23":11.086267,"04/24":10.860442,"04/25":10.796715,"04/26":10.790128,"04/27":10.737453,"04/28":10.736356,"04/29":10.736356,"04/30":10.736356,"05/01":10.736356,"05/02":10.610364,"05/03":10.221036,"05/04":10.086454,"05/05":10.086454,"05/06":10.086454,"05/07":10.086454,"05/08":10.031194,"05/09":10.033362,"05/10":9.973832,"05/11":9.925167,"05/12":9.73742,"05/13":9.73742,"05/14":9.73742,"05/15":9.643782,"05/16":9.522402,"05/17":9.468788,"05/18":9.552453,"05/19":9.621203,"05/20":9.621203,"05/21":9.621203,"05/22":9.4248495,"05/23":9.513826,"05/24":9.402363,"05/25":9.402363,"05/26":9.364903,"05/27":9.364903,"05/28":9.364903,"05/29":9.334955,"05/30":9.283655,"05/31":9.218532,"06/01":9.174803,"06/02":9.074673,"06/03":9.074673,"06/04":9.074673,"06/05":9.016174,"06/06":8.909969,"06/07":8.792328,"06/08":8.980043,"06/09":9.090639,"06/10":9.090639,"06/11":9.090639,"06/12":8.971543,"06/13":8.856944,"06/14":8.82304,"06/15":8.909969,"06/16":8.876032,"06/17":8.876032,"06/18":8.876032,"06/19":8.864364,"06/20":8.8219795,"06/21":8.852708,"06/22":9.016174,"06/23":9.058711,"06/24":9.058711,"06/25":9.058711,"06/26":8.950306,"06/27":8.86861,"06/28":8.70981,"06/29":8.70981,"06/30":8.855883,"07/01":8.855883,"07/02":8.855883,"07/03":8.795508,"07/04":8.805031,"07/05":8.688674,"07/06":8.782798,"07/07":8.782798,"07/08":8.782798,"07/09":8.782798,"07/10":8.782798,"07/11":8.411469,"07/12":8.494589,"07/13":8.292811,"07/14":8.259249,"07/15":8.259249,"07/16":8.259249,"07/17":8.05207,"07/18":7.903974,"07/19":7.896684,"07/20":7.837369,"07/21":7.9029408,"07/22":7.9029408,"07/23":7.9029408,"07/24":7.772907,"07/25":7.8456826,"07/26":7.7137275,"07/27":7.7313676,"07/28":7.894609,"07/29":7.894609,"07/30":7.894609,"07/31":7.817602,"08/01":7.7313676,"08/02":7.8706613,"08/03":8.091773,"08/04":8.025972,"08/05":8.025972,"08/06":8.025972,"08/07":7.871703,"08/08":7.734487,"08/09":7.6369786,"08/10":7.601756,"08/11":7.790576,"08/12":7.790576,"08/13":7.790576,"08/14":7.7448645,"08/15":7.7448645,"08/16":7.7448645,"08/17":7.903974,"08/18":7.78122,"08/19":7.78122,"08/20":7.78122,"08/21":7.6442337,"08/22":7.561376,"08/23":7.370269,"08/24":7.3506823,"08/25":7.495192,"08/26":7.495192,"08/27":7.495192,"08/28":7.259011,"08/29":7.188053,"08/30":7.20758,"08/31":7.184966,"09/01":7.0720468,"09/02":7.0720468,"09/03":7.0720468,"09/04":6.990077,"09/05":7.0115833,"09/06":7.074101,"09/07":6.8234363,"09/08":6.767327,"09/09":6.767327,"09/10":6.767327,"09/11":6.7530537,"09/12":6.8540597,"09/13":6.684794,"09/14":6.312459,"09/15":6.52824,"09/16":6.52824,"09/17":6.52824,"09/18":6.428854,"09/19":6.428854,"09/20":6.4734554,"09/21":6.5099754,"09/22":6.6044235,"09/23":6.6044235,"09/24":6.6044235,"09/25":6.5759683,"09/26":6.545503,"09/27":6.503879,"09/28":6.973694,"09/29":6.973694,"09/30":6.973694,"10/01":6.973694,"10/02":6.973694,"10/03":6.767327,"10/04":6.9399185,"10/05":6.759169,"10/06":7.2971025,"10/07":7.2971025,"10/08":7.2971025,"10/09":7.567593,"10/10":7.305343,"10/11":7.008507,"10/12":6.98291,"10/13":7.0074806,"10/14":7.0074806,"10/15":7.0074806,"10/16":7.033098,"10/17":6.9164033,"10/18":7.051543,"10/19":7.1110334,"10/20":7.176754,"10/21":7.176754,"10/22":7.176754,"10/23":7.4404345,"10/24":7.4404345,"10/25":7.3506823,"10/26":7.6069317,"10/27":7.3981175,"10/28":7.3981175,"10/29":7.3981175,"10/30":7.2888627,"10/31":7.270337,"11/01":7.2888627,"11/02":6.984951,"11/03":6.841809,"11/04":6.841809,"11/05":6.841809,"11/06":6.607477,"11/07":6.505911,"11/08":6.39239,"11/09":6.3428,"11/10":6.435946,"11/11":6.435946,"11/12":6.435946,"11/13":6.2902203,"11/14":6.2902203,"11/15":5.8213806,"11/16":5.7323103,"11/17":5.6463795,"11/18":5.6463795,"11/19":5.6463795,"11/20":5.767321,"11/21":5.753314,"11/22":5.7153096,"11/23":5.727304,"11/24":5.8153725,"11/25":5.8153725,"11/26":5.8153725,"11/27":5.8153725,"11/28":5.6613584,"11/29":5.4600096,"11/30":5.479918,"12/01":5.4202337,"12/02":5.4202337,"12/03":5.4202337,"12/04":4.9925337,"12/05":4.7907825,"12/06":4.641686,"12/07":4.603505,"12/08":4.568281,"12/09":4.568281,"12/10":4.568281,"12/11":4.5145154,"12/12":4.5585065,"12/13":4.3379645,"12/14":3.8861432,"12/15":3.5599086,"12/16":3.5599086,"12/17":3.5599086,"12/18":3.4506693,"12/19":3.3856082,"12/20":3.708817,"12/21":3.6501663,"12/22":3.6107824,"12/23":3.6107824,"12/24":3.6107824,"12/25":3.6107824,"12/26":3.3865654,"12/27":3.2691026,"12/28":3.1928406,"12/29":3.0682135,"12/30":3.0682135,"12/31":3.0682135},"2023":{"02/23":11.434002,"02/24":11.434002,"02/25":11.434002,"02/26":11.483002,"02/27":11.501999,"02/28":11.341,"03/01":11.794996,"03/02":11.794996,"03/03":11.794996,"03/04":11.794996,"03/05":11.794996,"03/06":11.794996,"03/07":11.794996,"03/08":11.794996,"03/09":11.794996,"03/10":11.794996,"03/11":11.794996,"03/12":11.794996,"03/13":11.794996,"03/14":11.794996,"03/15":11.794996,"03/16":11.794996,"03/17":11.794996,"03/18":11.794996,"03/19":11.794996,"03/20":11.794996,"03/21":11.794996,"03/22":11.794996,"03/23":11.794996,"03/24":11.772643,"03/25":11.772643,"03/26":11.772643,"03/27":11.713441,"03/28":11.70005,"03/29":11.693356,"03/30":11.693356,"03/31":11.632016,"04/01":11.632016,"04/02":11.632016,"04/03":11.554042,"04/04":11.554042,"04/05":11.511754,"04/06":11.492855,"04/07":11.492855,"04/08":11.492855,"04/09":11.492855,"04/10":11.409516,"04/11":11.396198,"04/12":11.367349,"04/13":11.361794,"04/14":11.361794,"04/15":11.361794,"04/16":11.361794,"04/17":11.296391,"04/18":11.239909,"04/19":11.223307,"04/20":11.195654,"04/21":11.086267,"04/22":11.086267,"04/23":11.086267,"04/24":10.860442,"04/25":10.796715,"04/26":10.790128,"04/27":10.737453,"04/28":10.736356,"04/29":10.736356,"04/30":10.736356,"05/01":10.736356,"05/02":10.610364,"05/03":10.221036,"05/04":10.086454,"05/05":10.086454,"05/06":10.086454,"05/07":10.086454,"05/08":10.031194,"05/09":10.033362,"05/10":9.973832,"05/11":9.925167,"05/12":9.73742,"05/13":9.73742,"05/14":9.73742,"05/15":9.643782,"05/16":9.522402,"05/17":9.468788,"05/18":9.552453,"05/19":9.621203,"05/20":9.621203,"05/21":9.621203,"05/22":9.4248495,"05/23":9.513826,"05/24":9.402363,"05/25":9.402363,"05/26":9.364903,"05/27":9.364903,"05/28":9.364903,"05/29":9.334955,"05/30":9.283655,"05/31":9.218532,"06/01":9.174803,"06/02":9.074673,"06/03":9.074673,"06/04":9.074673,"06/05":9.016174,"06/06":8.909969,"06/07":8.792328,"06/08":8.980043,"06/09":9.090639,"06/10":9.090639,"06/11":9.090639,"06/12":8.971543,"06/13":8.856944,"06/14":8.82304,"06/15":8.909969,"06/16":8.876032,"06/17":8.876032,"06/18":8.876032,"06/19":8.864364,"06/20":8.8219795,"06/21":8.852708,"06/22":9.016174,"06/23":9.058711,"06/24":9.058711,"06/25":9.058711,"06/26":8.950306,"06/27":8.86861,"06/28":8.70981,"06/29":8.70981,"06/30":8.855883,"07/01":8.855883,"07/02":8.855883,"07/03":8.795508,"07/04":8.805031,"07/05":8.688674,"07/06":8.782798,"07/07":8.782798,"07/08":8.782798,"07/09":8.782798,"07/10":8.782798,"07/11":8.411469,"07/12":8.494589,"07/13":8.292811,"07/14":8.259249,"07/15":8.259249,"07/16":8.259249,"07/17":8.05207,