{"0":{"04/18":3.1519985,"04/19":3.1519985,"04/20":3.1519985,"04/21":3.1519985,"04/22":3.1519985,"04/23":3.1519985,"04/24":3.1416802,"04/25":3.660973,"04/26":3.6276531,"04/27":3.6276531,"04/28":3.6276531,"04/29":3.579781,"04/30":3.5829058,"05/01":3.5829058,"05/02":3.4966464,"05/03":3.4157116,"05/04":3.4157116,"05/05":3.4157116,"05/06":3.2873015,"05/07":3.3142054,"05/08":3.3007467,"05/09":3.2748952,"05/10":3.2387187,"05/11":3.2387187,"05/12":3.2387187,"05/13":3.167475,"05/14":3.1396246,"05/15":3.1138437,"05/16":3.094266,"05/17":3.0808744,"05/18":3.0808744,"05/19":3.0808744,"05/20":3.0808744,"05/21":3.002648,"05/22":2.9748769,"05/23":2.9748769,"05/24":2.9358342,"05/25":2.9358342,"05/26":2.9358342,"05/27":2.8783433,"05/28":2.8639805,"05/29":2.8485951,"05/30":2.829118,"05/31":2.8116906,"06/01":2.8116906,"06/02":2.8116906,"06/03":2.7461488,"06/04":2.7461488,"06/05":2.725686,"06/06":2.7011452,"06/07":2.6837611,"06/08":2.6837611,"06/09":2.6837611,"06/10":2.6326766,"06/11":2.6132812,"06/12":2.5959268,"06/13":2.5745025,"06/14":2.5551288,"06/15":2.5551288,"06/16":2.5551288,"06/17":2.5551288,"06/18":2.480747,"06/19":2.4603896,"06/20":2.4461434,"06/21":2.4247816,"06/22":2.4247816,"06/23":2.4247816,"06/24":2.3709118,"06/25":2.3465307,"06/26":2.2978127,"06/27":2.2683992,"06/28":2.2410321,"06/29":2.2410321,"06/30":2.2410321,"07/01":2.183301,"07/02":2.167105,"07/03":2.149911,"07/04":2.1337256,"07/05":2.1013799,"07/06":2.1013799,"07/07":2.1013799,"07/08":2.039763,"07/09":2.0175598,"07/10":2.0054567,"07/11":1.9802492,"07/12":1.9540355,"07/13":1.9540355,"07/14":1.9540355,"07/15":1.885561,"07/16":1.885561,"07/17":1.885561,"07/18":1.8171784,"07/19":1.8382876,"07/20":1.8382876,"07/21":1.8382876,"07/22":1.8010983,"07/23":1.795072,"07/24":1.7810102,"07/25":1.7810102,"07/26":1.7067423,"07/27":1.7067423,"07/28":1.7067423,"07/29":1.6516188,"07/30":1.6315897,"07/31":1.602558,"08/01":1.6005538,"08/02":1.6365938,"08/03":1.6365938,"08/04":1.6365938,"08/05":1.6997231,"08/06":1.7448676,"08/07":1.579543,"08/08":1.6636382,"08/09":1.5545455,"08/10":1.5545455,"08/11":1.5545455,"08/12":1.4706306,"08/13":1.5925568,"08/14":1.5635474,"08/15":1.5635474,"08/16":1.3958263,"08/17":1.3958263,"08/18":1.3958263,"08/19":1.1720643,"08/20":0.9680593,"08/21":0.93545866,"08/22":0.8979374,"08/23":0.8930057,"08/24":0.8930057,"08/25":0.8930057,"08/26":0.83087367,"08/27":0.82397485,"08/28":0.85157585,"08/29":0.8082069,"08/30":0.7894948,"08/31":0.7894948,"09/01":0.7894948,"09/02":0.6940604,"09/03":0.6488599,"09/04":0.62235266,"09/05":0.62235266,"09/06":0.7265052,"09/07":0.7265052,"09/08":0.7265052,"09/09":0.6596691,"09/10":0.61548233,"09/11":0.60566515,"09/12":0.40882897,"09/13":0.3404588,"09/14":0.3404588,"09/15":0.3404588,"09/16":0.19426046,"09/17":0.21957693,"09/18":0.21957693,"09/19":0.11549647,"09/20":0.07081387,"09/21":0.07081387,"09/22":0.07081387,"09/23":-0.09201723,"09/24":-0.18385607,"09/25":-0.34586012,"09/26":-0.46798018,"09/27":-0.38724226,"09/28":-0.38724226,"09/29":-0.38724226,"09/30":-0.40263364,"10/01":-0.51981145,"10/02":-0.51981145,"10/03":-0.32178962,"10/04":-0.012599798,"10/05":-0.012599798,"10/06":-0.012599798,"10/07":0.072758175,"10/08":-0.10071878,"10/09":-0.22054987,"10/10":-0.26107043,"10/11":-0.20606893,"10/12":-0.20606893,"10/13":-0.20606893,"10/14":-0.33815625,"10/15":-0.36510998,"10/16":-0.38916874,"10/17":-0.25142172,"10/18":-0.28035307,"10/19":-0.28035307,"10/20":-0.28035307,"10/21":-0.2562417,"10/22":-0.10459386,"10/23":-0.09879036,"10/24":-0.07942821,"10/25":0.10092208,"10/26":0.10092208,"10/27":0.10092208,"10/28":0.09994937,"10/29":0.0,"10/30":0.0,"10/31":0.0,"11/01":0.0,"11/02":0.0,"11/03":0.0,"11/04":0.0,"11/05":0.0,"11/06":0.0,"11/07":0.0,"11/08":0.0,"11/09":0.0,"11/10":0.0,"11/11":0.0,"11/12":0.0,"11/13":0.0,"11/14":0.0,"11/15":0.0,"11/16":0.0,"11/17":0.0,"11/18":0.0,"11/19":0.0,"11/20":0.0,"11/21":0.0,"11/22":0.0,"11/23":0.0,"11/24":0.0,"11/25":0.0,"11/26":0.0,"11/27":0.0,"11/28":0.0,"11/29":0.0,"11/30":0.0,"12/01":0.0,"12/02":0.0,"12/03":0.0,"12/04":0.0,"12/05":0.0,"12/06":0.0,"12/07":0.0,"12/08":0.0,"12/09":0.0,"12/10":0.0,"12/11":0.0,"12/12":0.0,"12/13":0.0,"12/14":0.0,"12/15":0.0,"12/16":0.0,"12/17":0.0,"12/18":0.0,"12/19":0.0,"12/20":0.0,"12/21":0.0,"12/22":0.0,"12/23":0.0,"12/24":0.0,"12/25":0.0,"12/26":0.0,"12/27":0.0,"12/28":0.0,"12/29":0.0,"12/30":0.0,"12/31":0.0},"2024":{"04/18":3.1519985,"04/19":3.1519985,"04/20":3.1519985,"04/21":3.1519985,"04/22":3.1519985,"04/23":3.1519985,"04/24":3.1416802,"04/25":3.660973,"04/26":3.6276531,"04/27":3.6276531,"04/28":3.6276531,"04/29":3.579781,"04/30":3.5829058,"05/01":3.5829058,"05/02":3.4966464,"05/03":3.4157116,"05/04":3.4157116,"05/05":3.4157116,"05/06":3.2873015,"05/07":3.3142054,"05/08":3.3007467,"05/09":3.2748952,"05/10":3.2387187,"05/11":3.2387187,"05/12":3.2387187,"05/13":3.167475,"05/14":3.1396246,"05/15":3.1138437,"05/16":3.094266,"05/17":3.0808744,"05/18":3.0808744,"05/19":3.0808744,"05/20":3.0808744,"05/21":3.002648,"05/22":2.9748769,"05/23":2.9748769,"05/24":2.9358342,"05/25":2.9358342,"05/26":2.9358342,"05/27":2.8783433,"05/28":2.8639805,"05/29":2.8485951,"05/30":2.829118,"05/31":2.8116906,"06/01":2.8116906,"06/02":2.8116906,"06/03":2.7461488,"06/04":2.7461488,"06/05":2.725686,"06/06":2.7011452,"06/07":2.6837611,"06/08":2.6837611,"06/09":2.6837611,"06/10":2.6326766,"06/11":2.6132812,"06/12":2.5959268,"06/13":2.5745025,"06/14":2.5551288,"06/15":2.5551288,"06/16":2.5551288,"06/17":2.5551288,"06/18":2.480747,"06/19":2.4603896,"06/20":2.4461434,"06/21":2.4247816,"06/22":2.4247816,"06/23":2.4247816,"06/24":2.3709118,"06/25":2.3465307,"06/26":2.2978127,"06/27":2.2683992,"06/28":2.2410321,"06/29":2.2410321,"06/30":2.2410321,"07/01":2.183301,"07/02":2.167105,"07/03":2.149911,"07/04":2.1337256,"07/05":2.1013799,"07/06":2.1013799,"07/07":2.1013799,"07/08":2.039763,"07/09":2.0175598,"07/10":2.0054567,"07/11":1.9802492,"07/12":1.9540355,"07/13":1.9540355,"07/14":1.9540355,"07/15":1.885561,"07/16":1.885561,"07/17":1.885561,"07/18":1.8171784,"07/19":1.8382876,"07/20":1.8382876,"07/21":1.8382876,"07/22":1.8010983,"07/23":1.795072,"07/24":1.7810102,"07/25":1.7810102,"07/26":1.7067423,"07/27":1.7067423,"07/28":1.7067423,"07/29":1.6516188,"07/30":1.6315897,"07/31":1.602558,"08/01":1.6005538,"08/02":1.6365938,"08/03":1.6365938,"08/04":1.6365938,"08/05":1.6997231,"08/06":1.7448676,"08/07":1.579543,"08/08":1.6636382,"08/09":1.5545455,"08/10":1.5545455,"08/11":1.5545455,"08/12":1.4706306,"08/13":1.5925568,"08/14":1.5635474,"08/15":1.5635474,"08/16":1.3958263,"08/17":1.3958263,"08/18":1.3958263,"08/19":1.1720643,"08/20":0.9680593,"08/21":0.93545866,"08/22":0.8979374,"08/23":0.8930057,"08/24":0.8930057,"08/25":0.8930057,"08/26":0.83087367,"08/27":0.82397485,"08/28":0.85157585,"08/29":0.8082069,"08/30":0.7894948,"08/31":0.7894948,"09/01":0.7894948,"09/02":0.6940604,"09/03":0.6488599,"09/04":0.62235266,"09/05":0.62235266,"09/06":0.7265052,"09/07":0.7265052,"09/08":0.7265052,"09/09":0.6596691,"09/10":0.61548233,"09/11":0.60566515,"09/12":0.40882897,"09/13":0.3404588,"09/14":0.3404588,"09/15":0.3404588,"09/16":0.19426046,"09/17":0.21957693,"09/18":0.21957693,"09/19":0.11549647,"09/20":0.07081387,"09/21":0.07081387,"09/22":0.07081387,"09/23":-0.09201723,"09/24":-0.18385607,"09/25":-0.34586012,"09/26":-0.46798018,"09/27":-0.38724226,"09/28":-0.38724226,"09/29":-0.38724226,"09/30":-0.40263364,"10/01":-0.51981145,"10/02":-0.51981145,"10/03":-0.32178962,"10/04":-0.012599798,"10/05":-0.012599798,"10/06":-0.012599798,"10/07":0.072758175,"10/08":-0.10071878,"10/09":-0.22054987,"10/10":-0.26107043,"10/11":-0.20606893,"10/12":-0.20606893,"10/13":-0.20606893,"10/14":-0.33815625,"10/15":-0.36510998,"10/16":-0.38916874,"10/17":-0.25142172,"10/18":-0.28035307,"10/19":-0.28035307,"10/20":-0.28035307,"10/21":-0.2562417,"10/22":-0.10459386,"10/23":-0.09879036,"10/24":-0.07942821,"10/25":0.10092208,"10/26":0.10092208,"10/27":0.10092208,"10/28":0.09994937,"10/29":0.0,"10/30":0.0,"10/31":0.0,"11/01":0.0,"11/02":0.0,"11/03":0.0,"11/04":0.0,"11/05":0.0,