{"0":{"07/08":1.5191536,"07/09":1.5171216,"07/10":1.5059665,"07/11":1.497851,"07/12":1.497851,"07/13":1.497851,"07/14":1.460337,"07/15":1.4522287,"07/16":1.4390591,"07/17":1.425893,"07/18":1.4127302,"07/19":1.4127302,"07/20":1.4127302,"07/21":1.3702234,"07/22":1.3560623,"07/23":1.3408928,"07/24":1.3247157,"07/25":1.2974346,"07/26":1.2974346,"07/27":1.2974346,"07/28":1.2752138,"07/29":1.2570457,"07/30":1.2378738,"07/31":1.2429162,"08/01":1.2570457,"08/02":1.2570457,"08/03":1.2570457,"08/04":1.1139127,"08/05":1.1008308,"08/06":1.2116395,"08/07":1.2015612,"08/08":1.2620902,"08/09":1.2620902,"08/10":1.2620902,"08/11":1.2186995,"08/12":1.2944095,"08/13":1.2520018,"08/14":1.108883,"08/15":1.108883,"08/16":1.108883,"08/17":1.108883,"08/18":1.203571,"08/19":1.3095555,"08/20":1.181401,"08/21":1.1199509,"08/22":1.2368634,"08/23":1.2368634,"08/24":1.2368634,"08/25":1.2782472,"08/26":1.5516276,"08/27":1.5516276,"08/28":1.4836543,"08/29":2.1192763,"08/30":2.1192763,"08/31":2.1192763,"09/01":2.070022,"09/02":2.0577185,"09/03":2.0433648,"09/04":1.9624414,"09/05":1.8877765,"09/06":1.8877765,"09/07":1.8877765,"09/08":1.8877765,"09/09":1.8428353,"09/10":1.8254753,"09/11":1.7877188,"09/12":1.7999672,"09/13":1.7999672,"09/14":1.7999672,"09/15":1.7867072,"09/16":1.8714341,"09/17":1.8142525,"09/18":1.867342,"09/19":1.8305765,"09/20":1.8305765,"09/21":1.8305765,"09/22":1.7561144,"09/23":1.6949838,"09/24":1.7010916,"09/25":1.6949838,"09/26":1.8285419,"09/27":1.8285419,"09/28":1.8285419,"09/29":1.8040441,"09/30":1.8796095,"10/01":1.6075064,"10/02":1.6075064,"10/03":1.6075064,"10/04":1.6075064,"10/05":1.6075064,"10/06":1.3247157,"10/07":1.1945038,"10/08":1.1753459,"10/09":1.1894565,"10/10":1.1501623,"10/11":1.1501623,"10/12":1.1501623,"10/13":0.9711838,"10/14":0.93406755,"10/15":0.8058493,"10/16":0.7538507,"10/17":0.67595804,"10/18":0.67595804,"10/19":0.67595804,"10/20":0.5633275,"10/21":0.5633275,"10/22":0.5633275,"10/23":0.7118943,"10/24":0.7738409,"10/25":0.7738409,"10/26":0.7738409,"10/27":0.6909291,"10/28":0.7228849,"10/29":0.5314824,"10/30":0.73586917,"10/31":0.7079043,"11/01":0.7079043,"11/02":0.7079043,"11/03":0.61014944,"11/04":0.6280861,"11/05":0.6280861,"11/06":0.6370616,"11/07":0.6669851,"11/08":0.6669851,"11/09":0.6669851,"11/10":0.5036309,"11/11":0.41520792,"11/12":0.30117616,"11/13":0.27543458,"11/14":0.27543458,"11/15":0.27543458,"11/16":0.27543458,"11/17":0.3130599,"11/18":0.3318926,"11/19":0.22497183,"11/20":0.11631184,"11/21":0.20815906,"11/22":0.20815906,"11/23":0.20815906,"11/24":0.22497183,"11/25":0.23288512,"11/26":-0.024601927,"11/27":0.0,"11/28":0.0,"11/29":0.0,"11/30":0.0,"12/01":0.0,"12/02":0.0,"12/03":0.0,"12/04":0.0,"12/05":0.0,"12/06":0.0,"12/07":0.0,"12/08":0.0,"12/09":0.0,"12/10":0.0,"12/11":0.0,"12/12":0.0,"12/13":0.0,"12/14":0.0,"12/15":0.0,"12/16":0.0,"12/17":0.0,"12/18":0.0,"12/19":0.0,"12/20":0.0,"12/21":0.0,"12/22":0.0,"12/23":0.0,"12/24":0.0,"12/25":0.0,"12/26":0.0,"12/27":0.0,"12/28":0.0,"12/29":0.0,"12/30":0.0,"12/31":0.0},"2025":{"07/08":1.5191536,"07/09":1.5171216,"07/10":1.5059665,"07/11":1.497851,"07/12":1.497851,"07/13":1.497851,"07/14":1.460337,"07/15":1.4522287,"07/16":1.4390591,"07/17":1.425893,"07/18":1.4127302,"07/19":1.4127302,"07/20":1.4127302,"07/21":1.3702234,"07/22":1.3560623,"07/23":1.3408928,"07/24":1.3247157,"07/25":1.2974346,"07/26":1.2974346,"07/27":1.2974346,"07/28":1.2752138,"07/29":1.2570457,"07/30":1.2378738,"07/31":1.2429162,"08/01":1.2570457,"08/02":1.2570457,"08/03":1.2570457,"08/04":1.1139127,"08/05":1.1008308,"08/06":1.2116395,"08/07":1.2015612,"08/08":1.2620902,"08/09":1.2620902,"08/10":1.2620902,"08/11":1.2186995,"08/12":1.2944095,"08/13":1.2520018,"08/14":1.108883,"08/15":1.108883,"08/16":1.108883,"08/17":1.108883,"08/18":1.203571,"08/19":1.3095555,"08/20":1.181401,"08/21":1.1199509,"08/22":1.2368634,"08/23":1.2368634,"08/24":1.2368634,"08/25":1.2782472,"08/26":1.5516276,"08/27":1.5516276,"08/28":1.4836543,"08/29":2.1192763,"08/30":2.1192763,"08/31":2.1192763,"09/01":2.070022,"09/02":2.0577185,"09/03":2.0433648,"09/04":1.9624414,"09/05":1.8877765,"09/06":1.8877765,"09/07":1.8877765,"09/08":1.8877765,"09/09":1.8428353,"09/10":1.8254753,"09/11":1.7877188,"09/12":1.7999672,"09/13":1.7999672,"09/14":1.7999672,"09/15":1.7867072,"09/16":1.8714341,"09/17":1.8142525,"09/18":1.867342,"09/19":1.8305765,"09/20":1.8305765,"09/21":1.8305765,"09/22":1.7561144,"09/23":1.6949838,"09/24":1.7010916,"09/25":1.6949838,"09/26":1.8285419,"09/27":1.8285419,"09/28":1.8285419,"09/29":1.8040441,"09/30":1.8796095,"10/01":1.6075064,"10/02":1.6075064,"10/03":1.6075064,"10/04":1.6075064,"10/05":1.6075064,"10/06":1.3247157,"10/07":1.1945038,"10/08":1.1753459,"10/09":1.1894565,"10/10":1.1501623,"10/11":1.1501623,"10/12":1.1501623,"10/13":0.9711838,"10/14":0.93406755,"10/15":0.8058493,"10/16":0.7538507,"10/17":0.67595804,"10/18":0.67595804,"10/19":0.67595804,"10/20":0.5633275,"10/21":0.5633275,"10/22":0.5633275,"10/23":0.7118943,"10/24":0.7738409,"10/25":0.7738409,"10/26":0.7738409,"10/27":0.6909291,"10/28":0.7228849,"10/29":0.5314824,"10/30":0.73586917,"10/31":0.7079043,"11/01":0.7079043,"11/02":0.7079043,"11/03":0.61014944,"11/04":0.6280861,"11/05":0.6280861,"11/06":0.6370616,"11/07":0.6669851,"11/08":0.6669851,"11/09":0.6669851,"11/10":0.5036309,"11/11":0.41520792,"11/12":0.30117616,"11/13":0.27543458,"11/14":0.27543458,"11/15":0.27543458,"11/16":0.27543458,"11/17":0.3130599,"11/18":0.3318926,"11/19":0.22497183,"11/20":0.11631184,"11/21":0.20815906,"11/22":0.20815906,"11/23":0.20815906,"11/24":0.22497183,"11/25":0.23288512,"11/26":-0.024601927,"11/27":0.0,"11/28":0.0,"11/29":0.0,"11/30":0.0,"12/01":0.0,"12/02":0.0,"12/03":0.0,"12/04":0.0,"12/05":0.0,"12/06":0.0,"12/07":0.0,"12/08":0.0,"12/09":0.0,"12/10":0.0,"12/11":0.0,"12/12":0.0,"12/13":0.0,"12/14":0.0,"12/15":0.0,"12/16":0.0,"12/17":0.0,"12/18":0.0,"12/19":0.0,"12/20":0.0,"12/21":0.0,"12/22":0.0,"12/23":0.0,"12/24":0.0,"12/25":0.0,"12/26":0.0,"12/27":0.0,"12/28":0.0,"12/29":0.0,"12/30":0.0,"12/31":0.0}}