{"0":{"04/02":1.2769985,"04/03":1.2769985,"04/04":1.2769985,"04/05":1.2769985,"04/06":1.2769985,"04/07":1.2769985,"04/08":1.2769985,"04/09":1.2769985,"04/10":1.2769985,"04/11":1.2769985,"04/12":1.2769985,"04/13":1.2769985,"04/14":1.2769985,"04/15":1.2769985,"04/16":1.2607942,"04/17":1.2516898,"04/18":1.2516898,"04/19":1.2516898,"04/20":1.2516898,"04/21":1.2061545,"04/22":1.2061545,"04/23":1.2061545,"04/24":1.1738058,"04/25":1.1576344,"04/26":1.1576344,"04/27":1.1576344,"04/28":1.10815,"04/29":1.0899787,"04/30":1.0899787,"05/01":1.0899787,"05/02":1.0899787,"05/03":1.0899787,"05/04":1.0899787,"05/05":1.0042826,"05/06":0.99018216,"05/07":0.9750871,"05/08":0.961993,"05/09":0.7590949,"05/10":0.7590949,"05/11":0.7590949,"05/12":0.7590949,"05/13":0.7590949,"05/14":0.4712174,"05/15":0.3497707,"05/16":0.19390306,"05/17":0.19390306,"05/18":0.19390306,"05/19":0.20877491,"05/20":0.2464612,"05/21":0.1215922,"05/22":0.20084207,"05/23":0.07904799,"05/24":0.07904799,"05/25":0.07904799,"05/26":0.005923326,"05/27":0.005923326,"05/28":-0.024683954,"05/29":-0.014809952,"05/30":0.12654813,"05/31":0.12654813,"06/01":0.12654813,"06/02":0.10081094,"06/03":0.19688085,"06/04":0.19688085,"06/05":0.0750964,"06/06":0.1800279,"06/07":0.1800279,"06/08":0.1800279,"06/09":0.25440127,"06/10":0.40846363,"06/11":0.4692213,"06/12":0.6049562,"06/13":0.7370448,"06/14":0.7370448,"06/15":0.7370448,"06/16":0.4104573,"06/17":0.4114542,"06/18":0.50511575,"06/19":0.7621064,"06/20":0.5031278,"06/21":0.5031278,"06/22":0.5031278,"06/23":0.48317668,"06/24":0.29412043,"06/25":0.32590896,"06/26":0.20778205,"06/27":0.20778205,"06/28":0.20778205,"06/29":0.20778205,"06/30":0.20778205,"07/01":0.20778205,"07/02":0.20778205,"07/03":0.20778205,"07/04":0.20778205,"07/05":0.20778205,"07/06":0.20778205,"07/07":0.20778205,"07/08":-0.05822593,"07/09":-0.02961552,"07/10":0.008889961,"07/11":-0.13410854,"07/12":-0.13410854,"07/13":-0.13410854,"07/14":-0.21478932,"07/15":-0.2688319,"07/16":-0.2825792,"07/17":-0.33164713,"07/18":-0.3924213,"07/19":-0.3924213,"07/20":-0.3924213,"07/21":-0.510821,"07/22":-0.47269472,"07/23":-0.52157575,"07/24":-0.42963818,"07/25":-0.21970214,"07/26":-0.21970214,"07/27":-0.21970214,"07/28":-0.08385883,"07/29":-0.025662776,"07/30":-0.060191646,"07/31":-0.01875414,"08/01":-0.009876927,"08/02":-0.009876927,"08/03":-0.009876927,"08/04":-0.30712387,"08/05":-0.16560626,"08/06":0.29213136,"08/07":0.22365117,"08/08":0.42040795,"08/09":0.42040795,"08/10":0.42040795,"08/11":0.5270644,"08/12":0.92175275,"08/13":0.86647236,"08/14":0.46424088,"08/15":0.46424088,"08/16":0.46424088,"08/17":0.46424088,"08/18":0.7130081,"08/19":0.8433698,"08/20":0.63094383,"08/21":0.6639577,"08/22":0.8303194,"08/23":0.8303194,"08/24":0.8303194,"08/25":0.996233,"08/26":1.4392993,"08/27":1.4392993,"08/28":1.2112088,"08/29":1.4606401,"08/30":1.4606401,"08/31":1.4606401,"09/01":1.2739562,"09/02":1.3550415,"09/03":1.060724,"09/04":0.77513915,"09/05":0.5779818,"09/06":0.5779818,"09/07":0.5779818,"09/08":0.5779818,"09/09":0.53206056,"09/10":0.46723476,"09/11":0.42539352,"09/12":0.2961001,"09/13":0.2961001,"09/14":0.2961001,"09/15":0.31000742,"09/16":0.14436524,"09/17":-0.047370765,"09/18":-0.0019774248,"09/19":-0.028627362,"09/20":-0.028627362,"09/21":-0.028627362,"09/22":9.887418E-4,"09/23":-0.038498636,"09/24":0.042477008,"09/25":0.06817479,"09/26":0.20084207,"09/27":0.20084207,"09/28":0.20084207,"09/29":0.16021428,"09/30":0.23257148,"10/01":0.0,"10/02":0.0,"10/03":0.0,"10/04":0.0,"10/05":0.0,"10/06":0.0,"10/07":0.0,"10/08":0.0,"10/09":0.0,"10/10":0.0,"10/11":0.0,"10/12":0.0,"10/13":0.0,"10/14":0.0,"10/15":0.0,"10/16":0.0,"10/17":0.0,"10/18":0.0,"10/19":0.0,"10/20":0.0,"10/21":0.0,"10/22":0.0,"10/23":0.0,"10/24":0.0,"10/25":0.0,"10/26":0.0,"10/27":0.0,"10/28":0.0,"10/29":0.0,"10/30":0.0,"10/31":0.0,"11/01":0.0,"11/02":0.0,"11/03":0.0,"11/04":0.0,"11/05":0.0,"11/06":0.0,"11/07":0.0,"11/08":0.0,"11/09":0.0,"11/10":0.0,"11/11":0.0,"11/12":0.0,"11/13":0.0,"11/14":0.0,"11/15":0.0,"11/16":0.0,"11/17":0.0,"11/18":0.0,"11/19":0.0,"11/20":0.0,"11/21":0.0,"11/22":0.0,"11/23":0.0,"11/24":0.0,"11/25":0.0,"11/26":0.0,"11/27":0.0,"11/28":0.0,"11/29":0.0,"11/30":0.0,"12/01":0.0,"12/02":0.0,"12/03":0.0,"12/04":0.0,"12/05":0.0,"12/06":0.0,"12/07":0.0,"12/08":0.0,"12/09":0.0,"12/10":0.0,"12/11":0.0,"12/12":0.0,"12/13":0.0,"12/14":0.0,"12/15":0.0,"12/16":0.0,"12/17":0.0,"12/18":0.0,"12/19":0.0,"12/20":0.0,"12/21":0.0,"12/22":0.0,"12/23":0.0,"12/24":0.0,"12/25":0.0,"12/26":0.0,"12/27":0.0,"12/28":0.0,"12/29":0.0,"12/30":0.0,"12/31":0.0},"2025":{"04/02":1.2769985,"04/03":1.2769985,"04/04":1.2769985,"04/05":1.2769985,"04/06":1.2769985,"04/07":1.2769985,"04/08":1.2769985,"04/09":1.2769985,"04/10":1.2769985,"04/11":1.2769985,"04/12":1.2769985,"04/13":1.2769985,"04/14":1.2769985,"04/15":1.2769985,"04/16":1.2607942,"04/17":1.2516898,"04/18":1.2516898,"04/19":1.2516898,"04/20":1.2516898,"04/21":1.2061545,"04/22":1.2061545,"04/23":1.2061545,"04/24":1.1738058,"04/25":1.1576344,"04/26":1.1576344,"04/27":1.1576344,"04/28":1.10815,"04/29":1.0899787,"04/30":1.0899787,"05/01":1.0899787,"05/02":1.0899787,"05/03":1.0899787,"05/04":1.0899787,"05/05":1.0042826,"05/06":0.99018216,"05/07":0.9750871,"05/08":0.961993,"05/09":0.7590949,"05/10":0.7590949,"05/11":0.7590949,"05/12":0.7590949,"05/13":0.7590949,"05/14":0.4712174,"05/15":0.3497707,"05/16":0.19390306,"05/17":0.19390306,"05/18":0.19390306,"05/19":0.20877491,"05/20":0.2464612,"05/21":0.1215922,"05/22":0.20084207,"05/23":0.07904799,"05/24":0.07904799,"05/25":0.07904799,"05/26":0.005923326,"05/27":0.005923326,"05/28":-0.024683954,"05/29":-0.014809952,"05/30":0.12654813,"05/31":0.12654813,"06/01":0.12654813,"06/02":0.10081094,"06/03":0.19688085,"06/04":0.19688085,"06/05":0.0750964,"06/06":0.1800279,"06/07":0.1800279,"06/08":0.1800279,"06/09":0.25440127,"06/10":0.40846363,"06/11":0.4692213,"06/12":0.6049562,"06/13":0.7370448,"06/14":0.7370448,"06/15":0.7370448,"06/16":0.4104573,"06/17":0.4114542,"06/18":0.50511575,"06/19":0.7621064,"06/20":0.5031278,"06/21":0.5031278,"06/22":0.5031278,"06/23":0.48317668,"06/24":0.29412043,"06/25":0.32590896,"06/26":0.20778205,"06/27":0.20778205,"06/28":0.20778205,"06/29":0.20778205,"06/30":0.20778205,"07/01":0.20778205,"07/02":0.20778205,"07/03":0.20778205,"07/04":0.20778205,"07/05":0.20778205,"07/06":0.20778205,"07/07":0.20778205,"07/08":-0.05822593,"07/09":-0.02961552,"07/10":0.008889961,"07/11":-0.13410854,"07/12":-0.13410854,"07/13":-0.13410854,"07/14":-0.21478932,"07/15":-0.2688319,"07/16":-0.2825792,"07/17":-0.33164713,"07/18":-0.3924213,"07/19":-0.3924213,"07/20":-0.3924213,"07/21":-0.510821,"07/22":-0.47269472,"07/23":-0.52157575,"07/24":-0.42963818,"07/25":-0.21970214,"07/26":-0.21970214,"07/27":-0.21970214,"07/28":-0.08385883,"07/29":-0.025662776,"07/30":-0.060191646,"07/31":-0.01875414,"08/01":-0.009876927,"08/02":-0.009876927,"08/03":-0.009876927,"08/04":-0.30712387,"08/05":-0.16560626,"08/06":0.29213136,"08/07":0.22365117,"08/08":0.42040795,"08/09":0.42040795,"08/10":0.42040795,"08/11":0.5270644,"08/12":0.92175275,"08/13":0.86647236,"08/14":0.46424088,"08/15":0.46424088,"08/16":0.46424088,"08/17":0.46424088,"08/18":0.7130081,"08/19":0.8433698,"08/20":0.63094383,"08/21":0.6639577,"08/22":0.8303194,"08/23":0.8303194,"08/24":0.8303194,"08/25":0.996233,"08/26":1.4392993,"08/27":1.4392993,"08/28":1.2112088,"08/29":1.4606401,"08/30":1.4606401,"08/31":1.4606401,"09/01":1.2739562,"09/02":1.3550415,"09/03":1.060724,"09/04":0.77513915,"09/05":0.5779818,"09/06":0.5779818,"09/07":0.5779818,"09/08":0.5779818,"09/09":0.53206056,"09/10":0.46723476,"09/11":0.42539352,"09/12":0.2961001,"09/13":0.2961001,"09/14":0.2961001,"09/15":0.31000742,"09/16":0.14436524,"09/17":-0.047370765,"09/18":-0.0019774248,"09/19":-0.028627362,"09/20":-0.028627362,"09/21":-0.028627362,"09/22":9.887418E-4,"09/23":-0.038498636,"09/24":0.042477008,"09/25":0.06817479,"09/26":0.20084207,"09/27":0.20084207,"09/28":0.20084207,"09/29":0.16021428,"09/30":0.23257148,"10/01":0.0,"10/02":0.0,"10/03":0.0,