{"0":{"02/23":11.434002,"02/24":11.434002,"02/25":11.434002,"02/26":11.483002,"02/27":11.501999,"02/28":11.341,"03/01":11.794996,"03/02":11.794996,"03/03":11.794996,"03/04":11.955004,"03/05":12.002001,"03/06":12.055998,"03/07":12.159996,"03/08":12.159996,"03/09":12.159996,"03/10":12.159996,"03/11":12.285004,"03/12":12.200003,"03/13":11.780996,"03/14":11.945,"03/15":11.795998,"03/16":11.795998,"03/17":11.795998,"03/18":11.795998,"03/19":11.511002,"03/20":11.527004,"03/21":11.892996,"03/22":11.873999,"03/23":11.873999,"03/24":11.85163,"03/25":11.85163,"03/26":11.845633,"03/27":11.786392,"03/28":11.772991,"03/29":11.766294,"03/30":11.766294,"03/31":11.704913,"04/01":11.704913,"04/02":11.704913,"04/03":11.626888,"04/04":11.626888,"04/05":11.584574,"04/06":11.565661,"04/07":11.565661,"04/08":11.565661,"04/09":11.565661,"04/10":11.482268,"04/11":11.468942,"04/12":11.440073,"04/13":11.434516,"04/14":11.434516,"04/15":11.434516,"04/16":11.434516,"04/17":11.369069,"04/18":11.31255,"04/19":11.295937,"04/20":11.268267,"04/21":11.158809,"04/22":11.158809,"04/23":11.158809,"04/24":10.932837,"04/25":10.869066,"04/26":10.862475,"04/27":10.809767,"04/28":10.808668,"04/29":10.808668,"04/30":10.808668,"05/01":10.808668,"05/02":10.682594,"05/03":10.293012,"05/04":10.158343,"05/05":10.158343,"05/06":10.158343,"05/07":10.158343,"05/08":10.103045,"05/09":10.105215,"05/10":10.045646,"05/11":9.99695,"05/12":9.80908,"05/13":9.80908,"05/14":9.80908,"05/15":9.715381,"05/16":9.593921,"05/17":9.540274,"05/18":9.623992,"05/19":9.692788,"05/20":9.692788,"05/21":9.692788,"05/22":9.496305,"05/23":9.585341,"05/24":9.4738035,"05/25":9.4738035,"05/26":9.43632,"05/27":9.43632,"05/28":9.43632,"05/29":9.406353,"05/30":9.35502,"05/31":9.289854,"06/01":9.246097,"06/02":9.1459,"06/03":9.1459,"06/04":9.1459,"06/05":9.087363,"06/06":8.981089,"06/07":8.863371,"06/08":9.051209,"06/09":9.161877,"06/10":9.161877,"06/11":9.161877,"06/12":9.042704,"06/13":8.928029,"06/14":8.894103,"06/15":8.981089,"06/16":8.94713,"06/17":8.94713,"06/18":8.94713,"06/19":8.935453,"06/20":8.893043,"06/21":8.923791,"06/22":9.087363,"06/23":9.129928,"06/24":9.129928,"06/25":9.129928,"06/26":9.021452,"06/27":8.939703,"06/28":8.7808,"06/29":8.7808,"06/30":8.926967,"07/01":8.926967,"07/02":8.926967,"07/03":8.866553,"07/04":8.876081,"07/05":8.75965,"07/06":8.853834,"07/07":8.853834,"07/08":8.853834,"07/09":8.853834,"07/10":8.853834,"07/11":8.482264,"07/12":8.565437,"07/13":8.363528,"07/14":8.329943,"07/15":8.329943,"07/16":8.329943,"07/17":8.12263,"07/18":7.9744363,"07/19":7.9671426,"07/20":7.9077888,"07/21":7.973403,"07/22":7.973403,"07/23":7.973403,"07/24":7.8432837,"07/25":7.916107,"07/26":7.784066,"07/27":7.801718,"07/28":7.965065,"07/29":7.965065,"07/30":7.965065,"07/31":7.888008,"08/01":7.801718,"08/02":7.941102,"08/03":8.162359,"08/04":8.096515,"08/05":8.096515,"08/06":8.096515,"08/07":7.9421453,"08/08":7.8048387,"08/09":7.707267,"08/10":7.672022,"08/11":7.8609653,"08/12":7.8609653,"08/13":7.8609653,"08/14":7.8152227,"08/15":7.8152227,"08/16":7.8152227,"08/17":7.9744363,"08/18":7.851603,"08/19":7.851603,"08/20":7.851603,"08/21":7.714527,"08/22":7.6316147,"08/23":7.4403834,"08/24":7.4207845,"08/25":7.5653887,"08/26":7.5653887,"08/27":7.5653887,"08/28":7.3290524,"08/29":7.2580485,"08/30":7.277589,"08/31":7.254959,"09/01":7.141967,"09/02":7.141967,"09/03":7.141967,"09/04":7.059943,"09/05":7.081463,"09/06":7.1440215,"09/07":6.8931937,"09/08":6.837048,"09/09":6.837048,"09/10":6.837048,"09/11":6.8227654,"09/12":6.923837,"09/13":6.7544603,"09/14":6.381883,"09/15":6.5978045,"09/16":6.5978045,"09/17":6.5978045,"09/18":6.4983535,"09/19":6.4983535,"09/20":6.5429845,"09/21":6.5795283,"09/22":6.6740375,"09/23":6.6740375,"09/24":6.6740375,"09/25":6.6455636,"09/26":6.615079,"09/27":6.573427,"09/28":7.043549,"09/29":7.043549,"09/30":7.043549,"10/01":7.043549,"10/02":7.043549,"10/03":6.837048,"10/04":7.0097523,"10/05":6.828884,"10/06":7.3671694,"10/07":7.3671694,"10/08":7.3671694,"10/09":7.637837,"10/10":7.375415,"10/11":7.0783844,"10/12":7.052771,"10/13":7.077358,"10/14":7.077358,"10/15":7.077358,"10/16":7.102993,"10/17":6.986221,"10/18":7.121449,"10/19":7.180979,"10/20":7.2467422,"10/21":7.2467422,"10/22":7.2467422,"10/23":7.5105944,"10/24":7.5105944,"10/25":7.4207845,"10/26":7.6772013,"10/27":7.4682503,"10/28":7.4682503,"10/29":7.4682503,"10/30":7.3589244,"10/31":7.340386,"11/01":7.3589244,"11/02":7.0548134,"11/03":6.9115777,"11/04":6.9115777,"11/05":6.9115777,"11/06":6.677093,"11/07":6.5754614,"11/08":6.461866,"11/09":6.412243,"11/10":6.5054507,"11/11":6.5054507,"11/12":6.5054507,"11/13":6.3596296,"11/14":6.3596296,"11/15":5.890484,"11/16":5.8013554,"11/17":5.715368,"11/18":5.715368,"11/19":5.715368,"11/20":5.836389,"11/21":5.8223724,"11/22":5.7843432,"11/23":5.796345,"11/24":5.8844714,"11/25":5.8844714,"11/26":5.8844714,"11/27":5.8844714,"11/28":5.7303567,"11/29":5.5288763,"11/30":5.548798,"12/01":5.4890747,"12/02":5.4890747,"12/03":5.4890747,"12/04":5.0610957,"12/05":4.8592124,"12/06":4.7100186,"12/07":4.671813,"12/08":4.6365657,"12/09":4.6365657,"12/10":4.6365657,"12/11":4.582765,"12/12":4.626785,"12/13":4.406099,"12/14":3.9539824,"12/15":3.6275349,"12/16":3.6275349,"12/17":3.6275349,"12/18":3.518224,"12/19":3.4531205,"12/20":3.7765403,"12/21":3.7178514,"12/22":3.6784418,"12/23":3.6784418,"12/24":3.6784418,"12/25":3.6784418,"12/26":3.4540784,"12/27":3.3365388,"12/28":3.260227,"12/29":3.1355186,"12/30":3.1355186,"12/31":3.1355186},"2023":{"02/23":11.434002,"02/24":11.434002,"02/25":11.434002,"02/26":11.483002,"02/27":11.501999,"02/28":11.341,"03/01":11.794996,"03/02":11.794996,"03/03":11.794996,"03/04":11.955004,"03/05":12.002001,"03/06":12.055998,"03/07":12.159996,"03/08":12.159996,"03/09":12.159996,"03/10":12.159996,"03/11":12.285004,"03/12":12.200003,"03/13":11.780996,"03/14":11.945,"03/15":11.795998,"03/16":11.795998,"03/17":11.795998,"03/18":11.795998,"03/19":11.511002,"03/20":11.527004,"03/21":11.892996,"03/22":11.873999,"03/23":11.873999,"03/24":11.85163,"03/25":11.85163,"03/26":11.845633,"03/27":11.786392,"03/28":11.772991,"03/29":11.766294,"03/30":11.766294,"03/31":11.704913,"04/01":11.704913,"04/02":11.704913,"04/03":11.626888,"04/04":11.626888,"04/05":11.584574,"04/06":11.565661,"04/07":11.565661,"04/08":11.565661,"04/09":11.565661,"04/10":11.482268,"04/11":11.468942,"04/12":11.440073,"04/13":11.434516,"04/14":11.434516,"04/15":11.434516,"04/16":11.434516,"04/17":11.369069,"04/18":11.31255,"04/19":11.295937,"04/20":11.268267,"04/21":11.158809,"04/22":11.158809,"04/23":11.158809,"04/24":10.932837,"04/25":10.869066,"04/26":10.862475,"04/27":10.809767,"04/28":10.808668,"04/29":10.808668,"04/30":10.808668,"05/01":10.808668,"05/02":10.682594,"05/03":10.293012,"05/04":10.158343,"05/05":10.158343,"05/06":10.158343,"05/07":10.158343,"05/08":10.103045,"05/09":10.105215,"05/10":10.045646,"05/11":9.99695,"05/12":9.80908,"05/13":9.80908,"05/14":9.80908,"05/15":9.715381,"05/16":9.593921,"05/17":9.540274,"05/18":9.623992,"05/19":9.692788,"05/20":9.692788,"05/21":9.692788,"05/22":9.496305,"05/23":9.585341,"05/24":9.4738035,"05/25":9.4738035,"05/26":9.43632,"05/27":9.43632,"05/28":9.43632,"05/29":9.406353,"05/30":9.35502,"05/31":9.289854,"06/01":9.246097,"06/02":9.1459,"06/03":9.1459,"06/04":9.1459,"06/05":9.087363,"06/06":8.981089,"06/07":8.863371,"06/08":9.051209,"06/09":9.161877,"06/10":9.161877,"06/11":9.161877,"06/12":9.042704,"06/13":8.928029,"06/14":8.894103,"06/15":8.981089,"06/16":8.94713,"06/17":8.94713,"06/18":8.94713,"06/19":8.935453,"06/20":8.893043,"06/21":8.923791,"06/22":9.087363,"06/23":9.129928,"06/24":9.129928,"06/25":9.129928,"06/26":9.021452,"06/27":8.939703,"06/28":8.7808,"06/29":8.7808,"06/30":8.926967,"07/01":8.926967,"07/02":8.926967,"07/03":8.866553,"07/04":8.876081,"07/05":8.75965,"07/06":8.853834,"07/07":8.853834,"07/08":8.853834,"07/09":8.853834,"07/10":8.853834,"07/11":8.482264,"07/12":8.565437,"07/13":8.363528,"07/14":8.329943,"07/15":8.329943,"07/16":8.329943,"07/17":8.12263,"07/18":7.9744363,