{"0":{"04/02":2.187004,"04/03":2.187004,"04/04":2.187004,"04/05":2.187004,"04/06":2.187004,"04/07":2.187004,"04/08":2.187004,"04/09":2.187004,"04/10":2.187004,"04/11":2.187004,"04/12":2.187004,"04/13":2.187004,"04/14":2.187004,"04/15":2.187004,"04/16":2.170654,"04/17":2.161468,"04/18":2.161468,"04/19":2.161468,"04/20":2.161468,"04/21":2.1155236,"04/22":2.1155236,"04/23":2.1155236,"04/24":2.082884,"04/25":2.0665674,"04/26":2.0665674,"04/27":2.0665674,"04/28":2.0166385,"04/29":1.9983039,"04/30":1.9983039,"05/01":1.9983039,"05/02":1.9983039,"05/03":1.9983039,"05/04":1.9983039,"05/05":1.9118378,"05/06":1.8976105,"05/07":1.8823799,"05/08":1.8691682,"05/09":1.664447,"05/10":1.664447,"05/11":1.664447,"05/12":1.664447,"05/13":1.664447,"05/14":1.3739828,"05/15":1.2514448,"05/16":1.0941767,"05/17":1.0941767,"05/18":1.0941767,"05/19":1.1091821,"05/20":1.147207,"05/21":1.021216,"05/22":1.101178,"05/23":0.9782896,"05/24":0.9782896,"05/25":0.9782896,"05/26":0.9045079,"05/27":0.9045079,"05/28":0.8736256,"05/29":0.8835883,"05/30":1.0262165,"05/31":1.0262165,"06/01":1.0262165,"06/02":1.0002481,"06/03":1.0971812,"06/04":1.0971812,"06/05":0.97430253,"06/06":1.0801768,"06/07":1.0801768,"06/08":1.0801768,"06/09":1.1552185,"06/10":1.3106651,"06/11":1.3719687,"06/12":1.5089233,"06/13":1.6421987,"06/14":1.6421987,"06/15":1.6421987,"06/16":1.3126768,"06/17":1.3136826,"06/18":1.4081857,"06/19":1.6674855,"06/20":1.4061799,"06/21":1.4061799,"06/22":1.4061799,"06/23":1.3860495,"06/24":1.1952945,"06/25":1.2273687,"06/26":1.1081804,"06/27":1.1081804,"06/28":1.1081804,"06/29":1.1081804,"06/30":1.1081804,"07/01":1.1081804,"07/02":1.1081804,"07/03":1.1081804,"07/04":1.1081804,"07/05":1.1081804,"07/06":1.1081804,"07/07":1.1081804,"07/08":0.83978224,"07/09":0.8686497,"07/10":0.90750116,"07/11":0.7632178,"07/12":0.7632178,"07/13":0.7632178,"07/14":0.68181205,"07/15":0.6272839,"07/16":0.61341304,"07/17":0.5639043,"07/18":0.50258404,"07/19":0.50258404,"07/20":0.50258404,"07/21":0.38312045,"07/22":0.42158931,"07/23":0.37226906,"07/24":0.46503273,"07/25":0.6768551,"07/26":0.6768551,"07/27":0.6768551,"07/28":0.813919,"07/29":0.872638,"07/30":0.83779883,"07/31":0.8796087,"08/01":0.88856566,"08/02":0.88856566,"08/03":0.88856566,"08/04":0.58864784,"08/05":0.731437,"08/06":1.1932876,"08/07":1.1241921,"08/08":1.3227168,"08/09":1.3227168,"08/10":1.3227168,"08/11":1.4303316,"08/12":1.8285663,"08/13":1.7727892,"08/14":1.3669436,"08/15":1.3669436,"08/16":1.3669436,"08/17":1.3669436,"08/18":1.617946,"08/19":1.749479,"08/20":1.5351443,"08/21":1.5684549,"08/22":1.7363114,"08/23":1.7363114,"08/24":1.7363114,"08/25":1.9037157,"08/26":2.3507633,"08/27":2.3507633,"08/28":2.120623,"08/29":2.3722959,"08/30":2.3722959,"08/31":2.3722959,"09/01":2.1839345,"09/02":2.2657483,"09/03":1.9687862,"09/04":1.6806353,"09/05":1.4817065,"09/06":1.4817065,"09/07":1.4817065,"09/08":1.4817065,"09/09":1.4353726,"09/10":1.3699644,"09/11":1.3277471,"09/12":1.197292,"09/13":1.197292,"09/14":1.197292,"09/15":1.2113243,"09/16":1.0441937,"09/17":0.85073495,"09/18":0.8965362,"09/19":0.8696467,"09/20":0.8696467,"09/21":0.8696467,"09/22":0.899529,"09/23":0.8596868,"09/24":0.94139004,"09/25":0.9673187,"09/26":1.101178,"09/27":1.101178,"09/28":1.101178,"09/29":1.0601852,"09/30":1.1331925,"10/01":0.8985313,"10/02":0.8985313,"10/03":0.8985313,"10/04":0.8985313,"10/05":0.8985313,"10/06":0.6044954,"10/07":0.5253169,"10/08":0.52630717,"10/09":0.479852,"10/10":0.3998817,"10/11":0.3998817,"10/12":0.3998817,"10/13":0.35059217,"10/14":0.34960535,"10/15":0.17843121,"10/16":0.10188545,"10/17":0.108750045,"10/18":0.108750045,"10/19":0.108750045,"10/20":0.01370219,"10/21":0.01370219,"10/22":0.01370219,"10/23":0.11365123,"10/24":0.18824771,"10/25":0.18824771,"10/26":0.18824771,"10/27":0.07737139,"10/28":0.12836702,"10/29":-0.011739081,"10/30":0.24623989,"10/31":0.23738721,"11/01":0.23738721,"11/02":0.23738721,"11/03":0.1764644,"11/04":0.22165507,"11/05":0.22165507,"11/06":0.26591077,"11/07":0.26591077,"11/08":0.26591077,"11/09":0.26591077,"11/10":0.11365123,"11/11":0.038185064,"11/12":-0.087016396,"11/13":-0.03716741,"11/14":-0.03716741,"11/15":-0.03716741,"11/16":-0.03716741,"11/17":-0.0048900633,"11/18":0.021535031,"11/19":-0.11533955,"11/20":-0.24599898,"11/21":-0.06747607,"11/22":-0.06747607,"11/23":-0.06747607,"11/24":-0.08115603,"11/25":-0.14364664,"11/26":-0.41805503,"11/27":-0.4005882,"11/28":-0.2820094,"11/29":-0.2820094,"11/30":-0.2820094,"12/01":-0.1933802,"12/02":-0.17290495,"12/03":-0.058677174,"12/04":-0.058677174,"12/05":-0.42776233,"12/06":-0.42776233,"12/07":-0.42776233,"12/08":-0.14852266,"12/09":0.18432274,"12/10":0.36734253,"12/11":0.15781158,"12/12":0.0,"12/13":0.0,"12/14":0.0,"12/15":0.0,"12/16":0.0,"12/17":0.0,"12/18":0.0,"12/19":0.0,"12/20":0.0,"12/21":0.0,"12/22":0.0,"12/23":0.0,"12/24":0.0,"12/25":0.0,"12/26":0.0,"12/27":0.0,"12/28":0.0,"12/29":0.0,"12/30":0.0,"12/31":0.0},"2025":{"04/02":2.187004,"04/03":2.187004,"04/04":2.187004,"04/05":2.187004,"04/06":2.187004,"04/07":2.187004,"04/08":2.187004,"04/09":2.187004,"04/10":2.187004,"04/11":2.187004,"04/12":2.187004,"04/13":2.187004,"04/14":2.187004,"04/15":2.187004,"04/16":2.170654,"04/17":2.161468,"04/18":2.161468,"04/19":2.161468,"04/20":2.161468,"04/21":2.1155236,"04/22":2.1155236,"04/23":2.1155236,"04/24":2.082884,"04/25":2.0665674,"04/26":2.0665674,"04/27":2.0665674,"04/28":2.0166385,"04/29":1.9983039,"04/30":1.9983039,"05/01":1.9983039,"05/02":1.9983039,"05/03":1.9983039,"05/04":1.9983039,"05/05":1.9118378,"05/06":1.8976105,"05/07":1.8823799,"05/08":1.8691682,"05/09":1.664447,"05/10":1.664447,"05/11":1.664447,"05/12":1.664447,"05/13":1.664447,"05/14":1.3739828,"05/15":1.2514448,"05/16":1.0941767,"05/17":1.0941767,"05/18":1.0941767,"05/19":1.1091821,"05/20":1.147207,"05/21":1.021216,"05/22":1.101178,"05/23":0.9782896,"05/24":0.9782896,"05/25":0.9782896,"05/26":0.9045079,"05/27":0.9045079,"05/28":0.8736256,"05/29":0.8835883,"05/30":1.0262165,"05/31":1.0262165,"06/01":1.0262165,"06/02":1.0002481,"06/03":1.0971812,"06/04":1.0971812,"06/05":0.97430253,"06/06":1.0801768,"06/07":1.0801768,"06/08":1.0801768,"06/09":1.1552185,"06/10":1.3106651,"06/11":1.3719687,"06/12":1.5089233,"06/13":1.6421987,"06/14":1.6421987,"06/15":1.6421987,"06/16":1.3126768,"06/17":1.3136826,"06/18":1.4081857,"06/19":1.6674855,"06/20":1.4061799,"06/21":1.4061799,"06/22":1.4061799,"06/23":1.3860495,"06/24":1.1952945,"06/25":1.2273687,"06/26":1.1081804,"06/27":1.1081804,"06/28":1.1081804,"06/29":1.1081804,"06/30":1.1081804,"07/01":1.1081804,"07/02":1.1081804,"07/03":1.1081804,"07/04":1.1081804,"07/05":1.1081804,"07/06":1.1081804,"07/07":1.1081804,"07/08":0.83978224,"07/09":0.8686497,"07/10":0.90750116,"07/11":0.7632178,"07/12":0.7632178,"07/13":0.7632178,"07/14":0.68181205,"07/15":0.6272839,"07/16":0.61341304,"07/17":0.5639043,"07/18":0.50258404,"07/19":0.50258404,"07/20":0.50258404,"07/21":0.38312045,"07/22":0.42158931,"07/23":0.37226906,"07/24":0.46503273,"07/25":0.6768551,"07/26":0.6768551,"07/27":0.6768551,"07/28":0.813919,"07/29":0.872638,"07/30":0.83779883,"07/31":0.8796087,"08/01":0.88856566,"08/02":0.88856566,"08/03":0.88856566,"08/04":0.58864784,"08/05":0.731437,"08/06":1.1932876,"08/07":1.1241921,"08/08":1.3227168,"08/09":1.3227168,"08/10":1.3227168,"08/11":1.4303316,"08/12":1.8285663,"08/13":1.7727892,"08/14":1.3669436,"08/15":1.3669436,"08/16":1.3669436,"08/17":1.3669436,"08/18":1.617946,"08/19":1.749479,"08/20":1.5351443,"08/21":1.5684549,"08/22":1.7363114,"08/23":1.7363114,"08/24":1.7363114,"08/25":1.9037157,"08/26":2.3507633,"08/27":2.3507633,"08/28":2.120623,"08/29":2.3722959,"08/30":2.3722959,"08/31":2.3722959,"09/01":2.1839345,"09/02":2.2657483,"09/03":1.9687862,"09/04":1.6806353,"09/05":1.4817065,"09/06":1.4817065,"09/07":1.4817065,"09/08":1.4817065,"09/09":1.4353726,"09/10":1.3699644,"09/11":1.3277471,"09/12":1.197292,"09/13":1.197292,"09/14":1.197292,"09/15":1.2113243,"09/16":1.0441937,"09/17":0.85073495,"09/18":0.8965362,"09/19":0.8696467,"09/20":0.8696467,"09/21":0.8696467,