{"0":{"01/01":7.281334,"01/02":7.073761,"01/03":7.14662,"01/04":7.14662,"01/05":7.14662,"01/06":7.2648597,"01/07":7.1517625,"01/08":7.170249,"01/09":7.2720656,"01/10":7.351388,"01/11":7.351388,"01/12":7.351388,"01/13":7.7445803,"01/14":7.6180277,"01/15":7.549697,"01/16":7.286479,"01/17":7.3720093,"01/18":7.3720093,"01/19":7.3720093,"01/20":7.2391386,"01/21":7.2895722,"01/22":7.1445727,"01/23":7.1004305,"01/24":7.084012,"01/25":7.084012,"01/26":7.084012,"01/27":7.019426,"01/28":7.025572,"01/29":6.9671955,"01/30":6.904797,"01/31":6.843494,"02/01":6.843494,"02/02":6.843494,"02/03":6.832257,"02/04":6.6355734,"02/05":6.621334,"02/06":6.596928,"02/07":6.750646,"02/08":6.750646,"02/09":6.750646,"02/10":6.8026547,"02/11":6.92116,"02/12":6.91604,"02/13":6.930358,"02/14":6.9620805,"02/15":6.9620805,"02/16":6.9620805,"02/17":6.9027495,"02/18":6.9027495,"02/19":6.9027495,"02/20":6.9099064,"02/21":7.007135,"02/22":7.007135,"02/23":7.007135,"02/24":7.050174,"02/25":7.0153313,"02/26":7.0153313,"02/27":7.094276,"02/28":7.361703,"03/01":7.361703,"03/02":7.361703,"03/03":7.3039904,"03/04":7.3039904,"03/05":7.0214777,"03/06":6.7475834,"03/07":6.7343345,"03/08":6.7343345,"03/09":6.7343345,"03/10":6.7159877,"03/11":6.626416,"03/12":6.5542526,"03/13":6.5197325,"03/14":6.5197325,"03/15":6.5197325,"03/16":6.5197325,"03/17":6.3525114,"03/18":6.0075874,"03/19":5.8069153,"03/20":5.5371995,"03/21":5.3661036,"03/22":5.3661036,"03/23":5.3661036,"03/24":5.148058,"03/25":5.113453,"03/26":5.081828,"03/27":4.8728375,"03/28":4.7804303,"03/29":4.7804303,"03/30":4.7804303,"03/31":4.7107434,"04/01":4.7107434,"04/02":4.414388,"04/03":4.4612217,"04/04":4.4905176,"04/05":4.4905176,"04/06":4.4905176,"04/07":4.847256,"04/08":4.6548643,"04/09":4.6627045,"04/10":4.6627045,"04/11":4.6627045,"04/12":4.6627045,"04/13":4.6627045,"04/14":4.6627045,"04/15":4.6627045,"04/16":3.8247597,"04/17":3.5142179,"04/18":5.7521076,"04/19":5.7521076,"04/20":5.7521076,"04/21":5.759618,"04/22":5.759618,"04/23":5.759618,"04/24":5.7638884,"04/25":5.762647,"04/26":5.7583055,"04/27":5.7583055,"04/28":5.761243,"04/29":5.739004,"04/30":5.729763,"05/01":5.729763,"05/02":5.7107506,"05/03":5.69935,"05/04":5.69935,"05/05":5.7070904,"05/06":5.670405,"05/07":5.6628275,"05/08":5.646386,"05/09":5.636035,"05/10":5.627393,"05/11":5.627393,"05/12":5.627393,"05/13":5.597172,"05/14":5.6092896,"05/15":5.6074834,"05/16":5.59783,"05/17":5.5869527,"05/18":5.5869527,"05/19":5.5873785,"05/20":5.58692,"05/21":5.550462,"05/22":5.528453,"05/23":5.5343494,"05/24":5.5131598,"05/25":5.5131598,"05/26":5.517194,"05/27":5.4839296,"05/28":5.4750113,"05/29":5.464698,"05/30":5.450665,"05/31":5.440915,"06/01":5.440915,"06/02":5.442209,"06/03":5.4079766,"06/04":5.396622,"06/05":5.3894644,"06/06":5.374916,"06/07":5.3635745,"06/08":5.3635745,"06/09":5.359346,"06/10":5.324176,"06/11":5.3103547,"06/12":5.2954636,"06/13":5.2813687,"06/14":5.2717347,"06/15":5.2717347,"06/16":5.2785172,"06/17":5.2781305,"06/18":5.2365274,"06/19":5.222374,"06/20":5.2162685,"06/21":5.206108,"06/22":5.206108,"06/23":5.204584,"06/24":5.177799,"06/25":5.164433,"06/26":5.158607,"06/27":5.1500473,"06/28":5.1398897,"06/29":5.1398897,"06/30":5.1398897,"07/01":5.1051626,"07/02":5.089154,"07/03":5.0704846,"07/04":5.058756,"07/05":5.0502276,"07/06":5.0502276,"07/07":5.0502276,"07/08":5.0295,"07/09":5.019864,"07/10":5.0086746,"07/11":4.9986057,"07/12":4.9874163,"07/13":4.9874163,"07/14":4.9886937,"07/15":4.9561844,"07/16":4.957371,"07/17":4.9565015,"07/18":4.9258227,"07/19":4.914659,"07/20":4.914659,"07/21":4.918528,"07/22":4.888508,"07/23":4.880285,"07/24":4.8684015,"07/25":4.863625,"07/26":4.8434806,"07/27":4.8434806,"07/28":4.841915,"07/29":4.8109293,"07/30":4.8033752,"07/31":4.7928762,"08/01":4.779434,"08/02":4.769403,"08/03":4.769403,"08/04":4.775973,"08/05":4.74313,"08/06":4.7223654,"08/07":4.712799,"08/08":4.6989317,"08/09":4.688961,"08/10":4.688961,"08/11":4.6885204,"08/12":4.651146,"08/13":4.640652,"08/14":4.63558,"08/15":4.63558,"08/16":4.6141205,"08/17":4.6141205,"08/18":4.6129856,"08/19":4.5806236,"08/20":4.575335,"08/21":4.5626054,"08/22":4.550221,"08/23":4.5397987,"08/24":4.5397987,"08/25":4.5389066,"08/26":4.5021644,"08/27":4.4928355,"08/28":4.4847713,"08/29":4.4715605,"08/30":4.462249,"08/31":4.462249,"09/01":4.4646773,"09/02":4.434422,"09/03":4.4275994,"09/04":4.4218273,"09/05":4.4256186,"09/06":4.4074273,"09/07":4.4074273,"09/08":4.4074273,"09/09":4.379819,"09/10":4.3707147,"09/11":4.362008,"09/12":4.3547854,"09/13":4.3443966,"09/14":4.3443966,"09/15":4.3444614,"09/16":4.317437,"09/17":4.314198,"09/18":4.314223,"09/19":4.294,"09/20":4.282553,"09/21":4.282553,"09/22":4.2813945,"09/23":4.249709,"09/24":4.23715,"09/25":4.2247734,"09/26":4.2113585,"09/27":4.199981,"09/28":4.199981,"09/29":4.200511,"09/30":4.167234,"10/01":4.152113,"10/02":4.152113,"10/03":4.1289043,"10/04":4.1155076,"10/05":4.1155076,"10/06":4.125899,"10/07":4.0980577,"10/08":4.087359,"10/09":4.0781517,"10/10":4.0707293,"10/11":4.060891,"10/12":4.060891,"10/13":4.062438,"10/14":4.03007,"10/15":4.0274744,"10/16":4.0237885,"10/17":4.0173016,"10/18":4.0079565,"10/19":4.0079565,"10/20":4.01229,"10/21":3.98269,"10/22":3.9712782,"10/23":3.957061,"10/24":3.9450033,"10/25":3.9351747,"10/26":3.9351747,"10/27":3.9405923,"10/28":3.9086385,"10/29":3.9044878,"10/30":3.895835,"10/31":3.8747609,"11/01":3.8747609,"11/02":3.8747609,"11/03":3.8769858,"11/04":3.8356018,"11/05":3.8252962,"11/06":3.812852,"11/07":3.800098,"11/08":3.7898083,"11/09":3.7898083,"11/10":3.7937746,"11/11":3.7681756,"11/12":3.761648,"11/13":3.7510762,"11/14":3.7407782,"11/15":3.7407782,"11/16":3.7407782,"11/17":3.7414057,"11/18":3.701865,"11/19":3.6968794,"11/20":3.701563,"11/21":3.6766636,"11/22":3.6679232,"11/23":3.6679232,"11/24":3.6675868,"11/25":3.6394074,"11/26":3.6370876,"11/27":3.6257412,"11/28":3.6159687,"11/29":3.6061947,"11/30":3.6061947,"12/01":3.6061947,"12/02":3.57331,"12/03":3.5630424,"12/04":3.557399,"12/05":3.4498441,"12/06":3.5486739,"12/07":3.5486739,"12/08":3.5486739,"12/09":3.4989572,"12/10":3.477971,"12/11":3.4902558,"12/12":3.5092,"12/13":3.4048991,"12/14":3.4048991,"12/15":3.4048991,"12/16":3.4048991,"12/17":3.5092,"12/18":3.5327778,"12/19":3.6581748,"12/20":3.7712271,"12/21":3.7712271,"12/22":3.7712271,"12/23":3.6989021,"12/24":3.7174823,"12/25":3.7174823,"12/26":3.7216082,"12/27":3.7128348,"12/28":3.7128348,"12/29":3.7128348,"12/30":3.708705,"12/31":3.6535375},"2024":{"04/18":7.989998,"04/19":7.989998,"04/20":7.989998,"04/21":8.327999,"04/22":8.327999,"04/23":8.327999,"04/24":8.811589,"04/25":8.534662,"04/26":8.525979,"04/27":8.525979,"04/28":8.638967,"04/29":8.784463,"04/30":8.765981,"05/01":8.765981,"05/02":8.727956,"05/03":8.705154,"05/04":8.705154,"05/05":8.973791,"05/06":8.750941,"05/07":8.790359,"05/08":8.450902,"05/09":8.284288,"05/10":8.267004,"05/11":8.267004,"05/12":8.267004,"05/13":8.206562,"05/14":8.947824,"05/15":9.148713,"05/16":9.195531,"05/17":9.173777,"05/18":9.173777,"05/19":9.186725,"05/20":9.172778,"05/21":9.266196,"05/22":9.07725,"05/23":9.25437,"05/24":9.21199,"05/25":9.21199,"05/26":9.329373,"05/27":9.215629,"05/28":9.220938,"05/29":9.215123,"05/30":9.084224,"05/31":9.064724,"06/01":9.064724,"06/02":9.103462,"06/03":8.939459,"06/04":8.91675,"06/05":8.991487,"06/06":8.886334,"06/07":8.863651,"06/08":8.863651,"06/09":8.729728,"06/10":8.520551,"06/11":8.392981,"06/12":8.221832,"06/13":8.072573,"06/14":8.053305,"06/15":8.053305,"06/16":8.305923,"06/17":8.292054,"06/18":8.160182,"06/19":7.988393,"06/20":8.122469,"06/21":8.102147,"06/22":8.102147,"06/23":8.044759,"06/24":8.14002,"06/25":8.113288,"06/26":8.24816,"06/27":8.231041,"06/28":8.210726,"06/29":8.210726,"06/30":8.210726,"07/01":8.141272,"07/02":8.109254,"07/03":8.071916,"07/04":8.048458,"07/05":8.031402,"07/06":8.031402,"07/07":8.031402,"07/08":8.254875,"07/09":8.234675,"07/10":8.195608,"07/11":8.17732,"07/12":8.154941,"07/13":8.154941,"07/14":8.198288,"07/15":8.115663,"07/16":8.156028,"07/17":8.126489,"07/18":8.07069,"07/19":8.048363,