{"0":{"10/01":1.875,"10/02":1.875,"10/03":1.875,"10/04":1.875,"10/05":1.875,"10/06":1.875,"10/07":1.8800912,"10/08":1.8699093,"10/09":1.85667,"10/10":1.8434246,"10/11":1.8434246,"10/12":1.8434246,"10/13":1.7356269,"10/14":2.104736,"10/15":1.1196327,"10/16":0.50412154,"10/17":0.47339946,"10/18":0.47339946,"10/19":0.47339946,"10/20":0.12481897,"10/21":0.12481897,"10/22":0.12481897,"10/23":0.8773249,"10/24":1.1457424,"10/25":1.1457424,"10/26":1.1457424,"10/27":0.46150324,"10/28":0.6192742,"10/29":0.015710596,"10/30":0.5209841,"10/31":1.025379,"11/01":1.025379,"11/02":1.025379,"11/03":0.598409,"11/04":1.4216486,"11/05":1.4216486,"11/06":2.2040958,"11/07":2.270789,"11/08":2.270789,"11/09":2.270789,"11/10":2.0219069,"11/11":1.5318211,"11/12":0.9092954,"11/13":1.1447368,"11/14":1.1447368,"11/15":1.1447368,"11/16":1.1447368,"11/17":0.3150961,"11/18":0.69386065,"11/19":0.25981057,"11/20":-0.27897027,"11/21":0.24896209,"11/22":0.24896209,"11/23":0.24896209,"11/24":0.6560509,"11/25":0.7855093,"11/26":-0.5078377,"11/27":-0.43977597,"11/28":-0.26530272,"11/29":-0.26530272,"11/30":-0.26530272,"12/01":-0.17442241,"12/02":0.25192568,"12/03":0.6580427,"12/04":0.6580427,"12/05":-0.102960914,"12/06":-0.102960914,"12/07":-0.102960914,"12/08":0.96029955,"12/09":1.1487496,"12/10":1.7193714,"12/11":1.1969763,"12/12":0.4585367,"12/13":0.4585367,"12/14":0.4585367,"12/15":0.48033628,"12/16":1.076491,"12/17":1.2865279,"12/18":1.255316,"12/19":0.58549815,"12/20":0.58549815,"12/21":0.58549815,"12/22":-0.1460461,"12/23":-0.2477286,"12/24":0.0,"12/25":0.0,"12/26":0.0,"12/27":0.0,"12/28":0.0,"12/29":0.0,"12/30":0.0,"12/31":0.0},"2025":{"10/01":1.875,"10/02":1.875,"10/03":1.875,"10/04":1.875,"10/05":1.875,"10/06":1.875,"10/07":1.8800912,"10/08":1.8699093,"10/09":1.85667,"10/10":1.8434246,"10/11":1.8434246,"10/12":1.8434246,"10/13":1.7356269,"10/14":2.104736,"10/15":1.1196327,"10/16":0.50412154,"10/17":0.47339946,"10/18":0.47339946,"10/19":0.47339946,"10/20":0.12481897,"10/21":0.12481897,"10/22":0.12481897,"10/23":0.8773249,"10/24":1.1457424,"10/25":1.1457424,"10/26":1.1457424,"10/27":0.46150324,"10/28":0.6192742,"10/29":0.015710596,"10/30":0.5209841,"10/31":1.025379,"11/01":1.025379,"11/02":1.025379,"11/03":0.598409,"11/04":1.4216486,"11/05":1.4216486,"11/06":2.2040958,"11/07":2.270789,"11/08":2.270789,"11/09":2.270789,"11/10":2.0219069,"11/11":1.5318211,"11/12":0.9092954,"11/13":1.1447368,"11/14":1.1447368,"11/15":1.1447368,"11/16":1.1447368,"11/17":0.3150961,"11/18":0.69386065,"11/19":0.25981057,"11/20":-0.27897027,"11/21":0.24896209,"11/22":0.24896209,"11/23":0.24896209,"11/24":0.6560509,"11/25":0.7855093,"11/26":-0.5078377,"11/27":-0.43977597,"11/28":-0.26530272,"11/29":-0.26530272,"11/30":-0.26530272,"12/01":-0.17442241,"12/02":0.25192568,"12/03":0.6580427,"12/04":0.6580427,"12/05":-0.102960914,"12/06":-0.102960914,"12/07":-0.102960914,"12/08":0.96029955,"12/09":1.1487496,"12/10":1.7193714,"12/11":1.1969763,"12/12":0.4585367,"12/13":0.4585367,"12/14":0.4585367,"12/15":0.48033628,"12/16":1.076491,"12/17":1.2865279,"12/18":1.255316,"12/19":0.58549815,"12/20":0.58549815,"12/21":0.58549815,"12/22":-0.1460461,"12/23":-0.2477286,"12/24":0.0,"12/25":0.0,"12/26":0.0,"12/27":0.0,"12/28":0.0,"12/29":0.0,"12/30":0.0,"12/31":0.0}}