{"0":{"01/01":7.313962,"01/02":7.262459,"01/03":7.3354464,"01/04":7.3354464,"01/05":7.1868773,"01/06":7.2629385,"01/07":7.1517625,"01/08":6.9296136,"01/09":6.889175,"01/10":6.9682155,"01/11":6.9682155,"01/12":7.110346,"01/13":7.338797,"01/14":7.097194,"01/15":7.029194,"01/16":6.653039,"01/17":6.738065,"01/18":6.738065,"01/19":6.7063613,"01/20":6.2893987,"01/21":6.2923565,"01/22":6.3538156,"01/23":6.0810146,"01/24":6.064753,"01/25":6.064753,"01/26":6.064753,"01/27":6.044825,"01/28":6.2041006,"01/29":6.1461725,"01/30":6.2152677,"01/31":6.1543603,"02/01":6.1543603,"02/02":5.8427763,"02/03":6.4920325,"02/04":6.4295254,"02/05":6.47635,"02/06":6.255544,"02/07":6.408769,"02/08":6.408769,"02/09":6.6035824,"02/10":6.7940536,"02/11":7.0368977,"02/12":7.1188083,"02/13":7.060446,"02/14":7.0922074,"02/15":7.0922074,"02/16":7.3141985,"02/17":7.356043,"02/18":7.42968,"02/19":7.42968,"02/20":7.213083,"02/21":7.3105874,"02/22":7.3105874,"02/23":7.499168,"02/24":7.4820733,"02/25":7.4911237,"02/26":7.5313315,"02/27":7.463118,"02/28":7.731467,"03/01":7.731467,"03/02":7.5105705,"03/03":7.4527783,"03/04":7.1724777,"03/05":7.1363645,"03/06":6.6702285,"03/07":6.65699,"03/08":6.65699,"03/09":6.240688,"03/10":6.5498805,"03/11":6.286847,"03/12":5.9289455,"03/13":5.5820794,"03/14":5.5820794,"03/15":5.5820794,"03/16":5.6792707,"03/17":5.589485,"03/18":5.3940253,"03/19":5.1945148,"03/20":4.471303,"03/21":4.301935,"03/22":4.301935,"03/23":3.6402454,"03/24":3.6496396,"03/25":3.8759906,"03/26":3.8447385,"03/27":3.1738207,"03/28":3.0829108,"03/29":3.0829108,"03/30":3.0829108,"03/31":2.4963422,"04/01":2.4963422,"04/02":2.3062012,"04/03":2.3520894,"04/04":2.3807938,"04/05":2.3807938,"04/06":2.805174,"04/07":3.3915784,"04/08":4.4563847,"04/09":4.30504,"04/10":4.678616,"04/11":4.678616,"04/12":4.678616,"04/13":4.495105,"04/14":4.495105,"04/15":4.9782324,"04/16":4.1377616,"04/17":3.8262837,"04/18":5.9081407,"04/19":5.9081407,"04/20":5.9081407,"04/21":5.915164,"04/22":5.915164,"04/23":5.915164,"04/24":5.9187183,"04/25":5.917891,"04/26":5.9135494,"04/27":5.9135494,"04/28":5.916325,"04/29":5.8938,"04/30":5.8845587,"05/01":5.8845587,"05/02":5.865546,"05/03":5.854146,"05/04":5.854146,"05/05":5.8615046,"05/06":5.8250446,"05/07":5.8173847,"05/08":5.8014054,"05/09":5.7912745,"05/10":5.7826324,"05/11":5.7826324,"05/12":5.7826324,"05/13":5.7524114,"05/14":5.763448,"05/15":5.7613335,"05/16":5.7515807,"05/17":5.7407036,"05/18":5.7407036,"05/19":5.741111,"05/20":5.7406716,"05/21":5.703963,"05/22":5.682173,"05/23":5.68782,"05/24":5.6666303,"05/25":5.6666303,"05/26":5.6705,"05/27":5.6373067,"05/28":5.6283536,"05/29":5.6180177,"05/30":5.60414,"05/31":5.59439,"06/01":5.59439,"06/02":5.5956287,"06/03":5.5615406,"06/04":5.550186,"06/05":5.5428944,"06/06":5.5284605,"06/07":5.517119,"06/08":5.517119,"06/09":5.5130796,"06/10":5.478119,"06/11":5.464448,"06/12":5.44977,"06/13":5.435858,"06/14":5.4262238,"06/15":5.4262238,"06/16":5.432646,"06/17":5.432279,"06/18":5.3907495,"06/19":5.376812,"06/20":5.3704867,"06/21":5.360326,"06/22":5.360326,"06/23":5.358884,"06/24":5.3318744,"06/25":5.318508,"06/26":5.3124614,"06/27":5.3039017,"06/28":5.293744,"06/29":5.293744,"06/30":5.293744,"07/01":5.259017,"07/02":5.243008,"07/03":5.224339,"07/04":5.2126102,"07/05":5.204082,"07/06":5.204082,"07/07":5.204082,"07/08":5.182955,"07/09":5.173321,"07/10":5.162156,"07/11":5.152085,"07/12":5.1408954,"07/13":5.1408954,"07/14":5.142111,"07/15":5.1096287,"07/16":5.110758,"07/17":5.10993,"07/18":5.0792427,"07/19":5.068079,"07/20":5.068079,"07/21":5.071763,"07/22":5.041729,"07/23":5.033393,"07/24":5.021618,"07/25":5.0170746,"07/26":4.99693,"07/27":4.99693,"07/28":4.9954443,"07/29":4.9645286,"07/30":4.9568443,"07/31":4.946341,"08/01":4.9330783,"08/02":4.923047,"08/03":4.923047,"08/04":4.929276,"08/05":4.896571,"08/06":4.8763156,"08/07":4.866724,"08/08":4.853095,"08/09":4.843124,"08/10":4.843124,"08/11":4.8427114,"08/12":4.8056707,"08/13":4.7951794,"08/14":4.789771,"08/15":4.789771,"08/16":4.7683115,"08/17":4.7683115,"08/18":4.767253,"08/19":4.735035,"08/20":4.7294626,"08/21":4.716816,"08/22":4.7046437,"08/23":4.6942215,"08/24":4.6942215,"08/25":4.6933956,"08/26":4.6572566,"08/27":4.6479278,"08/28":4.6396966,"08/29":4.6267614,"08/30":4.6174493,"08/31":4.6174493,"09/01":4.61964,"09/02":4.589407,"09/03":4.582266,"09/04":4.5761666,"09/05":4.5796824,"09/06":4.561491,"09/07":4.561491,"09/08":4.561491,"09/09":4.53378,"09/10":4.524624,"09/11":4.515874,"09/12":4.5085106,"09/13":4.498122,"09/14":4.498122,"09/15":4.4981823,"09/16":4.4709287,"09/17":4.4673004,"09/18":4.467324,"09/19":4.4470677,"09/20":4.435621,"09/21":4.435621,"09/22":4.4345274,"09/23":4.402812,"09/24":4.390349,"09/25":4.378092,"09/26":4.364937,"09/27":4.3535595,"09/28":4.3535595,"09/29":4.3540545,"09/30":4.3209677,"10/01":4.30575,"10/02":4.30575,"10/03":4.2825413,"10/04":4.2691445,"10/05":4.2691445,"10/06":4.2788763,"10/07":4.2507954,"10/08":4.2401156,"10/09":4.230817,"10/10":4.223183,"10/11":4.2133455,"10/12":4.2133455,"10/13":4.2148123,"10/14":4.182567,"10/15":4.179627,"10/16":4.175671,"10/17":4.169029,"10/18":4.159684,"10/19":4.159684,"10/20":4.163826,"10/21":4.134226,"10/22":4.1228137,"10/23":4.1087933,"10/24":4.0968146,"10/25":4.086986,"10/26":4.086986,"10/27":4.092155,"10/28":4.0602884,"10/29":4.0559063,"10/30":4.047649,"10/31":4.02662,"11/01":4.02662,"11/02":4.02662,"11/03":4.0287385,"11/04":3.9873843,"11/05":3.9770787,"11/06":3.9646385,"11/07":3.9520063,"11/08":3.9417167,"11/09":3.9417167,"11/10":3.9454875,"11/11":3.9196866,"11/12":3.9130092,"11/13":3.9024496,"11/14":3.8921516,"11/15":3.8921516,"11/16":3.8921516,"11/17":3.8927507,"11/18":3.8531828,"11/19":3.8480058,"11/20":3.8524878,"11/21":3.8277738,"11/22":3.8190334,"11/23":3.8190334,"11/24":3.8187118,"11/25":3.7904377,"11/26":3.7877586,"11/27":3.7764769,"11/28":3.7652566,"11/29":3.7554867,"11/30":3.7554867,"12/01":3.7511146,"12/02":3.7189279,"12/03":3.706085,"12/04":3.7004547,"12/05":3.603662,"12/06":3.7025828,"12/07":3.7025828,"12/08":3.6945035,"12/09":3.6359842,"12/10":3.609634,"12/11":3.6260865,"12/12":3.6491275,"12/13":3.5451806,"12/14":3.5451806,"12/15":3.5464666,"12/16":3.5440161,"12/17":3.6467052,"12/18":3.670475,"12/19":3.7984219,"12/20":3.9111202,"12/21":3.9111202,"12/22":3.913059,"12/23":3.8388772,"12/24":3.8644776,"12/25":3.8644776,"12/26":3.8656619,"12/27":3.8569052,"12/28":3.8569052,"12/29":3.8557062,"12/30":3.8506963,"12/31":3.7956696},"2024":{"04/18":7.989998,"04/19":7.989998,"04/20":7.989998,"04/21":8.327999,"04/22":8.327999,"04/23":8.327999,"04/24":8.811589,"04/25":8.534662,"04/26":8.525979,"04/27":8.525979,"04/28":8.638967,"04/29":8.784463,"04/30":8.765981,"05/01":8.765981,"05/02":8.727956,"05/03":8.705154,"05/04":8.705154,"05/05":8.973791,"05/06":8.750941,"05/07":8.790359,"05/08":8.450902,"05/09":8.284288,"05/10":8.267004,"05/11":8.267004,"05/12":8.267004,"05/13":8.206562,"05/14":8.947824,"05/15":9.148713,"05/16":9.195531,"05/17":9.173777,"05/18":9.173777,"05/19":9.186725,"05/20":9.172778,"05/21":9.266196,"05/22":9.07725,"05/23":9.25437,"05/24":9.21199,"05/25":9.21199,"05/26":9.329373,"05/27":9.215629,"05/28":9.220938,"05/29":9.215123,"05/30":9.084224,"05/31":9.064724,"06/01":9.064724,"06/02":9.103462,"06/03":8.939459,"06/04":8.91675,"06/05":8.991487,"06/06":8.886334,"06/07":8.863651,"06/08":8.863651,"06/09":8.729728,"06/10":8.520551,"06/11":8.392981,"06/12":8.221832,"06/13":8.072573,"06/14":8.053305,"06/15":8.053305,"06/16":8.305923,"06/17":8.292054,"06/18":8.160182,"06/19":7.988393,"06/20":8.122469,"06/21":8.102147,"06/22":8.102147,"06/23":8.044759,"06/24":8.14002,"06/25":8.113288,"06/26":8.24816,"06/27":8.231041,"06/28":8.210726,"06/29":8.210726,"06/30":8.210726,"07/01":8.141272,"07/02":8.109254,"07/03":8.071916,"07/04":8.048458,"07/05":8.031402,"07/06":8.031402,"07/07":8.031402,"07/08":8.254875,"07/09":8.234675,"07/10":8.195608,"07/11":8.17732,"07/12":8.154941,"07/13":8.154941,"07/14":8.198288,"07/15":8.115663,"07/16":8.156028,"07/17":8.126489,"07/18":8.07069,"07/19":8.048363,"07/20":8.048363,