{"0":{"10/01":2.709999,"10/02":2.709999,"10/03":2.709999,"10/04":2.709999,"10/05":2.709999,"10/06":2.6761189,"10/07":2.6637964,"10/08":2.6504593,"10/09":2.6402068,"10/10":2.6268759,"10/11":2.6268759,"10/12":2.6268759,"10/13":2.585868,"10/14":2.5715253,"10/15":2.5561614,"10/16":2.541827,"10/17":2.5274968,"10/18":2.5274968,"10/19":2.5274968,"10/20":2.483506,"10/21":2.483506,"10/22":2.483506,"10/23":2.4375165,"10/24":2.4211698,"10/25":2.4211698,"10/26":2.4211698,"10/27":2.3742144,"10/28":2.3589096,"10/29":2.3476844,"10/30":2.336471,"10/31":2.323219,"11/01":2.323219,"11/02":2.323219,"11/03":2.2753336,"11/04":2.2671854,"11/05":2.2671854,"11/06":2.235625,"11/07":2.222399,"11/08":2.222399,"11/09":2.222399,"11/10":2.1725724,"11/11":2.1593626,"11/12":2.1431046,"11/13":2.125835,"11/14":2.125835,"11/15":2.125835,"11/16":2.125835,"11/17":2.0619018,"11/18":2.0477054,"11/19":2.0304778,"11/20":2.013246,"11/21":1.9990631,"11/22":1.9990631,"11/23":1.9990631,"11/24":1.9514806,"11/25":1.9373149,"11/26":1.9201148,"11/27":1.9039425,"11/28":1.8968656,"11/29":1.8968656,"11/30":1.8968656,"12/01":1.8503801,"12/02":1.8382646,"12/03":1.8241303,"12/04":1.8241303,"12/05":1.7978939,"12/06":1.7978939,"12/07":1.7978939,"12/08":1.7363793,"12/09":1.723282,"12/10":1.7122053,"12/11":1.7031382,"12/12":1.6890414,"12/13":1.6890414,"12/14":1.6890414,"12/15":1.6427548,"12/16":1.630679,"12/17":1.6367118,"12/18":1.6196225,"12/19":1.6035359,"12/20":1.6035359,"12/21":1.6035359,"12/22":1.558323,"12/23":1.5422654,"12/24":1.5272081,"12/25":1.5272081,"12/26":1.4930993,"12/27":1.4930993,"12/28":1.4930993,"12/29":1.4499916,"12/30":1.4570063,"12/31":1.4570063},"2025":{"10/01":2.709999,"10/02":2.709999,"10/03":2.709999,"10/04":2.709999,"10/05":2.709999,"10/06":2.6761189,"10/07":2.6637964,"10/08":2.6504593,"10/09":2.6402068,"10/10":2.6268759,"10/11":2.6268759,"10/12":2.6268759,"10/13":2.585868,"10/14":2.5715253,"10/15":2.5561614,"10/16":2.541827,"10/17":2.5274968,"10/18":2.5274968,"10/19":2.5274968,"10/20":2.483506,"10/21":2.483506,"10/22":2.483506,"10/23":2.4375165,"10/24":2.4211698,"10/25":2.4211698,"10/26":2.4211698,"10/27":2.3742144,"10/28":2.3589096,"10/29":2.3476844,"10/30":2.336471,"10/31":2.323219,"11/01":2.323219,"11/02":2.323219,"11/03":2.2753336,"11/04":2.2671854,"11/05":2.2671854,"11/06":2.235625,"11/07":2.222399,"11/08":2.222399,"11/09":2.222399,"11/10":2.1725724,"11/11":2.1593626,"11/12":2.1431046,"11/13":2.125835,"11/14":2.125835,"11/15":2.125835,"11/16":2.125835,"11/17":2.0619018,"11/18":2.0477054,"11/19":2.0304778,"11/20":2.013246,"11/21":1.9990631,"11/22":1.9990631,"11/23":1.9990631,"11/24":1.9514806,"11/25":1.9373149,"11/26":1.9201148,"11/27":1.9039425,"11/28":1.8968656,"11/29":1.8968656,"11/30":1.8968656,"12/01":1.8503801,"12/02":1.8382646,"12/03":1.8241303,"12/04":1.8241303,"12/05":1.7978939,"12/06":1.7978939,"12/07":1.7978939,"12/08":1.7363793,"12/09":1.723282,"12/10":1.7122053,"12/11":1.7031382,"12/12":1.6890414,"12/13":1.6890414,"12/14":1.6890414,"12/15":1.6427548,"12/16":1.630679,"12/17":1.6367118,"12/18":1.6196225,"12/19":1.6035359,"12/20":1.6035359,"12/21":1.6035359,"12/22":1.558323,"12/23":1.5422654,"12/24":1.5272081,"12/25":1.5272081,"12/26":1.4930993,"12/27":1.4930993,"12/28":1.4930993,"12/29":1.4499916,"12/30":1.4570063,"12/31":1.4570063}}