{"0":{"07/08":2.5964935,"07/09":2.5821404,"07/10":2.5698438,"07/11":2.55755,"07/12":2.55755,"07/13":2.55755,"07/14":2.5135102,"07/15":2.4950812,"07/16":2.481781,"07/17":2.4664357,"07/18":2.452119,"07/19":2.452119,"07/20":2.452119,"07/21":2.4071565,"07/22":2.3938694,"07/23":2.3775377,"07/24":2.3632457,"07/25":2.348958,"07/26":2.348958,"07/27":2.348958,"07/28":2.3040762,"07/29":2.2898047,"07/30":2.2755373,"07/31":2.2643342,"08/01":2.2480342,"08/02":2.2480342,"08/03":2.2480342,"08/04":2.200194,"08/05":2.1839144,"08/06":2.1686583,"08/07":2.1544247,"08/08":2.1381598,"08/09":2.1381598,"08/10":2.1381598,"08/11":2.0944793,"08/12":2.0812829,"08/13":2.065041,"08/14":2.0467827,"08/15":2.0467827,"08/16":2.0467827,"08/17":2.0467827,"08/18":1.9839295,"08/19":1.9677187,"08/20":1.9525272,"08/21":1.936336,"08/22":1.9231707,"08/23":1.9231707,"08/24":1.9231707,"08/25":1.8786712,"08/26":1.8655304,"08/27":1.8655304,"08/28":1.8382376,"08/29":2.2704456,"08/30":2.2704456,"08/31":2.2704456,"09/01":2.1951,"09/02":2.1940813,"09/03":2.1696765,"09/04":1.9727805,"09/05":1.8574432,"09/06":1.8574432,"09/07":1.8574432,"09/08":1.8574432,"09/09":1.758496,"09/10":1.7121122,"09/11":1.7141305,"09/12":1.6416175,"09/13":1.6416175,"09/14":1.6416175,"09/15":1.6245177,"09/16":1.4277081,"09/17":1.2286798,"09/18":1.2466466,"09/19":1.2506465,"09/20":1.2506465,"09/21":1.2506465,"09/22":1.2556372,"09/23":1.2286798,"09/24":1.3115975,"09/25":1.3496099,"09/26":1.5250169,"09/27":1.5250169,"09/28":1.5250169,"09/29":1.4247073,"09/30":1.5812755,"10/01":1.3966569,"10/02":1.3966569,"10/03":1.3966569,"10/04":1.3966569,"10/05":1.3966569,"10/06":1.0165031,"10/07":0.9033082,"10/08":0.9052946,"10/09":0.78146803,"10/10":0.7142359,"10/11":0.7142359,"10/12":0.7142359,"10/13":0.6500485,"10/14":0.5425936,"10/15":0.34897548,"10/16":0.14926194,"10/17":0.10727511,"10/18":0.10727511,"10/19":0.10727511,"10/20":0.14242317,"10/21":0.14242317,"10/22":0.14242317,"10/23":0.23825096,"10/24":0.32054448,"10/25":0.32054448,"10/26":0.32054448,"10/27":0.09555527,"10/28":0.06629091,"10/29":-0.13036363,"10/30":0.13461657,"10/31":0.2979982,"11/01":0.2979982,"11/02":0.2979982,"11/03":0.15903722,"11/04":0.20596461,"11/05":0.20596461,"11/06":0.28526196,"11/07":0.27056745,"11/08":0.27056745,"11/09":0.27056745,"11/10":0.06531417,"11/11":0.019484928,"11/12":-0.10898286,"11/13":0.0,"11/14":0.0,"11/15":0.0,"11/16":0.0,"11/17":0.0,"11/18":0.0,"11/19":0.0,"11/20":0.0,"11/21":0.0,"11/22":0.0,"11/23":0.0,"11/24":0.0,"11/25":0.0,"11/26":0.0,"11/27":0.0,"11/28":0.0,"11/29":0.0,"11/30":0.0,"12/01":0.0,"12/02":0.0,"12/03":0.0,"12/04":0.0,"12/05":0.0,"12/06":0.0,"12/07":0.0,"12/08":0.0,"12/09":0.0,"12/10":0.0,"12/11":0.0,"12/12":0.0,"12/13":0.0,"12/14":0.0,"12/15":0.0,"12/16":0.0,"12/17":0.0,"12/18":0.0,"12/19":0.0,"12/20":0.0,"12/21":0.0,"12/22":0.0,"12/23":0.0,"12/24":0.0,"12/25":0.0,"12/26":0.0,"12/27":0.0,"12/28":0.0,"12/29":0.0,"12/30":0.0,"12/31":0.0},"2025":{"07/08":2.5964935,"07/09":2.5821404,"07/10":2.5698438,"07/11":2.55755,"07/12":2.55755,"07/13":2.55755,"07/14":2.5135102,"07/15":2.4950812,"07/16":2.481781,"07/17":2.4664357,"07/18":2.452119,"07/19":2.452119,"07/20":2.452119,"07/21":2.4071565,"07/22":2.3938694,"07/23":2.3775377,"07/24":2.3632457,"07/25":2.348958,"07/26":2.348958,"07/27":2.348958,"07/28":2.3040762,"07/29":2.2898047,"07/30":2.2755373,"07/31":2.2643342,"08/01":2.2480342,"08/02":2.2480342,"08/03":2.2480342,"08/04":2.200194,"08/05":2.1839144,"08/06":2.1686583,"08/07":2.1544247,"08/08":2.1381598,"08/09":2.1381598,"08/10":2.1381598,"08/11":2.0944793,"08/12":2.0812829,"08/13":2.065041,"08/14":2.0467827,"08/15":2.0467827,"08/16":2.0467827,"08/17":2.0467827,"08/18":1.9839295,"08/19":1.9677187,"08/20":1.9525272,"08/21":1.936336,"08/22":1.9231707,"08/23":1.9231707,"08/24":1.9231707,"08/25":1.8786712,"08/26":1.8655304,"08/27":1.8655304,"08/28":1.8382376,"08/29":2.2704456,"08/30":2.2704456,"08/31":2.2704456,"09/01":2.1951,"09/02":2.1940813,"09/03":2.1696765,"09/04":1.9727805,"09/05":1.8574432,"09/06":1.8574432,"09/07":1.8574432,"09/08":1.8574432,"09/09":1.758496,"09/10":1.7121122,"09/11":1.7141305,"09/12":1.6416175,"09/13":1.6416175,"09/14":1.6416175,"09/15":1.6245177,"09/16":1.4277081,"09/17":1.2286798,"09/18":1.2466466,"09/19":1.2506465,"09/20":1.2506465,"09/21":1.2506465,"09/22":1.2556372,"09/23":1.2286798,"09/24":1.3115975,"09/25":1.3496099,"09/26":1.5250169,"09/27":1.5250169,"09/28":1.5250169,"09/29":1.4247073,"09/30":1.5812755,"10/01":1.3966569,"10/02":1.3966569,"10/03":1.3966569,"10/04":1.3966569,"10/05":1.3966569,"10/06":1.0165031,"10/07":0.9033082,"10/08":0.9052946,"10/09":0.78146803,"10/10":0.7142359,"10/11":0.7142359,"10/12":0.7142359,"10/13":0.6500485,"10/14":0.5425936,"10/15":0.34897548,"10/16":0.14926194,"10/17":0.10727511,"10/18":0.10727511,"10/19":0.10727511,"10/20":0.14242317,"10/21":0.14242317,"10/22":0.14242317,"10/23":0.23825096,"10/24":0.32054448,"10/25":0.32054448,"10/26":0.32054448,"10/27":0.09555527,"10/28":0.06629091,"10/29":-0.13036363,"10/30":0.13461657,"10/31":0.2979982,"11/01":0.2979982,"11/02":0.2979982,"11/03":0.15903722,"11/04":0.20596461,"11/05":0.20596461,"11/06":0.28526196,"11/07":0.27056745,"11/08":0.27056745,"11/09":0.27056745,"11/10":0.06531417,"11/11":0.019484928,"11/12":-0.10898286,"11/13":0.0,"11/14":0.0,"11/15":0.0,"11/16":0.0,"11/17":0.0,"11/18":0.0,"11/19":0.0,"11/20":0.0,"11/21":0.0,"11/22":0.0,"11/23":0.0,"11/24":0.0,"11/25":0.0,"11/26":0.0,"11/27":0.0,"11/28":0.0,"11/29":0.0,"11/30":0.0,"12/01":0.0,"12/02":0.0,"12/03":0.0,"12/04":0.0,"12/05":0.0,"12/06":0.0,"12/07":0.0,"12/08":0.0,"12/09":0.0,"12/10":0.0,"12/11":0.0,"12/12":0.0,"12/13":0.0,"12/14":0.0,"12/15":0.0,"12/16":0.0,"12/17":0.0,"12/18":0.0,"12/19":0.0,"12/20":0.0,"12/21":0.0,"12/22":0.0,"12/23":0.0,"12/24":0.0,"12/25":0.0,"12/26":0.0,"12/27":0.0,"12/28":0.0,"12/29":0.0,"12/30":0.0,"12/31":0.0}}