{"0":{"10/13":-1.8159962,"10/14":-1.8159962,"10/15":-1.8159962,"10/16":-1.8159962,"10/17":-1.759014,"10/18":-1.759014,"10/19":-1.759014,"10/20":-1.7973404,"10/21":-1.7973404,"10/22":-1.7973404,"10/23":-1.840532,"10/24":-1.8562336,"10/25":-1.8562336,"10/26":-1.8562336,"10/27":-1.8993827,"10/28":-1.9131031,"10/29":-1.920943,"10/30":-1.9336766,"10/31":-1.9473875,"11/01":-1.9473875,"11/02":-1.9473875,"11/03":-1.993386,"11/04":-1.9963248,"11/05":-1.9963248,"11/06":-2.0266354,"11/07":-2.0412989,"11/08":-2.0412989,"11/09":-2.0412989,"11/10":-2.089165,"11/11":-2.1008866,"11/12":-2.1164958,"11/13":-2.1330862,"11/14":-2.1330862,"11/15":-2.1330862,"11/16":-2.1330862,"11/17":-2.193529,"11/18":-2.2081425,"11/19":-2.2246926,"11/20":-2.2412462,"11/21":-2.2548711,"11/22":-2.2548711,"11/23":-2.2548711,"11/24":-2.2996175,"11/25":-2.3141904,"11/26":-2.3297408,"11/27":-2.3462589,"11/28":-2.3588824,"11/29":-2.3588824,"11/30":-2.3588824,"12/01":-2.4025528,"12/02":-2.4141998,"12/03":-2.4268057,"12/04":-2.4268057,"12/05":-2.4520075,"12/06":-2.4520075,"12/07":-2.4520075,"12/08":-2.5110877,"12/09":-2.5236778,"12/10":-2.5343177,"12/11":-2.5430274,"12/12":-2.5565684,"12/13":-2.5565684,"12/14":-2.5565684,"12/15":-2.6010299,"12/16":-2.6126294,"12/17":-2.6068254,"12/18":-2.62325,"12/19":-2.6387022,"12/20":-2.6387022,"12/21":-2.6387022,"12/22":-2.6811569,"12/23":-2.696591,"12/24":-2.7110546,"12/25":-2.7110546,"12/26":-2.7447834,"12/27":-2.7447834,"12/28":-2.7447834,"12/29":-2.786191,"12/30":-2.793892,"12/31":-2.793892},"2025":{"10/13":-1.8159962,"10/14":-1.8159962,"10/15":-1.8159962,"10/16":-1.8159962,"10/17":-1.759014,"10/18":-1.759014,"10/19":-1.759014,"10/20":-1.7973404,"10/21":-1.7973404,"10/22":-1.7973404,"10/23":-1.840532,"10/24":-1.8562336,"10/25":-1.8562336,"10/26":-1.8562336,"10/27":-1.8993827,"10/28":-1.9131031,"10/29":-1.920943,"10/30":-1.9336766,"10/31":-1.9473875,"11/01":-1.9473875,"11/02":-1.9473875,"11/03":-1.993386,"11/04":-1.9963248,"11/05":-1.9963248,"11/06":-2.0266354,"11/07":-2.0412989,"11/08":-2.0412989,"11/09":-2.0412989,"11/10":-2.089165,"11/11":-2.1008866,"11/12":-2.1164958,"11/13":-2.1330862,"11/14":-2.1330862,"11/15":-2.1330862,"11/16":-2.1330862,"11/17":-2.193529,"11/18":-2.2081425,"11/19":-2.2246926,"11/20":-2.2412462,"11/21":-2.2548711,"11/22":-2.2548711,"11/23":-2.2548711,"11/24":-2.2996175,"11/25":-2.3141904,"11/26":-2.3297408,"11/27":-2.3462589,"11/28":-2.3588824,"11/29":-2.3588824,"11/30":-2.3588824,"12/01":-2.4025528,"12/02":-2.4141998,"12/03":-2.4268057,"12/04":-2.4268057,"12/05":-2.4520075,"12/06":-2.4520075,"12/07":-2.4520075,"12/08":-2.5110877,"12/09":-2.5236778,"12/10":-2.5343177,"12/11":-2.5430274,"12/12":-2.5565684,"12/13":-2.5565684,"12/14":-2.5565684,"12/15":-2.6010299,"12/16":-2.6126294,"12/17":-2.6068254,"12/18":-2.62325,"12/19":-2.6387022,"12/20":-2.6387022,"12/21":-2.6387022,"12/22":-2.6811569,"12/23":-2.696591,"12/24":-2.7110546,"12/25":-2.7110546,"12/26":-2.7447834,"12/27":-2.7447834,"12/28":-2.7447834,"12/29":-2.786191,"12/30":-2.793892,"12/31":-2.793892}}