{"0":{"04/02":2.6109982,"04/03":2.6109982,"04/04":2.6109982,"04/05":2.6109982,"04/06":2.6109982,"04/07":2.6109982,"04/08":2.6109982,"04/09":2.6109982,"04/10":2.6109982,"04/11":2.6109982,"04/12":2.6109982,"04/13":2.6109982,"04/14":2.6109982,"04/15":2.6109982,"04/16":2.5002942,"04/17":2.491087,"04/18":2.491087,"04/19":2.491087,"04/20":2.491087,"04/21":2.4695935,"04/22":2.4695935,"04/23":2.4695935,"04/24":1.9058144,"04/25":1.9594772,"04/26":1.9594772,"04/27":1.9594772,"04/28":2.0010304,"04/29":1.7562494,"04/30":1.7562494,"05/01":1.7562494,"05/02":1.7562494,"05/03":1.7562494,"05/04":1.7562494,"05/05":1.5749315,"05/06":1.6564469,"05/07":1.6242243,"05/08":1.8188496,"05/09":1.7259831,"05/10":1.7259831,"05/11":1.7259831,"05/12":1.7259831,"05/13":1.7259831,"05/14":1.162354,"05/15":1.1035413,"05/16":1.051772,"05/17":1.051772,"05/18":1.051772,"05/19":1.0368454,"05/20":0.944405,"05/21":0.87196076,"05/22":0.7175117,"05/23":0.58126473,"05/24":0.58126473,"05/25":0.58126473,"05/26":0.47785038,"05/27":0.5270701,"05/28":0.572399,"05/29":0.538887,"05/30":0.60986567,"05/31":0.60986567,"06/01":0.60986567,"06/02":0.5536668,"06/03":0.49950188,"06/04":0.49950188,"06/05":0.39723912,"06/06":0.3383392,"06/07":0.3383392,"06/08":0.3383392,"06/09":0.5743638,"06/10":0.5940913,"06/11":0.6592149,"06/12":0.83032995,"06/13":0.9761979,"06/14":0.9761979,"06/15":0.9761979,"06/16":0.6967557,"06/17":0.59211636,"06/18":0.6088779,"06/19":0.7986383,"06/20":0.6898389,"06/21":0.6898389,"06/22":0.6898389,"06/23":0.7194822,"06/24":0.5457831,"06/25":0.45916268,"06/26":0.29518425,"06/27":0.29518425,"06/28":0.29518425,"06/29":0.29518425,"06/30":0.29518425,"07/01":0.29518425,"07/02":0.29518425,"07/03":0.29518425,"07/04":0.29518425,"07/05":0.29518425,"07/06":0.29518425,"07/07":0.29518425,"07/08":0.027294852,"07/09":0.056558535,"07/10":0.13954984,"07/11":0.18941818,"07/12":0.18941818,"07/13":0.18941818,"07/14":0.19920559,"07/15":0.1454218,"07/16":0.07607407,"07/17":0.04582219,"07/18":0.06826508,"07/19":0.06826508,"07/20":0.06826508,"07/21":-0.06233366,"07/22":-0.06719745,"07/23":-0.1731735,"07/24":-0.0759585,"07/25":0.13466637,"07/26":0.13466637,"07/27":0.13466637,"07/28":0.23933624,"07/29":0.21681656,"07/30":0.18257093,"07/31":0.20409535,"08/01":0.26872414,"08/02":0.26872414,"08/03":0.26872414,"08/04":0.00974114,"08/05":0.057526223,"08/06":0.4217988,"08/07":0.35011178,"08/08":0.50639254,"08/09":0.50639254,"08/10":0.50639254,"08/11":0.51229817,"08/12":0.73431504,"08/13":0.72047216,"08/14":0.46703282,"08/15":0.46703282,"08/16":0.46703282,"08/17":0.46703282,"08/18":0.5191906,"08/19":0.6197354,"08/20":0.4237671,"08/21":0.44146645,"08/22":0.5792997,"08/23":0.5792997,"08/24":0.5792997,"08/25":0.63355064,"08/26":0.99607384,"08/27":0.99607384,"08/28":0.8679985,"08/29":1.076653,"08/30":1.076653,"08/31":1.076653,"09/01":0.8997432,"09/02":0.93448097,"09/03":0.7451997,"09/04":0.54874283,"09/05":0.39822277,"09/06":0.39822277,"09/07":0.39822277,"09/08":0.39822277,"09/09":0.30989242,"09/10":0.23346259,"09/11":0.18257093,"09/12":0.10438838,"09/13":0.10438838,"09/14":0.10438838,"09/15":0.095597215,"09/16":-0.044814527,"09/17":-0.23237756,"09/18":-0.2333489,"09/19":-0.22947268,"09/20":-0.22947268,"09/21":-0.22947268,"09/22":-0.19841509,"09/23":-0.21879534,"09/24":-0.13236736,"09/25":-0.08471801,"09/26":0.10633493,"09/27":0.10633493,"09/28":0.10633493,"09/29":0.095597215,"09/30":0.17376603,"10/01":0.0,"10/02":0.0,"10/03":0.0,"10/04":0.0,"10/05":0.0,"10/06":0.0,"10/07":0.0,"10/08":0.0,"10/09":0.0,"10/10":0.0,"10/11":0.0,"10/12":0.0,"10/13":0.0,"10/14":0.0,"10/15":0.0,"10/16":0.0,"10/17":0.0,"10/18":0.0,"10/19":0.0,"10/20":0.0,"10/21":0.0,"10/22":0.0,"10/23":0.0,"10/24":0.0,"10/25":0.0,"10/26":0.0,"10/27":0.0,"10/28":0.0,"10/29":0.0,"10/30":0.0,"10/31":0.0,"11/01":0.0,"11/02":0.0,"11/03":0.0,"11/04":0.0,"11/05":0.0,"11/06":0.0,"11/07":0.0,"11/08":0.0,"11/09":0.0,"11/10":0.0,"11/11":0.0,"11/12":0.0,"11/13":0.0,"11/14":0.0,"11/15":0.0,"11/16":0.0,"11/17":0.0,"11/18":0.0,"11/19":0.0,"11/20":0.0,"11/21":0.0,"11/22":0.0,"11/23":0.0,"11/24":0.0,"11/25":0.0,"11/26":0.0,"11/27":0.0,"11/28":0.0,"11/29":0.0,"11/30":0.0,"12/01":0.0,"12/02":0.0,"12/03":0.0,"12/04":0.0,"12/05":0.0,"12/06":0.0,"12/07":0.0,"12/08":0.0,"12/09":0.0,"12/10":0.0,"12/11":0.0,"12/12":0.0,"12/13":0.0,"12/14":0.0,"12/15":0.0,"12/16":0.0,"12/17":0.0,"12/18":0.0,"12/19":0.0,"12/20":0.0,"12/21":0.0,"12/22":0.0,"12/23":0.0,"12/24":0.0,"12/25":0.0,"12/26":0.0,"12/27":0.0,"12/28":0.0,"12/29":0.0,"12/30":0.0,"12/31":0.0},"2025":{"04/02":2.6109982,"04/03":2.6109982,"04/04":2.6109982,"04/05":2.6109982,"04/06":2.6109982,"04/07":2.6109982,"04/08":2.6109982,"04/09":2.6109982,"04/10":2.6109982,"04/11":2.6109982,"04/12":2.6109982,"04/13":2.6109982,"04/14":2.6109982,"04/15":2.6109982,"04/16":2.5002942,"04/17":2.491087,"04/18":2.491087,"04/19":2.491087,"04/20":2.491087,"04/21":2.4695935,"04/22":2.4695935,"04/23":2.4695935,"04/24":1.9058144,"04/25":1.9594772,"04/26":1.9594772,"04/27":1.9594772,"04/28":2.0010304,"04/29":1.7562494,"04/30":1.7562494,"05/01":1.7562494,"05/02":1.7562494,"05/03":1.7562494,"05/04":1.7562494,"05/05":1.5749315,"05/06":1.6564469,"05/07":1.6242243,"05/08":1.8188496,"05/09":1.7259831,"05/10":1.7259831,"05/11":1.7259831,"05/12":1.7259831,"05/13":1.7259831,"05/14":1.162354,"05/15":1.1035413,"05/16":1.051772,"05/17":1.051772,"05/18":1.051772,"05/19":1.0368454,"05/20":0.944405,"05/21":0.87196076,"05/22":0.7175117,"05/23":0.58126473,"05/24":0.58126473,"05/25":0.58126473,"05/26":0.47785038,"05/27":0.5270701,"05/28":0.572399,"05/29":0.538887,"05/30":0.60986567,"05/31":0.60986567,"06/01":0.60986567,"06/02":0.5536668,"06/03":0.49950188,"06/04":0.49950188,"06/05":0.39723912,"06/06":0.3383392,"06/07":0.3383392,"06/08":0.3383392,"06/09":0.5743638,"06/10":0.5940913,"06/11":0.6592149,"06/12":0.83032995,"06/13":0.9761979,"06/14":0.9761979,"06/15":0.9761979,"06/16":0.6967557,"06/17":0.59211636,"06/18":0.6088779,"06/19":0.7986383,"06/20":0.6898389,"06/21":0.6898389,"06/22":0.6898389,"06/23":0.7194822,"06/24":0.5457831,"06/25":0.45916268,"06/26":0.29518425,"06/27":0.29518425,"06/28":0.29518425,"06/29":0.29518425,"06/30":0.29518425,"07/01":0.29518425,"07/02":0.29518425,"07/03":0.29518425,"07/04":0.29518425,"07/05":0.29518425,"07/06":0.29518425,"07/07":0.29518425,"07/08":0.027294852,"07/09":0.056558535,"07/10":0.13954984,"07/11":0.18941818,"07/12":0.18941818,"07/13":0.18941818,"07/14":0.19920559,"07/15":0.1454218,"07/16":0.07607407,"07/17":0.04582219,"07/18":0.06826508,"07/19":0.06826508,"07/20":0.06826508,"07/21":-0.06233366,"07/22":-0.06719745,"07/23":-0.1731735,"07/24":-0.0759585,"07/25":0.13466637,"07/26":0.13466637,"07/27":0.13466637,"07/28":0.23933624,"07/29":0.21681656,"07/30":0.18257093,"07/31":0.20409535,"08/01":0.26872414,"08/02":0.26872414,"08/03":0.26872414,"08/04":0.00974114,"08/05":0.057526223,"08/06":0.4217988,"08/07":0.35011178,"08/08":0.50639254,"08/09":0.50639254,"08/10":0.50639254,"08/11":0.51229817,"08/12":0.73431504,"08/13":0.72047216,"08/14":0.46703282,"08/15":0.46703282,"08/16":0.46703282,"08/17":0.46703282,"08/18":0.5191906,"08/19":0.6197354,"08/20":0.4237671,"08/21":0.44146645,"08/22":0.5792997,"08/23":0.5792997,"08/24":0.5792997,"08/25":0.63355064,"08/26":0.99607384,"08/27":0.99607384,"08/28":0.8679985,"08/29":1.076653,"08/30":1.076653,"08/31":1.076653,"09/01":0.8997432,"09/02":0.93448097,"09/03":0.7451997,"09/04":0.54874283,"09/05":0.39822277,"09/06":0.39822277,"09/07":0.39822277,"09/08":0.39822277,"09/09":0.30989242,"09/10":0.23346259,"09/11":0.18257093,"09/12":0.10438838,"09/13":0.10438838,"09/14":0.10438838,"09/15":0.095597215,"09/16":-0.044814527,"09/17":-0.23237756,"09/18":-0.2333489,"09/19":-0.22947268,"09/20":-0.22947268,"09/21":-0.22947268,"09/22":-0.19841509,"09/23":-0.21879534,"09/24":-0.13236736,"09/25":-0.08471801,"09/26":0.10633493,"09/27":0.10633493,"09/28":0.10633493,"09/29":0.095597215,"09/30":0.17376603,"10/01":0.0,"10/02":0.0,"10/03":0.0,"10/04":0.0,"10/05":0.0,"10/06":0.0,"10/07":0.0,"10/08":0.0,"10/09":0.0,"10/10":0.0,