{"0":{"01/01":10.609648,"01/02":10.745559,"01/03":10.846944,"01/04":10.759884,"01/05":10.759884,"01/06":10.759884,"01/07":10.759884,"01/08":10.666832,"01/09":10.581077,"01/10":10.4506645,"01/11":10.364226,"01/12":10.364226,"01/13":10.364226,"01/14":10.364226,"01/15":9.821252,"01/16":9.840369,"01/17":10.193783,"01/18":10.270822,"01/19":10.065284,"01/20":10.065284,"01/21":10.065284,"01/22":10.065284,"01/23":10.136072,"01/24":9.925989,"01/25":9.863526,"01/26":9.863526,"01/27":9.863526,"01/28":9.863526,"01/29":9.434251,"01/30":9.411275,"01/31":9.188037,"02/01":8.534558,"02/02":8.205374,"02/03":8.205374,"02/04":8.205374,"02/05":8.257171,"02/06":8.13217,"02/07":7.989946,"02/08":7.9656243,"02/09":8.200493,"02/10":8.200493,"02/11":8.200493,"02/12":8.335436,"02/13":8.289441,"02/14":8.287482,"02/15":7.9014883,"02/16":7.8432384,"02/17":7.8432384,"02/18":7.8432384,"02/19":7.8432384,"02/20":7.647611,"02/21":7.6215177,"02/22":7.541381,"02/23":9.502647,"02/24":9.502647,"02/25":9.502647,"02/26":9.503507,"02/27":9.503845,"02/28":9.501073,"02/29":7.598329,"03/01":9.509466,"03/02":9.509466,"03/03":9.509466,"03/04":9.512848,"03/05":9.513882,"03/06":9.515094,"03/07":9.517498,"03/08":9.517498,"03/09":9.517498,"03/10":9.517498,"03/11":9.52051,"03/12":9.518448,"03/13":9.509181,"03/14":9.5126295,"03/15":9.509487,"03/16":9.509487,"03/17":9.509487,"03/18":9.509487,"03/19":9.504007,"03/20":9.504297,"03/21":9.511511,"03/22":9.511108,"03/23":9.511108,"03/24":9.499925,"03/25":9.499925,"03/26":9.499799,"03/27":9.473358,"03/28":9.476477,"03/29":9.47311,"03/30":9.47311,"03/31":9.443405,"04/01":9.443405,"04/02":9.440773,"04/03":9.402317,"04/04":9.403729,"04/05":9.380622,"04/06":9.371122,"04/07":9.371122,"04/08":9.368963,"04/09":9.368963,"04/10":9.333769,"04/11":9.327063,"04/12":9.300668,"04/13":9.297884,"04/14":9.297884,"04/15":9.297267,"04/16":9.29367,"04/17":9.260955,"04/18":9.233257,"04/19":9.222477,"04/20":9.208659,"04/21":9.153997,"04/22":9.15852,"04/23":9.161048,"04/24":9.048522,"04/25":9.017967,"04/26":9.0130825,"04/27":8.986663,"04/28":8.986113,"04/29":8.990507,"04/30":8.991191,"05/01":8.991191,"05/02":8.933348,"05/03":8.7394905,"05/04":8.671616,"05/05":8.671616,"05/06":8.676282,"05/07":8.67076,"05/08":8.644794,"05/09":8.642189,"05/10":8.617123,"05/11":8.592556,"05/12":8.497775,"05/13":8.5003,"05/14":8.505601,"05/15":8.462733,"05/16":8.409194,"05/17":8.38116,"05/18":8.42371,"05/19":8.458675,"05/20":8.458675,"05/21":8.466868,"05/22":8.374828,"05/23":8.420307,"05/24":8.373799,"05/25":8.373799,"05/26":8.354597,"05/27":8.35887,"05/28":8.354828,"05/29":8.334838,"05/30":8.304043,"05/31":8.273532,"06/01":8.251154,"06/02":8.199913,"06/03":8.232172,"06/04":8.178398,"06/05":8.163483,"06/06":8.120998,"06/07":8.072651,"06/08":8.169179,"06/09":8.226049,"06/10":8.228943,"06/11":8.2334,"06/12":8.175758,"06/13":8.124571,"06/14":8.113379,"06/15":8.158348,"06/16":8.140792,"06/17":8.140792,"06/18":8.14769,"06/19":8.141726,"06/20":8.121617,"06/21":8.139829,"06/22":8.224596,"06/23":8.2466545,"06/24":8.251826,"06/25":8.252041,"06/26":8.198409,"06/27":8.164765,"06/28":8.080196,"06/29":8.080196,"06/30":8.156171,"07/01":8.160888,"07/02":8.163301,"07/03":8.139553,"07/04":8.147106,"07/05":8.0898,"07/06":8.138949,"07/07":8.138949,"07/08":8.144196,"07/09":8.149534,"07/10":8.1478405,"07/11":7.955219,"07/12":8.00003,"07/13":7.8944407,"07/14":7.876877,"07/15":7.8894277,"07/16":7.8894277,"07/17":7.7807674,"07/18":7.711247,"07/19":7.6956024,"07/20":7.6645136,"07/21":7.698882,"07/22":7.705371,"07/23":7.702132,"07/24":7.637323,"07/25":7.6755133,"07/26":7.6288843,"07/27":7.638179,"07/28":7.724185,"07/29":7.731245,"07/30":7.725199,"07/31":7.6907797,"08/01":7.645598,"08/02":7.710911,"08/03":7.827395,"08/04":7.79273,"08/05":7.7807145,"08/06":7.7773237,"08/07":7.714348,"08/08":7.6320224,"08/09":7.587904,"08/10":7.569349,"08/11":7.6688223,"08/12":7.6730576,"08/13":7.668722,"08/14":7.6485543,"08/15":7.6485543,"08/16":7.664181,"08/17":7.748272,"08/18":7.683396,"08/19":7.6963406,"08/20":7.707065,"08/21":7.6364527,"08/22":7.5949802,"08/23":7.495127,"08/24":7.4847274,"08/25":7.5614557,"08/26":7.571107,"08/27":7.5733247,"08/28":7.4478683,"08/29":7.411463,"08/30":7.4279885,"08/31":7.415946,"09/01":7.355816,"09/02":7.3571076,"09/03":7.360666,"09/04":7.318338,"09/05":7.3298006,"09/06":7.349127,"09/07":7.215803,"09/08":7.1859603,"09/09":7.188277,"09/10":7.1938252,"09/11":7.1870995,"09/12":7.2674117,"09/13":7.179865,"09/14":6.9806986,"09/15":7.096122,"09/16":7.1098733,"09/17":7.1081624,"09/18":7.054908,"09/19":7.0580745,"09/20":7.097809,"09/21":7.117429,"09/22":7.168172,"09/23":7.184822,"09/24":7.1889496,"09/25":7.189602,"09/26":7.1901927,"09/27":7.1609035,"09/28":7.414862,"09/29":7.414862,"09/30":7.4051223,"10/01":7.418415,"10/02":7.418415,"10/03":7.273179,"10/04":7.332596,"10/05":7.2356925,"10/06":7.5240893,"10/07":7.5240893,"10/08":7.5240893,"10/09":7.6691046,"10/10":7.5285063,"10/11":7.3693666,"10/12":7.355644,"10/13":7.368817,"10/14":7.368817,"10/15":7.368817,"10/16":7.3825507,"10/17":7.3199883,"10/18":7.3924394,"10/19":7.424334,"10/20":7.459567,"10/21":7.459567,"10/22":7.459567,"10/23":7.6009316,"10/24":7.6009316,"10/25":7.5528145,"10/26":7.6901946,"10/27":7.5782447,"10/28":7.5782447,"10/29":7.5782447,"10/30":7.519672,"10/31":7.5097394,"11/01":7.519672,"11/02":7.356738,"11/03":7.2799964,"11/04":7.2799964,"11/05":7.2799964,"11/06":7.154367,"11/07":7.099916,"11/08":7.039055,"11/09":7.0124683,"11/10":7.0624065,"11/11":7.0624065,"11/12":7.0624065,"11/13":6.98428,"11/14":6.98428,"11/15":6.7329254,"11/16":6.685173,"11/17":6.6391034,"11/18":6.6391034,"11/19":6.6391034,"11/20":6.703943,"11/21":6.696434,"11/22":6.6760583,"11/23":6.682489,"11/24":6.7297044,"11/25":6.7297044,"11/26":6.7297044,"11/27":6.7297044,"11/28":6.6471343,"11/29":6.539187,"11/30":6.5498605,"12/01":6.517863,"12/02":6.517863,"12/03":6.517863,"12/04":6.288564,"12/05":6.1804013,"12/06":6.1004677,"12/07":6.079998,"12/08":6.061114,"12/09":6.061114,"12/10":6.061114,"12/11":6.0322895,"12/12":6.0558734,"12/13":5.937637,"12/14":5.6954064,"12/15":5.5205054,"12/16":5.5205054,"12/17":5.5205054,"12/18":5.4619403,"12/19":5.4270597,"12/20":5.6003385,"12/21":5.5688944,"12/22":5.54778,"12/23":5.54778,"12/24":5.54778,"12/25":5.54778,"12/26":5.427573,"12/27":5.3645988,"12/28":5.3237133,"12/29":5.2568984,"12/30":5.2568984,"12/31":5.2568984},"2023":{"02/23":11.434002,"02/24":11.434002,"02/25":11.434002,"02/26":11.483002,"02/27":11.501999,"02/28":11.341,"03/01":11.794996,"03/02":11.794996,"03/03":11.794996,"03/04":11.955004,"03/05":12.002001,"03/06":12.055998,"03/07":12.159996,"03/08":12.159996,"03/09":12.159996,"03/10":12.159996,"03/11":12.285004,"03/12":12.200003,"03/13":11.780996,"03/14":11.945,"03/15":11.795998,"03/16":11.795998,"03/17":11.795998,"03/18":11.795998,"03/19":11.511002,"03/20":11.527004,"03/21":11.892996,"03/22":11.873999,"03/23":11.873999,"03/24":11.85163,"03/25":11.85163,"03/26":11.845633,"03/27":11.935286,"03/28":12.336515,"03/29":12.329783,"03/30":12.329783,"03/31":12.313023,"04/01":12.313023,"04/02":12.208176,"04/03":12.159739,"04/04":12.216617,"04/05":12.099271,"04/06":12.080271,"04/07":12.080271,"04/08":11.989509,"04/09":11.989509,"04/10":12.18085,"04/11":12.167439,"04/12":11.622375,"04/13":11.616807,"04/14":11.616807,"04/15":11.586921,"04/16":11.40463,"04/17":11.3392,"04/18":11.31255,"04/19":11.158647,"04/20":11.13101,"04/21":11.021687,"04/22":11.274069,"04/23":11.403249,"04/24":11.213473,"04/25":11.221885,"04/26":11.134013,"04/27":11.081175,"04/28":11.080073,"04/29":11.30195,"04/30":11.334636,"05/01":11.334636,"05/02":11.462247,"05/03":11.177381,"05/04":11.041632,"05/05":11.041632,"05/06":11.25138,"05/07":11.001259,"05/08":11.035104,"05/09":10.859146,"05/10":11.036245,"05/11":10.987111,"05/12":10.79755,"05/13":10.916315,"05/14":11.14896,"05/15":11.242417,"05/16":11.430806,"05/17":11.347861,"05/18":11.4329605,"05/19":11.5028925,"05/20":11.5028925,"05/21":11.790193,"05/22":11.859124,"05/23":11.950082,"05/24":12.159075,"05/25":12.159075,"05/26":12.120671,