{"0":{"01/01":10.807796,"01/02":10.902118,"01/03":11.036698,"01/04":10.956525,"01/05":10.956525,"01/06":10.956525,"01/07":10.956525,"01/08":10.937016,"01/09":10.862108,"01/10":10.778095,"01/11":10.723854,"01/12":10.723854,"01/13":10.723854,"01/14":10.723854,"01/15":10.194532,"01/16":10.243189,"01/17":10.520694,"01/18":10.610439,"01/19":10.453472,"01/20":10.453472,"01/21":10.453472,"01/22":10.453472,"01/23":10.379227,"01/24":10.225949,"01/25":10.174275,"01/26":10.174275,"01/27":10.174275,"01/28":10.174275,"01/29":9.843116,"01/30":9.916652,"01/31":9.689322,"02/01":9.140994,"02/02":8.891136,"02/03":8.891136,"02/04":8.891136,"02/05":9.006003,"02/06":8.835767,"02/07":8.671962,"02/08":8.773544,"02/09":8.864434,"02/10":8.864434,"02/11":8.864434,"02/12":8.892127,"02/13":8.821934,"02/14":8.808104,"02/15":8.537153,"02/16":8.462512,"02/17":8.462512,"02/18":8.462512,"02/19":8.462512,"02/20":8.173752,"02/21":8.164964,"02/22":8.054777,"02/23":9.491299,"02/24":9.491299,"02/25":9.491299,"02/26":9.49169,"02/27":9.492182,"02/28":9.490929,"02/29":8.061596,"03/01":9.496266,"03/02":9.496266,"03/03":9.496266,"03/04":9.4981365,"03/05":9.498001,"03/06":9.5001545,"03/07":9.502498,"03/08":9.502498,"03/09":9.502498,"03/10":9.502498,"03/11":9.50452,"03/12":9.50342,"03/13":9.498119,"03/14":9.499745,"03/15":9.497484,"03/16":9.497484,"03/17":9.497484,"03/18":9.497484,"03/19":9.493417,"03/20":9.494125,"03/21":9.499798,"03/22":9.498631,"03/23":9.498631,"03/24":9.491947,"03/25":9.491947,"03/26":9.491879,"03/27":9.466224,"03/28":9.4641285,"03/29":9.454064,"03/30":9.454064,"03/31":9.43422,"04/01":9.43422,"04/02":9.430929,"04/03":9.399171,"04/04":9.40144,"04/05":9.3777485,"04/06":9.323208,"04/07":9.323208,"04/08":9.321707,"04/09":9.321707,"04/10":9.29909,"04/11":9.284071,"04/12":9.243797,"04/13":9.25209,"04/14":9.25209,"04/15":9.250536,"04/16":9.247769,"04/17":9.2455635,"04/18":9.202575,"04/19":9.191904,"04/20":9.169355,"04/21":9.09907,"04/22":9.103526,"04/23":9.1065035,"04/24":8.973125,"04/25":8.90571,"04/26":8.856057,"04/27":8.802617,"04/28":8.755809,"04/29":8.759874,"04/30":8.759921,"05/01":8.759921,"05/02":8.687799,"05/03":8.515261,"05/04":8.437937,"05/05":8.437937,"05/06":8.44202,"05/07":8.440037,"05/08":8.390008,"05/09":8.400944,"05/10":8.374114,"05/11":8.369799,"05/12":8.267542,"05/13":8.270026,"05/14":8.272755,"05/15":8.20416,"05/16":8.171911,"05/17":8.1945305,"05/18":8.249594,"05/19":8.226368,"05/20":8.226368,"05/21":8.23011,"05/22":8.116687,"05/23":8.151782,"05/24":8.144698,"05/25":8.144698,"05/26":8.053872,"05/27":8.055614,"05/28":8.053102,"05/29":8.011991,"05/30":7.981551,"05/31":7.9695644,"06/01":7.9502354,"06/02":7.8853693,"06/03":7.9063,"06/04":7.872622,"06/05":7.8536425,"06/06":7.826025,"06/07":7.7682137,"06/08":7.8707438,"06/09":7.9305024,"06/10":7.9306107,"06/11":7.93312,"06/12":7.87258,"06/13":7.816947,"06/14":7.78881,"06/15":7.8519,"06/16":7.786118,"06/17":7.786118,"06/18":7.7905703,"06/19":7.809697,"06/20":7.789988,"06/21":7.8005667,"06/22":7.887628,"06/23":7.908219,"06/24":7.913312,"06/25":7.9160833,"06/26":7.874791,"06/27":7.8361354,"06/28":7.7058744,"06/29":7.7058744,"06/30":7.707495,"07/01":7.7121778,"07/02":7.7126007,"07/03":7.6875296,"07/04":7.684065,"07/05":7.6542664,"07/06":7.6602144,"07/07":7.6602144,"07/08":7.6630616,"07/09":7.6674542,"07/10":7.667184,"07/11":7.573227,"07/12":7.617636,"07/13":7.531797,"07/14":7.4768696,"07/15":7.4824257,"07/16":7.4824257,"07/17":7.368995,"07/18":7.3104362,"07/19":7.28141,"07/20":7.228483,"07/21":7.322645,"07/22":7.325732,"07/23":7.323592,"07/24":7.301158,"07/25":7.3247385,"07/26":7.2787642,"07/27":7.338446,"07/28":7.4090495,"07/29":7.4142756,"07/30":7.41041,"07/31":7.358278,"08/01":7.308616,"08/02":7.394452,"08/03":7.507407,"08/04":7.489538,"08/05":7.4816,"08/06":7.4784064,"08/07":7.413919,"08/08":7.3871098,"08/09":7.3529177,"08/10":7.366932,"08/11":7.4598308,"08/12":7.4614496,"08/13":7.4560637,"08/14":7.4471335,"08/15":7.4471335,"08/16":7.4602714,"08/17":7.5629625,"08/18":7.528688,"08/19":7.5349584,"08/20":7.545076,"08/21":7.478197,"08/22":7.4540467,"08/23":7.361217,"08/24":7.355793,"08/25":7.393225,"08/26":7.402658,"08/27":7.4033136,"08/28":7.316265,"08/29":7.2815886,"08/30":7.2647443,"08/31":7.2652864,"09/01":7.197124,"09/02":7.197868,"09/03":7.2014112,"09/04":7.154166,"09/05":7.1552486,"09/06":7.1685953,"09/07":7.062481,"09/08":7.036149,"09/09":7.041568,"09/10":7.047722,"09/11":7.0193915,"09/12":7.05234,"09/13":6.9601874,"09/14":6.8237443,"09/15":6.8532324,"09/16":6.865682,"09/17":6.865949,"09/18":6.8799267,"09/19":6.889401,"09/20":6.9419217,"09/21":6.999293,"09/22":7.0399537,"09/23":7.054101,"09/24":7.058543,"09/25":7.052848,"09/26":7.062987,"09/27":7.022919,"09/28":7.2113013,"09/29":7.2113013,"09/30":7.199139,"10/01":7.207198,"10/02":7.207198,"10/03":7.097479,"10/04":7.1245346,"10/05":7.031389,"10/06":7.2310452,"10/07":7.225107,"10/08":7.2441444,"10/09":7.3903017,"10/10":7.282293,"10/11":7.149706,"10/12":7.13447,"10/13":7.150251,"10/14":7.1620035,"10/15":7.1620035,"10/16":7.1620035,"10/17":7.1031804,"10/18":7.1914587,"10/19":7.2302346,"10/20":7.271798,"10/21":7.271798,"10/22":7.271798,"10/23":7.3825707,"10/24":7.3825707,"10/25":7.3737803,"10/26":7.491559,"10/27":7.37927,"10/28":7.37927,"10/29":7.37927,"10/30":7.328773,"10/31":7.3353586,"11/01":7.3660917,"11/02":7.2296867,"11/03":7.161458,"11/04":7.161458,"11/05":7.161458,"11/06":7.039595,"11/07":7.0032487,"11/08":6.954489,"11/09":6.9371767,"11/10":6.960989,"11/11":6.960989,"11/12":6.960989,"11/13":6.929605,"11/14":6.929605,"11/15":6.7189436,"11/16":6.666388,"11/17":6.6380024,"11/18":6.6380024,"11/19":6.6380024,"11/20":6.6964083,"11/21":6.67067,"11/22":6.6219482,"11/23":6.6294374,"11/24":6.6787095,"11/25":6.6787095,"11/26":6.6787095,"11/27":6.6787095,"11/28":6.616602,"11/29":6.497049,"11/30":6.4848,"12/01":6.449684,"12/02":6.449684,"12/03":6.449684,"12/04":6.236222,"12/05":6.1477103,"12/06":6.095681,"12/07":6.092532,"12/08":6.0841317,"12/09":6.0841317,"12/10":6.0841317,"12/11":6.068915,"12/12":6.106709,"12/13":6.0521364,"12/14":5.817733,"12/15":5.6420574,"12/16":5.6420574,"12/17":5.6420574,"12/18":5.609531,"12/19":5.583743,"12/20":5.69273,"12/21":5.6456738,"12/22":5.600242,"12/23":5.600242,"12/24":5.600242,"12/25":5.600242,"12/26":5.5440764,"12/27":5.4751816,"12/28":5.4300275,"12/29":5.391606,"12/30":5.391606,"12/31":5.391606},"2023":{"02/23":10.921001,"02/24":10.921001,"02/25":10.921001,"02/26":10.951004,"02/27":10.987997,"02/28":10.892,"03/01":11.266003,"03/02":11.266003,"03/03":11.266003,"03/04":11.379995,"03/05":11.372004,"03/06":11.496,"03/07":11.623001,"03/08":11.623001,"03/09":11.623001,"03/10":11.623001,"03/11":11.726999,"03/12":11.671,"03/13":11.379004,"03/14":11.472998,"03/15":11.341,"03/16":11.341,"03/17":11.341,"03/18":11.341,"03/19":11.0770035,"03/20":11.126003,"03/21":11.476002,"03/22":11.408997,"03/23":11.408997,"03/24":11.395632,"03/25":11.395632,"03/26":11.391637,"03/27":11.54949,"03/28":11.89625,"03/29":11.876122,"03/30":11.876122,"03/31":11.872735,"04/01":11.872735,"04/02":11.716956,"04/03":11.654399,"04/04":11.764182,"04/05":11.678555,"04/06":11.569473,"04/07":11.569473,"04/08":11.493717,"04/09":11.493717,"04/10":11.716019,"04/11":11.68598,"04/12":11.146951,"04/13":11.163539,"04/14":11.163539,"04/15":11.070955,"04/16":10.893753,"04/17":10.889341,"04/18":10.805299,"04/19":10.6534,"04/20":10.608301,"04/21":10.46773,"04/22":10.790413,"04/23":10.976074,"04/24":10.719876,"04/25":10.510174,"04/26":10.451196,"04/27":10.344315,"04/28":10.250699,"04/29":10.525955,"04/30":10.528918,"05/01":10.528918,"05/02":10.596263,"05/03":10.261656,"05/04":10.107008,"05/05":10.107008,"05/06":10.358084,"05/07":10.240389,"05/08":10.152661,"05/09":10.013043,"05/10":10.1057005,"05/11":10.097071,"05/12":9.892557,"05/13":10.0528965,"05/14":10.214225,"05/15":10.239027,"05/16":10.417534,"05/17":10.487112,"05/18":10.5972395,"05/19":10.550788,"05/20":10.550788,"05/21":10.722695,"05/22":10.720161,"05/23":10.790352,"05/24":11.08089,"05/25":11.08089,"05/26":10.899238,