{"0":{"01/01":5.9456663,"01/02":5.9222336,"01/03":5.844685,"01/04":5.7938566,"01/05":5.820256,"01/06":5.89802,"01/07":5.89802,"01/08":5.9006805,"01/09":5.7407084,"01/10":5.6431985,"01/11":5.5962625,"01/12":5.5557666,"01/13":5.470242,"01/14":5.470242,"01/15":5.4732757,"01/16":5.51559,"01/17":5.53338,"01/18":5.4981813,"01/19":5.3727307,"01/20":5.526802,"01/21":5.526802,"01/22":5.526802,"01/23":5.5390596,"01/24":5.532313,"01/25":5.5481625,"01/26":5.5481625,"01/27":5.7101736,"01/28":5.7101736,"01/29":5.7141953,"01/30":5.767382,"01/31":5.636612,"02/01":5.4711623,"02/02":5.407852,"02/03":5.351494,"02/04":5.351494,"02/05":5.3491106,"02/06":5.4032097,"02/07":5.374453,"02/08":5.4640746,"02/09":5.4961605,"02/10":5.502034,"02/11":5.502034,"02/12":5.504688,"02/13":5.4833636,"02/14":5.4816017,"02/15":5.431961,"02/16":5.373944,"02/17":5.4133925,"02/18":5.4133925,"02/19":5.4133925,"02/20":5.350498,"02/21":5.402566,"02/22":5.4752746,"02/23":5.3826833,"02/24":5.405632,"02/25":5.405632,"02/26":5.4090085,"02/27":5.4727273,"02/28":5.44758,"02/29":1.9140834,"03/01":5.408102,"03/02":5.412917,"03/03":5.377632,"03/04":5.381028,"03/05":5.382843,"03/06":5.3696556,"03/07":5.373341,"03/08":5.4650497,"03/09":5.4655876,"03/10":5.4210367,"03/11":5.4280767,"03/12":5.4271207,"03/13":5.2914157,"03/14":5.1961026,"03/15":5.1931143,"03/16":5.14902,"03/17":5.1299167,"03/18":5.1299167,"03/19":5.1238866,"03/20":5.0562043,"03/21":5.078139,"03/22":5.0733137,"03/23":5.025733,"03/24":4.9771852,"03/25":4.9771852,"03/26":4.9795876,"03/27":4.920747,"03/28":4.928865,"03/29":4.892405,"03/30":4.892405,"03/31":4.9086185,"04/01":4.9086185,"04/02":4.8934937,"04/03":4.865895,"04/04":4.8676863,"04/05":4.7344413,"04/06":4.649885,"04/07":4.649885,"04/08":4.641943,"04/09":4.641943,"04/10":4.6337767,"04/11":4.6426315,"04/12":4.6317196,"04/13":4.638981,"04/14":4.638981,"04/15":4.6425657,"04/16":4.63989,"04/17":4.6103277,"04/18":4.5557585,"04/19":4.5452647,"04/20":4.5261626,"04/21":4.4472995,"04/22":4.4525366,"04/23":4.456021,"04/24":4.3370624,"04/25":4.28962,"04/26":4.2905383,"04/27":4.269534,"04/28":4.2797775,"04/29":4.282148,"04/30":4.281835,"05/01":4.281835,"05/02":4.2387824,"05/03":4.068101,"05/04":4.0538125,"05/05":4.0538125,"05/06":4.06349,"05/07":4.0594397,"05/08":4.0622816,"05/09":4.0517817,"05/10":4.0086026,"05/11":3.9605672,"05/12":3.8291733,"05/13":3.8311834,"05/14":3.8347962,"05/15":3.8271008,"05/16":3.7391717,"05/17":3.7022336,"05/18":3.728114,"05/19":3.7769082,"05/20":3.7769082,"05/21":3.7830188,"05/22":3.712042,"05/23":3.7763314,"05/24":3.7133737,"05/25":3.7133737,"05/26":3.730718,"05/27":3.730718,"05/28":3.730718,"05/29":3.7710648,"05/30":3.738886,"05/31":3.6522436,"06/01":3.6278317,"06/02":3.643593,"06/03":3.643593,"06/04":3.643593,"06/05":3.6517344,"06/06":3.5892246,"06/07":3.578566,"06/08":3.6797335,"06/09":3.7414372,"06/10":3.7414372,"06/11":3.7414372,"06/12":3.6614022,"06/13":3.6181712,"06/14":3.6242735,"06/15":3.6802433,"06/16":3.7159224,"06/17":3.7159224,"06/18":3.7159224,"06/19":3.7230637,"06/20":3.7271464,"06/21":3.7317405,"06/22":3.8083975,"06/23":3.774643,"06/24":3.774643,"06/25":3.774643,"06/26":3.7337797,"06/27":3.7174547,"06/28":3.6894162,"06/29":3.6894162,"06/30":3.8401515,"07/01":3.8401515,"07/02":3.8401515,"07/03":3.816076,"07/04":3.826316,"07/05":3.7685063,"07/06":3.9032485,"07/07":3.9032485,"07/08":3.9032485,"07/09":3.9032485,"07/10":3.9032485,"07/11":3.639528,"07/12":3.7031767,"07/13":3.5349612,"07/14":3.570955,"07/15":3.570955,"07/16":3.570955,"07/17":3.4767625,"07/18":3.407095,"07/19":3.4414005,"07/20":3.4631178,"07/21":3.4696863,"07/22":3.4696863,"07/23":3.4696863,"07/24":3.3909628,"07/25":3.4848533,"07/26":3.4514983,"07/27":3.505086,"07/28":3.6502106,"07/29":3.6502106,"07/30":3.6502106,"07/31":3.6782079,"08/01":3.6085188,"08/02":3.60801,"08/03":3.7327573,"08/04":3.7200038,"08/05":3.7200038,"08/06":3.7200038,"08/07":3.6817737,"08/08":3.5866828,"08/09":3.5841465,"08/10":3.5000286,"08/11":3.61868,"08/12":3.61868,"08/13":3.61868,"08/14":3.6003904,"08/15":3.6003904,"08/16":3.6003904,"08/17":3.7450106,"08/18":3.6283407,"08/19":3.6283407,"08/20":3.6283407,"08/21":3.6069973,"08/22":3.5882077,"08/23":3.4706986,"08/24":3.4419057,"08/25":3.4803014,"08/26":3.4803014,"08/27":3.4803014,"08/28":3.355714,"08/29":3.3451486,"08/30":3.3637683,"08/31":3.3054428,"09/01":3.3159928,"09/02":3.3159928,"09/03":3.3159928,"09/04":3.366788,"09/05":3.369808,"09/06":3.3808875,"09/07":3.2622812,"09/08":3.322525,"09/09":3.322525,"09/10":3.322525,"09/11":3.4151645,"09/12":3.382401,"09/13":3.2858589,"09/14":3.0808718,"09/15":3.261779,"09/16":3.261779,"09/17":3.261779,"09/18":3.2041726,"09/19":3.2041726,"09/20":3.1746697,"09/21":3.1287265,"09/22":3.1591783,"09/23":3.1591783,"09/24":3.1591783,"09/25":3.136712,"09/26":3.1352127,"09/27":3.1926699,"09/28":3.4712048,"09/29":3.4712048,"09/30":3.4712048,"10/01":3.4712048,"10/02":3.4712048,"10/03":3.400542,"10/04":3.4272687,"10/05":3.3396182,"10/06":3.8053274,"10/07":3.8053274,"10/08":3.8053274,"10/09":3.8868208,"10/10":3.7991889,"10/11":3.6400325,"10/12":3.6252868,"10/13":3.64614,"10/14":3.64614,"10/15":3.64614,"10/16":3.6552963,"10/17":3.6146138,"10/18":3.6720934,"10/19":3.7179654,"10/20":3.6965506,"10/21":4.2493653,"10/22":4.2493653,"10/23":4.249595,"10/24":4.249595,"10/25":4.247989,"10/26":4.248736,"10/27":4.2480426,"10/28":4.2480426,"10/29":4.2480426,"10/30":4.2480083,"10/31":4.232001,"11/01":4.214085,"11/02":4.1976933,"11/03":4.1924367,"11/04":4.1871514,"11/05":4.1871514,"11/06":4.18681,"11/07":4.171121,"11/08":4.171066,"11/09":4.1611686,"11/10":4.156451,"11/11":4.1515193,"11/12":4.1515193,"11/13":4.1513095,"11/14":4.135442,"11/15":4.1304026,"11/16":4.1272645,"11/17":4.122183,"11/18":4.116872,"11/19":4.116872,"11/20":4.116514,"11/21":4.1005263,"11/22":4.0953074,"11/23":4.095375,"11/24":4.08358,"11/25":4.077944,"11/26":4.077944,"11/27":4.077944,"11/28":4.0611053,"11/29":4.0576534,"11/30":4.052967,"12/01":4.0480523,"12/02":4.049808,"12/03":4.049808,"12/04":4.049833,"12/05":4.0358486,"12/06":4.0315466,"12/07":4.026736,"12/08":4.025085,"12/09":4.068812,"12/10":4.068812,"12/11":4.068845,"12/12":4.040025,"12/13":4.0078845,"12/14":3.9759607,"12/15":4.0034466,"12/16":4.0105395,"12/17":4.0105395,"12/18":4.0112624,"12/19":4.005615,"12/20":4.009923,"12/21":3.9913719,"12/22":3.9916813,"12/23":3.994518,"12/24":3.994518,"12/25":3.994518,"12/26":3.9806335,"12/27":3.9719448,"12/28":3.9657242,"12/29":3.9630606,"12/30":3.9651883,"12/31":3.9651883},"2022":{"10/21":5.3549957,"10/22":5.3549957,"10/23":5.319996,"10/24":5.319996,"10/25":5.5980015,"10/26":5.458002,"10/27":5.586996,"10/28":5.586996,"10/29":5.586996,"10/30":5.593996,"10/31":5.6595025,"11/01":5.599682,"11/02":5.786958,"11/03":5.884999,"11/04":5.8691416,"11/05":5.8691416,"11/06":6.03386,"11/07":6.120019,"11/08":6.2248063,"11/09":6.243018,"11/10":5.9648447,"11/11":5.9500494,"11/12":5.9500494,"11/13":6.1275773,"11/14":6.0799747,"11/15":6.505666,"11/16":6.5200233,"11/17":6.6017556,"11/18":6.585823,"11/19":6.585823,"11/20":6.4084797,"11/21":6.269175,"11/22":6.3309703,"11/23":6.381756,"11/24":6.1686287,"11/25":6.1517196,"11/26":6.1517196,"11/27":6.1517196,"11/28":6.2263765,"11/29":6.2854342,"11/30":6.1354437,"12/01":5.997353,"12/02":6.0026207,"12/03":6.0026207,"12/04":6.1895885,"12/05":6.246768,"12/06":6.396052,"12/07":6.434911,"12/08":6.3173823,"12/09":6.448563,"12/10":6.448563,"12/11":6.4634895,"12/12":6.429387,"12/13":6.449334,"12/14":6.7608085,"12/15":7.116262,"12/16":7.1375394,"12/17":7.1375394,"12/18":7.2368665,"12/19":7.269408,"12/20":7.288148,"12/21":7.126693,"12/22":7.121793,"12/23":7.130303,"12/24":7.130303,"12/25":7.130303,"12/26":7.1760283,"12/27":7.077158,"12/28":7.0293436,"12/29":7.274426,"12/30":7.2808094,"12/31":7.2808094},"2023":{"01/01":7.098291,"01/02":6.994135,"01/03":6.8157096,"01/04":6.701416,"01/05":6.7542143,"01/06":6.9097414,"01/07":6.9097414,"01/08":7.1604824,"01/09":6.882137,"01/10":6.8348575,"01/11":6.825768,"01/12":6.7447762,"01/13":6.573727,"01/14":6.573727,"01/15":6.836205,