{"0":{"01/01":21.674484,"01/02":21.652594,"01/03":21.682997,"01/04":21.403925,"01/05":21.403925,"01/06":21.403925,"01/07":21.403925,"01/08":21.730436,"01/09":21.897396,"01/10":21.8035,"01/11":21.85714,"01/12":21.85714,"01/13":21.85714,"01/14":21.85714,"01/15":21.522673,"01/16":21.443895,"01/17":22.848116,"01/18":23.32344,"01/19":23.417192,"01/20":23.417192,"01/21":23.417192,"01/22":23.417192,"01/23":23.544933,"01/24":23.244799,"01/25":25.219574,"01/26":25.219574,"01/27":25.219574,"01/28":25.219574,"01/29":24.607006,"01/30":25.535883,"01/31":23.991566,"02/01":23.700573,"02/02":22.967232,"02/03":22.967232,"02/04":22.967232,"02/05":23.07164,"02/06":22.143196,"02/07":22.685959,"02/08":23.6566,"02/09":23.407183,"02/10":23.407183,"02/11":23.407183,"02/12":24.062315,"02/13":23.079102,"02/14":23.07164,"02/15":22.552588,"02/16":22.402287,"02/17":22.402287,"02/18":22.402287,"02/19":22.402287,"02/20":21.182802,"02/21":22.101551,"02/22":21.11409,"02/23":21.341017,"02/24":21.341017,"02/25":21.341017,"02/26":21.805939,"02/27":21.96334,"02/28":22.778744,"02/29":22.069715,"03/01":21.382145,"03/02":21.382145,"03/03":21.382145,"03/04":21.0876,"03/05":21.418463,"03/06":21.056292,"03/07":21.197285,"03/08":21.197285,"03/09":21.197285,"03/10":21.197285,"03/11":21.980448,"03/12":22.085636,"03/13":23.100248,"03/14":22.706984,"03/15":23.580044,"03/16":23.580044,"03/17":23.580044,"03/18":23.580044,"03/19":24.96126,"03/20":24.85234,"03/21":23.689259,"03/22":23.20115,"03/23":23.20115,"03/24":23.20115,"03/25":23.20115,"03/26":23.747093,"03/27":23.787346,"03/28":22.66618,"03/29":22.66618,"03/30":22.66618,"03/31":22.66248,"04/01":22.66248,"04/02":21.39909,"04/03":21.214178,"04/04":21.077967,"04/05":20.124702,"04/06":20.124702,"04/07":20.124702,"04/08":19.463493,"04/09":19.463493,"04/10":18.872156,"04/11":18.872156,"04/12":20.301552,"04/13":20.301552,"04/14":20.301552,"04/15":21.72922,"04/16":22.106445,"04/17":22.106445,"04/18":23.234818,"04/19":22.280584,"04/20":22.280584,"04/21":22.280584,"04/22":21.849825,"04/23":21.408773,"04/24":21.065922,"04/25":20.15672,"04/26":19.757256,"04/27":19.757256,"04/28":19.757256,"04/29":18.657846,"04/30":18.243,"05/01":18.243,"05/02":17.650015,"05/03":17.99891,"05/04":17.99891,"05/05":17.99891,"05/06":18.274012,"05/07":18.752743,"05/08":18.435078,"05/09":20.064299,"05/10":19.557343,"05/11":19.557343,"05/12":19.557343,"05/13":19.222527,"05/14":18.525007,"05/15":18.43163,"05/16":17.418558,"05/17":16.696054,"05/18":16.696054,"05/19":16.696054,"05/20":16.696054,"05/21":16.738577,"05/22":16.456083,"05/23":16.456083,"05/24":15.213055,"05/25":15.213055,"05/26":15.213055,"05/27":15.232677,"05/28":15.106313,"05/29":15.994549,"05/30":16.584324,"05/31":16.572039,"06/01":16.572039,"06/02":16.572039,"06/03":13.152982,"06/04":18.77244,"06/05":15.153125,"06/06":13.839593,"06/07":11.89061,"06/08":11.89061,"06/09":11.89061,"06/10":11.883413,"06/11":11.845384,"06/12":11.714026,"06/13":11.358465,"06/14":10.948505,"06/15":10.948505,"06/16":10.948505,"06/17":10.948505,"06/18":10.497419,"06/19":10.011202,"06/20":9.6812,"06/21":10.177447,"06/22":10.177447,"06/23":10.177447,"06/24":9.452454,"06/25":8.857475,"06/26":8.865263,"06/27":8.216016,"06/28":7.9311047,"06/29":7.9311047,"06/30":7.9311047,"07/01":6.905725,"07/02":7.123941,"07/03":5.8453345,"07/04":5.1914926,"07/05":5.243321,"07/06":5.243321,"07/07":5.243321,"07/08":4.746252,"07/09":4.1985416,"07/10":4.587002,"07/11":4.298511,"07/12":3.7625356,"07/13":3.7625356,"07/14":3.7625356,"07/15":3.2548087,"07/16":3.2548087,"07/17":3.2548087,"07/18":2.6645079,"07/19":3.114888,"07/20":3.114888,"07/21":3.114888,"07/22":2.6134558,"07/23":2.6792297,"07/24":2.6922214,"07/25":2.6922214,"07/26":1.3822306,"07/27":1.3822306,"07/28":1.3822306,"07/29":1.1892772,"07/30":1.2557592,"07/31":0.96189076,"08/01":1.1892772,"08/02":1.9202732,"08/03":1.9202732,"08/04":1.9202732,"08/05":4.2476172,"08/06":4.480203,"08/07":3.0250216,"08/08":3.2259145,"08/09":2.452858,"08/10":2.452858,"08/11":2.452858,"08/12":2.3503711,"08/13":3.5172899,"08/14":3.2416744,"08/15":3.2416744,"08/16":1.38054,"08/17":1.38054,"08/18":1.38054,"08/19":1.5411829,"08/20":0.81643116,"08/21":0.6888651,"08/22":0.48859635,"08/23":0.9217229,"08/24":0.9217229,"08/25":0.9217229,"08/26":0.3660002,"08/27":0.11841334,"08/28":0.08631211,"08/29":-0.2367991,"08/30":-0.5505185,"08/31":-0.5505185,"09/01":-0.5505185,"09/02":-1.3562372,"09/03":-1.5755188,"09/04":-1.3658242,"09/05":-1.3658242,"09/06":-0.41141877,"09/07":-0.41141877,"09/08":-0.41141877,"09/09":-0.38534912,"09/10":-0.6754545,"09/11":-0.33723795,"09/12":-1.2746485,"09/13":-1.107864,"09/14":-1.107864,"09/15":-1.107864,"09/16":-1.226598,"09/17":-1.347441,"09/18":-1.347441,"09/19":-1.8342185,"09/20":-3.0512445,"09/21":-3.0512445,"09/22":-3.0512445,"09/23":-3.6046546,"09/24":-3.4088829,"09/25":-3.7098546,"09/26":-4.40913,"09/27":-4.008199,"09/28":-4.008199,"09/29":-4.008199,"09/30":-3.140713,"10/01":-3.5007489,"10/02":-3.5007489,"10/03":-2.022225,"10/04":-1.0958133,"10/05":-1.0958133,"10/06":-1.0958133,"10/07":0.15217716,"10/08":-0.6122134,"10/09":-0.76612,"10/10":-1.5221857,"10/11":-1.2810533,"10/12":-1.2810533,"10/13":-1.2810533,"10/14":-1.6780522,"10/15":-1.6748794,"10/16":-1.3074573,"10/17":-0.41386572,"10/18":-0.61140096,"10/19":-0.61140096,"10/20":-0.61140096,"10/21":-0.33968857,"10/22":0.8256111,"10/23":0.8256111,"10/24":0.86904955,"10/25":1.2212473,"10/26":1.2212473,"10/27":1.2212473,"10/28":0.9870149,"10/29":0.0,"10/30":0.0,"10/31":0.0,"11/01":0.0,"11/02":0.0,"11/03":0.0,"11/04":0.0,"11/05":0.0,"11/06":0.0,"11/07":0.0,"11/08":0.0,"11/09":0.0,"11/10":0.0,"11/11":0.0,"11/12":0.0,"11/13":0.0,"11/14":0.0,"11/15":0.0,"11/16":0.0,"11/17":0.0,"11/18":0.0,"11/19":0.0,"11/20":0.0,"11/21":0.0,"11/22":0.0,"11/23":0.0,"11/24":0.0,"11/25":0.0,"11/26":0.0,"11/27":0.0,"11/28":0.0,"11/29":0.0,"11/30":0.0,"12/01":0.0,"12/02":0.0,"12/03":0.0,"12/04":0.0,"12/05":0.0,"12/06":0.0,"12/07":0.0,"12/08":0.0,"12/09":0.0,"12/10":0.0,"12/11":0.0,"12/12":0.0,"12/13":0.0,"12/14":0.0,"12/15":0.0,"12/16":0.0,"12/17":0.0,"12/18":0.0,"12/19":0.0,"12/20":0.0,"12/21":0.0,"12/22":0.0,"12/23":0.0,"12/24":0.0,"12/25":0.0,"12/26":10.878,"12/27":10.878,"12/28":10.878,"12/29":10.870089,"12/30":10.870089,"12/31":10.870089},"2023":{"12/26":21.756,"12/27":21.756,"12/28":21.756,"12/29":21.740177,"12/30":21.740177,"12/31":21.740177},"2024":{"01/01":21.674484,"01/02":21.652594,"01/03":21.682997,"01/04":21.403925,"01/05":21.403925,"01/06":21.403925,"01/07":21.403925,"01/08":21.730436,"01/09":21.897396,"01/10":21.8035,"01/11":21.85714,"01/12":21.85714,"01/13":21.85714,"01/14":21.85714,"01/15":21.522673,"01/16":21.443895,"01/17":22.848116,"01/18":23.32344,"01/19":23.417192,"01/20":23.417192,"01/21":23.417192,"01/22":23.417192,"01/23":23.544933,"01/24":23.244799,"01/25":25.219574,"01/26":25.219574,"01/27":25.219574,"01/28":25.219574,"01/29":24.607006,"01/30":25.535883,"01/31":23.991566,"02/01":23.700573,"02/02":22.967232,"02/03":22.967232,"02/04":22.967232,"02/05":23.07164,"02/06":22.143196,"02/07":22.685959,"02/08":23.6566,"02/09":23.407183,"02/10":23.407183,"02/11":23.407183,"02/12":24.062315,"02/13":23.079102,"02/14":23.07164,"02/15":22.552588,"02/16":22.402287,"02/17":22.402287,"02/18":22.402287,"02/19":22.402287,"02/20":21.182802,"02/21":22.101551,"02/22":21.11409,"02/23":21.341017,"02/24":21.341017,"02/25":21.341017,"02/26":21.805939,"02/27":21.96334,"02/28":22.778744,"02/29":22.069715,"03/01":21.382145,"03/02":21.382145,"03/03":21.382145,"03/04":21.0876,"03/05":21.418463,"03/06":21.056292,"03/07":21.197285,"03/08":21.197285,"03/09":21.197285,"03/10":21.197285,"03/11":21.980448,"03/12":22.085636,"03/13":23.100248,"03/14":22.706984,"03/15":23.580044,"03/16":23.580044,"03/17":23.580044,"03/18":23.580044,"03/19":24.96126,"03/20":24.85234,"03/21":23.689259,"03/22":23.20115,"03/23":23.20115,"03/24":23.20115,"03/25":23.20115,"03/26":23.747093,"03/27":23.787346,"03/28":22.66618,"03/29":22.66618,"03/30":22.66618,"03/31":22.66248,"04/01":22.66248,"04/02":21.39909,