"Month (MM)","Day (DD)","2023","Average Across Years"
12,26,1.3010025,1.3010025
12,27,1.3010025,1.3010025
12,28,1.3010025,1.3010025
12,29,1.3010025,1.3010025
12,30,1.3010025,1.3010025
12,31,1.3010025,1.3010025
