{"0":{"01/01":5.436001,"01/02":5.436001,"01/03":5.4212418,"01/04":5.4022765,"01/05":5.4022765,"01/06":5.4022765,"01/07":5.4022765,"01/08":5.330668,"01/09":5.314885,"01/10":5.302266,"01/11":5.2875447,"01/12":5.2875447,"01/13":5.2875447,"01/14":5.2875447,"01/15":5.213999,"01/16":5.196149,"01/17":5.182508,"01/18":5.1646786,"01/19":5.1457953,"01/20":5.1457953,"01/21":5.1457953,"01/22":5.1457953,"01/23":5.0713987,"01/24":5.0525594,"01/25":5.033726,"01/26":5.033726,"01/27":5.033726,"01/28":5.033726,"01/29":4.9615707,"01/30":4.9438167,"01/31":4.9250126,"02/01":4.906225,"02/02":4.887435,"02/03":4.887435,"02/04":4.887435,"02/05":4.8342547,"02/06":4.817577,"02/07":4.7998614,"02/08":4.7821617,"02/09":4.7655,"02/10":4.7655,"02/11":4.7655,"02/12":4.70932,"02/13":4.6906,"02/14":4.672937,"02/15":4.65423,"02/16":4.6376195,"02/17":4.6376195,"02/18":4.6376195,"02/19":4.6376195,"02/20":4.564978,"02/21":4.54631,"02/22":4.5286956,"02/23":4.513152,"02/24":4.513152,"02/25":4.513152,"02/26":4.459305,"02/27":4.44172,"02/28":4.4230957,"02/29":4.405523,"03/01":4.387946,"03/02":4.387946,"03/03":4.387946,"03/04":4.333204,"03/05":4.3166847,"03/06":4.3001714,"03/07":4.283663,"03/08":4.283663,"03/09":4.283663,"03/10":4.283663,"03/11":4.210481,"03/12":4.191949,"03/13":4.173423,"03/14":4.156955,"03/15":4.1394615,"03/16":4.1394615,"03/17":4.1394615,"03/18":4.1394615,"03/19":4.0675106,"03/20":4.0510855,"03/21":4.033628,"03/22":4.0151587,"03/23":4.0151587,"03/24":4.0151587,"03/25":4.0151587,"03/26":3.9413269,"03/27":3.923906,"03/28":3.9054756,"03/29":3.9054756,"03/30":3.9054756,"03/31":3.8410058,"04/01":3.8410058,"04/02":3.8123782,"04/03":3.7950006,"04/04":3.7755928,"04/05":3.7582276,"04/06":3.7582276,"04/07":3.7582276,"04/08":3.705165,"04/09":3.705165,"04/10":3.6694765,"04/11":3.6694765,"04/12":3.6327925,"04/13":3.6327925,"04/14":3.6327925,"04/15":3.579848,"04/16":3.5595024,"04/17":3.5595024,"04/18":3.5218782,"04/19":3.50359,"04/20":3.50359,"04/21":3.50359,"04/22":3.4517941,"04/23":3.4335308,"04/24":3.4162798,"04/25":3.3980289,"04/26":3.3797748,"04/27":3.3797748,"04/28":3.3797748,"04/29":3.3240564,"04/30":3.305838,"05/01":3.305838,"05/02":3.269411,"05/03":3.2522147,"05/04":3.2522147,"05/05":3.2522147,"05/06":3.20067,"05/07":3.182495,"05/08":3.1653278,"05/09":3.1471653,"05/10":3.1290092,"05/11":3.1290092,"05/12":3.1290092,"05/13":3.0745604,"05/14":3.0564299,"05/15":3.038296,"05/16":3.0201783,"05/17":3.003065,"05/18":3.003065,"05/19":3.003065,"05/20":3.003065,"05/21":2.929666,"05/22":2.910571,"05/23":2.910571,"05/24":2.8734264,"05/25":2.8734264,"05/26":2.8734264,"05/27":2.819247,"05/28":2.801206,"05/29":2.7831717,"05/30":2.7661371,"05/31":2.749108,"06/01":2.749108,"06/02":2.749108,"06/03":2.6940672,"06/04":2.6770716,"06/05":2.660072,"06/06":2.642087,"06/07":2.6230986,"06/08":2.6230986,"06/09":2.6230986,"06/10":2.5671935,"06/11":2.549241,"06/12":2.5312855,"06/13":2.5143435,"06/14":2.4964,"06/15":2.4964,"06/16":2.4964,"06/17":2.4964,"06/18":2.423721,"06/19":2.4058094,"06/20":2.3879135,"06/21":2.3700142,"06/22":2.3700142,"06/23":2.3700142,"06/24":2.3153787,"06/25":2.2975142,"06/26":2.2806401,"06/27":2.263781,"06/28":2.2449322,"06/29":2.2449322,"06/30":2.2449322,"07/01":2.1874645,"07/02":2.1666706,"07/03":2.146876,"07/04":2.129061,"07/05":2.1112616,"07/06":2.1112616,"07/07":2.1112616,"07/08":2.0588708,"07/09":2.0420847,"07/10":2.0243063,"07/11":2.0065434,"07/12":1.9887772,"07/13":1.9887772,"07/14":1.9887772,"07/15":1.9355346,"07/16":1.9355346,"07/17":1.9355346,"07/18":1.8833333,"07/19":1.8656101,"07/20":1.8656101,"07/21":1.8656101,"07/22":1.8115115,"07/23":1.7928386,"07/24":1.7751467,"07/25":1.7751467,"07/26":1.7378342,"07/27":1.7378342,"07/28":1.7378342,"07/29":1.685826,"07/30":1.6681806,"07/31":1.6495508,"08/01":1.6319181,"08/02":1.6142915,"08/03":1.6142915,"08/04":1.6142915,"08/05":1.5604502,"08/06":1.5428483,"08/07":1.5252527,"08/08":1.5076537,"08/09":1.4900702,"08/10":1.4900702,"08/11":1.4900702,"08/12":1.4353926,"08/13":1.4188017,"08/14":1.4012489,"08/15":1.4012489,"08/16":1.3651766,"08/17":1.3651766,"08/18":1.3651766,"08/19":1.3106333,"08/20":1.2931087,"08/21":1.2746253,"08/22":1.2561487,"08/23":1.2386429,"08/24":1.2386429,"08/25":1.2386429,"08/26":1.1852081,"08/27":1.167736,"08/28":1.1492893,"08/29":1.1318296,"08/30":1.1143761,"08/31":1.1143761,"09/01":1.1143761,"09/02":1.0601023,"09/03":1.040725,"09/04":1.0233029,"09/05":1.0233029,"09/06":0.98846745,"09/07":0.98846745,"09/08":0.98846745,"09/09":0.93432873,"09/10":0.9169433,"09/11":0.8995546,"09/12":0.8812146,"09/13":0.86383826,"09/14":0.86383826,"09/15":0.86383826,"09/16":0.80887705,"09/17":0.7905608,"09/18":0.7905608,"09/19":0.75396657,"09/20":0.7347157,"09/21":0.7347157,"09/22":0.7347157,"09/23":0.67892325,"09/24":0.659701,"09/25":0.6404861,"09/26":0.62319255,"09/27":0.6049529,"09/28":0.6049529,"09/29":0.6049529,"09/30":0.549304,"10/01":0.51671374,"10/02":0.51671374,"10/03":0.47456515,"10/04":0.44872165,"10/05":0.44872165,"10/06":0.44872165,"10/07":0.3913402,"10/08":0.37317532,"10/09":0.35502613,"10/10":0.33401516,"10/11":0.31588012,"10/12":0.31588012,"10/13":0.31588012,"10/14":0.26055056,"10/15":0.24434169,"10/16":0.22814715,"10/17":0.21005037,"10/18":0.19385783,"10/19":0.19385783,"10/20":0.19385783,"10/21":0.14056751,"10/22":0.12250233,"10/23":0.10824161,"10/24":0.089236654,"10/25":0.07213203,"10/26":0.07213203,"10/27":0.07213203,"10/28":0.01707998,"10/29":0.0,"10/30":0.0,"10/31":0.0,"11/01":0.0,"11/02":0.0,"11/03":0.0,"11/04":0.0,"11/05":0.0,"11/06":0.0,"11/07":0.0,"11/08":0.0,"11/09":0.0,"11/10":0.0,"11/11":0.0,"11/12":0.0,"11/13":0.0,"11/14":0.0,"11/15":0.0,"11/16":0.0,"11/17":0.0,"11/18":0.0,"11/19":0.0,"11/20":0.0,"11/21":0.0,"11/22":0.0,"11/23":0.0,"11/24":0.0,"11/25":0.0,"11/26":0.0,"11/27":0.0,"11/28":0.0,"11/29":0.0,"11/30":0.0,"12/01":0.0,"12/02":0.0,"12/03":0.0,"12/04":0.0,"12/05":0.0,"12/06":0.0,"12/07":0.0,"12/08":0.0,"12/09":0.0,"12/10":0.0,"12/11":0.0,"12/12":0.0,"12/13":0.0,"12/14":0.0,"12/15":0.0,"12/16":0.0,"12/17":0.0,"12/18":0.0,"12/19":0.0,"12/20":0.0,"12/21":0.0,"12/22":0.0,"12/23":0.0,"12/24":0.0,"12/25":0.0,"12/26":2.7180004,"12/27":2.7180004,"12/28":2.7180004,"12/29":2.7180004,"12/30":2.7180004,"12/31":2.7180004},"2023":{"12/26":5.436001,"12/27":5.436001,"12/28":5.436001,"12/29":5.436001,"12/30":5.436001,"12/31":5.436001},"2024":{"01/01":5.436001,"01/02":5.436001,"01/03":5.4212418,"01/04":5.4022765,"01/05":5.4022765,"01/06":5.4022765,"01/07":5.4022765,"01/08":5.330668,"01/09":5.314885,"01/10":5.302266,"01/11":5.2875447,"01/12":5.2875447,"01/13":5.2875447,"01/14":5.2875447,"01/15":5.213999,"01/16":5.196149,"01/17":5.182508,"01/18":5.1646786,"01/19":5.1457953,"01/20":5.1457953,"01/21":5.1457953,"01/22":5.1457953,"01/23":5.0713987,"01/24":5.0525594,"01/25":5.033726,"01/26":5.033726,"01/27":5.033726,"01/28":5.033726,"01/29":4.9615707,"01/30":4.9438167,"01/31":4.9250126,"02/01":4.906225,"02/02":4.887435,"02/03":4.887435,"02/04":4.887435,"02/05":4.8342547,"02/06":4.817577,"02/07":4.7998614,"02/08":4.7821617,"02/09":4.7655,"02/10":4.7655,"02/11":4.7655,"02/12":4.70932,"02/13":4.6906,"02/14":4.672937,"02/15":4.65423,"02/16":4.6376195,"02/17":4.6376195,"02/18":4.6376195,"02/19":4.6376195,"02/20":4.564978,"02/21":4.54631,"02/22":4.5286956,"02/23":4.513152,"02/24":4.513152,"02/25":4.513152,"02/26":4.459305,"02/27":4.44172,"02/28":4.4230957,"02/29":4.405523,"03/01":4.387946,"03/02":4.387946,"03/03":4.387946,"03/04":4.333204,"03/05":4.3166847,"03/06":4.3001714,"03/07":4.283663,"03/08":4.283663,"03/09":4.283663,"03/10":4.283663,"03/11":4.210481,"03/12":4.191949,"03/13":4.173423,"03/14":4.156955,"03/15":4.1394615,"03/16":4.1394615,"03/17":4.1394615,"03/18":4.1394615,"03/19":4.0675106,"03/20":4.0510855,"03/21":4.033628,"03/22":4.0151587,"03/23":4.0151587,"03/24":4.0151587,"03/25":4.0151587,"03/26":3.9413269,"03/27":3.923906,"03/28":3.9054756,"03/29":3.9054756,"03/30":3.9054756,"03/31":3.8410058,"04/01":3.8410058,"04/02":3.8123782,"04/03":3.7950006,"04/04":3.7755928,"04/05":3.7582276,"04/06":3.7582276,