"Month (MM)","Day (DD)","2023","Average Across Years"
12,26,0.23400307,0.23400307
12,27,0.23400307,0.23400307
12,28,0.23400307,0.23400307
12,29,0.21997233,0.21997233
12,30,0.21997233,0.21997233
12,31,0.21997233,0.21997233
