{"0":{"01/01":6.2740335,"01/02":6.2741413,"01/03":6.2667894,"01/04":6.2571898,"01/05":6.2571898,"01/06":6.257436,"01/07":6.2575326,"01/08":6.221352,"01/09":6.213399,"01/10":6.207062,"01/11":6.199602,"01/12":6.199602,"01/13":6.199904,"01/14":6.2000175,"01/15":6.1628356,"01/16":6.1539054,"01/17":6.1471176,"01/18":6.13807,"01/19":6.1284876,"01/20":6.1288204,"01/21":6.1289425,"01/22":6.1290674,"01/23":6.0913773,"01/24":6.08193,"01/25":6.0723615,"01/26":6.0723615,"01/27":6.072728,"01/28":6.0728774,"01/29":6.0363355,"01/30":6.027448,"01/31":6.0180273,"02/01":6.008469,"02/02":5.998909,"02/03":5.999318,"02/04":5.9994736,"02/05":5.9725814,"02/06":5.9642916,"02/07":5.9554515,"02/08":5.9464335,"02/09":5.9379444,"02/10":5.9384184,"02/11":5.938566,"02/12":5.9101095,"02/13":5.9007783,"02/14":5.8919287,"02/15":5.8823843,"02/16":5.8739095,"02/17":5.8744173,"02/18":5.8744173,"02/19":5.8744173,"02/20":5.837837,"02/21":5.8284655,"02/22":5.8194666,"02/23":5.8115273,"02/24":5.812091,"02/25":5.812312,"02/26":5.7847834,"02/27":5.7761564,"02/28":5.7667775,"02/29":6.802859,"03/01":5.7487993,"03/02":5.7487993,"03/03":5.749382,"03/04":5.721367,"03/05":5.7132916,"03/06":5.705041,"03/07":5.6967726,"03/08":5.6967726,"03/09":5.6967726,"03/10":5.6973324,"03/11":5.660036,"03/12":5.6506977,"03/13":5.6413946,"03/14":5.6329527,"03/15":5.6239853,"03/16":5.6239853,"03/17":5.6248946,"03/18":5.625088,"03/19":5.5883613,"03/20":5.580158,"03/21":5.5714025,"03/22":5.561921,"03/23":5.561921,"03/24":5.562703,"03/25":5.563103,"03/26":5.5254793,"03/27":5.5168543,"03/28":5.507392,"03/29":5.507392,"03/30":5.507392,"03/31":5.476216,"04/01":5.476216,"04/02":5.461998,"04/03":5.453883,"04/04":5.444558,"04/05":5.4356065,"04/06":5.4356065,"04/07":5.4364595,"04/08":5.4092493,"04/09":5.409616,"04/10":5.3912015,"04/11":5.391914,"04/12":5.3729773,"04/13":5.3729773,"04/14":5.3729773,"04/15":5.3456473,"04/16":5.336579,"04/17":5.336826,"04/18":5.3173842,"04/19":5.3079343,"04/20":5.3079343,"04/21":5.3090534,"04/22":5.282271,"04/23":5.272827,"04/24":5.26477,"04/25":5.2556148,"04/26":5.24617,"04/27":5.24617,"04/28":5.247009,"04/29":5.2183914,"04/30":5.2089586,"05/01":5.2089586,"05/02":5.1900992,"05/03":5.181196,"05/04":5.181196,"05/05":5.182911,"05/06":5.156532,"05/07":5.1474285,"05/08":5.1387806,"05/09":5.129599,"05/10":5.120184,"05/11":5.120184,"05/12":5.120184,"05/13":5.091949,"05/14":5.084201,"05/15":5.075152,"05/16":5.0660596,"05/17":5.057174,"05/18":5.057174,"05/19":5.0582147,"05/20":5.0586104,"05/21":5.020847,"05/22":5.011407,"05/23":5.0118613,"05/24":4.9925485,"05/25":4.9925485,"05/26":4.9936113,"05/27":4.965851,"05/28":4.9567966,"05/29":4.9477835,"05/30":4.939253,"05/31":4.9303875,"06/01":4.9303875,"06/02":4.9314656,"06/03":4.9031577,"06/04":4.894304,"06/05":4.8861914,"06/06":4.8772035,"06/07":4.867306,"06/08":4.867306,"06/09":4.8692102,"06/10":4.8404627,"06/11":4.8314137,"06/12":4.8222833,"06/13":4.8136406,"06/14":4.804275,"06/15":4.804275,"06/16":4.805222,"06/17":4.805466,"06/18":4.7678733,"06/19":4.7588615,"06/20":4.749898,"06/21":4.7405457,"06/22":4.7405457,"06/23":4.741592,"06/24":4.7134223,"06/25":4.7044735,"06/26":4.6958776,"06/27":4.6870604,"06/28":4.677203,"06/29":4.677203,"06/30":4.677203,"07/01":4.647149,"07/02":4.6362734,"07/03":4.625922,"07/04":4.616605,"07/05":4.607296,"07/06":4.607296,"07/07":4.607296,"07/08":4.584903,"07/09":4.5764294,"07/10":4.567371,"07/11":4.558406,"07/12":4.549091,"07/13":4.549091,"07/14":4.5500994,"07/15":4.522632,"07/16":4.522941,"07/17":4.5233407,"07/18":4.4963446,"07/19":4.4870415,"07/20":4.4870415,"07/21":4.4880905,"07/22":4.4600177,"07/23":4.4505687,"07/24":4.441634,"07/25":4.4419723,"07/26":4.4223685,"07/27":4.4223685,"07/28":4.4234543,"07/29":4.3964796,"07/30":4.387543,"07/31":4.378021,"08/01":4.3691587,"08/02":4.359888,"08/03":4.359888,"08/04":4.361058,"08/05":4.33312,"08/06":4.3242254,"08/07":4.315334,"08/08":4.306463,"08/09":4.297206,"08/10":4.297206,"08/11":4.2983246,"08/12":4.2698755,"08/13":4.2615333,"08/14":4.252707,"08/15":4.252707,"08/16":4.2336993,"08/17":4.2336993,"08/18":4.2353525,"08/19":4.2070208,"08/20":4.1981835,"08/21":4.1888638,"08/22":4.1795225,"08/23":4.1702867,"08/24":4.1702867,"08/25":4.171491,"08/26":4.1436234,"08/27":4.1344,"08/28":4.125361,"08/29":4.1164074,"08/30":4.10719,"08/31":4.10719,"09/01":4.108334,"09/02":4.079976,"09/03":4.0700054,"09/04":4.0611396,"09/05":4.0614824,"09/06":4.04307,"09/07":4.04307,"09/08":4.04307,"09/09":4.0159883,"09/10":4.0070643,"09/11":3.9981375,"09/12":3.988756,"09/13":3.9795635,"09/14":3.9795635,"09/15":3.9806767,"09/16":3.951935,"09/17":3.942661,"09/18":3.9430342,"09/19":3.9240818,"09/20":3.9138875,"09/21":3.9138875,"09/22":3.9145355,"09/23":3.885233,"09/24":3.867632,"09/25":3.871026,"09/26":3.8557856,"09/27":3.8461235,"09/28":3.8461235,"09/29":3.854304,"09/30":3.8412025,"10/01":3.8289886,"10/02":3.8289886,"10/03":3.8064528,"10/04":3.7926345,"10/05":3.7926345,"10/06":3.7863636,"10/07":3.764431,"10/08":3.760062,"10/09":3.7487018,"10/10":3.7374485,"10/11":3.7277358,"10/12":3.7277358,"10/13":3.7277358,"10/14":3.698102,"10/15":3.689421,"10/16":3.680747,"10/17":3.6710546,"10/18":3.6623824,"10/19":3.6623824,"10/20":3.6623824,"10/21":3.6338408,"10/22":3.6241653,"10/23":3.6165273,"10/24":3.6063488,"10/25":3.5971878,"10/26":3.5971878,"10/27":3.5971878,"10/28":3.5677028,"10/29":3.5585551,"10/30":3.5585551,"10/31":3.538245,"11/01":3.538245,"11/02":3.538245,"11/03":3.538245,"11/04":3.498682,"11/05":3.4875336,"11/06":3.4753752,"11/07":3.464743,"11/08":3.4546218,"11/09":3.4546218,"11/10":3.4546218,"11/11":3.426301,"11/12":3.4167001,"11/13":3.4071028,"11/14":3.3970034,"11/15":3.3970034,"11/16":3.3970034,"11/17":3.3970034,"11/18":3.3576488,"11/19":3.3480678,"11/20":3.3480678,"11/21":3.3279173,"11/22":3.3193552,"11/23":3.3193552,"11/24":3.3193552,"11/25":3.2911773,"11/26":3.281122,"11/27":3.2720764,"11/28":3.262531,"11/29":3.2539902,"11/30":3.2539902,"12/01":3.2539902,"12/02":3.223872,"12/03":3.2133396,"12/04":3.204819,"12/05":3.1947958,"12/06":3.1847768,"12/07":3.1847768,"12/08":3.1847768,"12/09":3.1542358,"12/10":3.1447327,"12/11":3.135233,"12/12":3.1262321,"12/13":3.1177392,"12/14":3.1177392,"12/15":3.1177392,"12/16":3.1177392,"12/17":3.079295,"12/18":3.0698135,"12/19":3.06084,"12/20":3.0523634,"12/21":3.0523634,"12/22":3.0523634,"12/23":3.0239685,"12/24":3.0184944,"12/25":3.0184944,"12/26":4.1823688,"12/27":4.1823993,"12/28":4.1823993,"12/29":4.1823993,"12/30":4.1825175,"12/31":4.1825657},"2023":{"12/26":6.534996,"12/27":6.5530014,"12/28":6.5530014,"12/29":6.5530014,"12/30":6.6139984,"12/31":6.636},"2024":{"01/01":6.6870027,"01/02":6.7140007,"01/03":6.727059,"01/04":6.707859,"01/05":6.707859,"01/06":6.7628393,"01/07":6.782832,"01/08":6.7302628,"01/09":6.7232633,"01/10":6.7224574,"01/11":6.7075377,"01/12":6.7075377,"01/13":6.7674584,"01/14":6.788429,"01/15":6.735789,"01/16":6.7406216,"01/17":6.750727,"01/18":6.7326317,"01/19":6.7134666,"01/20":6.7713103,"01/21":6.7912536,"01/22":6.811197,"01/23":6.7515693,"01/24":6.752354,"01/25":6.7332163,"01/26":6.7332163,"01/27":6.7900004,"01/28":6.8119173,"01/29":6.7604427,"01/30":6.763286,"01/31":6.765054,"02/01":6.745938,"02/02":6.726818,"02/03":6.7845087,"02/04":6.8053994,"02/05":6.776109,"02/06":6.785963,"02/07":6.791774,"02/08":6.773738,"02/09":6.7567596,"02/10":6.8163743,"02/11":6.834255,"02/12":6.7998095,"02/13":6.806529,"02/14":6.8073783,"02/15":6.7882895,"02/16":6.7713404,"02/17":6.8298883,"02/18":6.8298883,"02/19":6.8298883,"02/20":6.812256,"02/21":6.81104,"02/22":6.793043,"02/23":6.7771635,"02/24":6.8376265,"02/25":6.860428,"02/26":6.8053713,"02/27":6.825027,"02/28":6.820835,"02/29":6.802859,"03/01":6.7848783,"03/02":6.7848783,"03/03":6.843296,"03/04":6.7872663,"03/05":6.807949,"03/06":6.8108335,"03/07":6.8117275,"03/08":6.8117275,"03/09":6.8117275,"03/10":6.8641443,"03/11":6.807937,"03/12":6.8037667,"03/13":6.802557,"03/14":6.7856736,"03/15":6.767739,"03/16":6.767739,"03/17":6.8497167,"03/18":6.8665113,"03/19":6.80945,"03/20":6.812328,"03/21":6.812173,