{"0":{"01/01":25.279781,"01/02":24.500645,"01/03":23.838322,"01/04":26.11432,"01/05":26.166277,"01/06":27.053617,"01/07":27.053617,"01/08":25.937416,"01/09":24.717625,"01/10":26.123814,"01/11":26.640926,"01/12":26.731033,"01/13":26.148806,"01/14":26.148806,"01/15":28.695812,"01/16":28.570303,"01/17":24.917044,"01/18":23.709743,"01/19":25.21136,"01/20":25.832033,"01/21":25.832033,"01/22":25.832033,"01/23":22.89421,"01/24":24.491768,"01/25":25.702362,"01/26":25.702362,"01/27":27.200058,"01/28":27.200058,"01/29":29.538074,"01/30":28.537945,"01/31":29.15203,"02/01":28.820955,"02/02":29.568335,"02/03":27.988531,"02/04":27.988531,"02/05":27.965929,"02/06":29.320786,"02/07":29.69133,"02/08":28.324444,"02/09":28.068869,"02/10":28.188408,"02/11":28.188408,"02/12":26.452354,"02/13":27.570833,"02/14":27.905313,"02/15":28.186895,"02/16":28.57253,"02/17":29.156126,"02/18":29.156126,"02/19":29.156126,"02/20":30.618044,"02/21":29.744265,"02/22":32.607204,"02/23":32.931797,"02/24":33.337334,"02/25":33.337334,"02/26":32.84521,"02/27":33.732193,"02/28":32.780033,"03/01":34.32517,"03/02":35.18266,"03/03":33.55948,"03/04":34.60501,"03/05":34.4916,"03/06":33.87824,"03/07":34.33937,"03/08":33.88759,"03/09":35.08662,"03/10":36.161037,"03/11":35.114944,"03/12":34.673634,"03/13":33.67501,"03/14":35.6346,"03/15":35.317055,"03/16":35.005283,"03/17":34.2806,"03/18":34.2806,"03/19":32.862766,"03/20":34.007175,"03/21":34.911,"03/22":35.380222,"03/23":35.62787,"03/24":36.5067,"03/25":36.5067,"03/26":36.304077,"03/27":36.6822,"03/28":38.28921,"03/29":37.222652,"03/30":37.222652,"03/31":35.27285,"04/01":35.27285,"04/02":36.833736,"04/03":36.72339,"04/04":37.123444,"04/05":36.17327,"04/06":35.764236,"04/07":35.764236,"04/08":36.787712,"04/09":36.787712,"04/10":36.57851,"04/11":35.92516,"04/12":35.28867,"04/13":35.08801,"04/14":35.08801,"04/15":35.08801,"04/16":35.08801,"04/17":35.465908,"04/18":35.582104,"04/19":35.95875,"04/20":35.89158,"04/21":36.00177,"04/22":36.00177,"04/23":36.00177,"04/24":35.20887,"04/25":34.939556,"04/26":34.48694,"04/27":33.918564,"04/28":32.57721,"04/29":32.57721,"04/30":32.57721,"05/01":32.57721,"05/02":31.98176,"05/03":32.1225,"05/04":31.153559,"05/05":31.153559,"05/06":31.153559,"05/07":31.153559,"05/08":30.78686,"05/09":30.812986,"05/10":30.255442,"05/11":30.166676,"05/12":30.228306,"05/13":30.228306,"05/14":30.228306,"05/15":29.648827,"05/16":29.966162,"05/17":30.591875,"05/18":31.167313,"05/19":31.033585,"05/20":31.033585,"05/21":31.033585,"05/22":30.334448,"05/23":30.106333,"05/24":30.29493,"05/25":30.29493,"05/26":28.79646,"05/27":28.79646,"05/28":28.79646,"05/29":28.178234,"05/30":28.067236,"05/31":28.321756,"06/01":28.50641,"06/02":27.9588,"06/03":27.9588,"06/04":27.9588,"06/05":27.685545,"06/06":27.57184,"06/07":26.668264,"06/08":27.302593,"06/09":27.690292,"06/10":27.690292,"06/11":27.690292,"06/12":27.433538,"06/13":26.571495,"06/14":26.211401,"06/15":26.349396,"06/16":25.281261,"06/17":25.281261,"06/18":25.281261,"06/19":25.76703,"06/20":25.34635,"06/21":25.1103,"06/22":25.898289,"06/23":26.649597,"06/24":26.649597,"06/25":26.649597,"06/26":26.30646,"06/27":25.693466,"06/28":24.709812,"06/29":24.709812,"06/30":23.467035,"07/01":23.467035,"07/02":23.467035,"07/03":22.522161,"07/04":22.633596,"07/05":22.316204,"07/06":21.657238,"07/07":21.657238,"07/08":21.657238,"07/09":21.657238,"07/10":21.657238,"07/11":21.650784,"07/12":21.749865,"07/13":22.17385,"07/14":21.338451,"07/15":21.338451,"07/16":21.338451,"07/17":20.535513,"07/18":20.408873,"07/19":19.762953,"07/20":18.89426,"07/21":19.59215,"07/22":19.59215,"07/23":19.59215,"07/24":19.90705,"07/25":19.648342,"07/26":19.06101,"07/27":19.531868,"07/28":19.142498,"07/29":19.142498,"07/30":19.142498,"07/31":18.146595,"08/01":18.45392,"08/02":19.8851,"08/03":20.549248,"08/04":19.844358,"08/05":19.844358,"08/06":19.844358,"08/07":19.371052,"08/08":19.480984,"08/09":18.929226,"08/10":19.547445,"08/11":20.206806,"08/12":20.206806,"08/13":20.206806,"08/14":20.436295,"08/15":20.436295,"08/16":20.436295,"08/17":20.788534,"08/18":21.144978,"08/19":21.144978,"08/20":21.144978,"08/21":20.540792,"08/22":20.233076,"08/23":19.857937,"08/24":20.037874,"08/25":21.055403,"08/26":21.055403,"08/27":21.055403,"08/28":20.696304,"08/29":20.51017,"08/30":20.418364,"08/31":20.728094,"09/01":19.552649,"09/02":19.552649,"09/03":19.552649,"09/04":18.80901,"09/05":18.39477,"09/06":18.23903,"09/07":17.461409,"09/08":16.794056,"09/09":16.794056,"09/10":16.794056,"09/11":15.843689,"09/12":17.272694,"09/13":17.279968,"09/14":17.280476,"09/15":17.278702,"09/16":17.280495,"09/17":17.280495,"09/18":17.274849,"09/19":17.24219,"09/20":16.616089,"09/21":16.889729,"09/22":16.67689,"09/23":17.38127,"09/24":17.38127,"09/25":17.380863,"09/26":18.168407,"09/27":18.405937,"09/28":18.73611,"09/29":18.902336,"09/30":18.253714,"10/01":18.253714,"10/02":18.253714,"10/03":18.829296,"10/04":17.600868,"10/05":17.59784,"10/06":17.462065,"10/07":17.531769,"10/08":17.531769,"10/09":17.540468,"10/10":17.818274,"10/11":18.650852,"10/12":18.19305,"10/13":18.590302,"10/14":18.086685,"10/15":18.086685,"10/16":18.086563,"10/17":17.682817,"10/18":17.045607,"10/19":16.998167,"10/20":16.864834,"10/21":16.999254,"10/22":16.999254,"10/23":17.044064,"10/24":17.044064,"10/25":16.856472,"10/26":16.93209,"10/27":16.617558,"10/28":16.49336,"10/29":16.49336,"10/30":16.47089,"10/31":15.807718,"11/01":15.444029,"11/02":15.601414,"11/03":15.583601,"11/04":15.489578,"11/05":15.489578,"11/06":15.4535675,"11/07":15.269217,"11/08":15.257708,"11/09":15.375419,"11/10":15.734806,"11/11":15.023996,"11/12":15.023996,"11/13":15.015273,"11/14":15.116973,"11/15":14.878231,"11/16":14.826475,"11/17":15.02384,"11/18":15.219102,"11/19":15.219102,"11/20":15.221638,"11/21":15.648962,"11/22":15.357111,"11/23":15.356351,"11/24":14.672977,"11/25":14.646185,"11/26":14.646185,"11/27":14.646185,"11/28":14.496082,"11/29":14.361769,"11/30":13.934027,"12/01":13.747726,"12/02":14.030235,"12/03":14.030235,"12/04":14.037833,"12/05":14.016375,"12/06":14.212695,"12/07":14.413544,"12/08":14.24414,"12/09":14.501004,"12/10":14.501004,"12/11":14.514162,"12/12":14.535616,"12/13":14.265318,"12/14":14.101809,"12/15":14.911539,"12/16":15.471205,"12/17":15.471205,"12/18":15.475702,"12/19":14.961975,"12/20":15.014283,"12/21":15.656643,"12/22":15.910698,"12/23":17.03504,"12/24":17.03504,"12/25":17.03504,"12/26":16.362503,"12/27":16.06435,"12/28":16.124302,"12/29":15.947958,"12/30":16.22209,"12/31":16.22209},"2022":{"09/12":17.893,"09/13":18.464914,"09/14":18.812813,"09/15":19.207315,"09/16":19.210897,"09/17":19.210897,"09/18":18.824928,"09/19":18.75961,"09/20":16.15775,"09/21":15.816298,"09/22":15.166574,"09/23":16.575333,"09/24":16.575333,"09/25":16.636442,"09/26":18.166874,"09/27":19.1384,"09/28":18.459633,"09/29":18.792084,"09/30":17.49484,"10/01":17.49484,"10/02":17.49484,"10/03":19.088253,"10/04":15.9704,"10/05":16.202654,"10/06":16.63222,"10/07":16.771626,"10/08":16.771626,"10/09":15.920884,"10/10":17.489952,"10/11":19.743898,"10/12":18.853418,"10/13":19.395258,"10/14":18.388023,"10/15":18.388023,"10/16":18.33631,"10/17":17.962378,"10/18":15.69339,"10/19":15.433152,"10/20":14.49006,"10/21":14.758903,"10/22":14.758903,"10/23":13.106203,"10/24":13.106203,"10/25":12.000793,"10/26":10.508993,"10/27":11.14587,"10/28":10.897475,"10/29":10.897475,"10/30":11.364126,"10/31":9.617165,"11/01":8.290535,"11/02":9.803334,"11/03":10.39564,"11/04":10.207596,"11/05":10.207596,"11/06":11.028305,"11/07":10.79008,"11/08":11.085273,"11/09":10.953461,"11/10":11.870182,"11/11":10.448564,"11/12":10.448564,"11/13":10.664682,"11/14":10.868082,"11/15":11.885307,"11/16":12.446807,"11/17":12.727559,"11/18":13.118084,"11/19":13.118084,"11/20":12.985875,"11/21":14.341976,"11/22":13.705528,"11/23":13.758736,"11/24":12.206704,"11/25":12.153119,"11/26":12.153119,"11/27":12.153119,"11/28":12.346704,"11/29":13.069817,"11/30":12.516994,"12/01":12.756469,"12/02":13.321488,"12/03":13.321488,"12/04":15.532911,"12/05":16.215626,"12/06":16.930988,