{"0":{"01/01":5.440081,"01/02":5.4005575,"01/03":5.3589725,"01/04":5.35274,"01/05":5.3184695,"01/06":5.38496,"01/07":5.38496,"01/08":5.38496,"01/09":5.273843,"01/10":5.324698,"01/11":5.3008184,"01/12":5.144334,"01/13":5.1753902,"01/14":5.1753902,"01/15":5.1753902,"01/16":5.1164026,"01/17":5.101925,"01/18":5.066783,"01/19":5.0936527,"01/20":5.1412253,"01/21":5.1412253,"01/22":5.1412253,"01/23":5.037859,"01/24":4.9707727,"01/25":4.9718056,"01/26":4.9718056,"01/27":5.027529,"01/28":5.027529,"01/29":5.027529,"01/30":5.122607,"01/31":5.046113,"02/01":4.928504,"02/02":4.76695,"02/03":4.7772293,"02/04":4.7772293,"02/05":4.7772293,"02/06":4.6643085,"02/07":4.613063,"02/08":4.8049803,"02/09":4.8276057,"02/10":4.814227,"02/11":4.814227,"02/12":4.814227,"02/13":4.747436,"02/14":4.8739066,"02/15":4.7433224,"02/16":4.707392,"02/17":4.9336543,"02/18":4.9336543,"02/19":4.9336543,"02/20":4.801892,"02/21":4.7700367,"02/22":4.7792773,"02/23":4.7731133,"02/24":4.725873,"02/25":4.725873,"02/26":4.725873,"02/27":4.7371626,"02/28":4.7186875,"03/01":4.716632,"03/02":4.725873,"03/03":4.7227893,"03/04":4.7227893,"03/05":4.7227893,"03/06":4.7043195,"03/07":4.7043195,"03/08":4.6879005,"03/09":4.657131,"03/10":4.5864387,"03/11":4.5864387,"03/12":4.5864387,"03/13":4.3423066,"03/14":4.2496524,"03/15":4.2710195,"03/16":4.255755,"03/17":4.233376,"03/18":4.233376,"03/19":4.233376,"03/20":4.030385,"03/21":4.177475,"03/22":4.177475,"03/23":4.099312,"03/24":4.0719333,"03/25":4.0719333,"03/26":4.0719333,"03/27":3.9949422,"03/28":4.1053967,"03/29":4.028356,"03/30":4.028356,"03/31":3.7999272,"04/01":3.7999272,"04/02":3.7999272,"04/03":3.8675475,"04/04":3.8675475,"04/05":3.685081,"04/06":3.3460755,"04/07":3.3460755,"04/08":3.3460755,"04/09":3.3460755,"04/10":3.2641568,"04/11":3.2422013,"04/12":3.213284,"04/13":3.2701447,"04/14":3.2701447,"04/15":3.2701447,"04/16":3.2701447,"04/17":3.2382147,"04/18":3.1614542,"04/19":3.1106732,"04/20":3.0510018,"04/21":2.906081,"04/22":2.906081,"04/23":2.906081,"04/24":2.697356,"04/25":2.6056254,"04/26":2.468833,"04/27":2.45605,"04/28":2.4373872,"04/29":2.4373872,"04/30":2.4373872,"05/01":2.4373872,"05/02":2.3510292,"05/03":2.1464944,"05/04":2.0772078,"05/05":2.0772078,"05/06":2.0772078,"05/07":2.0772078,"05/08":1.9593279,"05/09":1.9856061,"05/10":1.9388976,"05/11":1.9495941,"05/12":1.8096956,"05/13":1.8096956,"05/14":1.8096956,"05/15":1.7030773,"05/16":1.5947565,"05/17":1.556129,"05/18":1.5735049,"05/19":1.5426154,"05/20":1.5426154,"05/21":1.5426154,"05/22":1.4105686,"05/23":1.5069156,"05/24":1.4471562,"05/25":1.4471562,"05/26":1.4221188,"05/27":1.4221188,"05/28":1.4221188,"05/29":1.4105686,"05/30":1.4086409,"05/31":1.3518763,"06/01":1.2510185,"06/02":1.2040203,"06/03":1.2040203,"06/04":1.2040203,"06/05":1.1513203,"06/06":1.135038,"06/07":1.1245117,"06/08":1.1867704,"06/09":1.3182347,"06/10":1.3182347,"06/11":1.3182347,"06/12":1.2395073,"06/13":1.237586,"06/14":1.2260778,"06/15":1.2299105,"06/16":1.2490968,"06/17":1.2490968,"06/18":1.2490968,"06/19":1.2078605,"06/20":1.16473,"06/21":1.1848512,"06/22":1.2778943,"06/23":1.2778943,"06/24":1.2778943,"06/25":1.2778943,"06/26":1.1838915,"06/27":1.1973097,"06/28":1.047042,"06/29":1.047042,"06/30":1.0948434,"07/01":1.0948434,"07/02":1.0948434,"07/03":1.1398318,"07/04":1.1130292,"07/05":1.0996333,"07/06":1.16473,"07/07":1.16473,"07/08":1.16473,"07/09":1.16473,"07/10":1.16473,"07/11":1.0336635,"07/12":1.0757155,"07/13":0.96586883,"07/14":0.9267541,"07/15":0.9267541,"07/16":0.9267541,"07/17":0.80296063,"07/18":0.67946136,"07/19":0.65765035,"07/20":0.61025244,"07/21":0.61403865,"07/22":0.61403865,"07/23":0.61403865,"07/24":0.54870087,"07/25":0.60740614,"07/26":0.59414387,"07/27":0.63583976,"07/28":0.8048655,"07/29":0.8048655,"07/30":0.8048655,"07/31":0.7335728,"08/01":0.64911306,"08/02":0.65575105,"08/03":0.7345239,"08/04":0.7953509,"08/05":0.7953509,"08/06":0.7953509,"08/07":0.7079357,"08/08":0.72692454,"08/09":0.68041146,"08/10":0.619723,"08/11":0.70604354,"08/12":0.70604354,"08/13":0.70604354,"08/14":0.6984485,"08/15":0.6984485,"08/16":0.6984485,"08/17":0.8533913,"08/18":0.7563773,"08/19":0.7563773,"08/20":0.7563773,"08/21":0.6567007,"08/22":0.66618,"08/23":0.57615316,"08/24":0.5411295,"08/25":0.5203165,"08/26":0.5203165,"08/27":0.5203165,"08/28":0.42488718,"08/29":0.36167395,"08/30":0.3494202,"08/31":0.32962993,"09/01":0.2957206,"09/02":0.2957206,"09/03":0.2957206,"09/04":0.1668948,"09/05":0.19413896,"09/06":0.27689397,"09/07":0.17158823,"09/08":0.15374836,"09/09":0.15374836,"09/10":0.15374836,"09/11":0.17064771,"09/12":3.4108095,"09/13":3.415121,"09/14":3.4195986,"09/15":3.4268835,"09/16":3.4194112,"09/17":3.4194112,"09/18":3.4220085,"09/19":3.40119,"09/20":3.3957148,"09/21":3.393909,"09/22":3.3859954,"09/23":3.3785217,"09/24":3.3785217,"09/25":3.3805754,"09/26":3.3612375,"09/27":3.36036,"09/28":3.3488865,"09/29":3.3803782,"09/30":3.6832867,"10/01":3.6832867,"10/02":3.6832867,"10/03":3.7740963,"10/04":3.7356539,"10/05":3.7384772,"10/06":3.7183285,"10/07":3.7437062,"10/08":3.7437062,"10/09":3.7403402,"10/10":3.741001,"10/11":3.7755017,"10/12":3.7772758,"10/13":3.75957,"10/14":3.7454987,"10/15":3.7454987,"10/16":3.746492,"10/17":3.6946254,"10/18":3.6255355,"10/19":3.6406846,"10/20":3.722142,"10/21":3.7064776,"10/22":3.7064776,"10/23":3.7064776,"10/24":3.7064776,"10/25":3.6051548,"10/26":3.6051548,"10/27":3.5294118,"10/28":3.5369227,"10/29":3.5369227,"10/30":3.5369227,"10/31":3.4859996,"11/01":3.46619,"11/02":3.4533477,"11/03":3.4426525,"11/04":3.4447942,"11/05":3.4447942,"11/06":3.4447942,"11/07":3.4036522,"11/08":3.4036522,"11/09":3.3545775,"11/10":3.3194258,"11/11":3.2137222,"11/12":3.2137222,"11/13":3.2137222,"11/14":3.197297,"11/15":3.1597083,"11/16":3.1554756,"11/17":3.0957706,"11/18":3.1131911,"11/19":3.1131911,"11/20":3.1131911,"11/21":3.1248126,"11/22":3.0962992,"11/23":3.0962992,"11/24":3.0388362,"11/25":2.9956841,"11/26":2.9956841,"11/27":2.9956841,"11/28":2.9515557,"11/29":2.9631069,"11/30":2.9436827,"12/01":2.9179828,"12/02":2.9080255,"12/03":2.9080255,"12/04":2.9080255,"12/05":2.899641,"12/06":2.8865495,"12/07":2.9431572,"12/08":2.9069762,"12/09":2.8975477,"12/10":2.8975477,"12/11":2.8975477,"12/12":2.8697965,"12/13":2.8248363,"12/14":2.7044392,"12/15":2.7507594,"12/16":2.8055134,"12/17":2.8055134,"12/18":2.8055134,"12/19":2.7799475,"12/20":2.7507594,"12/21":2.7476346,"12/22":2.7398221,"12/23":2.756488,"12/24":2.756488,"12/25":2.756488,"12/26":2.7684762,"12/27":2.732012,"12/28":2.7716033,"12/29":2.7304482,"12/30":2.7200406,"12/31":2.7200406},"2022":{"09/12":6.6349983,"09/13":6.6943274,"09/14":6.821412,"09/15":6.734749,"09/16":6.7198043,"09/17":6.7198043,"09/18":6.802812,"09/19":6.761175,"09/20":6.8092084,"09/21":6.861712,"09/22":6.848684,"09/23":6.8337364,"09/24":6.8337364,"09/25":6.8966885,"09/26":6.885078,"09/27":6.948589,"09/28":6.8277106,"09/29":6.890694,"09/30":7.496511,"10/01":7.496511,"10/02":7.496511,"10/03":7.812392,"10/04":7.790406,"10/05":7.8648353,"10/06":7.332651,"10/07":7.3834066,"10/08":7.3834066,"10/09":7.2827864,"10/10":7.256847,"10/11":7.517294,"10/12":7.553614,"10/13":7.5509534,"10/14":7.522811,"10/15":7.522811,"10/16":7.5509825,"10/17":7.4622087,"10/18":7.3081336,"10/19":7.281369,"10/20":7.444284,"10/21":7.4129553,"10/22":7.4129553,"10/23":7.4129553,"10/24":7.4129553,"10/25":7.2103095,"10/26":7.2103095,"10/27":7.0588236,"10/28":7.0738454,"10/29":7.0738454,"10/30":7.0738454,"10/31":6.971999,"11/01":6.93238,"11/02":6.9066954,"11/03":6.885305,"11/04":6.8895884,"11/05":6.8895884,"11/06":6.8895884,"11/07":6.8073044,"11/08":6.8073044,"11/09":6.709155,"11/10":6.6388516,"11/11":6.4274445,"11/12":6.4274445,"11/13":6.4274445,"11/14":6.394594,"11/15":6.3194165,"11/16":6.310951,"11/17":6.191541,"11/18":6.2263823,"11/19":6.2263823,"11/20":6.2263823,"11/21":6.249625,"11/22":6.1925983,"11/23":6.1925983,"11/24":6.0776725,"11/25":5.9913683,"11/26":5.9913683,"11/27":5.9913683,"11/28":5.9031115,"11/29":5.9262137,"11/30":5.8873653,"12/01":5.8359656,"12/02":5.816051,"12/03":5.816051,"12/04":5.816051,