{"0":{"12/26":0.4319954,"12/27":0.4319954,"12/28":0.41793695,"12/29":0.41894236,"12/30":0.41894236,"12/31":0.41894236},"2023":{"12/26":0.4319954,"12/27":0.4319954,"12/28":0.41793695,"12/29":0.41894236,"12/30":0.41894236,"12/31":0.41894236}}