{"0":{"01/01":4.3237224,"01/02":4.296669,"01/03":4.2886524,"01/04":4.2806683,"01/05":4.2722044,"01/06":4.263743,"01/07":4.263743,"01/08":4.26562,"01/09":4.2407,"01/10":4.2353754,"01/11":4.227382,"01/12":4.2189255,"01/13":4.210471,"01/14":4.210471,"01/15":4.2124,"01/16":4.18701,"01/17":4.1790395,"01/18":4.1705623,"01/19":4.162618,"01/20":4.1541758,"01/21":4.1541758,"01/22":4.1541758,"01/23":4.129771,"01/24":4.121313,"01/25":4.112838,"01/26":4.112838,"01/27":4.0943823,"01/28":4.0943823,"01/29":4.0964336,"01/30":4.069539,"01/31":4.0610766,"02/01":4.0521207,"02/02":4.0441923,"02/03":4.0352407,"02/04":4.0352407,"02/05":4.036732,"02/06":4.011408,"02/07":4.003466,"02/08":3.9955544,"02/09":3.986596,"02/10":3.9771228,"02/11":3.9771228,"02/12":3.978727,"02/13":3.9513664,"02/14":3.9429731,"02/15":3.9345603,"02/16":3.9261727,"02/17":3.9172363,"02/18":3.9172363,"02/19":3.9172363,"02/20":3.8925812,"02/21":3.883655,"02/22":3.8747375,"02/23":3.8658175,"02/24":3.8568966,"02/25":3.8568966,"02/26":3.8585398,"02/27":3.8307672,"02/28":3.823439,"02/29":0.69258636,"03/01":3.8161345,"03/02":3.807215,"03/03":3.7983038,"03/04":3.799951,"03/05":3.8004766,"03/06":3.7732358,"03/07":3.773763,"03/08":3.7548952,"03/09":3.7459936,"03/10":3.7360463,"03/11":3.7383037,"03/12":3.7388687,"03/13":3.7069595,"03/14":3.697581,"03/15":3.686604,"03/16":3.6808517,"03/17":3.671435,"03/18":3.671435,"03/19":3.6738036,"03/20":3.6445398,"03/21":3.63309,"03/22":3.6336963,"03/23":3.606003,"03/24":3.593476,"03/25":3.593476,"03/26":3.5958753,"03/27":3.5687835,"03/28":3.570412,"03/29":3.5824218,"03/30":3.5824218,"03/31":3.531933,"04/01":3.531933,"04/02":3.5340106,"04/03":3.4819233,"04/04":3.482513,"04/05":3.4570699,"04/06":3.4497848,"04/07":3.4497848,"04/08":3.4515638,"04/09":3.4515638,"04/10":3.402157,"04/11":3.3907275,"04/12":3.3808625,"04/13":3.3684022,"04/14":3.3684022,"04/15":3.3684022,"04/16":3.3684022,"04/17":3.3305488,"04/18":3.319668,"04/19":3.3113801,"04/20":3.3030941,"04/21":3.2942932,"04/22":3.2942932,"04/23":3.2942932,"04/24":3.2679167,"04/25":3.259127,"04/26":3.251892,"04/27":3.2420783,"04/28":3.2332969,"04/29":3.2332969,"04/30":3.2332969,"05/01":3.2332969,"05/02":3.1966622,"05/03":3.1868687,"05/04":3.1770787,"05/05":3.1770787,"05/06":3.1770787,"05/07":3.1770787,"05/08":3.1379502,"05/09":3.127148,"05/10":3.1173751,"05/11":3.1081252,"05/12":3.0983644,"05/13":3.0983644,"05/14":3.0983644,"05/15":3.069612,"05/16":3.0598602,"05/17":3.0475545,"05/18":3.0342233,"05/19":3.0214167,"05/20":3.0214167,"05/21":3.0214167,"05/22":2.9896784,"05/23":2.974845,"05/24":2.9666636,"05/25":2.9666636,"05/26":2.9492903,"05/27":2.9492903,"05/28":2.9492903,"05/29":2.920699,"05/30":2.9140668,"05/31":2.9038663,"06/01":2.8936698,"06/02":2.8824565,"06/03":2.8824565,"06/04":2.8824565,"06/05":2.8534276,"06/06":2.8427413,"06/07":2.8330774,"06/08":2.8234124,"06/09":2.8157868,"06/10":2.8157868,"06/11":2.8157868,"06/12":2.7893732,"06/13":2.7802324,"06/14":2.772116,"06/15":2.7619653,"06/16":2.7508128,"06/17":2.7508128,"06/18":2.7508128,"06/19":2.7224352,"06/20":2.7133176,"06/21":2.7021809,"06/22":2.6910489,"06/23":2.6824534,"06/24":2.6824534,"06/25":2.6824534,"06/26":2.6546552,"06/27":2.6480849,"06/28":2.640009,"06/29":2.640009,"06/30":2.6208282,"07/01":2.6208282,"07/02":2.6208282,"07/03":2.5910811,"07/04":2.5749571,"07/05":2.5643828,"07/06":2.5548208,"07/07":2.5548208,"07/08":2.5548208,"07/09":2.5548208,"07/10":2.5548208,"07/11":2.5085616,"07/12":2.499518,"07/13":2.4889739,"07/14":2.4779365,"07/15":2.4779365,"07/16":2.4779365,"07/17":2.450349,"07/18":2.4408283,"07/19":2.4313111,"07/20":2.421296,"07/21":2.4122822,"07/22":2.4122822,"07/23":2.4122822,"07/24":2.3847682,"07/25":2.3752713,"07/26":2.3662734,"07/27":2.3562832,"07/28":2.3472965,"07/29":2.3472965,"07/30":2.3472965,"07/31":2.3203456,"08/01":2.310872,"08/02":2.3009028,"08/03":2.2904384,"08/04":2.2799783,"08/05":2.2799783,"08/06":2.2799783,"08/07":2.252105,"08/08":2.2441454,"08/09":2.236193,"08/10":2.226745,"08/11":2.219788,"08/12":2.219788,"08/13":2.219788,"08/14":2.191482,"08/15":2.191482,"08/16":2.191482,"08/17":2.1641994,"08/18":2.1557748,"08/19":2.1557748,"08/20":2.1557748,"08/21":2.1270423,"08/22":2.1181295,"08/23":2.1082337,"08/24":2.0988367,"08/25":2.088453,"08/26":2.088453,"08/27":2.088453,"08/28":2.0597947,"08/29":2.0499208,"08/30":2.040545,"08/31":2.0306785,"09/01":2.020322,"09/02":2.020322,"09/03":2.020322,"09/04":1.9912453,"09/05":1.9818904,"09/06":1.9725344,"09/07":1.9626937,"09/08":1.9543341,"09/09":1.9543341,"09/10":1.9543341,"09/11":1.926315,"09/12":1.9174706,"09/13":1.9101089,"09/14":1.9007785,"09/15":1.8885134,"09/16":1.8885134,"09/17":1.8885134,"09/18":1.8600745,"09/19":1.8600745,"09/20":1.8414578,"09/21":1.8321569,"09/22":1.8218793,"09/23":1.8218793,"09/24":1.8218793,"09/25":1.7935133,"09/26":1.7842295,"09/27":1.77739,"09/28":1.7661563,"09/29":1.7661563,"09/30":1.7661563,"10/01":1.7661563,"10/02":1.7661563,"10/03":1.7129924,"10/04":1.702762,"10/05":1.6925356,"10/06":1.6832881,"10/07":1.6832881,"10/08":1.6832881,"10/09":1.6570164,"10/10":1.6472948,"10/11":1.6390364,"10/12":1.6298033,"10/13":1.6200919,"10/14":1.6200919,"10/15":1.6200919,"10/16":1.5919464,"10/17":1.5822493,"10/18":1.5725558,"10/19":1.5623809,"10/20":1.5551149,"10/21":3.1884105,"10/22":3.1884105,"10/23":3.1890066,"10/24":3.1890066,"10/25":3.1894329,"10/26":3.1896439,"10/27":3.1898682,"10/28":3.1898682,"10/29":3.1898682,"10/30":3.1905444,"10/31":3.1911461,"11/01":3.1870813,"11/02":3.1826942,"11/03":3.1776035,"11/04":3.17298,"11/05":3.17298,"11/06":3.1736946,"11/07":3.1593297,"11/08":3.159564,"11/09":3.149154,"11/10":3.1436803,"11/11":3.138708,"11/12":3.138708,"11/13":3.1394374,"11/14":3.1241658,"11/15":3.1193352,"11/16":3.1146212,"11/17":3.110265,"11/18":3.1049411,"11/19":3.1049411,"11/20":3.1056983,"11/21":3.08999,"11/22":3.0852745,"11/23":3.085541,"11/24":3.0748005,"11/25":3.0691254,"11/26":3.0691254,"11/27":3.0691254,"11/28":3.0552886,"11/29":3.049876,"11/30":3.0455444,"12/01":3.0404902,"12/02":3.035178,"12/03":3.035178,"12/04":3.036003,"12/05":3.0196154,"12/06":3.01599,"12/07":3.0113156,"12/08":3.0059204,"12/09":3.0002544,"12/10":3.0002544,"12/11":3.0010927,"12/12":2.98473,"12/13":2.9793441,"12/14":2.973978,"12/15":2.9689503,"12/16":2.9629357,"12/17":2.9629357,"12/18":2.9637985,"12/19":2.946044,"12/20":2.9403362,"12/21":2.9349658,"12/22":2.9292624,"12/23":2.923254,"12/24":2.923254,"12/25":2.923254,"12/26":2.906429,"12/27":2.8996594,"12/28":2.8929083,"12/29":2.8875544,"12/30":2.8815565,"12/31":2.8815565},"2022":{"10/21":6.455002,"10/22":6.455002,"10/23":6.5110016,"10/24":6.5110016,"10/25":6.549997,"10/26":6.569004,"10/27":6.589003,"10/28":6.589003,"10/29":6.589003,"10/30":6.6479964,"10/31":6.670065,"11/01":6.6742706,"11/02":6.680392,"11/03":6.684396,"11/04":6.6705256,"11/05":6.6705256,"11/06":6.7294984,"11/07":6.7027597,"11/08":6.7217493,"11/09":6.7097535,"11/10":6.7096715,"11/11":6.694755,"11/12":6.694755,"11/13":6.752669,"11/14":6.7068543,"11/15":6.7298036,"11/16":6.734848,"11/17":6.7409587,"11/18":6.7249866,"11/19":6.7249866,"11/20":6.7828426,"11/21":6.754868,"11/22":6.758907,"11/23":6.7788434,"11/24":6.7648025,"11/25":6.7477784,"11/26":6.7477784,"11/27":6.7477784,"11/28":6.7808037,"11/29":6.7827144,"11/30":6.7888074,"12/01":6.791771,"12/02":6.7758346,"12/03":6.7758346,"12/04":6.8345675,"12/05":6.8035035,"12/06":6.81072,"12/07":6.815747,"12/08":6.8176413,"12/09":6.8006425,"12/10":6.8006425,"12/11":6.8583207,"12/12":6.827287,"12/13":6.8291764,"12/14":6.832071,"12/15":6.835032,"12/16":6.816988,"12/17":6.816988,"12/18":6.8745923,"12/19":6.839346,"12/20":6.8411746,"12/21":6.843059,"12/22":6.844887,"12/23":6.8268614,"12/24":6.8268614,"12/25":6.8268614,"12/26":6.8501816,"12/27":6.847831,"12/28":6.8464823,"12/29":6.8483644,"12/30":6.830371,"12/31":6.830371},"2023":{"01/01":6.888829,"01/02":6.853593,"01/03":6.8554716,"01/04":6.8583517,"01/05":6.8414245,"01/06":6.824501,"01/07":6.824501,"01/08":6.901705,"01/09":6.8697367,"01/10":6.877895,"01/11":6.8797774,"01/12":6.862864,"01/13":6.845956,