{"0":{"01/01":9.58498,"01/02":9.579777,"01/03":9.5704365,"01/04":9.560505,"01/05":9.520279,"01/06":9.510439,"01/07":9.493681,"01/08":9.460208,"01/09":9.443309,"01/10":9.445465,"01/11":9.435527,"01/12":9.460783,"01/13":9.429865,"01/14":9.409563,"01/15":9.370729,"01/16":9.286414,"01/17":9.277256,"01/18":9.267349,"01/19":9.246706,"01/20":9.2058935,"01/21":9.204369,"01/22":9.233004,"01/23":9.203518,"01/24":9.192585,"01/25":9.225075,"01/26":9.225075,"01/27":9.239805,"01/28":9.217537,"01/29":9.1383505,"01/30":9.168149,"01/31":9.158539,"02/01":9.148611,"02/02":9.158962,"02/03":9.213497,"02/04":9.268016,"02/05":9.321227,"02/06":9.2765,"02/07":9.26548,"02/08":9.256691,"02/09":9.218971,"02/10":9.231586,"02/11":9.227313,"02/12":9.227152,"02/13":9.307524,"02/14":9.297484,"02/15":9.288166,"02/16":9.278308,"02/17":9.278599,"02/18":9.278599,"02/19":9.278599,"02/20":9.241003,"02/21":9.23133,"02/22":9.222026,"02/23":9.213272,"02/24":9.214064,"02/25":9.2139015,"02/26":9.184917,"02/27":9.17159,"02/28":9.161835,"02/29":9.954582,"03/01":9.142796,"03/02":9.142796,"03/03":9.142775,"03/04":9.114512,"03/05":9.105539,"03/06":9.096853,"03/07":9.087594,"03/08":9.087594,"03/09":9.087594,"03/10":9.087639,"03/11":9.049878,"03/12":9.040115,"03/13":9.032115,"03/14":9.022889,"03/15":9.01366,"03/16":9.01366,"03/17":9.013721,"03/18":9.015854,"03/19":8.980402,"03/20":8.974104,"03/21":8.963926,"03/22":8.954125,"03/23":8.954125,"03/24":8.957518,"03/25":8.959236,"03/26":8.926306,"03/27":8.921481,"03/28":8.913898,"03/29":8.913898,"03/30":8.913898,"03/31":8.881498,"04/01":8.881498,"04/02":8.877737,"04/03":8.8672905,"04/04":8.857286,"04/05":8.847387,"04/06":8.847387,"04/07":8.848811,"04/08":8.817734,"04/09":8.82033,"04/10":8.801106,"04/11":8.806176,"04/12":8.786389,"04/13":8.786389,"04/14":8.786389,"04/15":8.757274,"04/16":8.755093,"04/17":8.763858,"04/18":8.745111,"04/19":8.735747,"04/20":8.735747,"04/21":8.741454,"04/22":8.713328,"04/23":8.703411,"04/24":8.701899,"04/25":8.68698,"04/26":8.677059,"04/27":8.677059,"04/28":8.681554,"04/29":8.654828,"04/30":8.644908,"05/01":8.644908,"05/02":8.625071,"05/03":8.61681,"05/04":8.61681,"05/05":8.618702,"05/06":8.588935,"05/07":8.580096,"05/08":8.556825,"05/09":8.551775,"05/10":8.542452,"05/11":8.542452,"05/12":8.542452,"05/13":8.512865,"05/14":8.528971,"05/15":8.525318,"05/16":8.52064,"05/17":8.510148,"05/18":8.510148,"05/19":8.514597,"05/20":8.519933,"05/21":8.494077,"05/22":8.482592,"05/23":8.490127,"05/24":8.469048,"05/25":8.469048,"05/26":8.471932,"05/27":8.4414215,"05/28":8.435228,"05/29":8.425482,"05/30":8.413651,"05/31":8.403682,"06/01":8.403682,"06/02":8.406134,"06/03":8.375443,"06/04":8.366032,"06/05":8.346344,"06/06":8.348159,"06/07":8.336542,"06/08":8.336542,"06/09":8.332764,"06/10":7.954932,"06/11":7.9332085,"06/12":7.91883,"06/13":7.8755093,"06/14":7.8365855,"06/15":7.8365855,"06/16":7.840836,"06/17":7.849839,"06/18":7.8082247,"06/19":7.652996,"06/20":7.6425366,"06/21":7.373974,"06/22":7.373974,"06/23":7.3721337,"06/24":7.344156,"06/25":7.3300214,"06/26":7.318672,"06/27":7.308582,"06/28":7.2979636,"06/29":7.2979636,"06/30":7.2979636,"07/01":7.265602,"07/02":7.2539387,"07/03":7.24228,"07/04":7.2311573,"07/05":7.221093,"07/06":7.221093,"07/07":7.221093,"07/08":7.2101145,"07/09":7.2034245,"07/10":7.193467,"07/11":7.182803,"07/12":7.17218,"07/13":7.17218,"07/14":7.1743526,"07/15":7.142605,"07/16":7.142905,"07/17":7.148998,"07/18":7.0854855,"07/19":7.283586,"07/20":7.283586,"07/21":7.2879987,"07/22":7.2553473,"07/23":7.247373,"07/24":7.236197,"07/25":7.23125,"07/26":7.1183844,"07/27":7.1183844,"07/28":7.120944,"07/29":7.089341,"07/30":6.9417973,"07/31":7.12857,"08/01":7.12496,"08/02":6.976285,"08/03":6.976285,"08/04":6.9826975,"08/05":6.9120827,"08/06":6.8879843,"08/07":6.882512,"08/08":6.873049,"08/09":6.8624983,"08/10":6.8624983,"08/11":6.8582973,"08/12":6.81854,"08/13":6.8041744,"08/14":6.802764,"08/15":6.802764,"08/16":6.781747,"08/17":6.781747,"08/18":6.777873,"08/19":6.7357607,"08/20":6.7076306,"08/21":6.7338877,"08/22":6.7479496,"08/23":6.5530343,"08/24":6.5530343,"08/25":6.5520697,"08/26":6.4917216,"08/27":6.481354,"08/28":6.4833794,"08/29":6.468811,"08/30":6.4584413,"08/31":6.4584413,"09/01":6.4609175,"09/02":6.4292636,"09/03":6.417905,"09/04":6.4117937,"09/05":6.4140105,"09/06":6.3938,"09/07":6.3938,"09/08":6.3938,"09/09":6.132008,"09/10":6.122619,"09/11":6.093999,"09/12":6.0807185,"09/13":5.9488125,"09/14":5.9488125,"09/15":5.9491196,"09/16":5.878994,"09/17":5.8700542,"09/18":5.870326,"09/19":5.7710137,"09/20":5.750745,"09/21":5.750745,"09/22":5.7533617,"09/23":5.4138556,"09/24":5.292707,"09/25":5.4877357,"09/26":5.3997703,"09/27":5.3677025,"09/28":5.3677025,"09/29":5.3691645,"09/30":5.366998,"10/01":5.356137,"10/02":5.356137,"10/03":5.374681,"10/04":5.4454613,"10/05":5.4454613,"10/06":5.454142,"10/07":5.448646,"10/08":5.4476748,"10/09":5.3493824,"10/10":5.3387823,"10/11":5.328723,"10/12":5.328723,"10/13":5.3311954,"10/14":5.301424,"10/15":5.293407,"10/16":5.307915,"10/17":5.2608457,"10/18":5.2774386,"10/19":5.2774386,"10/20":5.2795267,"10/21":5.276508,"10/22":5.276004,"10/23":5.266242,"10/24":5.254838,"10/25":5.2452855,"10/26":5.2452855,"10/27":5.247861,"10/28":5.2200565,"10/29":5.213176,"10/30":5.210939,"10/31":5.198706,"11/01":5.198706,"11/02":5.198706,"11/03":5.203015,"11/04":5.162053,"11/05":5.1515102,"11/06":5.09622,"11/07":4.81487,"11/08":4.7203116,"11/09":4.7203116,"11/10":4.723798,"11/11":4.695892,"11/12":4.6865683,"11/13":4.6769586,"11/14":4.6670794,"11/15":4.6670794,"11/16":4.6670794,"11/17":4.668137,"11/18":4.629103,"11/19":4.631755,"11/20":4.632622,"11/21":4.612162,"11/22":4.75814,"11/23":4.75814,"11/24":4.7602353,"11/25":4.6925306,"11/26":4.89389,"11/27":4.970441,"11/28":4.961822,"11/29":4.9138155,"11/30":4.9138155,"12/01":4.9145856,"12/02":4.7606044,"12/03":4.7495027,"12/04":4.627103,"12/05":4.583318,"12/06":4.7224827,"12/07":4.7224827,"12/08":4.723537,"12/09":4.515734,"12/10":4.5005827,"12/11":4.489531,"12/12":4.4807205,"12/13":4.4866157,"12/14":4.4866157,"12/15":4.479315,"12/16":4.479737,"12/17":4.4243617,"12/18":4.570515,"12/19":4.701607,"12/20":4.577225,"12/21":4.577225,"12/22":4.5793524,"12/23":4.445278,"12/24":4.5048537,"12/25":4.5048537,"12/26":6.477986,"12/27":6.479959,"12/28":6.479959,"12/29":6.4748993,"12/30":6.475784,"12/31":6.4759517},"2023":{"12/26":10.439997,"12/27":10.746002,"12/28":10.746002,"12/29":10.727174,"12/30":10.805161,"12/31":10.82716},"2024":{"01/01":10.798439,"01/02":10.801499,"01/03":10.511482,"01/04":10.491618,"01/05":10.491618,"01/06":10.552552,"01/07":10.594502,"01/08":10.537193,"01/09":10.534406,"01/10":10.638404,"01/11":10.618527,"01/12":10.618527,"01/13":10.408991,"01/14":10.361098,"01/15":10.309899,"01/16":10.478619,"01/17":10.478839,"01/18":10.459025,"01/19":10.450218,"01/20":10.510003,"01/21":10.709307,"01/22":10.730233,"01/23":10.6678705,"01/24":10.568399,"01/25":10.63338,"01/26":10.63338,"01/27":10.855529,"01/28":10.928246,"01/29":10.9250965,"01/30":10.922145,"01/31":10.922182,"02/01":10.902326,"02/02":10.883592,"02/03":10.961126,"02/04":10.765303,"02/05":10.742075,"02/06":10.762107,"02/07":10.612311,"02/08":10.594733,"02/09":10.574963,"02/10":10.7189245,"02/11":10.860907,"02/12":10.591234,"02/13":10.537745,"02/14":10.502139,"02/15":10.483502,"02/16":10.463786,"02/17":10.490568,"02/18":10.490568,"02/19":10.490568,"02/20":10.480315,"02/21":10.476471,"02/22":10.457863,"02/23":10.440355,"02/24":10.509686,"02/25":10.49582,"02/26":10.437852,"02/27":10.05691,"02/28":9.973084,"02/29":9.954582,"03/01":9.935007,"03/02":9.935007,"03/03":9.932046,"03/04":9.875521,"03/05":9.893632,"03/06":9.949298,"03/07":9.927855,"03/08":9.927855,"03/09":9.927855,"03/10":9.933782,"03/11":9.889393,"03/12":9.869866,"03/13":10.001477,"03/14":9.983026,"03/15":9.964569,"03/16":9.964569,"03/17":9.971477,"03/18":10.19155,"03/19":10.385598,"03/20":10.584029,"03/21":10.501409,"03/22":10.481807,"03/23":10.481807,"03/24":10.710487,"03/25":10.815958,"03/26":11.091954,"03/27":11.31749,"03/28":11.402127,