{"0":{"01/01":7.300005,"01/02":7.280322,"01/03":7.239597,"01/04":7.196864,"01/05":7.223233,"01/06":7.306203,"01/07":7.306203,"01/08":7.306784,"01/09":7.1446333,"01/10":7.029134,"01/11":6.9768915,"01/12":6.923301,"01/13":6.8441696,"01/14":6.8441696,"01/15":6.8457284,"01/16":6.9003935,"01/17":6.9241714,"01/18":6.8819313,"01/19":6.781579,"01/20":6.923202,"01/21":6.923202,"01/22":6.923202,"01/23":6.9237823,"01/24":6.9141946,"01/25":6.906146,"01/26":6.906146,"01/27":7.0760226,"01/28":7.0760226,"01/29":7.0792375,"01/30":7.134734,"01/31":6.9947805,"02/01":6.7925653,"02/02":6.7719755,"02/03":6.737381,"02/04":6.737381,"02/05":6.7355947,"02/06":6.7956915,"02/07":6.7635136,"02/08":6.8951654,"02/09":6.9196825,"02/10":6.9212856,"02/11":6.9212856,"02/12":6.9235964,"02/13":6.9077134,"02/14":6.9058857,"02/15":6.844534,"02/16":6.780142,"02/17":6.843751,"02/18":6.843751,"02/19":6.843751,"02/20":6.775325,"02/21":6.825376,"02/22":6.9196606,"02/23":6.7840548,"02/24":6.8450847,"02/25":6.8450847,"02/26":6.8478193,"02/27":6.953333,"02/28":6.918698,"02/29":3.8635564,"03/01":6.8596716,"03/02":6.881712,"03/03":6.8645086,"03/04":6.8676324,"03/05":6.8690386,"03/06":6.8320527,"03/07":6.8366756,"03/08":6.9877625,"03/09":6.9704556,"03/10":6.934247,"03/11":6.9412003,"03/12":6.938387,"03/13":6.696744,"03/14":6.5745997,"03/15":6.5657296,"03/16":6.519423,"03/17":6.4774423,"03/18":6.4774423,"03/19":6.471277,"03/20":6.3371706,"03/21":6.4023213,"03/22":6.3968835,"03/23":6.3187175,"03/24":6.208716,"03/25":6.208716,"03/26":6.2093806,"03/27":6.1788006,"03/28":6.2249727,"03/29":6.137473,"03/30":6.137473,"03/31":6.204021,"04/01":6.204021,"04/02":6.192643,"04/03":6.196222,"04/04":6.1979723,"04/05":6.036247,"04/06":5.8166084,"04/07":5.8166084,"04/08":5.8110986,"04/09":5.8110986,"04/10":5.7914467,"04/11":5.796629,"04/12":5.7807865,"04/13":5.812788,"04/14":5.812788,"04/15":5.8153152,"04/16":5.813093,"04/17":5.817227,"04/18":5.7302785,"04/19":5.730645,"04/20":5.6982536,"04/21":5.580329,"04/22":5.5838284,"04/23":5.5868397,"04/24":5.423622,"04/25":5.3860817,"04/26":5.394289,"04/27":5.344946,"04/28":5.384614,"04/29":5.3859587,"04/30":5.385247,"05/01":5.385247,"05/02":5.342025,"05/03":5.0214596,"05/04":4.9942684,"05/05":4.9942684,"05/06":5.0002093,"05/07":4.998304,"05/08":5.066847,"05/09":5.0538282,"05/10":5.0250764,"05/11":4.9785786,"05/12":4.8626842,"05/13":4.8646297,"05/14":4.8668413,"05/15":4.854075,"05/16":4.725296,"05/17":4.6998324,"05/18":4.72943,"05/19":4.797286,"05/20":4.797286,"05/21":4.8012466,"05/22":4.7127857,"05/23":4.7929964,"05/24":4.7193723,"05/25":4.7193723,"05/26":4.745612,"05/27":4.748338,"05/28":4.7467623,"05/29":4.7907863,"05/30":4.7666674,"05/31":4.675834,"06/01":4.6617317,"06/02":4.6718035,"06/03":4.6823697,"06/04":4.664687,"06/05":4.6854568,"06/06":4.620435,"06/07":4.6014376,"06/08":4.748154,"06/09":4.8337307,"06/10":4.8346786,"06/11":4.838704,"06/12":4.7387476,"06/13":4.7028584,"06/14":4.715841,"06/15":4.794001,"06/16":4.845897,"06/17":4.845897,"06/18":4.8503466,"06/19":4.8684244,"06/20":4.8707786,"06/21":4.892868,"06/22":4.981598,"06/23":4.962596,"06/24":4.966013,"06/25":4.964225,"06/26":4.9028955,"06/27":4.8895264,"06/28":4.858443,"06/29":4.858443,"06/30":5.043618,"07/01":5.0439034,"07/02":5.046344,"07/03":5.032625,"07/04":5.0399475,"07/05":4.989808,"07/06":5.1243424,"07/07":5.1243424,"07/08":5.1289425,"07/09":5.1297073,"07/10":5.1333413,"07/11":4.888978,"07/12":4.9467716,"07/13":4.7832046,"07/14":4.821571,"07/15":4.824652,"07/16":4.824652,"07/17":4.714732,"07/18":4.64062,"07/19":4.6562786,"07/20":4.66036,"07/21":4.6787324,"07/22":4.682105,"07/23":4.6823726,"07/24":4.6251254,"07/25":4.703793,"07/26":4.672115,"07/27":4.7218018,"07/28":4.8775954,"07/29":4.8828526,"07/30":4.876424,"07/31":4.8903456,"08/01":4.819773,"08/02":4.82492,"08/03":4.94559,"08/04":4.9435196,"08/05":4.9435196,"08/06":4.9435196,"08/07":4.902212,"08/08":4.819258,"08/09":4.803318,"08/10":4.7391276,"08/11":4.8372693,"08/12":4.8372693,"08/13":4.8372693,"08/14":4.8228593,"08/15":4.8228593,"08/16":4.8228593,"08/17":4.968853,"08/18":4.8434505,"08/19":4.8434505,"08/20":4.8434505,"08/21":4.810517,"08/22":4.7791657,"08/23":4.6694555,"08/24":4.6193624,"08/25":4.647976,"08/26":4.647976,"08/27":4.647976,"08/28":4.5413394,"08/29":4.5214834,"08/30":4.508767,"08/31":4.4620132,"09/01":4.4635386,"09/02":4.4635386,"09/03":4.4635386,"09/04":4.528099,"09/05":4.522503,"09/06":4.537265,"09/07":4.412807,"09/08":4.449828,"09/09":4.449828,"09/10":4.449828,"09/11":4.5036798,"09/12":4.5393,"09/13":4.4528775,"09/14":4.2369957,"09/15":4.381904,"09/16":4.381904,"09/17":4.381904,"09/18":4.367231,"09/19":4.367231,"09/20":4.3151608,"09/21":4.2874,"09/22":4.2909317,"09/23":4.2909317,"09/24":4.2909317,"09/25":4.2596674,"09/26":4.2747927,"09/27":4.313143,"09/28":4.556112,"09/29":4.556112,"09/30":4.556112,"10/01":4.556112,"10/02":4.556112,"10/03":4.477252,"10/04":4.537265,"10/05":4.474708,"10/06":4.8136024,"10/07":4.8136024,"10/08":4.8136024,"10/09":4.900662,"10/10":4.836243,"10/11":4.686856,"10/12":4.650018,"10/13":4.7278447,"10/14":4.7278447,"10/15":4.7278447,"10/16":4.732456,"10/17":4.703246,"10/18":4.755544,"10/19":4.7873826,"10/20":4.7914944,"10/21":5.3996634,"10/22":5.3996634,"10/23":5.400475,"10/24":5.400475,"10/25":5.39822,"10/26":5.399065,"10/27":5.3978963,"10/28":5.3943343,"10/29":5.3943343,"10/30":5.3941836,"10/31":5.378134,"11/01":5.371959,"11/02":5.366071,"11/03":5.3603992,"11/04":5.356121,"11/05":5.356121,"11/06":5.3552814,"11/07":5.362442,"11/08":5.3620486,"11/09":5.32704,"11/10":5.3003054,"11/11":5.2298665,"11/12":5.2298665,"11/13":5.22922,"11/14":5.211805,"11/15":5.16593,"11/16":5.1037354,"11/17":5.10099,"11/18":5.1180305,"11/19":5.1180305,"11/20":5.11844,"11/21":5.115349,"11/22":5.046862,"11/23":5.046808,"11/24":4.9227347,"11/25":4.9714894,"11/26":4.9714894,"11/27":4.9714894,"11/28":4.908391,"11/29":4.895766,"11/30":4.890585,"12/01":4.7902246,"12/02":4.7989078,"12/03":4.7989078,"12/04":4.797556,"12/05":4.7760587,"12/06":4.821105,"12/07":4.879431,"12/08":4.8704243,"12/09":4.964479,"12/10":4.964479,"12/11":4.9642863,"12/12":4.908945,"12/13":4.835974,"12/14":4.7405343,"12/15":4.8250833,"12/16":4.872725,"12/17":4.872725,"12/18":4.8729753,"12/19":4.8620477,"12/20":4.8904495,"12/21":4.8171253,"12/22":4.8571954,"12/23":4.8844037,"12/24":4.8844037,"12/25":4.8844037,"12/26":4.8900275,"12/27":4.861051,"12/28":4.846561,"12/29":4.848274,"12/30":4.8670115,"12/31":4.8670115},"2022":{"10/21":6.616001,"10/22":6.616001,"10/23":6.5309997,"10/24":6.5309997,"10/25":6.780997,"10/26":6.6819954,"10/27":6.821003,"10/28":6.810317,"10/29":6.810317,"10/30":6.8293123,"10/31":6.8323154,"11/01":6.8301535,"11/02":6.9931226,"11/03":7.0870566,"11/04":7.074223,"11/05":7.074223,"11/06":7.2270527,"11/07":7.4074893,"11/08":7.5163884,"11/09":7.5051126,"11/10":7.22108,"11/11":7.009763,"11/12":7.009763,"11/13":7.145134,"11/14":7.0928884,"11/15":7.3881564,"11/16":7.221575,"11/17":7.325222,"11/18":7.376344,"11/19":7.376344,"11/20":7.2056603,"11/21":7.164335,"11/22":7.0159435,"11/23":7.0317917,"11/24":6.476195,"11/25":6.6224604,"11/26":6.6224604,"11/27":6.6224604,"11/28":6.4311543,"11/29":6.4604974,"11/30":6.3144603,"12/01":5.9218516,"12/02":5.9478993,"12/03":5.9478993,"12/04":6.1337705,"12/05":6.167496,"12/06":6.4815803,"12/07":6.6834955,"12/08":6.5506353,"12/09":6.8327985,"12/10":6.8327985,"12/11":6.8851643,"12/12":6.76007,"12/13":6.6497955,"12/14":6.8610306,"12/15":7.414732,"12/16":7.5576577,"12/17":7.5576577,"12/18":7.686778,"12/19":7.6706266,"12/20":7.7881064,"12/21":7.4986725,"12/22":7.5199,"12/23":7.6015253,"12/24":7.6015253,"12/25":7.6015253,"12/26":7.59681,"12/27":7.509881,"12/28":7.452671,"12/29":7.634195,"12/30":7.690406,"12/31":7.690406},"2023":{"01/01":7.5051446,"01/02":7.398985,"01/03":7.269351,"01/04":7.1868315,"01/05":7.23957,"01/06":7.4055095,"01/07":7.4055095,"01/08":7.673589,"01/09":7.454893,"01/10":7.377053,"01/11":7.3786364,"01/12":7.2714562,"01/13":7.113193,"01/14":7.113193,"01/15":7.482539,"01/16":7.591869,"01/17":7.570828,"01/18":7.348889,