{"0":{"01/01":7.659113,"01/02":7.6507134,"01/03":7.640748,"01/04":7.631508,"01/05":7.631508,"01/06":7.632234,"01/07":7.633717,"01/08":7.6100225,"01/09":7.625452,"01/10":7.5959616,"01/11":7.6068325,"01/12":7.6068325,"01/13":7.6046114,"01/14":7.604978,"01/15":7.5389,"01/16":7.514399,"01/17":7.5190983,"01/18":7.524518,"01/19":7.5326557,"01/20":7.532922,"01/21":7.5349574,"01/22":7.536088,"01/23":7.4867277,"01/24":7.4974,"01/25":7.509346,"01/26":7.509346,"01/27":7.51261,"01/28":7.5138717,"01/29":7.470085,"01/30":7.4314117,"01/31":7.4144135,"02/01":7.331499,"02/02":7.2466755,"02/03":7.2478094,"02/04":7.246704,"02/05":7.2953224,"02/06":7.257597,"02/07":7.247904,"02/08":7.1811295,"02/09":7.187049,"02/10":7.1883163,"02/11":7.1894855,"02/12":7.17049,"02/13":7.234993,"02/14":7.2940397,"02/15":7.1974077,"02/16":7.1952496,"02/17":7.196306,"02/18":7.196306,"02/19":7.196306,"02/20":7.1476088,"02/21":7.088457,"02/22":7.0723457,"02/23":7.0659056,"02/24":7.067748,"02/25":7.066906,"02/26":7.0454335,"02/27":7.0540867,"02/28":7.0230007,"02/29":8.16782,"03/01":6.9701595,"03/02":6.9701595,"03/03":6.9708815,"03/04":6.9292946,"03/05":6.9068785,"03/06":6.8809586,"03/07":6.869866,"03/08":6.869866,"03/09":6.869866,"03/10":6.8698254,"03/11":6.776943,"03/12":6.7726717,"03/13":6.7657847,"03/14":6.762599,"03/15":6.684766,"03/16":6.684766,"03/17":6.685461,"03/18":6.6861544,"03/19":6.7456193,"03/20":6.728776,"03/21":6.6984673,"03/22":6.6819787,"03/23":6.6819787,"03/24":6.6837254,"03/25":6.6852045,"03/26":6.66014,"03/27":6.617508,"03/28":6.5655575,"03/29":6.5655575,"03/30":6.5655575,"03/31":6.5340095,"04/01":6.5340095,"04/02":6.522958,"04/03":6.5227165,"04/04":6.549156,"04/05":6.5357537,"04/06":6.5357537,"04/07":6.5348983,"04/08":6.5524197,"04/09":6.5580335,"04/10":6.5295873,"04/11":6.5334806,"04/12":6.5786276,"04/13":6.5786276,"04/14":6.5786276,"04/15":6.5463743,"04/16":6.590502,"04/17":6.597476,"04/18":6.5877666,"04/19":6.6817894,"04/20":6.6817894,"04/21":6.690022,"04/22":6.6136436,"04/23":6.574722,"04/24":6.5570974,"04/25":6.542116,"04/26":6.5718145,"04/27":6.5718145,"04/28":6.574651,"04/29":6.5133824,"04/30":6.4767118,"05/01":6.4767118,"05/02":6.4573236,"05/03":6.436328,"05/04":6.436328,"05/05":6.440748,"05/06":6.3807254,"05/07":6.350869,"05/08":6.3505516,"05/09":6.348768,"05/10":6.341809,"05/11":6.341809,"05/12":6.341809,"05/13":6.2883706,"05/14":6.296977,"05/15":6.258395,"05/16":6.2162824,"05/17":6.210912,"05/18":6.210912,"05/19":6.215038,"05/20":6.2220187,"05/21":6.1852293,"05/22":6.1795425,"05/23":6.182859,"05/24":6.165619,"05/25":6.165619,"05/26":6.1670732,"05/27":6.1172557,"05/28":6.1082067,"05/29":6.1263103,"05/30":6.086776,"05/31":6.0722737,"06/01":6.0722737,"06/02":6.0745335,"06/03":6.006751,"06/04":6.1621323,"06/05":6.1364393,"06/06":6.124022,"06/07":6.112699,"06/08":6.112699,"06/09":6.104755,"06/10":6.031287,"06/11":6.017271,"06/12":5.985622,"06/13":5.9502153,"06/14":5.892754,"06/15":5.892754,"06/16":5.8980083,"06/17":5.9074893,"06/18":5.864274,"06/19":5.8160872,"06/20":5.772548,"06/21":5.7746663,"06/22":5.7746663,"06/23":5.7756143,"06/24":5.7412314,"06/25":5.740297,"06/26":5.747865,"06/27":5.754222,"06/28":5.732505,"06/29":5.732505,"06/30":5.732505,"07/01":5.718213,"07/02":5.702869,"07/03":5.706572,"07/04":5.6547794,"07/05":5.635777,"07/06":5.635777,"07/07":5.635777,"07/08":5.644568,"07/09":5.608107,"07/10":5.5867057,"07/11":5.560296,"07/12":5.519681,"07/13":5.519681,"07/14":5.5200715,"07/15":5.4754734,"07/16":5.4771495,"07/17":5.483309,"07/18":5.453219,"07/19":5.4310956,"07/20":5.4310956,"07/21":5.4341087,"07/22":5.406193,"07/23":5.3926535,"07/24":5.386336,"07/25":5.3842607,"07/26":5.268812,"07/27":5.268812,"07/28":5.2698016,"07/29":5.256205,"07/30":5.240652,"07/31":5.2518945,"08/01":5.211171,"08/02":5.193382,"08/03":5.193382,"08/04":5.201244,"08/05":5.1192827,"08/06":5.119346,"08/07":5.1016617,"08/08":5.1039877,"08/09":5.1029434,"08/10":5.1029434,"08/11":5.100358,"08/12":5.051141,"08/13":5.0532165,"08/14":5.0489235,"08/15":5.0489235,"08/16":5.0354,"08/17":5.0354,"08/18":5.031152,"08/19":5.003544,"08/20":4.98198,"08/21":4.9508543,"08/22":4.9565964,"08/23":4.916713,"08/24":4.916713,"08/25":4.916225,"08/26":4.876602,"08/27":4.858038,"08/28":4.836867,"08/29":4.8057013,"08/30":4.7871666,"08/31":4.7871666,"09/01":4.790107,"09/02":4.783378,"09/03":4.7338376,"09/04":4.723281,"09/05":4.726461,"09/06":4.728006,"09/07":4.728006,"09/08":4.728006,"09/09":4.69315,"09/10":4.6753845,"09/11":4.670113,"09/12":4.639046,"09/13":4.522301,"09/14":4.522301,"09/15":4.522659,"09/16":4.479054,"09/17":4.4719443,"09/18":4.4731693,"09/19":4.3676023,"09/20":4.3553996,"09/21":4.3553996,"09/22":4.3586993,"09/23":4.266012,"09/24":4.2101483,"09/25":4.206547,"09/26":4.1346684,"09/27":4.1427555,"09/28":4.1427555,"09/29":4.1439705,"09/30":4.1215754,"10/01":4.1191072,"10/02":4.1191072,"10/03":4.1150665,"10/04":4.1509466,"10/05":4.1509466,"10/06":4.1509466,"10/07":4.1292105,"10/08":4.1191072,"10/09":4.0212936,"10/10":3.9886045,"10/11":3.975535,"10/12":3.975535,"10/13":3.975535,"10/14":3.9368773,"10/15":3.9067943,"10/16":3.922331,"10/17":3.8452222,"10/18":3.862227,"10/19":3.862227,"10/20":3.862227,"10/21":3.851226,"10/22":3.8652327,"10/23":3.857227,"10/24":3.8387241,"10/25":3.8297298,"10/26":3.8297298,"10/27":3.8297298,"10/28":3.8292296,"10/29":3.8122458,"10/30":3.8122458,"10/31":3.73047,"11/01":3.73047,"11/02":3.73047,"11/03":3.73047,"11/04":3.7259884,"11/05":3.723501,"11/06":3.7040985,"11/07":3.6981273,"11/08":3.6558926,"11/09":3.6558926,"11/10":3.6558926,"11/11":3.6469593,"11/12":3.6206696,"11/13":3.608274,"11/14":3.60679,"11/15":3.60679,"11/16":3.60679,"11/17":3.60679,"11/18":3.5741003,"11/19":3.56074,"11/20":3.56074,"11/21":3.5696447,"11/22":3.6221545,"11/23":3.6221545,"11/24":3.6221545,"11/25":3.5661802,"11/26":3.5939047,"11/27":3.6549032,"11/28":3.6370356,"11/29":3.53305,"11/30":3.53305,"12/01":3.53305,"12/02":3.418145,"12/03":3.4043698,"12/04":3.3385441,"12/05":3.3125558,"12/06":3.4122417,"12/07":3.4122417,"12/08":3.4122417,"12/09":3.3655417,"12/10":3.3385441,"12/11":3.3003023,"12/12":3.2978542,"12/13":3.295892,"12/14":3.295892,"12/15":3.295892,"12/16":3.295892,"12/17":3.2503793,"12/18":3.2572262,"12/19":3.3758574,"12/20":3.3395271,"12/21":3.3395271,"12/22":3.3395271,"12/23":3.246956,"12/24":3.2518435,"12/25":3.2518435,"12/26":5.1315594,"12/27":5.132044,"12/28":5.126962,"12/29":5.1255116,"12/30":5.125713,"12/31":5.125653},"2023":{"12/26":8.8449955,"12/27":8.912001,"12/28":8.896755,"12/29":8.892405,"12/30":8.919398,"12/31":8.911398},"2024":{"01/01":8.854623,"01/02":8.864203,"01/03":8.876496,"01/04":8.858016,"01/05":8.858016,"01/06":8.920938,"01/07":9.040791,"01/08":8.9710245,"01/09":8.974623,"01/10":8.905897,"01/11":8.927639,"01/12":8.927639,"01/13":8.729978,"01/14":8.764916,"01/15":8.639599,"01/16":8.863417,"01/17":8.814475,"01/18":8.825315,"01/19":8.841591,"01/20":8.8635235,"01/21":9.02103,"01/22":9.101786,"01/23":9.008874,"01/24":8.978874,"01/25":9.002767,"01/26":9.002767,"01/27":9.2249775,"01/28":9.303689,"01/29":9.2007,"01/30":9.15034,"01/31":9.13946,"02/01":8.97363,"02/02":8.803984,"02/03":8.881326,"02/04":8.805969,"02/05":8.939796,"02/06":8.870118,"02/07":8.741873,"02/08":8.608324,"02/09":8.620163,"02/10":8.713263,"02/11":8.794489,"02/12":8.710339,"02/13":8.89896,"02/14":8.993018,"02/15":8.799754,"02/16":8.795437,"02/17":8.86577,"02/18":8.86577,"02/19":8.86577,"02/20":8.789497,"02/21":8.671194,"02/22":8.638971,"02/23":8.626091,"02/24":8.749615,"02/25":8.694276,"02/26":8.651331,"02/27":8.363875,"02/28":8.205206,"02/29":8.16782,"03/01":8.099523,"03/02":8.099523,"03/03":8.166606,"03/04":8.083433,"03/05":7.982614,"03/06":8.045573,"03/07":7.980977,"03/08":7.980977,"03/09":7.980977,"03/10":7.977033,"03/11":7.844288,"03/12":7.8839016,"03/13":7.9201655,"03/14":7.9137936,"03/15":7.758128,"03/16":7.758128,"03/17":7.825836,"03/18":7.8896227,"03/19":8.330884,"03/20":8.477109,"03/21":8.450692,"03/22":8.417715,"03/23":8.417715,"03/24":8.523666,"03/25":8.609024,"03/26":8.586332,"03/27":8.848918,