{"0":{"01/01":6.811564,"01/02":6.780433,"01/03":6.78626,"01/04":6.7880197,"01/05":6.771162,"01/06":6.7553635,"01/07":6.7553635,"01/08":6.835262,"01/09":6.806464,"01/10":6.8113036,"01/11":6.815165,"01/12":6.798321,"01/13":6.7814827,"01/14":6.7814827,"01/15":6.860297,"01/16":6.8294806,"01/17":6.831362,"01/18":6.8342295,"01/19":6.837086,"01/20":6.8234186,"01/21":6.8234186,"01/22":6.8234186,"01/23":6.853844,"01/24":6.8557777,"01/25":6.856679,"01/26":6.856679,"01/27":6.820952,"01/28":6.820952,"01/29":6.8995967,"01/30":6.866667,"01/31":6.867488,"02/01":6.8713174,"02/02":6.8762636,"02/03":6.8605194,"02/04":6.8605194,"02/05":6.919437,"02/06":6.8907943,"02/07":6.8926606,"02/08":6.8955092,"02/09":6.896314,"02/10":6.8774433,"02/11":6.8774433,"02/12":6.9372783,"02/13":6.90034,"02/14":6.903117,"02/15":6.9069324,"02/16":6.918081,"02/17":6.9002666,"02/18":6.9002666,"02/19":6.9002666,"02/20":6.9271846,"02/21":6.9279156,"02/22":6.9296355,"02/23":6.933374,"02/24":6.914541,"02/25":6.914541,"02/26":6.9742384,"02/27":6.9373074,"02/28":6.9390135,"03/01":6.9602857,"03/02":6.9425044,"03/03":6.9247384,"03/04":6.9247384,"03/05":6.9247384,"03/06":6.871457,"03/07":6.871457,"03/08":6.835969,"03/09":6.8182282,"03/10":6.7994595,"03/11":6.7994595,"03/12":6.7994595,"03/13":6.7463026,"03/14":6.7285924,"03/15":6.7161,"03/16":6.702568,"03/17":6.681757,"03/18":6.681757,"03/19":6.681757,"03/20":6.6214414,"03/21":6.5965,"03/22":6.5965,"03/23":6.5435553,"03/24":6.519689,"03/25":6.519689,"03/26":6.519689,"03/27":6.46681,"03/28":6.465772,"03/29":6.483396,"03/30":6.483396,"03/31":6.3870773,"04/01":6.3870773,"04/02":6.3870773,"04/03":6.28784,"04/04":6.28784,"04/05":6.245514,"04/06":6.227969,"04/07":6.227969,"04/08":6.227969,"04/09":6.227969,"04/10":6.1372676,"04/11":6.1125526,"04/12":6.0930004,"04/13":6.068306,"04/14":6.068306,"04/15":6.068306,"04/16":6.068306,"04/17":5.9932823,"04/18":5.9727364,"04/19":5.9563193,"04/20":5.9378424,"04/21":5.9204087,"04/22":5.9204087,"04/23":5.9204087,"04/24":5.8670974,"04/25":5.8486614,"04/26":5.833298,"04/27":5.814864,"04/28":5.7964463,"04/29":5.7964463,"04/30":5.7964463,"05/01":5.7964463,"05/02":5.721797,"05/03":5.702389,"05/04":5.6829877,"05/05":5.6829877,"05/06":5.6829877,"05/07":5.6829877,"05/08":5.604424,"05/09":5.583018,"05/10":5.5636506,"05/11":5.5443006,"05/12":5.5249577,"05/13":5.5249577,"05/14":5.5249577,"05/15":5.4679794,"05/16":5.4486547,"05/17":5.4263034,"05/18":5.4009013,"05/19":5.3795776,"05/20":5.3795776,"05/21":5.3795776,"05/22":5.3207254,"05/23":5.2953835,"05/24":5.2771463,"05/25":5.2771463,"05/26":5.239667,"05/27":5.239667,"05/28":5.239667,"05/29":5.1829963,"05/30":5.1688385,"05/31":5.1486206,"06/01":5.1294127,"06/02":5.107187,"06/03":5.107187,"06/04":5.107187,"06/05":5.050659,"06/06":5.0304866,"06/07":5.011331,"06/08":4.993192,"06/09":4.9770675,"06/10":4.9770675,"06/11":4.9770675,"06/12":4.923693,"06/13":4.903569,"06/14":4.888479,"06/15":4.868369,"06/16":4.84726,"06/17":4.84726,"06/18":4.84726,"06/19":4.7910113,"06/20":4.7729483,"06/21":4.7528825,"06/22":4.730816,"06/23":4.7137675,"06/24":4.7137675,"06/25":4.7137675,"06/26":4.6586647,"06/27":4.644647,"06/28":4.6276274,"06/29":4.6276274,"06/30":4.5886154,"07/01":4.5886154,"07/02":4.5886154,"07/03":4.5316434,"07/04":4.5036807,"07/05":4.4827185,"07/06":4.4647613,"07/07":4.4647613,"07/08":4.4647613,"07/09":4.4647613,"07/10":4.4647613,"07/11":4.3730555,"07/12":4.355127,"07/13":4.335221,"07/14":4.315322,"07/15":4.315322,"07/16":4.315322,"07/17":4.2606373,"07/18":4.2427473,"07/19":4.2238784,"07/20":4.205016,"07/21":4.187145,"07/22":4.187145,"07/23":4.187145,"07/24":4.1325946,"07/25":4.1137657,"07/26":4.095926,"07/27":4.07711,"07/28":4.059292,"07/29":4.059292,"07/30":4.059292,"07/31":4.004866,"08/01":3.986083,"08/02":3.9673069,"08/03":3.9475484,"08/04":3.9277973,"08/05":3.9277973,"08/06":3.9277973,"08/07":3.8744965,"08/08":3.8577354,"08/09":3.8409703,"08/10":3.8232334,"08/11":3.8084524,"08/12":3.8084524,"08/13":3.8084524,"08/14":3.7533123,"08/15":3.7533123,"08/16":3.7533123,"08/17":3.698231,"08/18":3.6795492,"08/19":3.6795492,"08/20":3.6795492,"08/21":3.6245458,"08/22":3.6059,"08/23":3.5882432,"08/24":3.569601,"08/25":3.5499933,"08/26":3.5499933,"08/27":3.5499933,"08/28":3.4941468,"08/29":3.4745677,"08/30":3.4559758,"08/31":3.4373906,"09/01":3.4178329,"09/02":3.4178329,"09/03":3.4178329,"09/04":3.3611507,"09/05":3.3435678,"09/06":3.325023,"09/07":3.3064847,"09/08":3.2889204,"09/09":3.2889204,"09/10":3.2889204,"09/11":3.234331,"09/12":4.5958996,"09/13":4.596122,"09/14":4.596374,"09/15":4.5966697,"09/16":4.5966697,"09/17":4.5966697,"09/18":4.5974708,"09/19":4.5974708,"09/20":4.600133,"09/21":4.5924673,"09/22":4.585331,"09/23":4.577373,"09/24":4.577373,"09/25":4.5782347,"09/26":4.55889,"09/27":4.551707,"09/28":4.544071,"09/29":4.5361176,"09/30":4.528166,"10/01":4.528166,"10/02":4.528166,"10/03":4.5048714,"10/04":4.49724,"10/05":4.497577,"10/06":4.4820013,"10/07":4.4740596,"10/08":4.4740596,"10/09":4.4749765,"10/10":4.4482746,"10/11":4.448574,"10/12":4.4489098,"10/13":4.4492326,"10/14":4.449763,"10/15":4.449763,"10/16":4.450768,"10/17":4.4511037,"10/18":4.451992,"10/19":4.4523706,"10/20":4.4553127,"10/21":4.4468246,"10/22":4.4468246,"10/23":4.4478784,"10/24":4.4478784,"10/25":4.4146447,"10/26":4.415003,"10/27":4.3984013,"10/28":4.389921,"10/29":4.389921,"10/30":4.3910694,"10/31":4.3654714,"11/01":4.3574023,"11/02":4.3498473,"11/03":4.3423004,"11/04":4.334888,"11/05":4.334888,"11/06":4.3360586,"11/07":4.3126316,"11/08":4.3130145,"11/09":4.300714,"11/10":4.2947516,"11/11":4.2884035,"11/12":4.2884035,"11/13":4.289619,"11/14":4.270568,"11/15":4.2661295,"11/16":4.2612634,"11/17":4.2569027,"11/18":4.2516155,"11/19":4.2516155,"11/20":4.2528815,"11/21":4.2464333,"11/22":4.2389374,"11/23":4.2393556,"11/24":4.224452,"11/25":4.216517,"11/26":4.216517,"11/27":4.216517,"11/28":4.1955605,"11/29":4.1880574,"11/30":4.1816382,"12/01":4.1746697,"12/02":4.167799,"12/03":4.167799,"12/04":4.1691594,"12/05":4.148452,"12/06":4.1415434,"12/07":4.135144,"12/08":4.128241,"12/09":4.120845,"12/10":4.120845,"12/11":4.1222744,"12/12":4.0994644,"12/13":4.0924797,"12/14":4.085041,"12/15":4.0781345,"12/16":4.0702147,"12/17":4.0702147,"12/18":4.071636,"12/19":4.04729,"12/20":4.039923,"12/21":4.032002,"12/22":4.0240583,"12/23":4.0245867,"12/24":4.0245867,"12/25":4.0245867,"12/26":4.0002565,"12/27":3.9918044,"12/28":3.9838521,"12/29":3.9754786,"12/30":3.9665208,"12/31":3.9665208},"2022":{"09/12":5.9749985,"09/13":5.9920025,"09/14":6.0109997,"09/15":6.033001,"09/16":6.033001,"09/17":6.033001,"09/18":6.0910034,"09/19":6.0910034,"09/20":6.133239,"09/21":6.137326,"09/22":6.142473,"09/23":6.126557,"09/24":6.126557,"09/25":6.1845264,"09/26":6.164258,"09/27":6.165387,"09/28":6.1704555,"09/29":6.1545477,"09/30":6.1386447,"10/01":6.1386447,"10/02":6.1386447,"10/03":6.1926622,"10/04":6.196732,"10/05":6.2176905,"10/06":6.2058477,"10/07":6.1899643,"10/08":6.1899643,"10/09":6.245828,"10/10":6.2107406,"10/11":6.228693,"10/12":6.248633,"10/13":6.267575,"10/14":6.2686357,"10/15":6.2686357,"10/16":6.3264685,"10/17":6.3454103,"10/18":6.3664126,"10/19":6.387351,"10/20":6.4086094,"10/21":6.3916326,"10/22":6.3916326,"10/23":6.448462,"10/24":6.448462,"10/25":6.418438,"10/26":6.4373746,"10/27":6.4223766,"10/28":6.4054165,"10/29":6.4054165,"10/30":6.4651647,"10/31":6.4321566,"11/01":6.4361057,"11/02":6.4401174,"11/03":6.4441385,"11/04":6.429314,"11/05":6.429314,"11/06":6.48801,"11/07":6.4602427,"11/08":6.4791327,"11/09":6.4736047,"11/10":6.4798,"11/11":6.4671035,"11/12":6.4671035,"11/13":6.525737,"11/14":6.4876347,"11/15":6.51778,"11/16":6.5270705,"11/17":6.5364227,"11/18":6.5258484,"11/19":6.5258484,"11/20":6.584437,"11/21":6.5905285,"11/22":6.5945272,"11/23":6.6133885,"11/24":6.602549,"11/25":6.586679,"11/26":6.586679,"11/27":6.586679,"11/28":6.6205754,"11/29":6.623554,"11/30":6.6296415,"12/01":6.6336765,"12/02":6.6199346,"12/03":6.6199346,"12/04":6.6784334,"12/05":6.6549644,"12/06":6.660978,"12/07":6.667065,"12/08":6.6730742,"12/09":6.658282,