{"0":{"01/01":20.10605,"01/02":19.487627,"01/03":19.386715,"01/04":20.591228,"01/05":20.640911,"01/06":21.48939,"01/07":21.48939,"01/08":21.48939,"01/09":20.169418,"01/10":21.24507,"01/11":21.467796,"01/12":21.554226,"01/13":20.99578,"01/14":20.99578,"01/15":20.99578,"01/16":21.268978,"01/17":20.028687,"01/18":19.316069,"01/19":19.656183,"01/20":20.249317,"01/21":20.249317,"01/22":20.249317,"01/23":19.779707,"01/24":19.805378,"01/25":21.284523,"01/26":21.284523,"01/27":22.729582,"01/28":22.729582,"01/29":22.729582,"01/30":22.642689,"01/31":22.336496,"02/01":22.548594,"02/02":22.330418,"02/03":20.838863,"02/04":20.838863,"02/05":20.838863,"02/06":21.24507,"02/07":21.676891,"02/08":20.888748,"02/09":20.7238,"02/10":20.836485,"02/11":20.836485,"02/12":20.836485,"02/13":21.365913,"02/14":20.555777,"02/15":19.819382,"02/16":19.51316,"02/17":20.055637,"02/18":20.055637,"02/19":20.055637,"02/20":20.561682,"02/21":20.695375,"02/22":22.338934,"02/23":22.647587,"02/24":23.02175,"02/25":23.02175,"02/26":23.02175,"02/27":23.566824,"02/28":24.03163,"03/01":23.052526,"03/02":23.838057,"03/03":22.351097,"03/04":22.351097,"03/05":22.351097,"03/06":21.705782,"03/07":21.705782,"03/08":21.296488,"03/09":22.38276,"03/10":23.356136,"03/11":23.356136,"03/12":23.356136,"03/13":25.191875,"03/14":25.868343,"03/15":26.240421,"03/16":25.94956,"03/17":25.273487,"03/18":25.273487,"03/19":25.273487,"03/20":26.144613,"03/21":25.456211,"03/22":25.456211,"03/23":25.685705,"03/24":26.500113,"03/25":26.500113,"03/26":26.500113,"03/27":26.27931,"03/28":26.616013,"03/29":25.63948,"03/30":25.63948,"03/31":23.854267,"04/01":23.854267,"04/02":23.854267,"04/03":23.625196,"04/04":23.625196,"04/05":22.700201,"04/06":22.331635,"04/07":22.331635,"04/08":22.331635,"04/09":22.331635,"04/10":22.14454,"04/11":21.56024,"04/12":20.991014,"04/13":20.81156,"04/14":20.81156,"04/15":20.81156,"04/16":20.81156,"04/17":21.14952,"04/18":21.253437,"04/19":21.590279,"04/20":21.530205,"04/21":21.628752,"04/22":21.628752,"04/23":21.628752,"04/24":20.919647,"04/25":20.678795,"04/26":20.274014,"04/27":19.765703,"04/28":18.566107,"04/29":18.566107,"04/30":18.566107,"05/01":18.566107,"05/02":18.033588,"05/03":18.159454,"05/04":17.292912,"05/05":17.292912,"05/06":17.292912,"05/07":17.292912,"05/08":16.964968,"05/09":16.98833,"05/10":16.489712,"05/11":16.410324,"05/12":16.465443,"05/13":16.465443,"05/14":16.465443,"05/15":15.947206,"05/16":16.231,"05/17":16.790586,"05/18":17.305214,"05/19":17.18562,"05/20":17.18562,"05/21":17.18562,"05/22":16.560368,"05/23":16.35636,"05/24":16.525024,"05/25":16.525024,"05/26":15.1849165,"05/27":15.1849165,"05/28":15.1849165,"05/29":14.632028,"05/30":14.532759,"05/31":14.760382,"06/01":14.925522,"06/02":14.435783,"06/03":14.435783,"06/04":14.435783,"06/05":14.191406,"06/06":14.089719,"06/07":13.281636,"06/08":13.848927,"06/09":14.195653,"06/10":14.195653,"06/11":14.195653,"06/12":13.966033,"06/13":13.195093,"06/14":12.873054,"06/15":12.996467,"06/16":12.041215,"06/17":12.041215,"06/18":12.041215,"06/19":12.475648,"06/20":12.099423,"06/21":11.888321,"06/22":12.593032,"06/23":13.26494,"06/24":13.26494,"06/25":13.26494,"06/26":12.958066,"06/27":12.409855,"06/28":11.530157,"06/29":11.530157,"06/30":10.41872,"07/01":10.41872,"07/02":10.41872,"07/03":9.573703,"07/04":9.673362,"07/05":9.389511,"07/06":8.800188,"07/07":8.800188,"07/08":8.800188,"07/09":8.800188,"07/10":8.800188,"07/11":8.7944145,"07/12":8.883024,"07/13":9.2622,"07/14":8.51509,"07/15":8.51509,"07/16":8.51509,"07/17":7.797009,"07/18":7.6837516,"07/19":7.106095,"07/20":6.3292084,"07/21":6.9533424,"07/22":6.9533424,"07/23":6.9533424,"07/24":7.2349634,"07/25":7.003596,"07/26":6.4783354,"07/27":6.899432,"07/28":6.5512114,"07/29":6.5512114,"07/30":6.5512114,"07/31":5.660558,"08/01":5.935403,"08/02":7.2153325,"08/03":7.809292,"08/04":7.178898,"08/05":7.178898,"08/06":7.178898,"08/07":6.7556105,"08/08":6.8539243,"08/09":6.360479,"08/10":6.9133635,"08/11":7.503041,"08/12":7.503041,"08/13":7.503041,"08/14":7.7082763,"08/15":7.7082763,"08/16":7.7082763,"08/17":8.023291,"08/18":8.342064,"08/19":8.342064,"08/20":8.342064,"08/21":7.8017306,"08/22":7.5265336,"08/23":7.19104,"08/24":7.351961,"08/25":8.261956,"08/26":8.261956,"08/27":8.261956,"08/28":7.940808,"08/29":7.774344,"08/30":7.69224,"08/31":7.969237,"09/01":6.9180164,"09/02":6.9180164,"09/03":6.9180164,"09/04":6.2529674,"09/05":5.882505,"09/06":5.7432246,"09/07":5.047784,"09/08":4.4509583,"09/09":4.4509583,"09/10":4.4509583,"09/11":3.6010292,"09/12":11.108629,"09/13":11.145357,"09/14":11.164195,"09/15":11.1834545,"09/16":11.1852455,"09/17":11.1852455,"09/18":11.159802,"09/19":11.127143,"09/20":10.429726,"09/21":10.656404,"09/22":10.431725,"09/23":11.136105,"09/24":11.136105,"09/25":11.13897,"09/26":11.924154,"09/27":12.18792,"09/28":12.447331,"09/29":12.613557,"09/30":11.964935,"10/01":11.964935,"10/02":11.964935,"10/03":12.563886,"10/04":11.3005295,"10/05":11.310095,"10/06":11.211368,"10/07":11.281071,"10/08":11.281071,"10/09":11.243897,"10/10":11.575255,"10/11":12.438946,"10/12":11.982472,"10/13":12.366371,"10/14":11.862755,"10/15":11.862755,"10/16":11.859914,"10/17":11.479077,"10/18":10.789312,"10/19":10.733135,"10/20":10.564058,"10/21":10.69848,"10/22":10.69848,"10/23":10.651223,"10/24":10.651223,"10/25":10.425046,"10/26":10.413843,"10/27":10.166205,"10/28":10.042007,"10/29":10.042007,"10/30":10.046571,"10/31":9.361172,"11/01":8.965818,"11/02":9.186508,"11/03":9.201876,"11/04":9.107853,"11/05":9.107853,"11/06":9.119016,"11/07":8.941559,"11/08":8.946864,"11/09":9.045171,"11/10":9.415018,"11/11":8.704208,"11/12":8.704208,"11/13":8.707827,"11/14":8.809526,"11/15":8.649767,"11/16":8.633151,"11/17":8.824493,"11/18":9.019755,"11/19":9.019755,"11/20":9.015038,"11/21":9.468859,"11/22":9.17422,"11/23":9.1763525,"11/24":8.483188,"11/25":8.456395,"11/26":8.456395,"11/27":8.456395,"11/28":8.332384,"11/29":8.250477,"11/30":7.8387275,"12/01":7.6847696,"12/02":7.9672794,"12/03":7.9672794,"12/04":8.090929,"12/05":8.107813,"12/06":8.296755,"12/07":8.494165,"12/08":8.321636,"12/09":8.577182,"12/10":8.577182,"12/11":8.577182,"12/12":8.619623,"12/13":8.347089,"12/14":8.143525,"12/15":8.893016,"12/16":9.438915,"12/17":9.438915,"12/18":9.438915,"12/19":8.93535,"12/20":9.072351,"12/21":9.66266,"12/22":9.886933,"12/23":10.98687,"12/24":10.98687,"12/25":10.98687,"12/26":10.295614,"12/27":9.944727,"12/28":9.957586,"12/29":9.789699,"12/30":10.053025,"12/31":10.053025},"2022":{"09/12":17.893,"09/13":18.464914,"09/14":18.812813,"09/15":19.207315,"09/16":19.210897,"09/17":19.210897,"09/18":18.824928,"09/19":18.75961,"09/20":16.15775,"09/21":15.816298,"09/22":15.166574,"09/23":16.575333,"09/24":16.575333,"09/25":16.636442,"09/26":18.166874,"09/27":19.1384,"09/28":18.459633,"09/29":18.792084,"09/30":17.49484,"10/01":17.49484,"10/02":17.49484,"10/03":19.088253,"10/04":15.9704,"10/05":16.202654,"10/06":16.63222,"10/07":16.771626,"10/08":16.771626,"10/09":15.920884,"10/10":17.489952,"10/11":19.743898,"10/12":18.853418,"10/13":19.395258,"10/14":18.388023,"10/15":18.388023,"10/16":18.33631,"10/17":17.962378,"10/18":15.69339,"10/19":15.433152,"10/20":14.49006,"10/21":14.758903,"10/22":14.758903,"10/23":13.106203,"10/24":13.106203,"10/25":12.000793,"10/26":10.508993,"10/27":11.14587,"10/28":10.897475,"10/29":10.897475,"10/30":11.364126,"10/31":9.617165,"11/01":8.290535,"11/02":9.803334,"11/03":10.39564,"11/04":10.207596,"11/05":10.207596,"11/06":11.028305,"11/07":10.79008,"11/08":11.085273,"11/09":10.953461,"11/10":11.870182,"11/11":10.448564,"11/12":10.448564,"11/13":10.664682,"11/14":10.868082,"11/15":11.885307,"11/16":12.446807,"11/17":12.727559,"11/18":13.118084,"11/19":13.118084,"11/20":12.985875,"11/21":14.341976,"11/22":13.705528,"11/23":13.758736,"11/24":12.206704,"11/25":12.153119,"11/26":12.153119,"11/27":12.153119,"11/28":12.346704,"11/29":13.069817,"11/30":12.516994,"12/01":12.756469,"12/02":13.321488,"12/03":13.321488,"12/04":15.532911,"12/05":16.215626,"12/06":16.59351,"12/07":16.98833,"12/08":16.643272,