{"0":{"01/01":6.610533,"01/02":6.6105556,"01/03":6.603116,"01/04":6.5935163,"01/05":6.5935163,"01/06":6.593589,"01/07":6.5936227,"01/08":6.557379,"01/09":6.5493975,"01/10":6.543023,"01/11":6.535563,"01/12":6.535563,"01/13":6.5356765,"01/14":6.5357237,"01/15":6.498473,"01/16":6.4894705,"01/17":6.482608,"01/18":6.4735603,"01/19":6.463978,"01/20":6.4641285,"01/21":6.4641876,"01/22":6.4642506,"01/23":6.4265103,"01/24":6.417001,"01/25":6.4074316,"01/26":6.4074316,"01/27":6.4076204,"01/28":6.407701,"01/29":6.37109,"01/30":6.362138,"01/31":6.352651,"02/01":6.343093,"02/02":6.3335333,"02/03":6.3337607,"02/04":6.333851,"02/05":6.306881,"02/06":6.2985067,"02/07":6.2895927,"02/08":6.280575,"02/09":6.272085,"02/10":6.2723727,"02/11":6.2724648,"02/12":6.2439365,"02/13":6.2345247,"02/14":6.225616,"02/15":6.2160716,"02/16":6.207597,"02/17":6.207922,"02/18":6.207922,"02/19":6.207922,"02/20":6.1711655,"02/21":6.161738,"02/22":6.1527395,"02/23":6.1447997,"02/24":6.1451745,"02/25":6.1453247,"02/26":6.1177964,"02/27":6.1090517,"02/28":6.0996265,"02/29":6.802859,"03/01":6.0816483,"03/02":6.0816483,"03/03":6.082049,"03/04":6.054034,"03/05":6.0458417,"03/06":6.037529,"03/07":6.0292053,"03/08":6.0292053,"03/09":6.0292053,"03/10":6.029602,"03/11":5.9922476,"03/12":5.9828634,"03/13":5.973505,"03/14":5.965063,"03/15":5.9560957,"03/16":5.9560957,"03/17":5.95675,"03/18":5.9568915,"03/19":5.9201126,"03/20":5.911848,"03/21":5.903037,"03/22":5.8935556,"03/23":5.8935556,"03/24":5.8941326,"03/25":5.894432,"03/26":5.856728,"03/27":5.8480215,"03/28":5.838556,"03/29":5.838556,"03/30":5.838556,"03/31":5.806904,"04/01":5.806904,"04/02":5.792567,"04/03":5.7842665,"04/04":5.7747955,"04/05":5.765844,"04/06":5.765844,"04/07":5.7665176,"04/08":5.739274,"04/09":5.7395654,"04/10":5.721151,"04/11":5.721718,"04/12":5.7027807,"04/13":5.7027807,"04/14":5.7027807,"04/15":5.6754513,"04/16":5.666092,"04/17":5.6662903,"04/18":5.6468487,"04/19":5.6373987,"04/20":5.6373987,"04/21":5.6383004,"04/22":5.611518,"04/23":5.6020746,"04/24":5.593851,"04/25":5.5846415,"04/26":5.5751967,"04/27":5.5751967,"04/28":5.575879,"04/29":5.5472193,"04/30":5.5377865,"05/01":5.5377865,"05/02":5.518927,"05/03":5.510024,"05/04":5.510024,"05/05":5.511423,"05/06":5.4849834,"05/07":5.4758234,"05/08":5.46713,"05/09":5.4579067,"05/10":5.4484916,"05/11":5.4484916,"05/12":5.4484916,"05/13":5.4202566,"05/14":5.4122143,"05/15":5.403103,"05/16":5.3939567,"05/17":5.385071,"05/18":5.385071,"05/19":5.385935,"05/20":5.386265,"05/21":5.3484387,"05/22":5.338918,"05/23":5.3392973,"05/24":5.319985,"05/25":5.319985,"05/26":5.3208747,"05/27":5.293045,"05/28":5.2839375,"05/29":5.2748647,"05/30":5.26628,"05/31":5.2574153,"06/01":5.2574153,"06/02":5.2583237,"06/03":5.229959,"06/04":5.221105,"06/05":5.212877,"06/06":5.20383,"06/07":5.193932,"06/08":5.193932,"06/09":5.195548,"06/10":5.1667385,"06/11":5.157642,"06/12":5.148476,"06/13":5.139804,"06/14":5.130438,"06/15":5.130438,"06/16":5.1312456,"06/17":5.1314545,"06/18":5.093808,"06/19":5.0847464,"06/20":5.0757265,"06/21":5.0663743,"06/22":5.0663743,"06/23":5.06727,"06/24":5.039044,"06/25":5.0300393,"06/26":5.0214105,"06/27":5.0125933,"06/28":5.002736,"06/29":5.002736,"06/30":5.002736,"07/01":4.972682,"07/02":4.961807,"07/03":4.951455,"07/04":4.942138,"07/05":4.9328294,"07/06":4.9328294,"07/07":4.9328294,"07/08":4.909723,"07/09":4.9012055,"07/10":4.892112,"07/11":4.8831,"07/12":4.873785,"07/13":4.873785,"07/14":4.874658,"07/15":4.8471293,"07/16":4.8473973,"07/17":4.8477445,"07/18":4.8206954,"07/19":4.8113923,"07/20":4.8113923,"07/21":4.8123035,"07/22":4.784187,"07/23":4.774691,"07/24":4.76571,"07/25":4.766004,"07/26":4.7464,"07/27":4.7464,"07/28":4.7473454,"07/29":4.720324,"07/30":4.711344,"07/31":4.701786,"08/01":4.6928716,"08/02":4.6836014,"08/03":4.6836014,"08/04":4.684623,"08/05":4.656635,"08/06":4.6476936,"08/07":4.6387553,"08/08":4.629835,"08/09":4.620578,"08/10":4.620578,"08/11":4.621557,"08/12":4.5930643,"08/13":4.5846725,"08/14":4.575794,"08/15":4.575794,"08/16":4.556786,"08/17":4.556786,"08/18":4.5582356,"08/19":4.529852,"08/20":4.520965,"08/21":4.511594,"08/22":4.502203,"08/23":4.492967,"08/24":4.492967,"08/25":4.494026,"08/26":4.4661183,"08/27":4.456895,"08/28":4.4477715,"08/29":4.438786,"08/30":4.429569,"08/31":4.429569,"09/01":4.4305773,"09/02":4.4021816,"09/03":4.392179,"09/04":4.3832726,"09/05":4.383575,"09/06":4.3651624,"09/07":4.3651624,"09/08":4.3651624,"09/09":4.3378987,"09/10":4.3289433,"09/11":4.3199844,"09/12":4.3105655,"09/13":4.301373,"09/14":4.301373,"09/15":4.3023567,"09/16":4.273575,"09/17":4.2642517,"09/18":4.2645817,"09/19":4.24558,"09/20":4.235386,"09/21":4.235386,"09/22":4.235959,"09/23":4.206628,"09/24":4.1899385,"09/25":4.191732,"09/26":4.1771717,"09/27":4.1675096,"09/28":4.1675096,"09/29":4.174781,"09/30":4.160068,"10/01":4.147393,"10/02":4.147393,"10/03":4.1248574,"10/04":4.111039,"10/05":4.111039,"10/06":4.1053343,"10/07":4.082618,"10/08":4.077793,"10/09":4.0665708,"10/10":4.0576415,"10/11":4.047922,"10/12":4.047922,"10/13":4.037433,"10/14":4.003993,"10/15":4.004927,"10/16":3.9892752,"10/17":3.978695,"10/18":3.9700499,"10/19":3.9700499,"10/20":3.9898095,"10/21":3.9611895,"10/22":3.9514875,"10/23":3.946773,"10/24":3.9419892,"10/25":3.9327822,"10/26":3.9327822,"10/27":3.9344993,"10/28":3.88784,"10/29":3.8977492,"10/30":3.8827143,"10/31":3.8660457,"11/01":3.8660457,"11/02":3.8660457,"11/03":3.873313,"11/04":3.832872,"11/05":3.82167,"11/06":3.8061492,"11/07":3.8006773,"11/08":3.7905025,"11/09":3.7905025,"11/10":3.7948878,"11/11":3.758913,"11/12":3.74765,"11/13":3.7356305,"11/14":3.7254982,"11/15":3.7254982,"11/16":3.7254982,"11/17":3.7212062,"11/18":3.6914773,"11/19":3.6847467,"11/20":3.7042606,"11/21":3.6765897,"11/22":3.6679513,"11/23":3.6679513,"11/24":3.6695771,"11/25":3.632908,"11/26":3.6170774,"11/27":3.610747,"11/28":3.601141,"11/29":3.592546,"11/30":3.592546,"12/01":3.592546,"12/02":3.5622363,"12/03":3.551637,"12/04":3.5430622,"12/05":3.5329752,"12/06":3.5228925,"12/07":3.5228925,"12/08":3.5228925,"12/09":3.4921575,"12/10":3.4825938,"12/11":3.4730337,"12/12":3.4639757,"12/13":3.4554288,"12/14":3.4554288,"12/15":3.4554288,"12/16":3.4554288,"12/17":3.4167402,"12/18":3.4071984,"12/19":3.3981678,"12/20":3.3896372,"12/21":3.3896372,"12/22":3.3896372,"12/23":3.361062,"12/24":3.355553,"12/25":3.355553,"12/26":4.4070215,"12/27":4.407014,"12/28":4.407014,"12/29":4.407014,"12/30":4.407004,"12/31":4.407006},"2023":{"12/26":6.534996,"12/27":6.5530014,"12/28":6.5530014,"12/29":6.5530014,"12/30":6.6139984,"12/31":6.636},"2024":{"01/01":6.6870027,"01/02":6.7140007,"01/03":6.727059,"01/04":6.707859,"01/05":6.707859,"01/06":6.7628393,"01/07":6.782832,"01/08":6.7302628,"01/09":6.7232633,"01/10":6.7224574,"01/11":6.7075377,"01/12":6.7075377,"01/13":6.7674584,"01/14":6.788429,"01/15":6.735789,"01/16":6.7406216,"01/17":6.750727,"01/18":6.7326317,"01/19":6.7134666,"01/20":6.7713103,"01/21":6.7912536,"01/22":6.811197,"01/23":6.7515693,"01/24":6.752354,"01/25":6.7332163,"01/26":6.7332163,"01/27":6.7900004,"01/28":6.8119173,"01/29":6.7604427,"01/30":6.763286,"01/31":6.765054,"02/01":6.745938,"02/02":6.726818,"02/03":6.7845087,"02/04":6.8053994,"02/05":6.776109,"02/06":6.785963,"02/07":6.791774,"02/08":6.773738,"02/09":6.7567596,"02/10":6.8163743,"02/11":6.834255,"02/12":6.7998095,"02/13":6.806529,"02/14":6.8073783,"02/15":6.7882895,"02/16":6.7713404,"02/17":6.8298883,"02/18":6.8298883,"02/19":6.8298883,"02/20":6.812256,"02/21":6.81104,"02/22":6.793043,"02/23":6.7771635,"02/24":6.8376265,"02/25":6.860428,"02/26":6.8053713,"02/27":6.825027,"02/28":6.820835,"02/29":6.802859,"03/01":6.7848783,"03/02":6.7848783,"03/03":6.843296,"03/04":6.7872663,"03/05":6.807949,"03/06":6.8108335,"03/07":6.8117275,"03/08":6.8117275,"03/09":6.8117275,"03/10":6.8641443,"03/11":6.807937,"03/12":6.8037667,"03/13":6.802557,"03/14":6.7856736,"03/15":6.767739,"03/16":6.767739,"03/17":6.8497167,"03/18":6.8665113,"03/19":6.80945,"03/20":6.812328,"03/21":6.812173,"03/22":6.7932105,"03/23":6.7932105,"03/24":6.8593035,