{"0":{"01/01":25.279781,"01/02":24.500645,"01/03":23.838322,"01/04":26.11432,"01/05":26.166277,"01/06":27.053617,"01/07":27.053617,"01/08":25.937416,"01/09":24.717625,"01/10":26.123814,"01/11":26.640926,"01/12":26.731033,"01/13":26.148806,"01/14":26.148806,"01/15":28.695812,"01/16":28.570303,"01/17":24.917044,"01/18":23.709743,"01/19":25.21136,"01/20":25.832033,"01/21":25.832033,"01/22":25.832033,"01/23":22.89421,"01/24":24.491768,"01/25":25.702362,"01/26":25.702362,"01/27":27.200058,"01/28":27.200058,"01/29":29.538074,"01/30":28.537945,"01/31":29.15203,"02/01":28.820955,"02/02":29.568335,"02/03":27.988531,"02/04":27.988531,"02/05":27.965929,"02/06":29.320786,"02/07":29.69133,"02/08":28.324444,"02/09":28.068869,"02/10":28.188408,"02/11":28.188408,"02/12":26.452354,"02/13":27.570833,"02/14":27.905313,"02/15":28.186895,"02/16":28.57253,"02/17":29.156126,"02/18":29.156126,"02/19":29.156126,"02/20":30.618044,"02/21":29.744265,"02/22":32.607204,"02/23":32.931797,"02/24":33.337334,"02/25":33.337334,"02/26":32.84521,"02/27":33.732193,"02/28":32.780033,"03/01":34.32517,"03/02":35.18266,"03/03":33.55948,"03/04":34.60501,"03/05":34.4916,"03/06":33.87824,"03/07":34.33937,"03/08":33.88759,"03/09":35.08662,"03/10":36.161037,"03/11":35.114944,"03/12":34.673634,"03/13":33.67501,"03/14":35.6346,"03/15":35.317055,"03/16":35.005283,"03/17":34.2806,"03/18":34.2806,"03/19":32.862766,"03/20":34.007175,"03/21":34.911,"03/22":35.380222,"03/23":35.62787,"03/24":36.5067,"03/25":36.5067,"03/26":36.304077,"03/27":36.066166,"03/28":36.42896,"03/29":35.376747,"03/30":35.376747,"03/31":33.453175,"04/01":33.453175,"04/02":33.453175,"04/03":33.206352,"04/04":33.206352,"04/05":32.209667,"04/06":31.812536,"04/07":31.812536,"04/08":31.812536,"04/09":31.812536,"04/10":31.610943,"04/11":30.981356,"04/12":30.368013,"04/13":30.174652,"04/14":30.174652,"04/15":30.174652,"04/16":30.174652,"04/17":30.538805,"04/18":30.650776,"04/19":31.013723,"04/20":30.948996,"04/21":31.055178,"04/22":31.055178,"04/23":31.055178,"04/24":30.291117,"04/25":30.031599,"04/26":29.595444,"04/27":29.04774,"04/28":27.755173,"04/29":27.755173,"04/30":27.755173,"05/01":27.755173,"05/02":27.181383,"05/03":27.317007,"05/04":26.383305,"05/05":26.383305,"05/06":26.383305,"05/07":26.383305,"05/08":26.029943,"05/09":26.055117,"05/10":25.517853,"05/11":25.432312,"05/12":25.491705,"05/13":25.491705,"05/14":25.491705,"05/15":24.933302,"05/16":25.239094,"05/17":25.842047,"05/18":26.396559,"05/19":26.267694,"05/20":26.267694,"05/21":26.267694,"05/22":25.593987,"05/23":25.374166,"05/24":25.555904,"05/25":25.555904,"05/26":24.111937,"05/27":24.111937,"05/28":24.111937,"05/29":23.516197,"05/30":23.409235,"05/31":23.6545,"06/01":23.832438,"06/02":23.304745,"06/03":23.304745,"06/04":23.304745,"06/05":23.041428,"06/06":22.931858,"06/07":22.061148,"06/08":22.672403,"06/09":23.046003,"06/10":23.046003,"06/11":23.046003,"06/12":22.798586,"06/13":21.967897,"06/14":21.6209,"06/15":21.753878,"06/16":20.724592,"06/17":20.724592,"06/18":20.724592,"06/19":21.192694,"06/20":20.787312,"06/21":20.559849,"06/22":21.319176,"06/23":22.04316,"06/24":22.04316,"06/25":22.04316,"06/26":21.712502,"06/27":21.121803,"06/28":20.173927,"06/29":20.173927,"06/30":18.97635,"07/01":18.97635,"07/02":18.97635,"07/03":18.065844,"07/04":18.173227,"07/05":17.867376,"07/06":17.23238,"07/07":17.23238,"07/08":17.23238,"07/09":17.23238,"07/10":17.23238,"07/11":17.226158,"07/12":17.321638,"07/13":17.7302,"07/14":16.925186,"07/15":16.925186,"07/16":16.925186,"07/17":16.151453,"07/18":16.029419,"07/19":15.406992,"07/20":14.569895,"07/21":15.242401,"07/22":15.242401,"07/23":15.242401,"07/24":15.545849,"07/25":15.29655,"07/26":14.73058,"07/27":15.184314,"07/28":14.809105,"07/29":14.809105,"07/30":14.809105,"07/31":13.849423,"08/01":14.14557,"08/02":15.524695,"08/03":16.164688,"08/04":15.485438,"08/05":15.485438,"08/06":15.485438,"08/07":15.029344,"08/08":15.135278,"08/09":14.60359,"08/10":15.199324,"08/11":15.834702,"08/12":15.834702,"08/13":15.834702,"08/14":16.055843,"08/15":16.055843,"08/16":16.055843,"08/17":16.395273,"08/18":16.738752,"08/19":16.738752,"08/20":16.738752,"08/21":16.156542,"08/22":15.860016,"08/23":15.498521,"08/24":15.671914,"08/25":16.652435,"08/26":16.652435,"08/27":16.652435,"08/28":16.306396,"08/29":16.127031,"08/30":16.038565,"08/31":16.337029,"09/01":15.204338,"09/02":15.204338,"09/03":15.204338,"09/04":14.487746,"09/05":14.0885725,"09/06":13.938498,"09/07":13.189159,"09/08":12.546079,"09/09":12.546079,"09/10":12.546079,"09/11":11.630278,"09/12":15.15128,"09/13":15.168692,"09/14":15.1755085,"09/15":15.180973,"09/16":15.182764,"09/17":15.182764,"09/18":15.170305,"09/19":15.137646,"09/20":14.487001,"09/21":14.74448,"09/22":14.527565,"09/23":15.231945,"09/24":15.231945,"09/25":15.232665,"09/26":16.019396,"09/27":16.265957,"09/28":16.571775,"09/29":16.738,"09/30":16.08938,"10/01":16.08938,"10/02":16.08938,"10/03":16.673004,"10/04":15.432554,"10/05":15.433861,"10/06":15.310837,"10/07":15.38054,"10/08":15.38054,"10/09":15.373452,"10/10":15.669687,"10/11":16.512974,"10/12":16.05563,"10/13":16.448286,"10/14":15.944668,"10/15":15.944668,"10/16":15.943611,"10/17":15.547749,"10/18":14.892452,"10/19":14.842005,"10/20":14.696369,"10/21":14.830791,"10/22":14.830791,"10/23":14.843916,"10/24":14.843916,"10/25":14.643045,"10/26":14.688783,"10/27":14.397273,"10/28":14.273075,"10/29":14.273075,"10/30":14.25991,"10/31":13.589087,"11/01":13.214499,"11/02":13.393673,"11/03":13.387278,"11/04":13.293256,"11/05":13.293256,"11/06":13.273479,"11/07":13.091501,"11/08":13.085779,"11/09":13.196813,"11/10":13.559799,"11/11":12.84899,"11/12":12.84899,"11/13":12.844514,"11/14":12.946214,"11/15":12.734655,"11/16":12.694992,"11/17":12.890284,"11/18":13.0855465,"11/19":13.0855465,"11/20":13.085586,"11/21":13.52203,"11/22":13.229219,"11/23":13.229454,"11/24":12.542711,"11/25":12.515919,"11/26":12.515919,"11/27":12.515919,"11/28":12.374795,"11/29":12.258518,"11/30":11.83628,"12/01":11.66111,"12/02":11.94362,"12/03":11.94362,"12/04":11.991158,"12/05":11.982895,"12/06":12.185084,"12/07":12.387887,"12/08":12.221105,"12/09":12.477969,"12/10":12.477969,"12/11":12.498774,"12/12":12.507414,"12/13":12.239251,"12/14":12.10029,"12/15":12.928085,"12/16":13.487751,"12/17":13.487751,"12/18":13.493631,"12/19":12.980863,"12/20":12.999138,"12/21":13.659139,"12/22":13.921359,"12/23":15.045702,"12/24":15.045702,"12/25":15.045702,"12/26":14.382536,"12/27":14.10052,"12/28":14.171329,"12/29":13.994634,"12/30":14.268766,"12/31":14.268766},"2022":{"09/12":17.893,"09/13":18.464914,"09/14":18.812813,"09/15":19.207315,"09/16":19.210897,"09/17":19.210897,"09/18":18.824928,"09/19":18.75961,"09/20":16.15775,"09/21":15.816298,"09/22":15.166574,"09/23":16.575333,"09/24":16.575333,"09/25":16.636442,"09/26":18.166874,"09/27":19.1384,"09/28":18.459633,"09/29":18.792084,"09/30":17.49484,"10/01":17.49484,"10/02":17.49484,"10/03":19.088253,"10/04":15.9704,"10/05":16.202654,"10/06":16.63222,"10/07":16.771626,"10/08":16.771626,"10/09":15.920884,"10/10":17.489952,"10/11":19.743898,"10/12":18.853418,"10/13":19.395258,"10/14":18.388023,"10/15":18.388023,"10/16":18.33631,"10/17":17.962378,"10/18":15.69339,"10/19":15.433152,"10/20":14.49006,"10/21":14.758903,"10/22":14.758903,"10/23":13.106203,"10/24":13.106203,"10/25":12.000793,"10/26":10.508993,"10/27":11.14587,"10/28":10.897475,"10/29":10.897475,"10/30":11.364126,"10/31":9.617165,"11/01":8.290535,"11/02":9.803334,"11/03":10.39564,"11/04":10.207596,"11/05":10.207596,"11/06":11.028305,"11/07":10.79008,"11/08":11.085273,"11/09":10.953461,"11/10":11.870182,"11/11":10.448564,"11/12":10.448564,"11/13":10.664682,"11/14":10.868082,"11/15":11.885307,"11/16":12.446807,"11/17":12.727559,"11/18":13.118084,"11/19":13.118084,"11/20":12.985875,"11/21":14.341976,"11/22":13.705528,"11/23":13.758736,"11/24":12.206704,"11/25":12.153119,"11/26":12.153119,"11/27":12.153119,"11/28":12.346704,"11/29":13.069817,"11/30":12.516994,"12/01":12.756469,"12/02":13.321488,"12/03":13.321488,