{"0":{"01/01":8.983402,"01/02":8.973819,"01/03":8.96296,"01/04":8.953028,"01/05":8.953028,"01/06":8.953893,"01/07":8.954507,"01/08":8.9161625,"01/09":8.907019,"01/10":8.909668,"01/11":8.89973,"01/12":8.89973,"01/13":8.896667,"01/14":8.896021,"01/15":8.857312,"01/16":8.85057,"01/17":8.841487,"01/18":8.83158,"01/19":8.827177,"01/20":8.828071,"01/21":8.831278,"01/22":8.8316345,"01/23":8.792759,"01/24":8.78153,"01/25":8.814021,"01/26":8.814021,"01/27":8.817889,"01/28":8.819249,"01/29":8.740637,"01/30":8.731043,"01/31":8.721512,"02/01":8.711583,"02/02":8.702216,"02/03":8.703768,"02/04":8.69995,"02/05":8.673027,"02/06":8.664401,"02/07":8.652656,"02/08":8.643867,"02/09":8.633982,"02/10":8.636599,"02/11":8.639357,"02/12":8.606218,"02/13":8.595741,"02/14":8.5856,"02/15":8.576282,"02/16":8.566423,"02/17":8.566886,"02/18":8.566886,"02/19":8.566886,"02/20":8.529717,"02/21":8.520147,"02/22":8.510843,"02/23":8.50209,"02/24":8.503327,"02/25":8.503077,"02/26":8.4740925,"02/27":8.458431,"02/28":8.448252,"02/29":9.954582,"03/01":8.429214,"03/02":8.429214,"03/03":8.429173,"03/04":8.400911,"03/05":8.392175,"03/06":8.38397,"03/07":8.374692,"03/08":8.374692,"03/09":8.374692,"03/10":8.374775,"03/11":8.337219,"03/12":8.3274555,"03/13":8.320429,"03/14":8.311203,"03/15":8.301974,"03/16":8.301974,"03/17":8.302078,"03/18":8.305634,"03/19":8.271927,"03/20":8.267018,"03/21":8.25643,"03/22":8.246629,"03/23":8.246629,"03/24":8.251482,"03/25":8.253873,"03/26":8.223195,"03/27":8.219919,"03/28":8.212994,"03/29":8.212994,"03/30":8.212994,"03/31":8.18104,"04/01":8.18104,"04/02":8.180744,"04/03":8.170046,"04/04":8.160018,"04/05":8.150118,"04/06":8.150118,"04/07":8.151873,"04/08":8.120207,"04/09":8.123417,"04/10":8.104193,"04/11":8.110413,"04/12":8.090625,"04/13":8.090625,"04/14":8.090625,"04/15":8.06151,"04/16":8.060869,"04/17":8.071381,"04/18":8.052634,"04/19":8.04327,"04/20":8.04327,"04/21":8.050052,"04/22":8.021926,"04/23":8.012009,"04/24":8.012012,"04/25":7.996204,"04/26":7.9862833,"04/27":7.9862833,"04/28":7.9915833,"04/29":7.965391,"04/30":7.955471,"05/01":7.955471,"05/02":7.9356337,"05/03":7.9273725,"05/04":7.9273725,"05/05":7.929594,"05/06":7.899917,"05/07":7.8912644,"05/08":7.865344,"05/09":7.8609023,"05/10":7.8515797,"05/11":7.8515797,"05/12":7.8515797,"05/13":7.8219934,"05/14":7.8427906,"05/15":7.840283,"05/16":7.8365564,"05/17":7.826064,"05/18":7.826064,"05/19":7.831161,"05/20":7.837256,"05/21":7.813533,"05/22":7.802287,"05/23":7.810795,"05/24":7.789716,"05/25":7.789716,"05/26":7.792967,"05/27":7.7625957,"05/28":7.756879,"05/29":7.7471614,"05/30":7.7351685,"05/31":7.725199,"06/01":7.725199,"06/02":7.7279587,"06/03":7.6973085,"06/04":7.687897,"06/05":7.6669602,"06/06":7.670418,"06/07":7.658801,"06/08":7.658801,"06/09":7.654547,"06/10":7.2745457,"06/11":7.2520976,"06/12":7.236928,"06/13":7.193009,"06/14":7.154085,"06/15":7.154085,"06/16":7.1590166,"06/17":7.169406,"06/18":7.127885,"06/19":6.97209,"06/20":6.961677,"06/21":6.6931143,"06/22":6.6931143,"06/23":6.690958,"06/24":6.664015,"06/25":6.6491966,"06/26":6.6376314,"06/27":6.627541,"06/28":6.616923,"06/29":6.616923,"06/30":6.616923,"07/01":6.5845613,"07/02":6.572898,"07/03":6.5612392,"07/04":6.5501165,"07/05":6.5400524,"07/06":6.5400524,"07/07":6.5400524,"07/08":6.5323853,"07/09":6.526228,"07/10":6.5163746,"07/11":6.5057044,"07/12":6.4950814,"07/13":6.4950814,"07/14":6.497589,"07/15":6.465859,"07/16":6.466205,"07/17":6.473221,"07/18":6.410215,"07/19":6.6083155,"07/20":6.6083155,"07/21":6.6133485,"07/22":6.5806165,"07/23":6.5730214,"07/24":6.561702,"07/25":6.556054,"07/26":6.4431887,"07/27":6.4431887,"07/28":6.4461217,"07/29":6.414404,"07/30":6.2664056,"07/31":6.453851,"08/01":6.4512386,"08/02":6.3025637,"08/03":6.3025637,"08/04":6.309885,"08/05":6.239544,"08/06":6.2134776,"08/07":6.2087617,"08/08":6.199459,"08/09":6.188908,"08/10":6.188908,"08/11":6.184083,"08/12":6.1430626,"08/13":6.128075,"08/14":6.128108,"08/15":6.128108,"08/16":6.107091,"08/17":6.107091,"08/18":6.1026077,"08/19":6.0598745,"08/20":6.0327854,"08/21":6.0588007,"08/22":6.072932,"08/23":5.8780165,"08/24":5.8780165,"08/25":5.876891,"08/26":5.8150854,"08/27":5.804718,"08/28":5.8083673,"08/29":5.792988,"08/30":5.782618,"08/31":5.782618,"09/01":5.785526,"09/02":5.753412,"09/03":5.7421513,"09/04":5.7367816,"09/05":5.7393775,"09/06":5.7191668,"09/07":5.7191668,"09/08":5.7191668,"09/09":5.4584007,"09/10":5.4491663,"09/11":5.420569,"09/12":5.406659,"09/13":5.2747526,"09/14":5.2747526,"09/15":5.275117,"09/16":5.204929,"09/17":5.196224,"09/18":5.196547,"09/19":5.09708,"09/20":5.0768113,"09/21":5.0768113,"09/22":5.0799375,"09/23":4.7409515,"09/24":4.619866,"09/25":4.8152657,"09/26":4.727972,"09/27":4.6959043,"09/28":4.6959043,"09/29":4.6976566,"09/30":4.695655,"10/01":4.685021,"10/02":4.685021,"10/03":4.703565,"10/04":4.7743454,"10/05":4.7743454,"10/06":4.7846127,"10/07":4.7802567,"10/08":4.780129,"10/09":4.6820054,"10/10":4.6714387,"10/11":4.6613793,"10/12":4.6613793,"10/13":4.6613793,"10/14":4.631219,"10/15":4.6216774,"10/16":4.633231,"10/17":4.5835395,"10/18":4.6000915,"10/19":4.6000915,"10/20":4.6000915,"10/21":4.597082,"10/22":4.59658,"10/23":4.5875525,"10/24":4.577022,"10/25":4.5674944,"10/26":4.5674944,"10/27":4.5674944,"10/28":4.537442,"10/29":4.5274324,"10/30":4.5274324,"10/31":4.5134234,"11/01":4.5134234,"11/02":4.5134234,"11/03":4.5134234,"11/04":4.472936,"11/05":4.4624496,"11/06":4.406591,"11/07":4.1260495,"11/08":4.032029,"11/09":4.032029,"11/10":4.032029,"11/11":4.002559,"11/12":3.9922533,"11/13":3.9824421,"11/14":3.972635,"11/15":3.972635,"11/16":3.972635,"11/17":3.972635,"11/18":3.9329512,"11/19":3.9334369,"11/20":3.9334369,"11/21":3.9123964,"11/22":4.057103,"11/23":4.057103,"11/24":4.057103,"11/25":3.98931,"11/26":4.1867666,"11/27":4.2619944,"11/28":4.2520804,"11/29":4.204565,"11/30":4.204565,"12/01":4.204565,"12/02":4.052183,"12/03":4.041858,"12/04":3.9207113,"12/05":3.8737745,"12/06":4.011399,"12/07":4.011399,"12/08":4.011399,"12/09":3.8098562,"12/10":3.8001065,"12/11":3.7903655,"12/12":3.780628,"12/13":3.786469,"12/14":3.786469,"12/15":3.786469,"12/16":3.786469,"12/17":3.731501,"12/18":3.876216,"12/19":4.0055084,"12/20":3.8820777,"12/21":3.8820777,"12/22":3.8820777,"12/23":3.7490015,"12/24":3.804981,"12/25":3.804981,"12/26":6.010483,"12/27":6.013388,"12/28":6.013388,"12/29":6.007112,"12/30":6.007936,"12/31":6.008175},"2023":{"12/26":10.439997,"12/27":10.746002,"12/28":10.746002,"12/29":10.727174,"12/30":10.805161,"12/31":10.82716},"2024":{"01/01":10.798439,"01/02":10.801499,"01/03":10.511482,"01/04":10.491618,"01/05":10.491618,"01/06":10.552552,"01/07":10.594502,"01/08":10.537193,"01/09":10.534406,"01/10":10.638404,"01/11":10.618527,"01/12":10.618527,"01/13":10.408991,"01/14":10.361098,"01/15":10.309899,"01/16":10.478619,"01/17":10.478839,"01/18":10.459025,"01/19":10.450218,"01/20":10.510003,"01/21":10.709307,"01/22":10.730233,"01/23":10.6678705,"01/24":10.568399,"01/25":10.63338,"01/26":10.63338,"01/27":10.855529,"01/28":10.928246,"01/29":10.9250965,"01/30":10.922145,"01/31":10.922182,"02/01":10.902326,"02/02":10.883592,"02/03":10.961126,"02/04":10.765303,"02/05":10.742075,"02/06":10.762107,"02/07":10.612311,"02/08":10.594733,"02/09":10.574963,"02/10":10.7189245,"02/11":10.860907,"02/12":10.591234,"02/13":10.537745,"02/14":10.502139,"02/15":10.483502,"02/16":10.463786,"02/17":10.490568,"02/18":10.490568,"02/19":10.490568,"02/20":10.480315,"02/21":10.476471,"02/22":10.457863,"02/23":10.440355,"02/24":10.509686,"02/25":10.49582,"02/26":10.437852,"02/27":10.05691,"02/28":9.973084,"02/29":9.954582,"03/01":9.935007,"03/02":9.935007,"03/03":9.932046,"03/04":9.875521,"03/05":9.893632,"03/06":9.949298,"03/07":9.927855,"03/08":9.927855,"03/09":9.927855,"03/10":9.933782,"03/11":9.889393,"03/12":9.869866,"03/13":10.001477,"03/14":9.983026,"03/15":9.964569,"03/16":9.964569,"03/17":9.971477,"03/18":10.19155,"03/19":10.385598,"03/20":10.584029,"03/21":10.501409,"03/22":10.481807,"03/23":10.481807,"03/24":10.710487,"03/25":10.815958,"03/26":11.091954,