{"0":{"01/01":10.305997,"01/02":10.288361,"01/03":10.268534,"01/04":10.252011,"01/05":10.252011,"01/06":10.252011,"01/07":10.252011,"01/08":10.135403,"01/09":10.101343,"01/10":10.003691,"01/11":9.906212,"01/12":9.906212,"01/13":9.906212,"01/14":9.906212,"01/15":9.564744,"01/16":9.531047,"01/17":9.5897665,"01/18":9.672518,"01/19":9.590856,"01/20":9.590856,"01/21":9.590856,"01/22":9.590856,"01/23":9.419206,"01/24":9.348745,"01/25":9.16598,"01/26":9.16598,"01/27":9.16598,"01/28":9.16598,"01/29":8.9322,"01/30":8.862376,"01/31":8.692999,"02/01":7.8234324,"02/02":7.5314164,"02/03":7.5314164,"02/04":7.5314164,"02/05":7.590111,"02/06":7.5230355,"02/07":7.3452806,"02/08":7.2753778,"02/09":7.421536,"02/10":7.421536,"02/11":7.421536,"02/12":7.3275332,"02/13":7.368253,"02/14":7.4257236,"02/15":7.0558453,"02/16":7.089087,"02/17":7.089087,"02/18":7.089087,"02/19":7.089087,"02/20":6.894121,"02/21":6.7524853,"02/22":6.755587,"02/23":6.777273,"02/24":6.777273,"02/25":6.777273,"02/26":6.7101736,"02/27":6.755587,"02/28":6.6947007,"02/29":6.720485,"03/01":6.556682,"03/02":6.556682,"03/03":6.556682,"03/04":6.4539146,"03/05":6.3759465,"03/06":6.362623,"03/07":6.1804986,"03/08":6.1804986,"03/09":6.1804986,"03/10":6.1804986,"03/11":5.96542,"03/12":6.046867,"03/13":6.113135,"03/14":6.123331,"03/15":6.181522,"03/16":6.181522,"03/17":6.181522,"03/18":6.181522,"03/19":6.4467278,"03/20":6.4785643,"03/21":6.2305703,"03/22":6.3903008,"03/23":6.3903008,"03/24":6.3903008,"03/25":6.3903008,"03/26":6.435442,"03/27":6.2203536,"03/28":5.7572975,"03/29":5.7572975,"03/30":5.7572975,"03/31":5.7157617,"04/01":5.7157617,"04/02":6.1917405,"04/03":6.206045,"04/04":6.1539516,"04/05":6.298093,"04/06":6.298093,"04/07":6.298093,"04/08":6.5536027,"04/09":6.5536027,"04/10":6.310376,"04/11":6.310376,"04/12":6.7989693,"04/13":6.7989693,"04/14":6.7989693,"04/15":6.6462536,"04/16":6.7431912,"04/17":6.7431912,"04/18":6.6812963,"04/19":6.954188,"04/20":6.954188,"04/21":6.954188,"04/22":6.703986,"04/23":6.5258293,"04/24":6.6483073,"04/25":6.6936684,"04/26":6.7163625,"04/27":6.7163625,"04/28":6.7163625,"04/29":6.5844617,"04/30":6.6307993,"05/01":6.6307993,"05/02":6.4108124,"05/03":6.1917405,"05/04":6.1917405,"05/05":6.1917405,"05/06":5.7522244,"05/07":5.867855,"05/08":5.9003534,"05/09":5.826242,"05/10":5.661119,"05/11":5.661119,"05/12":5.661119,"05/13":5.5146685,"05/14":5.349509,"05/15":5.1718383,"05/16":5.0277405,"05/17":5.152805,"05/18":5.152805,"05/19":5.152805,"05/20":5.152805,"05/21":4.96482,"05/22":4.657297,"05/23":4.657297,"05/24":4.5254874,"05/25":4.5254874,"05/26":4.5254874,"05/27":4.3762355,"05/28":4.42363,"05/29":4.531425,"05/30":4.5373635,"05/31":4.482942,"06/01":4.482942,"06/02":4.482942,"06/03":4.1153417,"06/04":4.839205,"06/05":4.633483,"06/06":4.413758,"06/07":4.3466315,"06/08":4.3466315,"06/09":4.3466315,"06/10":4.309167,"06/11":4.157588,"06/12":4.124183,"06/13":3.9457264,"06/14":3.8108137,"06/15":3.8108137,"06/16":3.8108137,"06/17":3.8108137,"06/18":3.6509502,"06/19":3.4081864,"06/20":3.3239787,"06/21":3.1492078,"06/22":3.1492078,"06/23":3.1492078,"06/24":3.0269353,"06/25":3.0914097,"06/26":3.1472867,"06/27":3.1328292,"06/28":3.2466586,"06/29":3.2466586,"06/30":3.2466586,"07/01":3.2437575,"07/02":3.167532,"07/03":3.0875533,"07/04":3.1299345,"07/05":3.2119026,"07/06":3.2119026,"07/07":3.2119026,"07/08":3.0894816,"07/09":3.0480967,"07/10":2.9807994,"07/11":2.997139,"07/12":3.0048294,"07/13":3.0048294,"07/14":3.0048294,"07/15":2.9155116,"07/16":2.9155116,"07/17":2.9155116,"07/18":2.7134438,"07/19":2.6370342,"07/20":2.6370342,"07/21":2.6370342,"07/22":2.5293036,"07/23":2.6160505,"07/24":2.549316,"07/25":2.549316,"07/26":2.412301,"07/27":2.412301,"07/28":2.412301,"07/29":2.335398,"07/30":2.5274053,"07/31":2.5007472,"08/01":2.483612,"08/02":2.356267,"08/03":2.356267,"08/04":2.356267,"08/05":1.9836715,"08/06":1.9940335,"08/07":1.8979901,"08/08":1.9638882,"08/09":2.000631,"08/10":2.000631,"08/11":2.000631,"08/12":1.9234021,"08/13":1.9234021,"08/14":1.7345781,"08/15":1.7345781,"08/16":1.6999032,"08/17":1.6999032,"08/18":1.6999032,"08/19":1.4596539,"08/20":1.2539732,"08/21":1.1982701,"08/22":1.196412,"08/23":1.2121902,"08/24":1.2121902,"08/25":1.2121902,"08/26":1.1991991,"08/27":1.2604753,"08/28":1.2688301,"08/29":1.2846308,"08/30":1.295782,"08/31":1.295782,"09/01":1.295782,"09/02":1.3153069,"09/03":1.2029067,"09/04":1.0213693,"09/05":1.0213693,"09/06":1.0084273,"09/07":1.0084273,"09/08":1.0084273,"09/09":0.93546563,"09/10":0.84140456,"09/11":0.6354641,"09/12":0.51083493,"09/13":0.37647617,"09/14":0.37647617,"09/15":0.37647617,"09/16":0.13699065,"09/17":0.21244615,"09/18":0.21244615,"09/19":0.016314682,"09/20":0.014499756,"09/21":0.014499756,"09/22":0.014499756,"09/23":-0.09774193,"09/24":-0.21875638,"09/25":-0.5002887,"09/26":-0.70258003,"09/27":-0.36287364,"09/28":-0.36287364,"09/29":-0.36287364,"09/30":-0.520018,"10/01":-0.7382953,"10/02":-0.7382953,"10/03":-0.48055163,"10/04":0.0,"10/05":0.0,"10/06":0.0,"10/07":0.0,"10/08":0.0,"10/09":0.0,"10/10":0.0,"10/11":0.0,"10/12":0.0,"10/13":0.0,"10/14":0.0,"10/15":0.0,"10/16":0.0,"10/17":0.0,"10/18":0.0,"10/19":0.0,"10/20":0.0,"10/21":0.0,"10/22":0.0,"10/23":0.0,"10/24":0.0,"10/25":0.0,"10/26":0.0,"10/27":0.0,"10/28":0.0,"10/29":0.0,"10/30":0.0,"10/31":0.0,"11/01":0.0,"11/02":0.0,"11/03":0.0,"11/04":0.0,"11/05":0.0,"11/06":0.0,"11/07":0.0,"11/08":0.0,"11/09":0.0,"11/10":0.0,"11/11":0.0,"11/12":0.0,"11/13":0.0,"11/14":0.0,"11/15":0.0,"11/16":0.0,"11/17":0.0,"11/18":0.0,"11/19":0.0,"11/20":0.0,"11/21":0.0,"11/22":0.0,"11/23":0.0,"11/24":0.0,"11/25":0.0,"11/26":0.0,"11/27":0.0,"11/28":0.0,"11/29":0.0,"11/30":0.0,"12/01":0.0,"12/02":0.0,"12/03":0.0,"12/04":0.0,"12/05":0.0,"12/06":0.0,"12/07":0.0,"12/08":0.0,"12/09":0.0,"12/10":0.0,"12/11":0.0,"12/12":0.0,"12/13":0.0,"12/14":0.0,"12/15":0.0,"12/16":0.0,"12/17":0.0,"12/18":0.0,"12/19":0.0,"12/20":0.0,"12/21":0.0,"12/22":0.0,"12/23":0.0,"12/24":0.0,"12/25":0.0,"12/26":5.190501,"12/27":5.190501,"12/28":5.182776,"12/29":5.183328,"12/30":5.183328,"12/31":5.183328},"2023":{"12/26":10.381002,"12/27":10.381002,"12/28":10.365552,"12/29":10.366656,"12/30":10.366656,"12/31":10.366656},"2024":{"01/01":10.305997,"01/02":10.288361,"01/03":10.268534,"01/04":10.252011,"01/05":10.252011,"01/06":10.252011,"01/07":10.252011,"01/08":10.135403,"01/09":10.101343,"01/10":10.003691,"01/11":9.906212,"01/12":9.906212,"01/13":9.906212,"01/14":9.906212,"01/15":9.564744,"01/16":9.531047,"01/17":9.5897665,"01/18":9.672518,"01/19":9.590856,"01/20":9.590856,"01/21":9.590856,"01/22":9.590856,"01/23":9.419206,"01/24":9.348745,"01/25":9.16598,"01/26":9.16598,"01/27":9.16598,"01/28":9.16598,"01/29":8.9322,"01/30":8.862376,"01/31":8.692999,"02/01":7.8234324,"02/02":7.5314164,"02/03":7.5314164,"02/04":7.5314164,"02/05":7.590111,"02/06":7.5230355,"02/07":7.3452806,"02/08":7.2753778,"02/09":7.421536,"02/10":7.421536,"02/11":7.421536,"02/12":7.3275332,"02/13":7.368253,"02/14":7.4257236,"02/15":7.0558453,"02/16":7.089087,"02/17":7.089087,"02/18":7.089087,"02/19":7.089087,"02/20":6.894121,"02/21":6.7524853,"02/22":6.755587,"02/23":6.777273,"02/24":6.777273,"02/25":6.777273,"02/26":6.7101736,"02/27":6.755587,"02/28":6.6947007,"02/29":6.720485,"03/01":6.556682,"03/02":6.556682,"03/03":6.556682,"03/04":6.4539146,"03/05":6.3759465,"03/06":6.362623,"03/07":6.1804986,"03/08":6.1804986,"03/09":6.1804986,"03/10":6.1804986,"03/11":5.96542,"03/12":6.046867,"03/13":6.113135,"03/14":6.123331,"03/15":6.181522,"03/16":6.181522,"03/17":6.181522,"03/18":6.181522,"03/19":6.4467278,"03/20":6.4785643,"03/21":6.2305703,"03/22":6.3903008,"03/23":6.3903008,"03/24":6.3903008,"03/25":6.3903008,"03/26":6.435442,"03/27":6.2203536,"03/28":5.7572975,"03/29":5.7572975,"03/30":5.7572975,"03/31":5.7157617,"04/01":5.7157617,"04/02":6.1917405,"04/03":6.206045,"04/04":6.1539516,"04/05":6.298093,"04/06":6.298093,"04/07":6.298093,"04/08":6.5536027,"04/09":6.5536027,"04/10":6.310376,"04/11":6.310376,"04/12":6.7989693,"04/13":6.7989693,"04/14":6.7989693,"04/15":6.6462536,