{"0":{"01/01":4.35339,"01/02":4.3265214,"01/03":4.318612,"01/04":4.3096113,"01/05":4.3011823,"01/06":4.293283,"01/07":4.293283,"01/08":4.2951546,"01/09":4.2708936,"01/10":4.262985,"01/11":4.2550616,"01/12":4.2466397,"01/13":4.2382207,"01/14":4.2382207,"01/15":4.2401257,"01/16":4.21535,"01/17":4.2073917,"01/18":4.1994653,"01/19":4.191537,"01/20":4.184703,"01/21":4.184703,"01/22":4.184703,"01/23":4.1629868,"01/24":4.155549,"01/25":4.147593,"01/26":4.147593,"01/27":4.1297297,"01/28":4.1297297,"01/29":4.1317387,"01/30":4.1054873,"01/31":4.0970435,"02/01":4.089179,"02/02":4.082343,"02/03":4.0744705,"02/04":4.0744705,"02/05":4.076022,"02/06":4.052405,"02/07":4.0445065,"02/08":4.036642,"02/09":4.0282235,"02/10":4.0187883,"02/11":4.0187883,"02/12":4.0204043,"02/13":3.993123,"02/14":3.984779,"02/15":3.9769576,"02/16":3.9728065,"02/17":3.9638994,"02/18":3.9638994,"02/19":3.9638994,"02/20":3.9394205,"02/21":3.930542,"02/22":3.9216986,"02/23":3.9134057,"02/24":3.903989,"02/25":3.903989,"02/26":3.9056857,"02/27":3.8779924,"02/28":3.8691642,"02/29":0.78088224,"03/01":3.86091,"03/02":3.8520193,"03/03":3.8431363,"03/04":3.8448417,"03/05":3.845417,"03/06":3.819359,"03/07":3.8199363,"03/08":3.8021727,"03/09":3.7932925,"03/10":3.7838979,"03/11":3.7862434,"03/12":3.7868605,"03/13":3.7608435,"03/14":3.7526157,"03/15":3.7469153,"03/16":3.7401319,"03/17":3.7296991,"03/18":3.7296991,"03/19":3.732082,"03/20":3.7024522,"03/21":3.6905372,"03/22":3.6910799,"03/23":3.6645045,"03/24":3.6525252,"03/25":3.6525252,"03/26":3.654911,"03/27":3.6288364,"03/28":3.6287723,"03/29":3.6376266,"03/30":3.6376266,"03/31":3.5923533,"04/01":3.5923533,"04/02":3.5936952,"04/03":3.545262,"04/04":3.545922,"04/05":3.5253365,"04/06":3.5165021,"04/07":3.5165021,"04/08":3.5184655,"04/09":3.5184655,"04/10":3.4727697,"04/11":3.4603179,"04/12":3.4504673,"04/13":3.438026,"04/14":3.438026,"04/15":3.438026,"04/16":3.438026,"04/17":3.4002287,"04/18":3.3898773,"04/19":3.3816063,"04/20":3.3722975,"04/21":3.3635144,"04/22":3.3635144,"04/23":3.3635144,"04/24":3.3366554,"04/25":3.3273673,"04/26":3.319627,"04/27":3.31034,"04/28":3.3010612,"04/29":3.3010612,"04/30":3.3010612,"05/01":3.3010612,"05/02":3.2634523,"05/03":3.2536743,"05/04":3.2439,"05/05":3.2439,"05/06":3.2439,"05/07":3.2439,"05/08":3.2043185,"05/09":3.1935344,"05/10":3.1837769,"05/11":3.1740282,"05/12":3.164283,"05/13":3.164283,"05/14":3.164283,"05/15":3.135577,"05/16":3.1258407,"05/17":3.1145806,"05/18":3.1017823,"05/19":3.0910397,"05/20":3.0910397,"05/21":3.0910397,"05/22":3.0613892,"05/23":3.048622,"05/24":3.0394337,"05/25":3.0394337,"05/26":3.0205514,"05/27":3.0205514,"05/28":3.0205514,"05/29":2.9920003,"05/30":2.9848673,"05/31":2.9746814,"06/01":2.9650042,"06/02":2.9538069,"06/03":2.9538069,"06/04":2.9538069,"06/05":2.9253278,"06/06":2.9151647,"06/07":2.9055142,"06/08":2.8963757,"06/09":2.8882518,"06/10":2.8882518,"06/11":2.8882518,"06/12":2.8613613,"06/13":2.8512228,"06/14":2.8436203,"06/15":2.8334887,"06/16":2.8228538,"06/17":2.8228538,"06/18":2.8228538,"06/19":2.7945151,"06/20":2.785415,"06/21":2.7753055,"06/22":2.7641883,"06/23":2.7555993,"06/24":2.7555993,"06/25":2.7555993,"06/26":2.727838,"06/27":2.7207758,"06/28":2.712201,"06/29":2.712201,"06/30":2.6925468,"07/01":2.6925468,"07/02":2.6925468,"07/03":2.6638439,"07/04":2.649756,"07/05":2.639195,"07/06":2.6301482,"07/07":2.6301482,"07/08":2.6301482,"07/09":2.6301482,"07/10":2.6301482,"07/11":2.583946,"07/12":2.5749133,"07/13":2.5648844,"07/14":2.5548594,"07/15":2.5548594,"07/16":2.5548594,"07/17":2.5273087,"07/18":2.5182955,"07/19":2.5087893,"07/20":2.4992864,"07/21":2.4902828,"07/22":2.4902828,"07/23":2.4902828,"07/24":2.4628,"07/25":2.4533136,"07/26":2.444326,"07/27":2.4348462,"07/28":2.4258695,"07/29":2.4258695,"07/30":2.4258695,"07/31":2.3984492,"08/01":2.3889863,"08/02":2.3795266,"08/03":2.3695722,"08/04":2.3596213,"08/05":2.3596213,"08/06":2.3596213,"08/07":2.332768,"08/08":2.3243237,"08/09":2.3158774,"08/10":2.3069413,"08/11":2.2994945,"08/12":2.2994945,"08/13":2.2994945,"08/14":2.2717144,"08/15":2.2717144,"08/16":2.2717144,"08/17":2.2439642,"08/18":2.2345521,"08/19":2.2345521,"08/20":2.2345521,"08/21":2.206841,"08/22":2.197447,"08/23":2.1885514,"08/24":2.1791594,"08/25":2.1692808,"08/26":2.1692808,"08/27":2.1692808,"08/28":2.141145,"08/29":2.131281,"08/30":2.1219141,"08/31":2.1125507,"09/01":2.1026974,"09/02":2.1026974,"09/03":2.1026974,"09/04":2.0741405,"09/05":2.065282,"09/06":2.0559392,"09/07":2.0465994,"09/08":2.0377505,"09/09":2.0377505,"09/10":2.0377505,"09/11":2.0102477,"09/12":3.3259432,"09/13":3.3260498,"09/14":3.3261707,"09/15":3.3263137,"09/16":3.3263137,"09/17":3.3263137,"09/18":3.3267043,"09/19":3.3267043,"09/20":3.3283854,"09/21":3.3232257,"09/22":3.3184192,"09/23":3.3131135,"09/24":3.3131135,"09/25":3.3135452,"09/26":3.300602,"09/27":3.2957737,"09/28":3.290632,"09/29":3.2853296,"09/30":3.2800283,"10/01":3.2800283,"10/02":3.2800283,"10/03":3.2642434,"10/04":3.2591064,"10/05":3.25928,"10/06":3.248847,"10/07":3.2435524,"10/08":3.2435524,"10/09":3.2440264,"10/10":3.226179,"10/11":3.2263343,"10/12":3.2265093,"10/13":3.2266781,"10/14":3.2270317,"10/15":3.2270317,"10/16":3.22756,"10/17":3.2277374,"10/18":3.2282808,"10/19":3.228482,"10/20":3.2304046,"10/21":3.2247455,"10/22":3.2247455,"10/23":3.2253091,"10/24":3.2253091,"10/25":3.203061,"10/26":3.2032535,"10/27":3.1921394,"10/28":3.186486,"10/29":3.186486,"10/30":3.1871054,"10/31":3.1699944,"11/01":3.164564,"11/02":3.1594784,"11/03":3.154399,"11/04":3.1494572,"11/05":3.1494572,"11/06":3.1500947,"11/07":3.134428,"11/08":3.134637,"11/09":3.1263885,"11/10":3.1223679,"11/11":3.1181355,"11/12":3.1181355,"11/13":3.1188033,"11/14":3.1061027,"11/15":3.1030447,"11/16":3.0997524,"11/17":3.0967991,"11/18":3.0932744,"11/19":3.0932744,"11/20":3.0939763,"11/21":3.0896292,"11/22":3.0845835,"11/23":3.0848167,"11/24":3.074833,"11/25":3.069543,"11/26":3.069543,"11/27":3.069543,"11/28":3.0553792,"11/29":3.0503318,"11/30":3.0460043,"12/01":3.0413132,"12/02":3.0367324,"12/03":3.0367324,"12/04":3.0374978,"12/05":3.0236473,"12/06":3.0189915,"12/07":3.014677,"12/08":3.0100248,"12/09":3.0050938,"12/10":3.0050938,"12/11":3.0059035,"12/12":2.9906533,"12/13":2.9859564,"12/14":2.9809496,"12/15":2.9762974,"12/16":2.9710178,"12/17":2.9710178,"12/18":2.9718268,"12/19":2.955551,"12/20":2.950587,"12/21":2.945256,"12/22":2.9399128,"12/23":2.940265,"12/24":2.940265,"12/25":2.940265,"12/26":2.9238522,"12/27":2.9181697,"12/28":2.912823,"12/29":2.9071858,"12/30":2.901214,"12/31":2.901214},"2022":{"09/12":5.9749985,"09/13":5.9920025,"09/14":6.0109997,"09/15":6.033001,"09/16":6.033001,"09/17":6.033001,"09/18":6.0910034,"09/19":6.0910034,"09/20":6.133239,"09/21":6.137326,"09/22":6.142473,"09/23":6.126557,"09/24":6.126557,"09/25":6.1845264,"09/26":6.164258,"09/27":6.165387,"09/28":6.1704555,"09/29":6.1545477,"09/30":6.1386447,"10/01":6.1386447,"10/02":6.1386447,"10/03":6.1926622,"10/04":6.196732,"10/05":6.2176905,"10/06":6.2058477,"10/07":6.1899643,"10/08":6.1899643,"10/09":6.245828,"10/10":6.2107406,"10/11":6.228693,"10/12":6.248633,"10/13":6.267575,"10/14":6.2686357,"10/15":6.2686357,"10/16":6.3264685,"10/17":6.3454103,"10/18":6.3664126,"10/19":6.387351,"10/20":6.4086094,"10/21":6.3916326,"10/22":6.3916326,"10/23":6.448462,"10/24":6.448462,"10/25":6.418438,"10/26":6.4373746,"10/27":6.4223766,"10/28":6.4054165,"10/29":6.4054165,"10/30":6.4651647,"10/31":6.4321566,"11/01":6.4361057,"11/02":6.4401174,"11/03":6.4441385,"11/04":6.429314,"11/05":6.429314,"11/06":6.48801,"11/07":6.4602427,"11/08":6.4791327,"11/09":6.4736047,"11/10":6.4798,"11/11":6.4671035,"11/12":6.4671035,"11/13":6.525737,"11/14":6.4876347,"11/15":6.51778,"11/16":6.5270705,"11/17":6.5364227,"11/18":6.5258484,"11/19":6.5258484,"11/20":6.584437,"11/21":6.5905285,"11/22":6.5945272,"11/23":6.6133885,"11/24":6.602549,"11/25":6.586679,"11/26":6.586679,"11/27":6.586679,"11/28":6.6205754,"11/29":6.623554,"11/30":6.6296415,"12/01":6.6336765,"12/02":6.6199346,"12/03":6.6199346,"12/04":6.6784334,"12/05":6.6549644,