{"0":{"01/01":27.127487,"01/02":27.103348,"01/03":26.95234,"01/04":26.64887,"01/05":26.64887,"01/06":26.64887,"01/07":26.64887,"01/08":28.062117,"01/09":28.295994,"01/10":27.894676,"01/11":27.713556,"01/12":27.713556,"01/13":27.713556,"01/14":27.713556,"01/15":24.982067,"01/16":25.283758,"01/17":27.412834,"01/18":27.347752,"01/19":25.754583,"01/20":25.754583,"01/21":25.754583,"01/22":25.754583,"01/23":27.038582,"01/24":25.619164,"01/25":27.403898,"01/26":27.403898,"01/27":27.403898,"01/28":27.403898,"01/29":26.237732,"01/30":26.975164,"01/31":25.518728,"02/01":25.165375,"02/02":24.447535,"02/03":24.447535,"02/04":24.447535,"02/05":24.725853,"02/06":23.828262,"02/07":24.039646,"02/08":25.005407,"02/09":24.637827,"02/10":24.637827,"02/11":24.637827,"02/12":25.620405,"02/13":24.619503,"02/14":24.123188,"02/15":23.56474,"02/16":23.40285,"02/17":23.40285,"02/18":23.40285,"02/19":23.40285,"02/20":22.080666,"02/21":22.822376,"02/22":21.914455,"02/23":22.165113,"02/24":22.165113,"02/25":22.165113,"02/26":22.60329,"02/27":22.699112,"02/28":23.795713,"02/29":22.949438,"03/01":21.812857,"03/02":21.812857,"03/03":21.812857,"03/04":21.648542,"03/05":21.707926,"03/06":21.575268,"03/07":21.675318,"03/08":21.675318,"03/09":21.675318,"03/10":21.675318,"03/11":22.606842,"03/12":22.719246,"03/13":23.82464,"03/14":23.431604,"03/15":24.185015,"03/16":24.185015,"03/17":24.185015,"03/18":24.185015,"03/19":25.3764,"03/20":25.213436,"03/21":24.009409,"03/22":23.586363,"03/23":23.586363,"03/24":23.586363,"03/25":23.586363,"03/26":24.16198,"03/27":24.0336,"03/28":23.005346,"03/29":23.005346,"03/30":23.005346,"03/31":23.00058,"04/01":23.00058,"04/02":21.760363,"04/03":21.622942,"04/04":21.499758,"04/05":20.476385,"04/06":20.476385,"04/07":20.476385,"04/08":19.84732,"04/09":19.84732,"04/10":19.306444,"04/11":19.306444,"04/12":20.653572,"04/13":20.653572,"04/14":20.653572,"04/15":21.992828,"04/16":22.39441,"04/17":22.39441,"04/18":23.3131,"04/19":22.409725,"04/20":22.409725,"04/21":22.409725,"04/22":21.944862,"04/23":21.40464,"04/24":21.160557,"04/25":20.450134,"04/26":20.275822,"04/27":20.275822,"04/28":20.275822,"04/29":19.32436,"04/30":19.06068,"05/01":19.06068,"05/02":18.59652,"05/03":19.027254,"05/04":19.027254,"05/05":19.027254,"05/06":19.257208,"05/07":19.573456,"05/08":19.295258,"05/09":20.925503,"05/10":20.344116,"05/11":20.344116,"05/12":20.344116,"05/13":20.037388,"05/14":19.391577,"05/15":19.329956,"05/16":18.255713,"05/17":17.613659,"05/18":17.613659,"05/19":17.613659,"05/20":17.613659,"05/21":17.652824,"05/22":17.334738,"05/23":17.334738,"05/24":16.021135,"05/25":16.021135,"05/26":16.021135,"05/27":16.056076,"05/28":15.978809,"05/29":16.887129,"05/30":17.478912,"05/31":17.456125,"06/01":17.456125,"06/02":17.456125,"06/03":14.204884,"06/04":19.867651,"06/05":16.118608,"06/06":14.7097025,"06/07":12.745715,"06/08":12.745715,"06/09":12.745715,"06/10":12.74172,"06/11":12.877832,"06/12":12.647833,"06/13":12.446612,"06/14":11.956549,"06/15":11.956549,"06/16":11.956549,"06/17":11.956549,"06/18":11.490273,"06/19":11.150159,"06/20":10.786037,"06/21":11.174449,"06/22":11.174449,"06/23":11.174449,"06/24":10.294999,"06/25":9.82157,"06/26":9.741007,"06/27":9.050219,"06/28":8.78061,"06/29":8.78061,"06/30":8.78061,"07/01":7.6816306,"07/02":7.891771,"07/03":6.5644283,"07/04":5.96059,"07/05":6.028621,"07/06":6.028621,"07/07":6.028621,"07/08":5.5270658,"07/09":4.973871,"07/10":5.3173003,"07/11":5.0267663,"07/12":4.5337615,"07/13":4.5337615,"07/14":4.5337615,"07/15":3.9688008,"07/16":3.9688008,"07/17":3.9688008,"07/18":3.3578014,"07/19":3.8965929,"07/20":3.8965929,"07/21":3.8965929,"07/22":3.4301045,"07/23":3.5143049,"07/24":3.5159845,"07/25":3.5159845,"07/26":1.9735874,"07/27":1.9735874,"07/28":1.9735874,"07/29":1.8820796,"07/30":1.9253587,"07/31":1.6085391,"08/01":1.7728117,"08/02":2.5310638,"08/03":2.5310638,"08/04":2.5310638,"08/05":4.905461,"08/06":5.225791,"08/07":3.7634907,"08/08":3.9135723,"08/09":3.1800003,"08/10":3.1800003,"08/11":3.1800003,"08/12":3.0804658,"08/13":4.322788,"08/14":4.051323,"08/15":4.051323,"08/16":2.3157372,"08/17":2.3157372,"08/18":2.3157372,"08/19":2.4534142,"08/20":1.8005128,"08/21":1.7239575,"08/22":1.5022829,"08/23":1.8780005,"08/24":1.8780005,"08/25":1.8780005,"08/26":1.3994874,"08/27":1.1044117,"08/28":1.0634279,"08/29":0.77109426,"08/30":0.4272731,"08/31":0.4272731,"09/01":0.4272731,"09/02":-0.26040718,"09/03":-0.49378163,"09/04":-0.27839965,"09/05":-0.27839965,"09/06":0.9687362,"09/07":0.9687362,"09/08":0.9687362,"09/09":1.0096356,"09/10":0.70884126,"09/11":1.1631252,"09/12":-0.108406134,"09/13":0.14491306,"09/14":0.14491306,"09/15":0.14491306,"09/16":0.022024602,"09/17":-0.0895662,"09/18":-0.0895662,"09/19":-0.51324147,"09/20":-1.8312343,"09/21":-1.8312343,"09/22":-1.8312343,"09/23":-2.510863,"09/24":-2.294376,"09/25":-2.6004725,"09/26":-3.3004305,"09/27":-2.8779585,"09/28":-2.8779585,"09/29":-2.8779585,"09/30":-1.9659551,"10/01":-2.3273997,"10/02":-2.3273997,"10/03":-0.8189781,"10/04":0.19778821,"10/05":0.19778821,"10/06":0.19778821,"10/07":1.4310364,"10/08":0.67615104,"10/09":0.4939423,"10/10":-0.20953517,"10/11":0.0,"10/12":0.0,"10/13":0.0,"10/14":0.0,"10/15":0.0,"10/16":0.0,"10/17":0.0,"10/18":0.0,"10/19":0.0,"10/20":0.0,"10/21":0.0,"10/22":0.0,"10/23":0.0,"10/24":0.0,"10/25":0.0,"10/26":0.0,"10/27":0.0,"10/28":0.0,"10/29":0.0,"10/30":0.0,"10/31":0.0,"11/01":0.0,"11/02":0.0,"11/03":0.0,"11/04":0.0,"11/05":0.0,"11/06":0.0,"11/07":0.0,"11/08":0.0,"11/09":0.0,"11/10":0.0,"11/11":0.0,"11/12":0.0,"11/13":0.0,"11/14":0.0,"11/15":0.0,"11/16":0.0,"11/17":0.0,"11/18":0.0,"11/19":0.0,"11/20":0.0,"11/21":0.0,"11/22":0.0,"11/23":0.0,"11/24":0.0,"11/25":0.0,"11/26":0.0,"11/27":0.0,"11/28":0.0,"11/29":0.0,"11/30":0.0,"12/01":0.0,"12/02":0.0,"12/03":0.0,"12/04":0.0,"12/05":0.0,"12/06":0.0,"12/07":0.0,"12/08":0.0,"12/09":0.0,"12/10":0.0,"12/11":0.0,"12/12":0.0,"12/13":0.0,"12/14":0.0,"12/15":0.0,"12/16":0.0,"12/17":0.0,"12/18":0.0,"12/19":0.0,"12/20":0.0,"12/21":0.0,"12/22":0.0,"12/23":0.0,"12/24":0.0,"12/25":0.0,"12/26":13.579,"12/27":13.579,"12/28":13.569466,"12/29":13.563744,"12/30":13.563744,"12/31":13.563744},"2023":{"12/26":27.158,"12/27":27.158,"12/28":27.138931,"12/29":27.127487,"12/30":27.127487,"12/31":27.127487},"2024":{"01/01":27.127487,"01/02":27.103348,"01/03":26.95234,"01/04":26.64887,"01/05":26.64887,"01/06":26.64887,"01/07":26.64887,"01/08":28.062117,"01/09":28.295994,"01/10":27.894676,"01/11":27.713556,"01/12":27.713556,"01/13":27.713556,"01/14":27.713556,"01/15":24.982067,"01/16":25.283758,"01/17":27.412834,"01/18":27.347752,"01/19":25.754583,"01/20":25.754583,"01/21":25.754583,"01/22":25.754583,"01/23":27.038582,"01/24":25.619164,"01/25":27.403898,"01/26":27.403898,"01/27":27.403898,"01/28":27.403898,"01/29":26.237732,"01/30":26.975164,"01/31":25.518728,"02/01":25.165375,"02/02":24.447535,"02/03":24.447535,"02/04":24.447535,"02/05":24.725853,"02/06":23.828262,"02/07":24.039646,"02/08":25.005407,"02/09":24.637827,"02/10":24.637827,"02/11":24.637827,"02/12":25.620405,"02/13":24.619503,"02/14":24.123188,"02/15":23.56474,"02/16":23.40285,"02/17":23.40285,"02/18":23.40285,"02/19":23.40285,"02/20":22.080666,"02/21":22.822376,"02/22":21.914455,"02/23":22.165113,"02/24":22.165113,"02/25":22.165113,"02/26":22.60329,"02/27":22.699112,"02/28":23.795713,"02/29":22.949438,"03/01":21.812857,"03/02":21.812857,"03/03":21.812857,"03/04":21.648542,"03/05":21.707926,"03/06":21.575268,"03/07":21.675318,"03/08":21.675318,"03/09":21.675318,"03/10":21.675318,"03/11":22.606842,"03/12":22.719246,"03/13":23.82464,"03/14":23.431604,"03/15":24.185015,"03/16":24.185015,"03/17":24.185015,"03/18":24.185015,"03/19":25.3764,"03/20":25.213436,"03/21":24.009409,"03/22":23.586363,"03/23":23.586363,"03/24":23.586363,"03/25":23.586363,"03/26":24.16198,"03/27":24.0336,"03/28":23.005346,"03/29":23.005346,"03/30":23.005346,"03/31":23.00058,"04/01":23.00058,"04/02":21.760363,"04/03":21.622942,"04/04":21.499758,"04/05":20.476385,"04/06":20.476385,"04/07":20.476385,