{"0":{"01/01":-7.67598,"01/02":-7.8760905,"01/03":-7.8760905,"01/04":-7.8760905,"01/05":-7.6310887,"01/06":-7.221383,"01/07":-7.1037974,"01/08":-6.4276857,"01/09":-5.670969,"01/10":-5.670969,"01/11":-5.670969,"01/12":-5.71397,"01/13":-5.782686,"01/14":-5.480361,"01/15":-5.480361,"01/16":-5.565703,"01/17":-5.565703,"01/18":-5.565703,"01/19":-5.5589957,"01/20":-4.6056404,"01/21":-4.269128,"01/22":-4.9252295,"01/23":-4.321276,"01/24":-4.321276,"01/25":-4.321276,"01/26":-4.321276,"01/27":-4.057965,"01/28":-4.963093,"01/29":-4.963093,"01/30":-4.5978174,"01/31":-4.5978174,"02/01":-4.5978174,"02/02":-4.043137,"02/03":-5.7454734,"02/04":-5.86367,"02/05":-5.5925207,"02/06":-6.1105475,"02/07":-6.1105475,"02/08":-6.1105475,"02/09":-6.6837797,"02/10":-6.836021,"02/11":-6.670681,"02/12":-6.317494,"02/13":-5.5024247,"02/14":-5.5024247,"02/15":-5.5024247,"02/16":-6.069815,"02/17":-6.4662356,"02/18":-6.9775367,"02/19":-6.9775367,"02/20":-5.785542,"02/21":-5.785542,"02/22":-5.785542,"02/23":-6.3749795,"02/24":-5.4188933,"02/25":-5.468836,"02/26":-5.384282,"02/27":-4.3379965,"02/28":-4.3379965,"03/01":-4.3379965,"03/02":-3.514972,"03/03":-3.514972,"03/04":-2.1147754,"03/05":-2.863521,"03/06":-1.7842615,"03/07":-1.7842615,"03/08":-1.7842615,"03/09":-0.11482284,"03/10":-0.9913389,"03/11":0.09462495,"03/12":1.1936896,"03/13":2.7882943,"03/14":2.7882943,"03/15":2.7882943,"03/16":2.0725517,"03/17":1.6645188,"03/18":0.8953308,"03/19":0.8953308,"03/20":3.8398054,"03/21":3.8398054,"03/22":3.8398054,"03/23":6.7772536,"03/24":5.2737536,"03/25":3.721776,"03/26":3.721776,"03/27":5.1821556,"03/28":5.1821556,"03/29":5.1821556,"03/30":5.1821556,"03/31":7.964969,"04/01":7.964969,"04/02":6.4183407,"04/03":6.4183407,"04/04":6.4183407,"04/05":6.4183407,"04/06":5.238044,"04/07":4.761899,"04/08":0.84395885,"04/09":1.5746516,"04/10":0.5216016,"04/11":0.5216016,"04/12":0.5216016,"04/13":1.5115201,"04/14":1.5115201,"04/15":0.0,"04/16":0.0,"04/17":0.0,"04/18":0.0,"04/19":0.0,"04/20":0.0,"04/21":0.0,"04/22":0.0,"04/23":0.0,"04/24":0.0,"04/25":0.0,"04/26":0.0,"04/27":0.0,"04/28":0.0,"04/29":0.0,"04/30":0.0,"05/01":0.0,"05/02":0.0,"05/03":0.0,"05/04":0.0,"05/05":0.0,"05/06":0.0,"05/07":0.0,"05/08":0.0,"05/09":0.0,"05/10":0.0,"05/11":0.0,"05/12":0.0,"05/13":0.0,"05/14":0.0,"05/15":0.0,"05/16":0.0,"05/17":0.0,"05/18":0.0,"05/19":0.0,"05/20":0.0,"05/21":0.0,"05/22":0.0,"05/23":0.0,"05/24":0.0,"05/25":0.0,"05/26":0.0,"05/27":0.0,"05/28":0.0,"05/29":0.0,"05/30":0.0,"05/31":0.0,"06/01":0.0,"06/02":0.0,"06/03":0.0,"06/04":0.0,"06/05":0.0,"06/06":0.0,"06/07":0.0,"06/08":0.0,"06/09":0.0,"06/10":0.0,"06/11":0.0,"06/12":0.0,"06/13":0.0,"06/14":0.0,"06/15":0.0,"06/16":0.0,"06/17":0.0,"06/18":0.0,"06/19":0.0,"06/20":0.0,"06/21":0.0,"06/22":0.0,"06/23":0.0,"06/24":0.0,"06/25":0.0,"06/26":0.0,"06/27":0.0,"06/28":0.0,"06/29":0.0,"06/30":0.0,"07/01":0.0,"07/02":0.0,"07/03":0.0,"07/04":0.0,"07/05":0.0,"07/06":0.0,"07/07":0.0,"07/08":0.0,"07/09":0.0,"07/10":0.0,"07/11":0.0,"07/12":0.0,"07/13":0.0,"07/14":0.0,"07/15":0.0,"07/16":0.0,"07/17":0.0,"07/18":0.0,"07/19":0.0,"07/20":0.0,"07/21":0.0,"07/22":0.0,"07/23":0.0,"07/24":0.0,"07/25":0.0,"07/26":0.0,"07/27":0.0,"07/28":0.0,"07/29":0.0,"07/30":0.0,"07/31":0.0,"08/01":0.0,"08/02":0.0,"08/03":0.0,"08/04":0.0,"08/05":0.0,"08/06":0.0,"08/07":0.0,"08/08":0.0,"08/09":0.0,"08/10":0.0,"08/11":0.0,"08/12":0.0,"08/13":0.0,"08/14":0.0,"08/15":0.0,"08/16":0.0,"08/17":0.0,"08/18":0.0,"08/19":0.0,"08/20":0.0,"08/21":0.0,"08/22":0.0,"08/23":0.0,"08/24":0.0,"08/25":0.0,"08/26":0.0,"08/27":0.0,"08/28":0.0,"08/29":0.0,"08/30":0.0,"08/31":0.0,"09/01":0.0,"09/02":0.0,"09/03":0.0,"09/04":0.0,"09/05":0.0,"09/06":0.0,"09/07":0.0,"09/08":0.0,"09/09":0.0,"09/10":0.0,"09/11":0.0,"09/12":0.0,"09/13":0.0,"09/14":0.0,"09/15":0.0,"09/16":0.0,"09/17":0.0,"09/18":0.0,"09/19":0.0,"09/20":0.0,"09/21":0.0,"09/22":0.0,"09/23":0.0,"09/24":0.0,"09/25":0.0,"09/26":0.0,"09/27":0.0,"09/28":0.0,"09/29":0.0,"09/30":0.0,"10/01":-3.4590003,"10/02":-3.4590003,"10/03":-3.4590003,"10/04":-3.4590003,"10/05":-3.4590003,"10/06":-3.4576025,"10/07":-3.4524837,"10/08":-3.4534166,"10/09":-3.4585345,"10/10":-3.4627242,"10/11":-3.4627242,"10/12":-3.4627242,"10/13":-3.4803977,"10/14":-3.4687724,"10/15":-3.4952748,"10/16":-3.6923897,"10/17":-3.7434764,"10/18":-3.7434764,"10/19":-3.7434764,"10/20":-3.8155444,"10/21":-3.8155444,"10/22":-3.8155444,"10/23":-4.1332436,"10/24":-4.0431128,"10/25":-4.0431128,"10/26":-4.0431128,"10/27":-4.1508636,"10/28":-4.1558337,"10/29":-4.1589947,"10/30":-4.0076885,"10/31":-3.9590042,"11/01":-3.9590042,"11/02":-3.9590042,"11/03":-3.9831336,"11/04":-3.8251665,"11/05":-3.8251665,"11/06":-3.7916982,"11/07":-3.9334843,"11/08":-3.9334843,"11/09":-3.9334843,"11/10":-4.0045066,"11/11":-3.802249,"11/12":-3.889671,"11/13":-3.7531288,"11/14":-3.7531288,"11/15":-3.7531288,"11/16":-3.7531288,"11/17":-4.0417495,"11/18":-3.8054588,"11/19":-3.8937836,"11/20":-3.9808598,"11/21":-3.7227814,"11/22":-3.7227814,"11/23":-3.7227814,"11/24":-3.5249963,"11/25":-3.4077508,"11/26":-3.867733,"11/27":-3.8004167,"11/28":-3.843483,"11/29":-3.843483,"11/30":-3.843483,"12/01":-3.8581288,"12/02":-3.6974604,"12/03":-3.6522725,"12/04":-3.6522725,"12/05":-4.0240455,"12/06":-4.0240455,"12/07":-4.0240455,"12/08":-3.4576025,"12/09":-3.4585345,"12/10":-3.2260668,"12/11":-3.2988164,"12/12":-3.47296,"12/13":-3.47296,"12/14":-3.47296,"12/15":-3.4422393,"12/16":-3.308655,"12/17":-3.356851,"12/18":-3.353579,"12/19":-3.6993008,"12/20":-3.6993008,"12/21":-3.6993008,"12/22":-4.023135,"12/23":-4.1869707,"12/24":-4.1923804,"12/25":-4.1923804,"12/26":-4.05899,"12/27":-4.05899,"12/28":-4.05899,"12/29":-3.8924115,"12/30":-3.7595615,"12/31":-3.7595615},"2025":{"10/01":-6.9180007,"10/02":-6.9180007,"10/03":-6.9180007,"10/04":-6.9180007,"10/05":-6.9180007,"10/06":-6.915205,"10/07":-6.9049673,"10/08":-6.906833,"10/09":-6.917069,"10/10":-6.9254484,"10/11":-6.9254484,"10/12":-6.9254484,"10/13":-6.9607954,"10/14":-6.937545,"10/15":-6.9905496,"10/16":-7.3847795,"10/17":-7.486953,"10/18":-7.486953,"10/19":-7.486953,"10/20":-7.6310887,"10/21":-7.6310887,"10/22":-7.6310887,"10/23":-8.266487,"10/24":-8.0862255,"10/25":-8.0862255,"10/26":-8.0862255,"10/27":-8.301727,"10/28":-8.311667,"10/29":-8.317989,"10/30":-8.015377,"10/31":-7.9180083,"11/01":-7.9180083,"11/02":-7.9180083,"11/03":-7.966267,"11/04":-7.650333,"11/05":-7.650333,"11/06":-7.5833964,"11/07":-7.8669686,"11/08":-7.8669686,"11/09":-7.8669686,"11/10":-8.009013,"11/11":-7.604498,"11/12":-7.779342,"11/13":-7.5062575,"11/14":-7.5062575,"11/15":-7.5062575,"11/16":-7.5062575,"11/17":-8.083499,"11/18":-7.6109176,"11/19":-7.787567,"11/20":-7.9617195,"11/21":-7.445563,"11/22":-7.445563,"11/23":-7.445563,"11/24":-7.0499926,"11/25":-6.8155017,"11/26":-7.735466,"11/27":-7.6008334,"11/28":-7.686966,"11/29":-7.686966,"11/30":-7.686966,"12/01":-7.7162576,"12/02":-7.394921,"12/03":-7.304545,"12/04":-7.304545,"12/05":-8.048091,"12/06":-8.048091,"12/07":-8.048091,"12/08":-6.915205,"12/09":-6.917069,"12/10":-6.4521337,"12/11":-6.597633,"12/12":-6.94592,"12/13":-6.94592,"12/14":-6.94592,"12/15":-6.8844786,"12/16":-6.61731,"12/17":-6.713702,"12/18":-6.707158,"12/19":-7.3986015,"12/20":-7.3986015,"12/21":-7.3986015,"12/22":-8.04627,"12/23":-8.373941,"12/24":-8.384761,"12/25":-8.384761,"12/26":-8.11798,"12/27":-8.11798,"12/28":-8.11798,"12/29":-7.784823,"12/30":-7.519123,"12/31":-7.519123},"2026":{"01/01":-7.67598,"01/02":-7.8760905,"01/03":-7.8760905,"01/04":-7.8760905,"01/05":-7.6310887,"01/06":-7.221383,"01/07":-7.1037974,"01/08":-6.4276857,"01/09":-5.670969,"01/10":-5.670969,"01/11":-5.670969,"01/12":-5.71397,"01/13":-5.782686,"01/14":-5.480361,"01/15":-5.480361,"01/16":-5.565703,"01/17":-5.565703,"01/18":-5.565703,"01/19":-5.5589957,"01/20":-4.6056404,"01/21":-4.269128,"01/22":-4.9252295,"01/23":-4.321276,"01/24":-4.321276,"01/25":-4.321276,"01/26":-4.321276,"01/27":-4.057965,"01/28":-4.963093,"01/29":-4.963093,"01/30":-4.5978174,"01/31":-4.5978174,"02/01":-4.5978174,"02/02":-4.043137,"02/03":-5.7454734,