{"0":{"01/01":13.191005,"01/02":13.295494,"01/03":13.235497,"01/04":13.09522,"01/05":13.09522,"01/06":12.946544,"01/07":12.95689,"01/08":13.135443,"01/09":13.188317,"01/10":13.086351,"01/11":13.11258,"01/12":13.11258,"01/13":13.0223875,"01/14":13.059854,"01/15":12.918433,"01/16":12.9016,"01/17":13.560944,"01/18":13.792009,"01/19":13.837585,"01/20":13.894579,"01/21":13.829568,"01/22":13.8614235,"01/23":13.9243145,"01/24":13.75092,"01/25":14.710451,"01/26":14.710451,"01/27":14.6427765,"01/28":14.658661,"01/29":14.420212,"01/30":14.91116,"01/31":14.240406,"02/01":14.0965605,"02/02":13.734053,"02/03":13.729255,"02/04":13.795659,"02/05":13.81493,"02/06":13.346771,"02/07":13.590236,"02/08":14.06975,"02/09":13.946533,"02/10":13.917727,"02/11":13.828999,"02/12":14.155811,"02/13":13.692852,"02/14":13.650372,"02/15":13.398884,"02/16":13.326061,"02/17":13.327273,"02/18":13.327273,"02/19":13.327273,"02/20":12.760644,"02/21":13.17234,"02/22":12.69466,"02/23":12.804436,"02/24":12.777174,"02/25":12.763447,"02/26":12.986068,"02/27":13.066904,"02/28":13.404306,"02/29":15.237151,"03/01":12.745092,"03/02":12.745092,"03/03":12.740728,"03/04":12.602057,"03/05":12.786676,"03/06":12.628999,"03/07":12.70316,"03/08":12.70316,"03/09":12.70316,"03/10":12.697763,"03/11":13.072062,"03/12":13.133095,"03/13":13.605644,"03/14":13.417343,"03/15":13.835377,"03/16":13.835377,"03/17":13.877472,"03/18":13.943924,"03/19":14.64339,"03/20":14.653557,"03/21":14.158312,"03/22":13.91514,"03/23":13.91514,"03/24":14.061133,"03/25":14.059505,"03/26":14.270641,"03/27":14.317449,"03/28":13.725563,"03/29":13.725563,"03/30":13.725563,"03/31":13.725576,"04/01":13.725576,"04/02":12.999059,"04/03":12.898386,"04/04":12.765522,"04/05":12.296762,"04/06":12.296762,"04/07":12.184058,"04/08":11.906562,"04/09":11.90392,"04/10":11.61728,"04/11":11.711063,"04/12":12.417807,"04/13":12.417807,"04/14":12.417807,"04/15":13.123695,"04/16":13.459525,"04/17":13.603317,"04/18":14.1792145,"04/19":13.692196,"04/20":13.692196,"04/21":13.826827,"04/22":13.60445,"04/23":13.37676,"04/24":13.283438,"04/25":12.727241,"04/26":12.521077,"04/27":12.521077,"04/28":12.625165,"04/29":12.011743,"04/30":11.796489,"05/01":11.796489,"05/02":11.488802,"05/03":11.669835,"05/04":11.669835,"05/05":11.664131,"05/06":11.749671,"05/07":12.022681,"05/08":11.784569,"05/09":12.524454,"05/10":12.266681,"05/11":12.266681,"05/12":12.266681,"05/13":12.0964365,"05/14":11.9854555,"05/15":12.106013,"05/16":11.621546,"05/17":11.238457,"05/18":11.238457,"05/19":11.317761,"05/20":11.1210165,"05/21":11.179537,"05/22":10.958457,"05/23":11.117466,"05/24":10.45805,"05/25":10.45805,"05/26":10.508249,"05/27":10.448252,"05/28":10.345077,"05/29":10.814146,"05/30":11.108373,"05/31":11.101897,"06/01":11.101897,"06/02":11.09621,"06/03":9.231972,"06/04":12.173422,"06/05":10.367088,"06/06":9.866709,"06/07":8.820585,"06/08":8.820585,"06/09":8.903769,"06/10":8.925856,"06/11":8.899216,"06/12":8.703466,"06/13":8.469968,"06/14":8.251256,"06/15":8.251256,"06/16":8.327187,"06/17":8.285,"06/18":8.0230875,"06/19":7.7281456,"06/20":7.65553,"06/21":7.9224367,"06/22":7.9224367,"06/23":7.8718295,"06/24":7.5448804,"06/25":7.2701273,"06/26":7.3396964,"06/27":6.9863906,"06/28":6.831349,"06/29":6.831349,"06/30":6.831349,"07/01":6.273359,"07/02":6.3921065,"07/03":5.6963167,"07/04":5.3405104,"07/05":5.368714,"07/06":5.368714,"07/07":5.368714,"07/08":5.0965424,"07/09":4.799778,"07/10":4.97301,"07/11":4.781248,"07/12":4.4921813,"07/13":4.4921813,"07/14":4.5028048,"07/15":4.256066,"07/16":4.252639,"07/17":4.2342234,"07/18":3.8731742,"07/19":4.115097,"07/20":4.115097,"07/21":4.1605425,"07/22":3.8791356,"07/23":3.9370623,"07/24":3.9207582,"07/25":3.8752728,"07/26":3.1730285,"07/27":3.1730285,"07/28":3.1278796,"07/29":3.0444682,"07/30":3.0778837,"07/31":2.9125955,"08/01":3.0008497,"08/02":3.3869736,"08/03":3.3869736,"08/04":3.4039044,"08/05":4.6258907,"08/06":4.7204275,"08/07":3.9655755,"08/08":4.037588,"08/09":3.6327546,"08/10":3.6327546,"08/11":3.6636248,"08/12":3.5910168,"08/13":4.2294297,"08/14":4.0878816,"08/15":4.0878816,"08/16":3.104227,"08/17":3.104227,"08/18":3.1526794,"08/19":3.2199574,"08/20":2.83538,"08/21":2.7798173,"08/22":2.637755,"08/23":2.8669822,"08/24":2.8669822,"08/25":2.8770125,"08/26":2.547054,"08/27":2.4170563,"08/28":2.3811526,"08/29":2.2110286,"08/30":2.047873,"08/31":2.047873,"09/01":2.0551298,"09/02":1.6306516,"09/03":1.5263801,"09/04":1.6437743,"09/05":1.6372926,"09/06":2.1382937,"09/07":2.1382937,"09/08":2.1382937,"09/09":2.1685357,"09/10":2.0302453,"09/11":2.218625,"09/12":1.7344682,"09/13":1.82355,"09/14":1.82355,"09/15":1.8164806,"09/16":1.7831908,"09/17":1.7289404,"09/18":1.7353005,"09/19":1.4486474,"09/20":0.7962638,"09/21":0.7962638,"09/22":0.7864883,"09/23":0.49098122,"09/24":0.5878156,"09/25":0.41122925,"09/26":0.039564528,"09/27":0.2488321,"09/28":0.2488321,"09/29":0.24898127,"09/30":0.70078826,"10/01":0.5147693,"10/02":0.5147693,"10/03":1.2887369,"10/04":1.7736886,"10/05":1.7736886,"10/06":1.7736886,"10/07":2.426978,"10/08":2.0268402,"10/09":1.9462742,"10/10":1.5504941,"10/11":1.6767204,"10/12":1.6767204,"10/13":1.6767204,"10/14":1.4689021,"10/15":1.4705629,"10/16":1.6628985,"10/17":2.1306698,"10/18":2.0272653,"10/19":2.0272653,"10/20":2.0272653,"10/21":2.1694996,"10/22":2.7795026,"10/23":2.7795026,"10/24":2.8022416,"10/25":2.9866076,"10/26":2.9866076,"10/27":2.9866076,"10/28":2.8639934,"10/29":2.3473175,"10/30":2.3473175,"10/31":2.8749554,"11/01":2.8749554,"11/02":2.8749554,"11/03":2.8749554,"11/04":2.9571083,"11/05":2.4140427,"11/06":2.0982854,"11/07":2.4067144,"11/08":2.5679398,"11/09":2.5679398,"11/10":2.5679398,"11/11":2.0132513,"11/12":2.6569726,"11/13":3.3788934,"11/14":3.2700374,"11/15":3.2700374,"11/16":3.2700374,"11/17":3.2700374,"11/18":3.42274,"11/19":3.3030024,"11/20":3.3030024,"11/21":3.5475125,"11/22":2.661325,"11/23":2.661325,"11/24":2.661325,"11/25":2.0855117,"11/26":2.2062502,"11/27":2.1665106,"11/28":2.6530564,"11/29":2.3554862,"11/30":2.3554862,"12/01":2.3554862,"12/02":2.2336328,"12/03":1.819151,"12/04":1.7699026,"12/05":1.4610076,"12/06":1.4605916,"12/07":1.4605916,"12/08":1.4605916,"12/09":1.32095,"12/10":1.2693475,"12/11":1.2714084,"12/12":1.3821831,"12/13":1.0705148,"12/14":1.0705148,"12/15":1.0705148,"12/16":1.0705148,"12/17":1.5675939,"12/18":1.9386523,"12/19":2.166938,"12/20":3.1027112,"12/21":3.1027112,"12/22":3.1027112,"12/23":2.658715,"12/24":2.7816868,"12/25":2.7816868,"12/26":8.788303,"12/27":8.793893,"12/28":8.793893,"12/29":8.78864,"12/30":8.815917,"12/31":8.799721},"2023":{"12/26":21.124,"12/27":21.251001,"12/28":21.251001,"12/29":21.235243,"12/30":21.832167,"12/31":21.482212},"2024":{"01/01":21.766424,"01/02":23.270214,"01/03":22.33061,"01/04":22.050055,"01/05":22.050055,"01/06":19.771658,"01/07":19.951134,"01/08":20.558685,"01/09":20.230461,"01/10":19.115454,"01/11":19.167912,"01/12":19.167912,"01/13":17.056154,"01/14":18.033966,"01/15":18.191067,"01/16":18.580256,"01/17":19.438805,"01/18":19.900938,"01/19":19.992088,"01/20":21.026007,"01/21":19.833958,"01/22":20.442148,"01/23":20.576952,"01/24":19.767794,"01/25":21.686855,"01/26":21.686855,"01/27":20.400269,"01/28":20.724226,"01/29":21.22462,"01/30":22.762371,"01/31":22.584192,"02/01":22.296501,"02/02":21.571486,"02/03":21.496744,"02/04":22.48144,"02/05":22.11542,"02/06":21.07681,"02/07":21.217825,"02/08":22.176853,"02/09":21.93042,"02/10":21.479391,"02/11":19.909378,"02/12":20.704899,"02/13":20.044474,"02/14":19.259892,"02/15":18.756916,"02/16":18.611269,"02/17":18.638412,"02/18":18.638412,"02/19":18.638412,"02/20":18.030712,"02/21":18.132322,"02/22":17.17696,"02/23":17.396511,"02/24":16.642084,"02/25":16.204584,"02/26":16.649826,"02/27":16.967848,"02/28":15.906493,"02/29":15.237151,"03/01":14.588066,"03/02":14.588066,"03/03":14.293972,"03/04":14.016629,"03/05":15.782132,"03/06":15.997527,"03/07":16.349628,"03/08":16.349628,"03/09":16.349628,"03/10":16.173449,"03/11":16.892082,"03/12":17.302721,"03/13":17.884295,"03/14":17.507692,"03/15":18.34376,"03/16":18.34376,