{"0":{"01/01":1.3010025,"01/02":1.3010025,"01/03":1.3010025,"01/04":1.3010025,"01/05":1.3010025,"01/06":1.3010025,"01/07":1.3010025,"01/08":1.3010025,"01/09":1.3010025,"01/10":1.3010025,"01/11":1.3010025,"01/12":1.3010025,"01/13":1.3010025,"01/14":1.3010025,"01/15":1.2524029,"01/16":1.2362102,"01/17":1.2190195,"01/18":1.2028376,"01/19":1.1866606,"01/20":1.1866606,"01/21":1.1866606,"01/22":1.1866606,"01/23":1.1321139,"01/24":1.1189919,"01/25":1.1048627,"01/26":1.1048627,"01/27":1.1048627,"01/28":1.1048627,"01/29":1.0514039,"01/30":1.0372936,"01/31":1.024196,"02/01":1.0161355,"02/02":1.0000182,"02/03":1.0000182,"02/04":1.0000182,"02/05":0.951707,"02/06":0.9356199,"02/07":0.9215419,"02/08":0.90646136,"02/09":0.89138526,"02/10":0.89138526,"02/11":0.89138526,"02/12":0.8461841,"02/13":0.83112603,"02/14":0.81607246,"02/15":0.80002856,"02/16":0.78498423,"02/17":0.78498423,"02/18":0.78498423,"02/19":0.78498423,"02/20":0.724852,"02/21":0.7098397,"02/22":0.6948223,"02/23":0.6808114,"02/24":0.6808114,"02/25":0.6808114,"02/26":0.63579863,"02/27":0.62080336,"02/28":0.6058125,"02/29":0.5918264,"03/01":0.5788441,"03/02":0.5788441,"03/03":0.5788441,"03/04":0.5379189,"03/05":0.52295274,"03/06":0.5069925,"03/07":0.49204507,"03/08":0.49204507,"03/09":0.49204507,"03/10":0.49204507,"03/11":0.43026766,"03/12":0.41534305,"03/13":0.39941692,"03/14":0.38449198,"03/15":0.36957148,"03/16":0.36957148,"03/17":0.36957148,"03/18":0.36957148,"03/19":0.31093785,"03/20":0.2960392,"03/21":0.28114498,"03/22":0.2652614,"03/23":0.2652614,"03/24":0.2652614,"03/25":0.2652614,"03/26":0.20377189,"03/27":0.18791282,"03/28":0.17305069,"03/29":0.17305069,"03/30":0.17305069,"03/31":0.122563705,"04/01":0.122563705,"04/02":0.09980597,"04/03":0.08397979,"04/04":0.06717821,"04/05":0.050372843,"04/06":0.050372843,"04/07":0.050372843,"04/08":0.0,"04/09":0.0,"04/10":0.0,"04/11":0.0,"04/12":0.0,"04/13":0.0,"04/14":0.0,"04/15":0.0,"04/16":0.0,"04/17":0.0,"04/18":0.0,"04/19":0.0,"04/20":0.0,"04/21":0.0,"04/22":0.0,"04/23":0.0,"04/24":0.0,"04/25":0.0,"04/26":0.0,"04/27":0.0,"04/28":0.0,"04/29":0.0,"04/30":0.0,"05/01":0.0,"05/02":0.0,"05/03":0.0,"05/04":0.0,"05/05":0.0,"05/06":0.0,"05/07":0.0,"05/08":0.0,"05/09":0.0,"05/10":0.0,"05/11":0.0,"05/12":0.0,"05/13":0.0,"05/14":0.0,"05/15":0.0,"05/16":0.0,"05/17":0.0,"05/18":0.0,"05/19":0.0,"05/20":0.0,"05/21":0.0,"05/22":0.0,"05/23":0.0,"05/24":0.0,"05/25":0.0,"05/26":0.0,"05/27":0.0,"05/28":0.0,"05/29":0.0,"05/30":0.0,"05/31":0.0,"06/01":0.0,"06/02":0.0,"06/03":0.0,"06/04":0.0,"06/05":0.0,"06/06":0.0,"06/07":0.0,"06/08":0.0,"06/09":0.0,"06/10":0.0,"06/11":0.0,"06/12":0.0,"06/13":0.0,"06/14":0.0,"06/15":0.0,"06/16":0.0,"06/17":0.0,"06/18":0.0,"06/19":0.0,"06/20":0.0,"06/21":0.0,"06/22":0.0,"06/23":0.0,"06/24":0.0,"06/25":0.0,"06/26":0.0,"06/27":0.0,"06/28":0.0,"06/29":0.0,"06/30":0.0,"07/01":0.0,"07/02":0.0,"07/03":0.0,"07/04":0.0,"07/05":0.0,"07/06":0.0,"07/07":0.0,"07/08":0.0,"07/09":0.0,"07/10":0.0,"07/11":0.0,"07/12":0.0,"07/13":0.0,"07/14":0.0,"07/15":0.0,"07/16":0.0,"07/17":0.0,"07/18":0.0,"07/19":0.0,"07/20":0.0,"07/21":0.0,"07/22":0.0,"07/23":0.0,"07/24":0.0,"07/25":0.0,"07/26":0.0,"07/27":0.0,"07/28":0.0,"07/29":0.0,"07/30":0.0,"07/31":0.0,"08/01":0.0,"08/02":0.0,"08/03":0.0,"08/04":0.0,"08/05":0.0,"08/06":0.0,"08/07":0.0,"08/08":0.0,"08/09":0.0,"08/10":0.0,"08/11":0.0,"08/12":0.0,"08/13":0.0,"08/14":0.0,"08/15":0.0,"08/16":0.0,"08/17":0.0,"08/18":0.0,"08/19":0.0,"08/20":0.0,"08/21":0.0,"08/22":0.0,"08/23":0.0,"08/24":0.0,"08/25":0.0,"08/26":0.0,"08/27":0.0,"08/28":0.0,"08/29":0.0,"08/30":0.0,"08/31":0.0,"09/01":0.0,"09/02":0.0,"09/03":0.0,"09/04":0.0,"09/05":0.0,"09/06":0.0,"09/07":0.0,"09/08":0.0,"09/09":0.0,"09/10":0.0,"09/11":0.0,"09/12":0.0,"09/13":0.0,"09/14":0.0,"09/15":0.0,"09/16":0.0,"09/17":0.0,"09/18":0.0,"09/19":0.0,"09/20":0.0,"09/21":0.0,"09/22":0.0,"09/23":0.0,"09/24":0.0,"09/25":0.0,"09/26":0.0,"09/27":0.0,"09/28":0.0,"09/29":0.0,"09/30":0.0,"10/01":0.0,"10/02":0.0,"10/03":0.0,"10/04":0.0,"10/05":0.0,"10/06":0.0,"10/07":0.0,"10/08":0.0,"10/09":0.0,"10/10":0.0,"10/11":0.0,"10/12":0.0,"10/13":0.0,"10/14":0.0,"10/15":0.0,"10/16":0.0,"10/17":0.0,"10/18":0.0,"10/19":0.0,"10/20":0.0,"10/21":0.0,"10/22":0.0,"10/23":0.0,"10/24":0.0,"10/25":0.0,"10/26":0.0,"10/27":0.0,"10/28":0.0,"10/29":0.0,"10/30":0.0,"10/31":0.0,"11/01":0.0,"11/02":0.0,"11/03":0.0,"11/04":0.0,"11/05":0.0,"11/06":0.0,"11/07":0.0,"11/08":0.0,"11/09":0.0,"11/10":0.0,"11/11":0.0,"11/12":0.0,"11/13":0.0,"11/14":0.0,"11/15":0.0,"11/16":0.0,"11/17":0.0,"11/18":0.0,"11/19":0.0,"11/20":0.0,"11/21":0.0,"11/22":0.0,"11/23":0.0,"11/24":0.0,"11/25":0.0,"11/26":0.0,"11/27":0.0,"11/28":0.0,"11/29":0.0,"11/30":0.0,"12/01":0.0,"12/02":0.0,"12/03":0.0,"12/04":0.0,"12/05":0.0,"12/06":0.0,"12/07":0.0,"12/08":0.0,"12/09":0.0,"12/10":0.0,"12/11":0.0,"12/12":0.0,"12/13":0.0,"12/14":0.0,"12/15":0.0,"12/16":0.0,"12/17":0.0,"12/18":0.0,"12/19":0.0,"12/20":0.0,"12/21":0.0,"12/22":0.0,"12/23":0.0,"12/24":0.0,"12/25":0.0,"12/26":0.65050125,"12/27":0.65050125,"12/28":0.65050125,"12/29":0.65050125,"12/30":0.65050125,"12/31":0.65050125},"2023":{"12/26":1.3010025,"12/27":1.3010025,"12/28":1.3010025,"12/29":1.3010025,"12/30":1.3010025,"12/31":1.3010025},"2024":{"01/01":1.3010025,"01/02":1.3010025,"01/03":1.3010025,"01/04":1.3010025,"01/05":1.3010025,"01/06":1.3010025,"01/07":1.3010025,"01/08":1.3010025,"01/09":1.3010025,"01/10":1.3010025,"01/11":1.3010025,"01/12":1.3010025,"01/13":1.3010025,"01/14":1.3010025,"01/15":1.2524029,"01/16":1.2362102,"01/17":1.2190195,"01/18":1.2028376,"01/19":1.1866606,"01/20":1.1866606,"01/21":1.1866606,"01/22":1.1866606,"01/23":1.1321139,"01/24":1.1189919,"01/25":1.1048627,"01/26":1.1048627,"01/27":1.1048627,"01/28":1.1048627,"01/29":1.0514039,"01/30":1.0372936,"01/31":1.024196,"02/01":1.0161355,"02/02":1.0000182,"02/03":1.0000182,"02/04":1.0000182,"02/05":0.951707,"02/06":0.9356199,"02/07":0.9215419,"02/08":0.90646136,"02/09":0.89138526,"02/10":0.89138526,"02/11":0.89138526,"02/12":0.8461841,"02/13":0.83112603,"02/14":0.81607246,"02/15":0.80002856,"02/16":0.78498423,"02/17":0.78498423,"02/18":0.78498423,"02/19":0.78498423,"02/20":0.724852,"02/21":0.7098397,"02/22":0.6948223,"02/23":0.6808114,"02/24":0.6808114,"02/25":0.6808114,"02/26":0.63579863,"02/27":0.62080336,"02/28":0.6058125,"02/29":0.5918264,"03/01":0.5788441,"03/02":0.5788441,"03/03":0.5788441,"03/04":0.5379189,"03/05":0.52295274,"03/06":0.5069925,"03/07":0.49204507,"03/08":0.49204507,"03/09":0.49204507,"03/10":0.49204507,"03/11":0.43026766,"03/12":0.41534305,"03/13":0.39941692,"03/14":0.38449198,"03/15":0.36957148,"03/16":0.36957148,"03/17":0.36957148,"03/18":0.36957148,"03/19":0.31093785,"03/20":0.2960392,"03/21":0.28114498,"03/22":0.2652614,"03/23":0.2652614,"03/24":0.2652614,"03/25":0.2652614,"03/26":0.20377189,"03/27":0.18791282,"03/28":0.17305069,"03/29":0.17305069,"03/30":0.17305069,"03/31":0.122563705,"04/01":0.122563705,"04/02":0.09980597,"04/03":0.08397979,"04/04":0.06717821,"04/05":0.050372843,"04/06":0.050372843,"04/07":0.050372843,"04/08":0.0,"04/09":0.0,"04/10":0.0,"04/11":0.0,"04/12":0.0,"04/13":0.0,"04/14":0.0,"04/15":0.0,"04/16":0.0,"04/17":0.0,"04/18":0.0,"04/19":0.0,"04/20":0.0,"04/21":0.0,"04/22":0.0,"04/23":0.0,"04/24":0.0,"04/25":0.0,"04/26":0.0,"04/27":0.0,"04/28":0.0,"04/29":0.0,"04/30":0.0,"05/01":0.0,"05/02":0.0,"05/03":0.0,"05/04":0.0,"05/05":0.0,"05/06":0.0,"05/07":0.0,"05/08":0.0,"05/09":0.0,"05/10":0.0,"05/11":0.0,"05/12":0.0,"05/13":0.0,"05/14":0.0,"05/15":0.0,"05/16":0.0,"05/17":0.0,"05/18":0.0,"05/19":0.0,"05/20":0.0,"05/21":0.0,"05/22":0.0,"05/23":0.0,"05/24":0.0,"05/25":0.0,"05/26":0.0,"05/27":0.0,"05/28":0.0,"05/29":0.0,"05/30":0.0,"05/31":0.0,"06/01":0.0,"06/02":0.0,"06/03":0.0,"06/04":0.0,"06/05":0.0,"06/06":0.0,"06/07":0.0,"06/08":0.0,"06/09":0.0,"06/10":0.0,"06/11":0.0,"06/12":0.0,"06/13":0.0,"06/14":0.0,"06/15":0.0,"06/16":0.0,"06/17":0.0,"06/18":0.0,"06/19":0.0,"06/20":0.0,"06/21":0.0,"06/22":0.0,"06/23":0.0,"06/24":0.0,"06/25":0.0,"06/26":0.0,"06/27":0.0,"06/28":0.0,"06/29":0.0,