{"0":{"01/01":6.6870027,"01/02":6.7140007,"01/03":6.727059,"01/04":6.707859,"01/05":6.707859,"01/06":6.7628393,"01/07":6.782832,"01/08":6.7302628,"01/09":6.7232633,"01/10":6.7224574,"01/11":6.7075377,"01/12":6.7075377,"01/13":6.7674584,"01/14":6.788429,"01/15":6.735789,"01/16":6.7406216,"01/17":6.750727,"01/18":6.7326317,"01/19":6.7134666,"01/20":6.7713103,"01/21":6.7912536,"01/22":6.811197,"01/23":6.7515693,"01/24":6.752354,"01/25":6.7332163,"01/26":6.7332163,"01/27":6.7900004,"01/28":6.8119173,"01/29":6.7604427,"01/30":6.763286,"01/31":6.765054,"02/01":6.745938,"02/02":6.726818,"02/03":6.7845087,"02/04":6.8053994,"02/05":6.776109,"02/06":6.785963,"02/07":6.791774,"02/08":6.773738,"02/09":6.7567596,"02/10":6.8163743,"02/11":6.834255,"02/12":6.7998095,"02/13":6.806529,"02/14":6.8073783,"02/15":6.7882895,"02/16":6.7713404,"02/17":6.8298883,"02/18":6.8298883,"02/19":6.8298883,"02/20":6.812256,"02/21":6.81104,"02/22":6.793043,"02/23":6.7771635,"02/24":6.8376265,"02/25":6.860428,"02/26":6.8053713,"02/27":6.825027,"02/28":6.820835,"02/29":6.802859,"03/01":6.7848783,"03/02":6.7848783,"03/03":6.843296,"03/04":6.7872663,"03/05":6.807949,"03/06":6.8108335,"03/07":6.8117275,"03/08":6.8117275,"03/09":6.8117275,"03/10":6.8641443,"03/11":6.807937,"03/12":6.8037667,"03/13":6.802557,"03/14":6.7856736,"03/15":6.767739,"03/16":6.767739,"03/17":6.8497167,"03/18":6.8665113,"03/19":6.80945,"03/20":6.812328,"03/21":6.812173,"03/22":6.7932105,"03/23":6.7932105,"03/24":6.8593035,"03/25":6.8918653,"03/26":6.84162,"03/27":6.8503246,"03/28":6.832362,"03/29":6.832362,"03/30":6.832362,"03/31":6.766076,"04/01":6.766076,"04/02":6.736642,"04/03":6.718775,"04/04":6.69882,"04/05":6.6809664,"04/06":6.6809664,"04/07":6.6809664,"04/08":6.6264086,"04/09":6.6264086,"04/10":6.589715,"04/11":6.589715,"04/12":6.551997,"04/13":6.551997,"04/14":6.551997,"04/15":6.497562,"04/16":6.4766436,"04/17":6.4766436,"04/18":6.4379597,"04/19":6.419156,"04/20":6.419156,"04/21":6.419156,"04/22":6.365901,"04/23":6.3471227,"04/24":6.329386,"04/25":6.3106217,"04/26":6.2918534,"04/27":6.2918534,"04/28":6.2918534,"04/29":6.234565,"04/30":6.215833,"05/01":6.215833,"05/02":6.17838,"05/03":6.1606994,"05/04":6.1606994,"05/05":6.1606994,"05/06":6.1077027,"05/07":6.089016,"05/08":6.0713654,"05/09":6.052691,"05/10":6.034024,"05/11":6.034024,"05/12":6.034024,"05/13":5.9780407,"05/14":5.9593997,"05/15":5.940755,"05/16":5.922127,"05/17":5.9045315,"05/18":5.9045315,"05/19":5.9045315,"05/20":5.9045315,"05/21":5.829065,"05/22":5.809432,"05/23":5.809432,"05/24":5.771241,"05/25":5.771241,"05/26":5.771241,"05/27":5.7155356,"05/28":5.6969867,"05/29":5.6784444,"05/30":5.6609297,"05/31":5.6434207,"06/01":5.6434207,"06/02":5.6434207,"06/03":5.5868297,"06/04":5.5693555,"06/05":5.551877,"06/06":5.5333853,"06/07":5.513862,"06/08":5.513862,"06/09":5.513862,"06/10":5.4563823,"06/11":5.437924,"06/12":5.4194627,"06/13":5.4020433,"06/14":5.3835945,"06/15":5.3835945,"06/16":5.3835945,"06/17":5.3835945,"06/18":5.3088684,"06/19":5.290452,"06/20":5.272052,"06/21":5.2536483,"06/22":5.2536483,"06/23":5.2536483,"06/24":5.197474,"06/25":5.179106,"06/26":5.161757,"06/27":5.144423,"06/28":5.1250434,"06/29":5.1250434,"06/30":5.1250434,"07/01":5.0659566,"07/02":5.0445766,"07/03":5.0242248,"07/04":5.005908,"07/05":4.987607,"07/06":4.987607,"07/07":4.987607,"07/08":4.9337406,"07/09":4.9164815,"07/10":4.8982024,"07/11":4.879939,"07/12":4.8616724,"07/13":4.8616724,"07/14":4.8616724,"07/15":4.80693,"07/16":4.80693,"07/17":4.80693,"07/18":4.7532587,"07/19":4.735036,"07/20":4.735036,"07/21":4.735036,"07/22":4.679414,"07/23":4.6602144,"07/24":4.6420245,"07/25":4.6420245,"07/26":4.6036606,"07/27":4.6036606,"07/28":4.6036606,"07/29":4.5501876,"07/30":4.5320454,"07/31":4.512891,"08/01":4.494761,"08/02":4.4766383,"08/03":4.4766383,"08/04":4.4766383,"08/05":4.42128,"08/06":4.4031825,"08/07":4.3850913,"08/08":4.3669963,"08/09":4.3489175,"08/10":4.3489175,"08/11":4.3489175,"08/12":4.2927,"08/13":4.2756414,"08/14":4.257594,"08/15":4.257594,"08/16":4.2205057,"08/17":4.2205057,"08/18":4.2205057,"08/19":4.1644263,"08/20":4.146408,"08/21":4.1274037,"08/22":4.108407,"08/23":4.090408,"08/24":4.090408,"08/25":4.090408,"08/26":4.035468,"08/27":4.0175037,"08/28":3.9985373,"08/29":3.9805858,"08/30":3.9626408,"08/31":3.9626408,"09/01":3.9626408,"09/02":3.9068382,"09/03":3.886915,"09/04":3.869002,"09/05":3.869002,"09/06":3.8331854,"09/07":3.8331854,"09/08":3.8331854,"09/09":3.7775216,"09/10":3.7596464,"09/11":3.741768,"09/12":3.7229114,"09/13":3.7050455,"09/14":3.7050455,"09/15":3.7050455,"09/16":3.6485362,"09/17":3.629704,"09/18":3.629704,"09/19":3.592079,"09/20":3.5722857,"09/21":3.5722857,"09/22":3.5722857,"09/23":3.5149217,"09/24":3.495158,"09/25":3.4754019,"09/26":3.457621,"09/27":3.4388676,"09/28":3.4388676,"09/29":3.4388676,"09/30":3.3816512,"10/01":3.3481429,"10/02":3.3481429,"10/03":3.3048072,"10/04":3.2782357,"10/05":3.2782357,"10/06":3.2782357,"10/07":3.2192378,"10/08":3.2005613,"10/09":3.1819007,"10/10":3.1602979,"10/11":3.141652,"10/12":3.141652,"10/13":3.141652,"10/14":3.084764,"10/15":3.0680985,"10/16":3.0514479,"10/17":3.0328412,"10/18":3.0161927,"10/19":3.0161927,"10/20":3.0161927,"10/21":2.9614012,"10/22":2.942827,"10/23":2.9281647,"10/24":2.9086244,"10/25":2.891038,"10/26":2.891038,"10/27":2.891038,"10/28":2.8344352,"10/29":2.816874,"10/30":2.816874,"10/31":2.7778852,"11/01":2.7778852,"11/02":2.7778852,"11/03":2.7778852,"11/04":2.7019358,"11/05":2.6805334,"11/06":2.657193,"11/07":2.6367824,"11/08":2.6173525,"11/09":2.6173525,"11/10":2.6173525,"11/11":2.5629845,"11/12":2.5445538,"11/13":2.52613,"11/14":2.506742,"11/15":2.506742,"11/16":2.506742,"11/17":2.506742,"11/18":2.4311924,"11/19":2.4127998,"11/20":2.4127998,"11/21":2.374117,"11/22":2.3576806,"11/23":2.3576806,"11/24":2.3576806,"11/25":2.3035872,"11/26":2.2842832,"11/27":2.2669187,"11/28":2.2485943,"11/29":2.2321982,"11/30":2.2321982,"12/01":2.2321982,"12/02":2.1743798,"12/03":2.1541607,"12/04":2.137804,"12/05":2.1185627,"12/06":2.0993285,"12/07":2.0993285,"12/08":2.0993285,"12/09":2.0406985,"12/10":2.0224552,"12/11":2.0042183,"12/12":1.9869395,"12/13":1.9706364,"12/14":1.9706364,"12/15":1.9706364,"12/16":1.9706364,"12/17":1.8968338,"12/18":1.8786327,"12/19":1.8614056,"12/20":1.8451333,"12/21":1.8451333,"12/22":1.8451333,"12/23":1.7906231,"12/24":1.7801144,"12/25":1.7801144,"12/26":4.145615,"12/27":4.1460204,"12/28":4.1460204,"12/29":4.1460204,"12/30":4.147415,"12/31":4.1479263},"2023":{"12/26":6.534996,"12/27":6.5530014,"12/28":6.5530014,"12/29":6.5530014,"12/30":6.6139984,"12/31":6.636},"2024":{"01/01":6.6870027,"01/02":6.7140007,"01/03":6.727059,"01/04":6.707859,"01/05":6.707859,"01/06":6.7628393,"01/07":6.782832,"01/08":6.7302628,"01/09":6.7232633,"01/10":6.7224574,"01/11":6.7075377,"01/12":6.7075377,"01/13":6.7674584,"01/14":6.788429,"01/15":6.735789,"01/16":6.7406216,"01/17":6.750727,"01/18":6.7326317,"01/19":6.7134666,"01/20":6.7713103,"01/21":6.7912536,"01/22":6.811197,"01/23":6.7515693,"01/24":6.752354,"01/25":6.7332163,"01/26":6.7332163,"01/27":6.7900004,"01/28":6.8119173,"01/29":6.7604427,"01/30":6.763286,"01/31":6.765054,"02/01":6.745938,"02/02":6.726818,"02/03":6.7845087,"02/04":6.8053994,"02/05":6.776109,"02/06":6.785963,"02/07":6.791774,"02/08":6.773738,"02/09":6.7567596,"02/10":6.8163743,"02/11":6.834255,"02/12":6.7998095,"02/13":6.806529,"02/14":6.8073783,"02/15":6.7882895,"02/16":6.7713404,"02/17":6.8298883,"02/18":6.8298883,"02/19":6.8298883,"02/20":6.812256,"02/21":6.81104,"02/22":6.793043,"02/23":6.7771635,"02/24":6.8376265,"02/25":6.860428,"02/26":6.8053713,"02/27":6.825027,"02/28":6.820835,"02/29":6.802859,"03/01":6.7848783,"03/02":6.7848783,"03/03":6.843296,"03/04":6.7872663,"03/05":6.807949,"03/06":6.8108335,"03/07":6.8117275,"03/08":6.8117275,"03/09":6.8117275,"03/10":6.8641443,"03/11":6.807937,"03/12":6.8037667,"03/13":6.802557,"03/14":6.7856736,"03/15":6.767739,"03/16":6.767739,"03/17":6.8497167,"03/18":6.8665113,"03/19":6.80945,"03/20":6.812328,"03/21":6.812173,