{"0":{"01/01":8.674929,"01/02":8.65539,"01/03":8.642357,"01/04":8.6228285,"01/05":8.6228285,"01/06":8.6228285,"01/07":8.6228285,"01/08":8.546935,"01/09":8.528516,"01/10":8.530685,"01/11":8.511188,"01/12":8.511188,"01/13":8.511188,"01/14":8.511188,"01/15":8.434378,"01/16":8.415996,"01/17":8.39762,"01/18":8.3781805,"01/19":8.369539,"01/20":8.369539,"01/21":8.369539,"01/22":8.369539,"01/23":8.29292,"01/24":8.273518,"01/25":8.337149,"01/26":8.337149,"01/27":8.337149,"01/28":8.337149,"01/29":8.177655,"01/30":8.158294,"01/31":8.138939,"02/01":8.119581,"02/02":8.101316,"02/03":8.101316,"02/04":8.101316,"02/05":8.047615,"02/06":8.029364,"02/07":8.011129,"02/08":7.9939656,"02/09":7.9746594,"02/10":7.9746594,"02/11":7.9746594,"02/12":7.9178762,"02/13":7.8985977,"02/14":7.879336,"02/15":7.8611417,"02/16":7.8418937,"02/17":7.8418937,"02/18":7.8418937,"02/19":7.8418937,"02/20":7.767088,"02/21":7.7478733,"02/22":7.7297235,"02/23":7.7126484,"02/24":7.7126484,"02/25":7.7126484,"02/26":7.65614,"02/27":7.636955,"02/28":7.6188536,"02/29":7.600747,"03/01":7.581591,"03/02":7.581591,"03/03":7.581591,"03/04":7.526275,"03/05":7.50821,"03/06":7.490142,"03/07":7.472079,"03/08":7.472079,"03/09":7.472079,"03/10":7.472079,"03/11":7.3977847,"03/12":7.378701,"03/13":7.3606763,"03/14":7.342667,"03/15":7.3246536,"03/16":7.3246536,"03/17":7.3246536,"03/18":7.3246536,"03/19":7.2495046,"03/20":7.2315326,"03/21":7.2135572,"03/22":7.194539,"03/23":7.194539,"03/24":7.194539,"03/25":7.194539,"03/26":7.118515,"03/27":7.099531,"03/28":7.080544,"03/29":7.080544,"03/30":7.080544,"03/31":7.015215,"04/01":7.015215,"04/02":6.981532,"04/03":6.9636393,"04/04":6.94471,"04/05":6.925777,"04/06":6.925777,"04/07":6.925777,"04/08":6.8711333,"04/09":6.8711333,"04/10":6.834388,"04/11":6.834388,"04/12":6.796627,"04/13":6.796627,"04/14":6.796627,"04/15":6.7410655,"04/16":6.7232637,"04/17":6.7232637,"04/18":6.687658,"04/19":6.6698737,"04/20":6.6698737,"04/21":6.6698737,"04/22":6.6165376,"04/23":6.5977306,"04/24":6.5789204,"04/25":6.5601273,"04/26":6.541331,"04/27":6.541331,"04/28":6.541331,"04/29":6.485,"04/30":6.4662395,"05/01":6.4662395,"05/02":6.4287295,"05/03":6.4131064,"05/04":6.4131064,"05/05":6.4131064,"05/06":6.3558702,"05/07":6.337146,"05/08":6.3205185,"05/09":6.3049283,"05/10":6.2872615,"05/11":6.2872615,"05/12":6.2872615,"05/13":6.2311997,"05/14":6.210451,"05/15":6.189701,"05/16":6.1689687,"05/17":6.1492825,"05/18":6.1492825,"05/19":6.1492825,"05/20":6.1492825,"05/21":6.071635,"05/22":6.046807,"05/23":6.046807,"05/24":6.007531,"05/25":6.007531,"05/26":6.007531,"05/27":5.9486628,"05/28":5.9300814,"05/29":5.9115157,"05/30":5.891915,"05/31":5.873363,"06/01":5.873363,"06/02":5.873363,"06/03":5.8156743,"06/04":5.79817,"06/05":5.779651,"06/06":5.7590785,"06/07":5.7374845,"06/08":5.7374845,"06/09":5.7374845,"06/10":5.063282,"06/11":5.031822,"06/12":5.014586,"06/13":4.9406075,"06/14":4.867746,"06/15":4.867746,"06/16":4.867746,"06/17":4.867746,"06/18":4.788928,"06/19":4.5059648,"06/20":4.4858847,"06/21":3.9843607,"06/22":3.9843607,"06/23":3.9843607,"06/24":3.9207654,"06/25":3.9019036,"06/26":3.8830392,"06/27":3.8641913,"06/28":3.844357,"06/29":3.844357,"06/30":3.844357,"07/01":3.7839081,"07/02":3.762122,"07/03":3.7403448,"07/04":3.7195673,"07/05":3.7007692,"07/06":3.7007692,"07/07":3.7007692,"07/08":3.6434543,"07/09":3.6246839,"07/10":3.604941,"07/11":3.5852058,"07/12":3.5654778,"07/13":3.5654778,"07/14":3.5654778,"07/15":3.5063396,"07/16":3.5063396,"07/17":3.5063396,"07/18":3.3823512,"07/19":3.7492547,"07/20":3.7492547,"07/21":3.7492547,"07/22":3.689897,"07/23":3.6701293,"07/24":3.6513584,"07/25":3.6513584,"07/26":3.4423423,"07/27":3.4423423,"07/28":3.4423423,"07/29":3.3853035,"07/30":3.117683,"07/31":3.4551337,"08/01":3.4354553,"08/02":3.1607249,"08/03":3.1607249,"08/04":3.1607249,"08/05":3.026829,"08/06":3.0073133,"08/07":2.9878051,"08/08":2.9683042,"08/09":2.9488106,"08/10":2.9488106,"08/11":2.9488106,"08/12":2.8903651,"08/13":2.870901,"08/14":2.8514445,"08/15":2.8514445,"08/16":2.8125532,"08/17":2.8125532,"08/18":2.8125532,"08/19":2.7416437,"08/20":2.6776173,"08/21":2.7290282,"08/22":2.7542622,"08/23":2.393394,"08/24":2.393394,"08/25":2.393394,"08/26":2.297075,"08/27":2.2778347,"08/28":2.26437,"08/29":2.2461047,"08/30":2.2268836,"08/31":2.2268836,"09/01":2.2268836,"09/02":2.1730995,"09/03":2.1510234,"09/04":2.131838,"09/05":2.131838,"09/06":2.0944395,"09/07":2.0944395,"09/08":2.0944395,"09/09":1.5994151,"09/10":1.5804363,"09/11":1.5273302,"09/12":1.509327,"09/13":1.265462,"09/14":1.265462,"09/15":1.265462,"09/16":1.1364377,"09/17":1.1176316,"09/18":1.1176316,"09/19":0.9355644,"09/20":0.8980994,"09/21":0.8980994,"09/22":0.8980994,"09/23":0.26645413,"09/24":0.04232119,"09/25":0.39882657,"09/26":0.2304179,"09/27":0.17133021,"09/28":0.17133021,"09/29":0.17133021,"09/30":0.16579568,"10/01":0.14365491,"10/02":0.14365491,"10/03":0.17778939,"10/04":0.3080747,"10/05":0.3080747,"10/06":0.3080747,"10/07":0.285871,"10/08":0.27477723,"10/09":0.0929624,"10/10":0.07362014,"10/11":0.055207137,"10/12":0.055207137,"10/13":0.055207137,"10/14":0.0,"10/15":0.0,"10/16":0.0,"10/17":0.0,"10/18":0.0,"10/19":0.0,"10/20":0.0,"10/21":0.0,"10/22":0.0,"10/23":0.0,"10/24":0.0,"10/25":0.0,"10/26":0.0,"10/27":0.0,"10/28":0.0,"10/29":0.0,"10/30":0.0,"10/31":0.0,"11/01":0.0,"11/02":0.0,"11/03":0.0,"11/04":0.0,"11/05":0.0,"11/06":0.0,"11/07":0.0,"11/08":0.0,"11/09":0.0,"11/10":0.0,"11/11":0.0,"11/12":0.0,"11/13":0.0,"11/14":0.0,"11/15":0.0,"11/16":0.0,"11/17":0.0,"11/18":0.0,"11/19":0.0,"11/20":0.0,"11/21":0.0,"11/22":0.0,"11/23":0.0,"11/24":0.0,"11/25":0.0,"11/26":0.0,"11/27":0.0,"11/28":0.0,"11/29":0.0,"11/30":0.0,"12/01":0.0,"12/02":0.0,"12/03":0.0,"12/04":0.0,"12/05":0.0,"12/06":0.0,"12/07":0.0,"12/08":0.0,"12/09":0.0,"12/10":0.0,"12/11":0.0,"12/12":0.0,"12/13":0.0,"12/14":0.0,"12/15":0.0,"12/16":0.0,"12/17":0.0,"12/18":0.0,"12/19":0.0,"12/20":0.0,"12/21":0.0,"12/22":0.0,"12/23":0.0,"12/24":0.0,"12/25":0.0,"12/26":4.3755007,"12/27":4.3755007,"12/28":4.3755007,"12/29":4.366256,"12/30":4.366256,"12/31":4.366256},"2023":{"12/26":8.751001,"12/27":8.751001,"12/28":8.751001,"12/29":8.732512,"12/30":8.732512,"12/31":8.732512},"2024":{"01/01":8.674929,"01/02":8.65539,"01/03":8.642357,"01/04":8.6228285,"01/05":8.6228285,"01/06":8.6228285,"01/07":8.6228285,"01/08":8.546935,"01/09":8.528516,"01/10":8.530685,"01/11":8.511188,"01/12":8.511188,"01/13":8.511188,"01/14":8.511188,"01/15":8.434378,"01/16":8.415996,"01/17":8.39762,"01/18":8.3781805,"01/19":8.369539,"01/20":8.369539,"01/21":8.369539,"01/22":8.369539,"01/23":8.29292,"01/24":8.273518,"01/25":8.337149,"01/26":8.337149,"01/27":8.337149,"01/28":8.337149,"01/29":8.177655,"01/30":8.158294,"01/31":8.138939,"02/01":8.119581,"02/02":8.101316,"02/03":8.101316,"02/04":8.101316,"02/05":8.047615,"02/06":8.029364,"02/07":8.011129,"02/08":7.9939656,"02/09":7.9746594,"02/10":7.9746594,"02/11":7.9746594,"02/12":7.9178762,"02/13":7.8985977,"02/14":7.879336,"02/15":7.8611417,"02/16":7.8418937,"02/17":7.8418937,"02/18":7.8418937,"02/19":7.8418937,"02/20":7.767088,"02/21":7.7478733,"02/22":7.7297235,"02/23":7.7126484,"02/24":7.7126484,"02/25":7.7126484,"02/26":7.65614,"02/27":7.636955,"02/28":7.6188536,"02/29":7.600747,"03/01":7.581591,"03/02":7.581591,"03/03":7.581591,"03/04":7.526275,"03/05":7.50821,"03/06":7.490142,"03/07":7.472079,"03/08":7.472079,"03/09":7.472079,"03/10":7.472079,"03/11":7.3977847,"03/12":7.378701,"03/13":7.3606763,"03/14":7.342667,"03/15":7.3246536,"03/16":7.3246536,"03/17":7.3246536,"03/18":7.3246536,"03/19":7.2495046,"03/20":7.2315326,"03/21":7.2135572,"03/22":7.194539,"03/23":7.194539,"03/24":7.194539,"03/25":7.194539,"03/26":7.118515,"03/27":7.099531,"03/28":7.080544,"03/29":7.080544,"03/30":7.080544,"03/31":7.015215,"04/01":7.015215,"04/02":6.981532,"04/03":6.9636393,"04/04":6.94471,"04/05":6.925777,"04/06":6.925777,"04/07":6.925777,"04/08":6.8711333,"04/09":6.8711333,"04/10":6.834388,"04/11":6.834388,"04/12":6.796627,"04/13":6.796627,"04/14":6.796627,"04/15":6.7410655,