{"0":{"01/01":7.867486,"01/02":7.7827854,"01/03":7.6070423,"01/04":7.526378,"01/05":7.5400343,"01/06":7.7295065,"01/07":7.7295065,"01/08":7.9976954,"01/09":7.8137336,"01/10":7.771026,"01/11":7.7161884,"01/12":7.6428614,"01/13":7.606235,"01/14":7.606235,"01/15":7.949412,"01/16":8.098955,"01/17":8.040679,"01/18":7.8553624,"01/19":7.734217,"01/20":7.9806547,"01/21":7.9806547,"01/22":7.9806547,"01/23":8.119998,"01/24":8.168412,"01/25":8.314027,"01/26":8.314027,"01/27":8.567608,"01/28":8.567608,"01/29":8.809528,"01/30":8.952294,"01/31":8.848563,"02/01":9.196978,"02/02":9.393457,"02/03":9.258944,"02/04":9.258944,"02/05":9.165021,"02/06":9.408752,"02/07":9.512228,"02/08":9.749256,"02/09":9.636687,"02/10":9.751828,"02/11":9.751828,"02/12":9.851988,"02/13":9.788404,"02/14":9.691182,"02/15":9.877794,"02/16":9.73027,"02/17":9.954228,"02/18":9.954228,"02/19":9.954228,"02/20":9.986036,"02/21":10.208448,"02/22":10.398618,"02/23":10.10274,"02/24":10.229054,"02/25":10.229054,"02/26":10.3467,"02/27":10.389599,"02/28":10.401833,"03/01":10.451654,"03/02":10.438769,"03/03":10.308023,"03/04":10.4040985,"03/05":10.46717,"03/06":10.469581,"03/07":10.610268,"03/08":10.868427,"03/09":10.785472,"03/10":10.692962,"03/11":10.887145,"03/12":10.809466,"03/13":10.244587,"03/14":10.194046,"03/15":10.058318,"03/16":9.958513,"03/17":9.913975,"03/18":9.913975,"03/19":9.641058,"03/20":9.458683,"03/21":9.831503,"03/22":9.641713,"03/23":9.538295,"03/24":9.365659,"03/25":9.365659,"03/26":9.35797,"03/27":9.393171,"03/28":9.790596,"03/29":9.613872,"03/30":9.613872,"03/31":9.751444,"04/01":9.751444,"04/02":9.347732,"04/03":9.281463,"04/04":9.351433,"04/05":8.897851,"04/06":8.563895,"04/07":8.563895,"04/08":8.350561,"04/09":8.350561,"04/10":8.383589,"04/11":8.446617,"04/12":8.362943,"04/13":8.430077,"04/14":8.430077,"04/15":8.430077,"04/16":8.430077,"04/17":8.412507,"04/18":8.254675,"04/19":8.234078,"04/20":8.149712,"04/21":7.8666964,"04/22":7.8666964,"04/23":7.8666964,"04/24":7.4926553,"04/25":7.35876,"04/26":7.354711,"04/27":7.284849,"04/28":7.3182535,"04/29":7.3182535,"04/30":7.3182535,"05/01":7.3182535,"05/02":7.2161,"05/03":6.6022654,"05/04":6.524408,"05/05":6.524408,"05/06":6.524408,"05/07":6.524408,"05/08":6.594273,"05/09":6.572304,"05/10":6.5194235,"05/11":6.446664,"05/12":6.201224,"05/13":6.201224,"05/14":6.201224,"05/15":6.1566367,"05/16":5.9618545,"05/17":5.893802,"05/18":5.9411335,"05/19":6.017151,"05/20":6.017151,"05/21":6.017151,"05/22":5.835677,"05/23":5.9470515,"05/24":5.850449,"05/25":5.850449,"05/26":5.868175,"05/27":5.868175,"05/28":5.868175,"05/29":5.9332404,"05/30":5.882956,"05/31":5.7363343,"06/01":5.6607094,"06/02":5.668562,"06/03":5.668562,"06/04":5.668562,"06/05":5.6803474,"06/06":5.5803056,"06/07":5.5587525,"06/08":5.715701,"06/09":5.823866,"06/10":5.823866,"06/11":5.823866,"06/12":5.699983,"06/13":5.6656227,"06/14":5.6744494,"06/15":5.751069,"06/16":5.7992578,"06/17":5.7992578,"06/18":5.7992578,"06/19":5.793356,"06/20":5.820909,"06/21":5.8425694,"06/22":5.9904847,"06/23":5.9539585,"06/24":5.9539585,"06/25":5.9539585,"06/26":5.877045,"06/27":5.8484764,"06/28":5.793356,"06/29":5.793356,"06/30":6.039881,"07/01":6.039881,"07/02":6.039881,"07/03":5.9924617,"07/04":6.0181403,"07/05":5.957902,"07/06":6.1516867,"07/07":6.1516867,"07/08":6.1516867,"07/09":6.1516867,"07/10":6.1516867,"07/11":5.78647,"07/12":5.863252,"07/13":5.6106925,"07/14":5.6567883,"07/15":5.6567883,"07/16":5.6567883,"07/17":5.492196,"07/18":5.3251867,"07/19":5.3446913,"07/20":5.3651795,"07/21":5.3739653,"07/22":5.3739653,"07/23":5.3739653,"07/24":5.277429,"07/25":5.4003224,"07/26":5.349575,"07/27":5.4267025,"07/28":5.69016,"07/29":5.69016,"07/30":5.69016,"07/31":5.7186427,"08/01":5.571485,"08/02":5.5901084,"08/03":5.7776246,"08/04":5.78844,"08/05":5.78844,"08/06":5.78844,"08/07":5.673476,"08/08":5.5411296,"08/09":5.504913,"08/10":5.4003224,"08/11":5.5910897,"08/12":5.5910897,"08/13":5.5910897,"08/14":5.5773716,"08/15":5.5773716,"08/16":5.5773716,"08/17":5.829771,"08/18":5.6293206,"08/19":6.666661,"08/20":6.666661,"08/21":6.6674185,"08/22":6.668065,"08/23":6.670498,"08/24":6.8696012,"08/25":6.8628035,"08/26":6.8557253,"08/27":6.8557253,"08/28":6.859057,"08/29":6.8389945,"08/30":6.8302307,"08/31":6.8317127,"09/01":6.8181067,"09/02":6.810479,"09/03":6.810479,"09/04":6.8092937,"09/05":6.785235,"09/06":6.775219,"09/07":6.770506,"09/08":6.761547,"09/09":6.7544746,"09/10":6.7544746,"09/11":6.7517557,"09/12":6.729347,"09/13":6.726599,"09/14":6.728018,"09/15":6.716977,"09/16":6.7109947,"09/17":6.7109947,"09/18":6.71246,"09/19":6.6907134,"09/20":6.6861467,"09/21":6.6836224,"09/22":6.6760397,"09/23":6.670063,"09/24":6.670063,"09/25":6.671131,"09/26":6.6477404,"09/27":6.6394796,"09/28":6.625456,"09/29":6.618432,"09/30":6.609247,"10/01":6.609247,"10/02":6.609247,"10/03":6.5824785,"10/04":6.5714035,"10/05":6.5740275,"10/06":6.5471845,"10/07":6.5391545,"10/08":6.5391545,"10/09":6.537856,"10/10":6.5140862,"10/11":6.508301,"10/12":6.507592,"10/13":6.4999447,"10/14":6.5154867,"10/15":6.5154867,"10/16":6.5150557,"10/17":6.4454427,"10/18":6.4542656,"10/19":6.4943905,"10/20":6.5245075,"10/21":6.558283,"10/22":6.558283,"10/23":6.557705,"10/24":6.557705,"10/25":6.386591,"10/26":6.385449,"10/27":6.309629,"10/28":6.335726,"10/29":6.335726,"10/30":6.3358936,"10/31":6.429941,"11/01":6.2993813,"11/02":6.2960916,"11/03":6.4961576,"11/04":6.46443,"11/05":6.46443,"11/06":6.466605,"11/07":6.3720713,"11/08":6.373907,"11/09":6.2142324,"11/10":6.062291,"11/11":5.882492,"11/12":5.882492,"11/13":5.8838925,"11/14":5.8564644,"11/15":5.780626,"11/16":5.794679,"11/17":5.7897253,"11/18":5.861678,"11/19":5.861678,"11/20":5.859334,"11/21":5.8782983,"11/22":5.8080835,"11/23":5.8083653,"11/24":5.6740494,"11/25":5.7554984,"11/26":5.7554984,"11/27":5.7554984,"11/28":5.649537,"11/29":5.661884,"11/30":5.6602325,"12/01":5.4668584,"12/02":5.469978,"12/03":5.469978,"12/04":5.4718304,"12/05":5.4374456,"12/06":5.4903345,"12/07":5.551256,"12/08":5.555459,"12/09":5.6325507,"12/10":5.6325507,"12/11":5.6328926,"12/12":5.575385,"12/13":5.4782495,"12/14":5.374931,"12/15":5.4829803,"12/16":5.526196,"12/17":5.526196,"12/18":5.528891,"12/19":5.527023,"12/20":5.576024,"12/21":5.500496,"12/22":5.543459,"12/23":5.567221,"12/24":5.567221,"12/25":5.567221,"12/26":5.5753064,"12/27":5.5313854,"12/28":5.5348115,"12/29":5.523849,"12/30":5.547631,"12/31":5.547631},"2022":{"08/19":7.704001,"08/20":7.704001,"08/21":7.779999,"08/22":7.840996,"08/23":8.046999,"08/24":8.523112,"08/25":8.456939,"08/26":8.442781,"08/27":8.442781,"08/28":8.656513,"08/29":8.68523,"08/30":8.633779,"08/31":8.721032,"09/01":8.694779,"09/02":8.679524,"09/03":8.679524,"09/04":8.60935,"09/05":8.554447,"09/06":8.487866,"09/07":8.677933,"09/08":8.584569,"09/09":8.570424,"09/10":8.570424,"09/11":8.400174,"09/12":8.379631,"09/13":8.567882,"09/14":8.95225,"09/15":8.648137,"09/16":8.636172,"09/17":8.636172,"09/18":8.717226,"09/19":8.673733,"09/20":8.737787,"09/21":8.797182,"09/22":8.729118,"09/23":8.717165,"09/24":8.717165,"09/25":8.773153,"09/26":8.725418,"09/27":8.647345,"09/28":8.175726,"09/29":8.161679,"09/30":8.14331,"10/01":8.14331,"10/02":8.14331,"10/03":8.178011,"10/04":8.100606,"10/05":8.276274,"10/06":7.3776937,"10/07":7.361634,"10/08":7.361634,"10/09":7.170083,"10/10":7.250548,"10/11":7.511688,"10/12":7.5474334,"10/13":7.5174785,"10/14":7.5485616,"10/15":7.5485616,"10/16":7.5026865,"10/17":7.420206,"10/18":7.3468366,"10/19":7.3643613,"10/20":7.440286,"10/21":7.507837,"10/22":7.507837,"10/23":7.439977,"10/24":7.439977,"10/25":7.353318,"10/26":7.2170396,"10/27":7.177907,"10/28":7.2301006,"10/29":7.2301006,"10/30":7.2499757,"10/31":7.500556,"11/01":7.2647963,"11/02":7.459705,"11/03":7.96272,"11/04":7.8992643,"11/05":7.8992643,"11/06":8.054662,"11/07":7.9757004,"11/08":8.095023,"11/09":7.8458977,"11/10":7.3397317,"11/11":6.980134,"11/12":6.980134,"11/13":7.109219,"11/14":7.0543633,"11/15":7.314101,"11/16":7.364167,"11/17":7.44394,"11/18":7.587846,"11/19":7.587846,"11/20":7.435202,"11/21":7.396599,