{"0":{"12/26":2.4129963,"12/27":2.4129963,"12/28":2.3976352,"12/29":2.388419,"12/30":2.388419,"12/31":2.388419},"2023":{"12/26":2.4129963,"12/27":2.4129963,"12/28":2.3976352,"12/29":2.388419,"12/30":2.388419,"12/31":2.388419}}