{"0":{"01/01":6.047001,"01/02":6.0709953,"01/03":6.0960007,"01/04":6.0960007,"01/05":6.0960007,"01/06":6.1499977,"01/07":6.1699963,"01/08":6.189003,"01/09":6.201,"01/10":6.2160015,"01/11":6.2160015,"01/12":6.2160015,"01/13":6.274004,"01/14":6.2940025,"01/15":6.2639976,"01/16":6.2659883,"01/17":6.269927,"01/18":6.2529373,"01/19":6.2359533,"01/20":6.2888894,"01/21":6.3078747,"01/22":6.3278503,"01/23":6.2874985,"01/24":6.29268,"01/25":6.2778277,"01/26":6.2778277,"01/27":6.3347187,"01/28":6.355678,"01/29":6.319392,"01/30":6.3254914,"01/31":6.331652,"02/01":6.3231683,"02/02":6.3062043,"02/03":6.363036,"02/04":6.382975,"02/05":6.3540144,"02/06":6.361972,"02/07":6.369056,"02/08":6.3531613,"02/09":6.3372717,"02/10":6.3940425,"02/11":6.411965,"02/12":6.3851967,"02/13":6.3932037,"02/14":6.39523,"02/15":6.3782973,"02/16":6.362421,"02/17":6.4181356,"02/18":6.4181356,"02/19":6.4181356,"02/20":6.4093375,"02/21":6.4113693,"02/22":6.395501,"02/23":6.3806973,"02/24":6.43735,"02/25":6.4592156,"02/26":6.41162,"02/27":6.4305286,"02/28":6.4295707,"02/29":6.414775,"03/01":6.4010406,"03/02":6.4010406,"03/03":6.4010406,"03/04":6.3577466,"03/05":6.341914,"03/06":6.32503,"03/07":6.3092175,"03/08":6.3092175,"03/09":6.3092175,"03/10":6.3092175,"03/11":6.243864,"03/12":6.2280755,"03/13":6.2112274,"03/14":6.1954384,"03/15":6.179654,"03/16":6.179654,"03/17":6.179654,"03/18":6.179654,"03/19":6.117626,"03/20":6.1018653,"03/21":6.0861087,"03/22":6.069306,"03/23":6.069306,"03/24":6.069306,"03/25":6.069306,"03/26":6.0042567,"03/27":5.9874797,"03/28":5.9717574,"03/29":5.9717574,"03/30":5.9717574,"03/31":5.918348,"04/01":5.918348,"04/02":5.894273,"04/03":5.8775306,"04/04":5.8597565,"04/05":5.841978,"04/06":5.841978,"04/07":5.841978,"04/08":5.788689,"04/09":5.788689,"04/10":5.7542415,"04/11":5.7542415,"04/12":5.718772,"04/13":5.718772,"04/14":5.718772,"04/15":5.665607,"04/16":5.6478944,"04/17":5.6478944,"04/18":5.6135383,"04/19":5.5968843,"04/20":5.5968843,"04/21":5.5968843,"04/22":5.542811,"04/23":5.5251393,"04/24":5.507483,"04/25":5.4887834,"04/26":5.4711394,"04/27":5.4711394,"04/28":5.4711394,"04/29":5.417185,"04/30":5.3995647,"05/01":5.3995647,"05/02":5.364323,"05/03":5.3467207,"05/04":5.3467207,"05/05":5.3467207,"05/06":5.297037,"05/07":5.2804832,"05/08":5.2639346,"05/09":5.2463655,"05/10":5.225689,"05/11":5.225689,"05/12":5.225689,"05/13":5.1709614,"05/14":5.153414,"05/15":5.134849,"05/16":5.1173134,"05/17":5.099794,"05/18":5.099794,"05/19":5.099794,"05/20":5.099794,"05/21":5.02563,"05/22":5.0071106,"05/23":5.0071106,"05/24":4.970081,"05/25":4.970081,"05/26":4.970081,"05/27":4.915609,"05/28":4.898156,"05/29":4.8806996,"05/30":4.863259,"05/31":4.8458138,"06/01":4.8458138,"06/02":4.8458138,"06/03":4.793523,"06/04":4.7761106,"06/05":4.7597203,"06/06":4.7423096,"06/07":4.7259393,"06/08":4.7259393,"06/09":4.7259393,"06/10":4.674792,"06/11":4.657409,"06/12":4.6400423,"06/13":4.6226716,"06/14":4.606329,"06/15":4.606329,"06/16":4.606329,"06/17":4.606329,"06/18":4.534902,"06/19":4.5155344,"06/20":4.497194,"06/21":4.4798703,"06/22":4.4798703,"06/23":4.4798703,"06/24":4.4248967,"06/25":4.4075975,"06/26":4.3903036,"06/27":4.3720074,"06/28":4.3547254,"06/29":4.3547254,"06/30":4.3547254,"07/01":4.29785,"07/02":4.2795863,"07/03":4.261329,"07/04":4.243068,"07/05":4.2258387,"07/06":4.2258387,"07/07":4.2258387,"07/08":4.1751785,"07/09":4.1579614,"07/10":4.14076,"07/11":4.123554,"07/12":4.1053514,"07/13":4.1053514,"07/14":4.1053514,"07/15":4.054808,"07/16":4.054808,"07/17":4.054808,"07/18":4.0033035,"07/19":3.9861434,"07/20":3.9861434,"07/21":3.9861434,"07/22":3.940763,"07/23":3.9226143,"07/24":3.9054904,"07/25":3.9054904,"07/26":3.8702419,"07/27":3.8702419,"07/28":3.8702419,"07/29":3.8189194,"07/30":3.80182,"07/31":3.784736,"08/01":3.767648,"08/02":3.750575,"08/03":3.750575,"08/04":3.750575,"08/05":3.7013805,"08/06":3.6843197,"08/07":3.6692731,"08/08":3.650225,"08/09":3.6321776,"08/10":3.6321776,"08/11":3.6321776,"08/12":3.5790946,"08/13":3.5610816,"08/14":3.5440671,"08/15":3.5440671,"08/16":3.5080621,"08/17":3.5080621,"08/18":3.5080621,"08/19":3.4551063,"08/20":3.4371266,"08/21":3.419163,"08/22":3.401196,"08/23":3.3832448,"08/24":3.3832448,"08/25":3.3832448,"08/26":3.330407,"08/27":3.3134778,"08/28":3.2955475,"08/29":3.2786295,"08/30":3.2607112,"08/31":3.2607112,"09/01":3.2607112,"09/02":3.2060175,"09/03":3.188134,"09/04":3.170247,"09/05":3.170247,"09/06":3.1354954,"09/07":3.1354954,"09/08":3.1354954,"09/09":3.08292,"09/10":3.0650697,"09/11":3.0482273,"09/12":3.0303888,"09/13":3.012566,"09/14":3.012566,"09/15":3.012566,"09/16":2.9591255,"09/17":2.941318,"09/18":2.941318,"09/19":2.9047506,"09/20":2.8859727,"09/21":2.8859727,"09/22":2.8859727,"09/23":2.8316753,"09/24":2.8129334,"09/25":2.7941892,"09/26":2.776448,"09/27":2.758713,"09/28":2.758713,"09/29":2.758713,"09/30":2.7055259,"10/01":2.6828985,"10/02":2.6828985,"10/03":2.6455207,"10/04":2.6258626,"10/05":2.6258626,"10/06":2.6258626,"10/07":2.573796,"10/08":2.556131,"10/09":2.539445,"10/10":2.5208094,"10/11":2.504135,"10/12":2.504135,"10/13":2.504135,"10/14":2.4522011,"10/15":2.4365294,"10/16":2.4198918,"10/17":2.4032502,"10/18":2.3866231,"10/19":2.3866231,"10/20":2.3866231,"10/21":2.3357775,"10/22":2.3191633,"10/23":2.3025637,"10/24":2.2849824,"10/25":2.2674167,"10/26":2.2674167,"10/27":2.2674167,"10/28":2.2147462,"10/29":2.1981711,"10/30":2.1981711,"10/31":2.164071,"11/01":2.164071,"11/02":2.164071,"11/03":2.164071,"11/04":2.0959394,"11/05":2.0794027,"11/06":2.0589876,"11/07":2.0405264,"11/08":2.0230443,"11/09":2.0230443,"11/10":2.0230443,"11/11":1.9696536,"11/12":1.9521866,"11/13":1.933764,"11/14":1.9163094,"11/15":1.9163094,"11/16":1.9163094,"11/17":1.9163094,"11/18":1.8436706,"11/19":1.826256,"11/20":1.826256,"11/21":1.7894993,"11/22":1.7730618,"11/23":1.7730618,"11/24":1.7730618,"11/25":1.7189654,"11/26":1.700627,"11/27":1.6832613,"11/28":1.6649265,"11/29":1.6485385,"11/30":1.6485385,"12/01":1.6485385,"12/02":1.59361,"12/03":1.5743527,"12/04":1.5579846,"12/05":1.5406677,"12/06":1.5214304,"12/07":1.5214304,"12/08":1.5214304,"12/09":1.466639,"12/10":1.449344,"12/11":1.432064,"12/12":1.4157418,"12/13":1.3994341,"12/14":1.3994341,"12/15":1.3994341,"12/16":1.3994341,"12/17":1.3275208,"12/18":1.3093232,"12/19":1.2930405,"12/20":1.2758137,"12/21":1.2758137,"12/22":1.2758137,"12/23":1.2222445,"12/24":1.2107754,"12/25":1.2107754,"12/26":3.5475302,"12/27":3.5479112,"12/28":3.5479112,"12/29":3.5479112,"12/30":3.5492296,"12/31":3.5496917},"2023":{"12/26":5.9119987,"12/27":5.929003,"12/28":5.929003,"12/29":5.929003,"12/30":5.9869957,"12/31":6.007004},"2024":{"01/01":6.047001,"01/02":6.0709953,"01/03":6.0960007,"01/04":6.0960007,"01/05":6.0960007,"01/06":6.1499977,"01/07":6.1699963,"01/08":6.189003,"01/09":6.201,"01/10":6.2160015,"01/11":6.2160015,"01/12":6.2160015,"01/13":6.274004,"01/14":6.2940025,"01/15":6.2639976,"01/16":6.2659883,"01/17":6.269927,"01/18":6.2529373,"01/19":6.2359533,"01/20":6.2888894,"01/21":6.3078747,"01/22":6.3278503,"01/23":6.2874985,"01/24":6.29268,"01/25":6.2778277,"01/26":6.2778277,"01/27":6.3347187,"01/28":6.355678,"01/29":6.319392,"01/30":6.3254914,"01/31":6.331652,"02/01":6.3231683,"02/02":6.3062043,"02/03":6.363036,"02/04":6.382975,"02/05":6.3540144,"02/06":6.361972,"02/07":6.369056,"02/08":6.3531613,"02/09":6.3372717,"02/10":6.3940425,"02/11":6.411965,"02/12":6.3851967,"02/13":6.3932037,"02/14":6.39523,"02/15":6.3782973,"02/16":6.362421,"02/17":6.4181356,"02/18":6.4181356,"02/19":6.4181356,"02/20":6.4093375,"02/21":6.4113693,"02/22":6.395501,"02/23":6.3806973,"02/24":6.43735,"02/25":6.4592156,"02/26":6.41162,"02/27":6.4305286,"02/28":6.4295707,"02/29":6.414775,"03/01":6.4010406,"03/02":6.4010406,"03/03":6.4010406,"03/04":6.3577466,"03/05":6.341914,"03/06":6.32503,"03/07":6.3092175,"03/08":6.3092175,"03/09":6.3092175,"03/10":6.3092175,"03/11":6.243864,"03/12":6.2280755,"03/13":6.2112274,"03/14":6.1954384,"03/15":6.179654,"03/16":6.179654,"03/17":6.179654,"03/18":6.179654,"03/19":6.117626,"03/20":6.1018653,"03/21":6.0861087,