{"0":{"01/01":8.017079,"01/02":7.923791,"01/03":7.7630744,"01/04":7.6726246,"01/05":7.681007,"01/06":7.8520646,"01/07":7.8520646,"01/08":8.071342,"01/09":7.902894,"01/10":7.8736653,"01/11":7.819596,"01/12":7.7485666,"01/13":7.7235284,"01/14":7.7235284,"01/15":7.7235284,"01/16":7.8216786,"01/17":7.836313,"01/18":7.756919,"01/19":7.6213856,"01/20":7.8582716,"01/21":7.8582716,"01/22":7.8582716,"01/23":7.8028727,"01/24":7.784064,"01/25":7.8028727,"01/26":7.8028727,"01/27":8.057356,"01/28":8.057356,"01/29":8.057356,"01/30":8.147712,"01/31":7.9105916,"02/01":7.4539995,"02/02":7.403159,"02/03":7.26437,"02/04":7.26437,"02/05":7.26437,"02/06":7.3979673,"02/07":7.3233542,"02/08":7.5464625,"02/09":7.6151295,"02/10":7.7183056,"02/11":7.7183056,"02/12":7.7183056,"02/13":7.7183056,"02/14":7.708925,"02/15":7.5371017,"02/16":7.4425764,"02/17":7.6578426,"02/18":7.6578426,"02/19":7.6578426,"02/20":7.4643755,"02/21":7.579743,"02/22":7.828995,"02/23":7.61097,"02/24":7.7078805,"02/25":7.7078805,"02/26":7.7078805,"02/27":7.804966,"02/28":7.791376,"03/01":7.655756,"03/02":7.6328363,"03/03":7.493454,"03/04":7.493454,"03/05":7.493454,"03/06":7.4633355,"03/07":7.4633355,"03/08":7.747522,"03/09":7.66305,"03/10":7.5527005,"03/11":7.5527005,"03/12":7.5527005,"03/13":7.161029,"03/14":7.153802,"03/15":7.0496416,"03/16":6.9652305,"03/17":6.919987,"03/18":6.919987,"03/19":6.919987,"03/20":6.7209764,"03/21":6.814236,"03/22":6.814236,"03/23":6.69129,"03/24":6.52576,"03/25":6.52576,"03/26":6.52576,"03/27":6.3414264,"03/28":6.338372,"03/29":6.1627927,"03/30":6.1627927,"03/31":6.270307,"04/01":6.270307,"04/02":6.270307,"04/03":6.2144966,"04/04":6.2144966,"04/05":5.8949604,"04/06":5.6364927,"04/07":5.6364927,"04/08":5.6364927,"04/09":5.6364927,"04/10":5.6927032,"04/11":5.772105,"04/12":5.6385016,"04/13":5.6866794,"04/14":5.6866794,"04/15":5.6866794,"04/16":5.6866794,"04/17":5.6605797,"04/18":5.56531,"04/19":5.544275,"04/20":5.45422,"04/21":5.221784,"04/22":5.221784,"04/23":5.221784,"04/24":4.9368873,"04/25":4.7323637,"04/26":4.6939135,"04/27":4.627937,"04/28":4.6092343,"04/29":4.6092343,"04/30":4.6092343,"05/01":4.6092343,"05/02":4.507019,"05/03":4.04172,"05/04":3.8910964,"05/05":3.8910964,"05/06":3.8910964,"05/07":3.8910964,"05/08":3.8901246,"05/09":3.8387263,"05/10":3.8309708,"05/11":3.771884,"05/12":3.5564325,"05/13":3.5564325,"05/14":3.5564325,"05/15":3.4649267,"05/16":3.2699265,"05/17":3.1358712,"05/18":3.1789172,"05/19":3.1760514,"05/20":3.1760514,"05/21":3.1760514,"05/22":3.0479658,"05/23":3.130135,"05/24":3.0670614,"05/25":3.0670614,"05/26":3.0365138,"05/27":3.0365138,"05/28":3.0365138,"05/29":3.086164,"05/30":3.039372,"05/31":2.9611645,"06/01":2.9002037,"06/02":2.880217,"06/03":2.880217,"06/04":2.880217,"06/05":2.860238,"06/06":2.789893,"06/07":2.7177534,"06/08":2.8212554,"06/09":2.9125788,"06/10":2.9125788,"06/11":2.9125788,"06/12":2.8773584,"06/13":2.8545325,"06/14":2.8630865,"06/15":2.8935406,"06/16":2.9030542,"06/17":2.9030542,"06/18":2.9030542,"06/19":2.8678496,"06/20":2.907821,"06/21":2.9592557,"06/22":3.0307796,"06/23":3.0365138,"06/24":3.0365138,"06/25":3.0365138,"06/26":2.9583015,"06/27":2.9278183,"06/28":2.8944936,"06/29":2.8944936,"06/30":3.062289,"07/01":3.062289,"07/02":3.062289,"07/03":3.0279217,"07/04":3.0193312,"07/05":2.9535394,"07/06":3.1444721,"07/07":3.1444721,"07/08":3.1444721,"07/09":3.1444721,"07/10":3.1444721,"07/11":2.855485,"07/12":2.8726037,"07/13":2.6855137,"07/14":2.681726,"07/15":2.681726,"07/16":2.681726,"07/17":2.5860744,"07/18":2.3792877,"07/19":2.3453743,"07/20":2.376466,"07/21":2.3642104,"07/22":2.3642104,"07/23":2.3642104,"07/24":2.327488,"07/25":2.414168,"07/26":2.3981361,"07/27":2.4405775,"07/28":2.672244,"07/29":2.672244,"07/30":2.672244,"07/31":2.689302,"08/01":2.5435123,"08/02":2.5832322,"08/03":2.7253437,"08/04":2.7215528,"08/05":2.7215528,"08/06":2.7215528,"08/07":2.6125727,"08/08":2.5000489,"08/09":2.4764447,"08/10":2.4217134,"08/11":2.5832322,"08/12":2.5832322,"08/13":2.5832322,"08/14":2.57661,"08/15":2.57661,"08/16":2.57661,"08/17":2.7709,"08/18":2.5917501,"08/19":5.506376,"08/20":5.506376,"08/21":5.5086093,"08/22":5.510478,"08/23":5.5155125,"08/24":5.529253,"08/25":5.5193787,"08/26":5.5117664,"08/27":5.5117664,"08/28":5.5168104,"08/29":5.5006056,"08/30":5.492776,"08/31":5.494998,"09/01":5.4822545,"09/02":5.4751716,"09/03":5.4751716,"09/04":5.4738255,"09/05":5.4497614,"09/06":5.439782,"09/07":5.4372826,"09/08":5.426408,"09/09":5.419344,"09/10":5.419344,"09/11":5.4155016,"09/12":5.3926325,"09/13":5.392982,"09/14":5.399129,"09/15":5.384644,"09/16":5.3781195,"09/17":5.3781195,"09/18":5.381928,"09/19":5.3601823,"09/20":5.3568563,"09/21":5.3546367,"09/22":5.3468666,"09/23":5.3392572,"09/24":5.3392572,"09/25":5.339703,"09/26":5.3160086,"09/27":5.31041,"09/28":5.2968955,"09/29":5.2925706,"09/30":5.27906,"10/01":5.27906,"10/02":5.27906,"10/03":5.246894,"10/04":5.2261305,"10/05":5.231049,"10/06":5.19297,"10/07":5.184933,"10/08":5.184933,"10/09":5.1816163,"10/10":5.1605496,"10/11":5.1613116,"10/12":5.1601977,"10/13":5.154552,"10/14":5.146513,"10/15":5.146513,"10/16":5.1455126,"10/17":5.1210704,"10/18":5.109925,"10/19":5.098831,"10/20":5.0834846,"10/21":5.1128626,"10/22":5.1128626,"10/23":5.110161,"10/24":5.110161,"10/25":4.994416,"10/26":4.9920673,"10/27":4.9387584,"10/28":4.947261,"10/29":4.947261,"10/30":4.947958,"10/31":5.0343294,"11/01":4.906486,"11/02":4.8897924,"11/03":5.0773225,"11/04":5.0312777,"11/05":5.0312777,"11/06":5.0353184,"11/07":4.9544425,"11/08":4.958466,"11/09":4.7976046,"11/10":4.6539335,"11/11":4.4685187,"11/12":4.4685187,"11/13":4.4711623,"11/14":4.4396563,"11/15":4.358583,"11/16":4.3668847,"11/17":4.3623013,"11/18":4.4375644,"11/19":4.4375644,"11/20":4.4336147,"11/21":4.446072,"11/22":4.3709545,"11/23":4.3716364,"11/24":4.252402,"11/25":4.33192,"11/26":4.33192,"11/27":4.33192,"11/28":4.2222953,"11/29":4.249626,"11/30":4.2500453,"12/01":4.058278,"12/02":4.0764008,"12/03":4.0764008,"12/04":4.0810413,"12/05":4.0606203,"12/06":4.1119266,"12/07":4.1740375,"12/08":4.1777124,"12/09":4.2414646,"12/10":4.2414646,"12/11":4.24285,"12/12":4.195056,"12/13":4.1209717,"12/14":4.0290494,"12/15":4.1345844,"12/16":4.1682115,"12/17":4.1682115,"12/18":4.1730056,"12/19":4.171112,"12/20":4.2097573,"12/21":4.140299,"12/22":4.1792765,"12/23":4.207178,"12/24":4.207178,"12/25":4.207178,"12/26":4.2186284,"12/27":4.177188,"12/28":4.1849694,"12/29":4.1763234,"12/30":4.19583,"12/31":4.19583},"2022":{"08/19":8.421001,"08/20":8.421001,"08/21":8.502998,"08/22":8.5700035,"08/23":8.744001,"08/24":8.843859,"08/25":8.753617,"08/26":8.738393,"08/27":8.738393,"08/28":8.904377,"08/29":8.973145,"08/30":8.919092,"08/31":8.989054,"09/01":9.004709,"09/02":8.990543,"09/03":8.990543,"09/04":8.948583,"09/05":8.912611,"09/06":8.838394,"09/07":9.014673,"09/08":8.898622,"09/09":8.884494,"09/10":8.884494,"09/11":8.76174,"09/12":8.730049,"09/13":8.902742,"09/14":9.264724,"09/15":8.989554,"09/16":8.976505,"09/17":8.976505,"09/18":9.090175,"09/19":9.046683,"09/20":9.112473,"09/21":9.15071,"09/22":9.101776,"09/23":9.086557,"09/24":9.086557,"09/25":9.099509,"09/26":9.057684,"09/27":8.997307,"09/28":8.558235,"09/29":8.549585,"09/30":8.522564,"10/01":8.522564,"10/02":8.522564,"10/03":8.499393,"10/04":8.397984,"10/05":8.562079,"10/06":7.783775,"10/07":7.7677016,"10/08":7.7677016,"10/09":7.6255555,"10/10":7.6194634,"10/11":7.86412,"10/12":7.900571,"10/13":7.8987126,"10/14":7.882635,"10/15":7.882635,"10/16":7.842898,"10/17":7.8213716,"10/18":7.719801,"10/19":7.63902,"10/20":7.613999,"10/21":7.672755,"10/22":7.672755,"10/23":7.556609,"10/24":7.556609,"10/25":7.5425954,"10/26":7.4415603,"10/27":7.439773,"10/28":7.456778,"10/29":7.456778,"10/30":7.48646,"10/31":7.662035,"11/01":7.4242563,"11/02":7.570572,"11/03":8.048835,"11/04":7.9567456,"11/05":7.9567456,"11/06":8.102423,"11/07":8.026598,"11/08":8.165124,"11/09":7.922459,"11/10":7.436783,"11/11":7.0659537,"11/12":7.0659537,"11/13":7.1728306,"11/14":7.109819,"11/15":7.3178387,"11/16":7.3667846,"11/17":7.449914,"11/18":7.60044,