{"0":{"01/01":-4.8343678,"01/02":-5.3625183,"01/03":-5.3625183,"01/04":-5.3625183,"01/05":-5.262996,"01/06":-5.091631,"01/07":-5.099178,"01/08":-4.425759,"01/09":-3.8464246,"01/10":-3.8464246,"01/11":-3.8464246,"01/12":-4.0213456,"01/13":-3.865783,"01/14":-3.6387806,"01/15":-3.6387806,"01/16":-3.7320445,"01/17":-3.7320445,"01/18":-3.7320445,"01/19":-3.558983,"01/20":-2.451654,"01/21":-2.1918793,"01/22":-2.615801,"01/23":-1.9579012,"01/24":-1.9579012,"01/25":-1.9579012,"01/26":-1.9579012,"01/27":-2.151794,"01/28":-2.956243,"01/29":-2.956243,"01/30":-2.8288531,"01/31":-2.8288531,"02/01":-2.8288531,"02/02":-2.1026413,"02/03":-3.9460413,"02/04":-4.139858,"02/05":-3.85514,"02/06":-3.9006124,"02/07":-3.9006124,"02/08":-3.9006124,"02/09":-4.583335,"02/10":-4.764139,"02/11":-4.9451976,"02/12":-4.723279,"02/13":-3.9914277,"02/14":-3.9914277,"02/15":-3.9914277,"02/16":-4.343422,"02/17":-4.39801,"02/18":-4.6528773,"02/19":-4.6528773,"02/20":-3.8125262,"02/21":-3.8125262,"02/22":-3.8125262,"02/23":-4.1475477,"02/24":-3.2678554,"02/25":-3.5677507,"02/26":-3.8144665,"02/27":-2.87629,"02/28":-2.87629,"03/01":-2.87629,"03/02":-2.0634792,"03/03":-2.0634792,"03/04":-0.9634759,"03/05":-1.807687,"03/06":-1.0004296,"03/07":-1.0004296,"03/08":-1.0004296,"03/09":0.1573303,"03/10":-0.6636762,"03/11":0.41853562,"03/12":1.164274,"03/13":2.7668378,"03/14":2.7668378,"03/15":2.7668378,"03/16":2.3263555,"03/17":1.6174904,"03/18":0.9503776,"03/19":0.9503776,"03/20":3.2211726,"03/21":3.2211726,"03/22":3.2211726,"03/23":5.596478,"03/24":4.0999928,"03/25":2.752464,"03/26":2.752464,"03/27":4.4289856,"03/28":4.4289856,"03/29":4.4289856,"03/30":4.4289856,"03/31":6.1776595,"04/01":6.1776595,"04/02":5.2566037,"04/03":5.2566037,"04/04":5.2566037,"04/05":5.2566037,"04/06":4.3936014,"04/07":3.9707806,"04/08":1.1257054,"04/09":1.565614,"04/10":0.5941314,"04/11":0.5941314,"04/12":0.5941314,"04/13":1.076462,"04/14":1.076462,"04/15":0.0,"04/16":0.0,"04/17":0.0,"04/18":0.0,"04/19":0.0,"04/20":0.0,"04/21":0.0,"04/22":0.0,"04/23":0.0,"04/24":0.0,"04/25":0.0,"04/26":0.0,"04/27":0.0,"04/28":0.0,"04/29":0.0,"04/30":0.0,"05/01":0.0,"05/02":0.0,"05/03":0.0,"05/04":0.0,"05/05":0.0,"05/06":0.0,"05/07":0.0,"05/08":0.0,"05/09":0.0,"05/10":0.0,"05/11":0.0,"05/12":0.0,"05/13":0.0,"05/14":0.0,"05/15":0.0,"05/16":0.0,"05/17":0.0,"05/18":0.0,"05/19":0.0,"05/20":0.0,"05/21":0.0,"05/22":0.0,"05/23":0.0,"05/24":0.0,"05/25":0.0,"05/26":0.0,"05/27":0.0,"05/28":0.0,"05/29":0.0,"05/30":0.0,"05/31":0.0,"06/01":0.0,"06/02":0.0,"06/03":0.0,"06/04":0.0,"06/05":0.0,"06/06":0.0,"06/07":0.0,"06/08":0.0,"06/09":0.0,"06/10":0.0,"06/11":0.0,"06/12":0.0,"06/13":0.0,"06/14":0.0,"06/15":0.0,"06/16":0.0,"06/17":0.0,"06/18":0.0,"06/19":0.0,"06/20":0.0,"06/21":0.0,"06/22":0.0,"06/23":0.0,"06/24":0.0,"06/25":0.0,"06/26":0.0,"06/27":0.0,"06/28":0.0,"06/29":0.0,"06/30":0.0,"07/01":0.0,"07/02":0.0,"07/03":0.0,"07/04":0.0,"07/05":0.0,"07/06":0.0,"07/07":0.0,"07/08":0.0,"07/09":0.0,"07/10":0.0,"07/11":0.0,"07/12":0.0,"07/13":0.0,"07/14":0.0,"07/15":0.0,"07/16":0.0,"07/17":0.0,"07/18":0.0,"07/19":0.0,"07/20":0.0,"07/21":0.0,"07/22":0.0,"07/23":0.0,"07/24":0.0,"07/25":0.0,"07/26":0.0,"07/27":0.0,"07/28":0.0,"07/29":0.0,"07/30":0.0,"07/31":0.0,"08/01":0.0,"08/02":0.0,"08/03":0.0,"08/04":0.0,"08/05":0.0,"08/06":0.0,"08/07":0.0,"08/08":0.0,"08/09":0.0,"08/10":0.0,"08/11":0.0,"08/12":0.0,"08/13":0.0,"08/14":0.0,"08/15":0.0,"08/16":0.0,"08/17":0.0,"08/18":0.0,"08/19":0.0,"08/20":0.0,"08/21":0.0,"08/22":0.0,"08/23":0.0,"08/24":0.0,"08/25":0.0,"08/26":0.0,"08/27":0.0,"08/28":0.0,"08/29":0.0,"08/30":0.0,"08/31":0.0,"09/01":0.0,"09/02":0.0,"09/03":0.0,"09/04":0.0,"09/05":0.0,"09/06":0.0,"09/07":0.0,"09/08":0.0,"09/09":0.0,"09/10":0.0,"09/11":0.0,"09/12":0.0,"09/13":0.0,"09/14":0.0,"09/15":0.0,"09/16":0.0,"09/17":0.0,"09/18":0.0,"09/19":0.0,"09/20":0.0,"09/21":0.0,"09/22":0.0,"09/23":0.0,"09/24":0.0,"09/25":0.0,"09/26":0.0,"09/27":0.0,"09/28":0.0,"09/29":0.0,"09/30":0.0,"10/01":-2.253499,"10/02":-2.253499,"10/03":-2.253499,"10/04":-2.253499,"10/05":-2.253499,"10/06":-2.2520647,"10/07":-2.2468135,"10/08":-2.2525427,"10/09":-2.2544553,"10/10":-2.2606606,"10/11":-2.2606606,"10/12":-2.2606606,"10/13":-2.277361,"10/14":-2.2835603,"10/15":-2.289758,"10/16":-2.2945268,"10/17":-2.3735173,"10/18":-2.3735173,"10/19":-2.3735173,"10/20":-2.3483274,"10/21":-2.3483274,"10/22":-2.3483274,"10/23":-2.3002446,"10/24":-2.2496784,"10/25":-2.2496784,"10/26":-2.2496784,"10/27":-2.4631357,"10/28":-2.4593484,"10/29":-2.4948268,"10/30":-2.415289,"10/31":-2.2663865,"11/01":-2.2663865,"11/02":-2.2663865,"11/03":-2.256841,"11/04":-2.199484,"11/05":-2.199484,"11/06":-2.0790677,"11/07":-2.0203168,"11/08":-2.0203168,"11/09":-2.0203168,"11/10":-2.055489,"11/11":-2.14343,"11/12":-2.2300918,"11/13":-2.2262676,"11/14":-2.2262676,"11/15":-2.2262676,"11/16":-2.2262676,"11/17":-2.3782694,"11/18":-2.3164403,"11/19":-2.4314067,"11/20":-2.5297751,"11/21":-2.3269153,"11/22":-2.3269153,"11/23":-2.3269153,"11/24":-2.1395917,"11/25":-2.11223,"11/26":-2.522694,"11/27":-2.4782784,"11/28":-2.5236397,"11/29":-2.5236397,"11/30":-2.5236397,"12/01":-2.4446726,"12/02":-2.2764056,"12/03":-2.1203957,"12/04":-2.1203957,"12/05":-2.36924,"12/06":-2.36924,"12/07":-2.36924,"12/08":-1.9372475,"12/09":-1.888331,"12/10":-1.6994907,"12/11":-1.8718431,"12/12":-2.1439104,"12/13":-2.1439104,"12/14":-2.1439104,"12/15":-2.1511002,"12/16":-1.9551384,"12/17":-1.8364007,"12/18":-1.8587418,"12/19":-2.1487038,"12/20":-2.1487038,"12/21":-2.1487038,"12/22":-2.4555607,"12/23":-2.4427752,"12/24":-2.3953629,"12/25":-2.3953629,"12/26":-2.2702043,"12/27":-2.2702043,"12/28":-2.2702043,"12/29":-2.1477435,"12/30":-2.0588589,"12/31":-2.0588589},"2025":{"10/01":-4.506998,"10/02":-4.506998,"10/03":-4.506998,"10/04":-4.506998,"10/05":-4.506998,"10/06":-4.5041294,"10/07":-4.493627,"10/08":-4.5050855,"10/09":-4.5089107,"10/10":-4.5213213,"10/11":-4.5213213,"10/12":-4.5213213,"10/13":-4.554722,"10/14":-4.5671206,"10/15":-4.579516,"10/16":-4.5890536,"10/17":-4.7470345,"10/18":-4.7470345,"10/19":-4.7470345,"10/20":-4.696655,"10/21":-4.696655,"10/22":-4.696655,"10/23":-4.600489,"10/24":-4.4993567,"10/25":-4.4993567,"10/26":-4.4993567,"10/27":-4.9262714,"10/28":-4.918697,"10/29":-4.9896536,"10/30":-4.830578,"10/31":-4.532773,"11/01":-4.532773,"11/02":-4.532773,"11/03":-4.513682,"11/04":-4.398968,"11/05":-4.398968,"11/06":-4.1581354,"11/07":-4.0406337,"11/08":-4.0406337,"11/09":-4.0406337,"11/10":-4.110978,"11/11":-4.28686,"11/12":-4.4601836,"11/13":-4.452535,"11/14":-4.452535,"11/15":-4.452535,"11/16":-4.452535,"11/17":-4.756539,"11/18":-4.6328807,"11/19":-4.8628135,"11/20":-5.0595503,"11/21":-4.6538305,"11/22":-4.6538305,"11/23":-4.6538305,"11/24":-4.2791834,"11/25":-4.22446,"11/26":-5.045388,"11/27":-4.956557,"11/28":-5.0472794,"11/29":-5.0472794,"11/30":-5.0472794,"12/01":-4.889345,"12/02":-4.552811,"12/03":-4.2407913,"12/04":-4.2407913,"12/05":-4.73848,"12/06":-4.73848,"12/07":-4.73848,"12/08":-3.874495,"12/09":-3.776662,"12/10":-3.3989813,"12/11":-3.7436862,"12/12":-4.287821,"12/13":-4.287821,"12/14":-4.287821,"12/15":-4.3022003,"12/16":-3.910277,"12/17":-3.6728015,"12/18":-3.7174835,"12/19":-4.2974076,"12/20":-4.2974076,"12/21":-4.2974076,"12/22":-4.9111214,"12/23":-4.8855505,"12/24":-4.7907257,"12/25":-4.7907257,"12/26":-4.5404086,"12/27":-4.5404086,"12/28":-4.5404086,"12/29":-4.295487,"12/30":-4.1177177,"12/31":-4.1177177},"2026":{"01/01":-4.8343678,"01/02":-5.3625183,"01/03":-5.3625183,"01/04":-5.3625183,"01/05":-5.262996,"01/06":-5.091631,"01/07":-5.099178,"01/08":-4.425759,"01/09":-3.8464246,"01/10":-3.8464246,"01/11":-3.8464246,"01/12":-4.0213456,"01/13":-3.865783,"01/14":-3.6387806,"01/15":-3.6387806,"01/16":-3.7320445,"01/17":-3.7320445,"01/18":-3.7320445,"01/19":-3.558983,"01/20":-2.451654,"01/21":-2.1918793,"01/22":-2.615801,"01/23":-1.9579012,"01/24":-1.9579012,"01/25":-1.9579012,"01/26":-1.9579012,"01/27":-2.151794,"01/28":-2.956243,"01/29":-2.956243,"01/30":-2.8288531,"01/31":-2.8288531,"02/01":-2.8288531,"02/02":-2.1026413,