{"0":{"01/01":9.377991,"01/02":9.368324,"01/03":9.358454,"01/04":9.348522,"01/05":9.348522,"01/06":9.349169,"01/07":9.349632,"01/08":9.311217,"01/09":9.302015,"01/10":9.304302,"01/11":9.294363,"01/12":9.294363,"01/13":9.292049,"01/14":9.2915745,"01/15":9.252769,"01/16":9.2453575,"01/17":9.236206,"01/18":9.226299,"01/19":9.221895,"01/20":9.222576,"01/21":9.225074,"01/22":9.225356,"01/23":9.186424,"01/24":9.175479,"01/25":9.207969,"01/26":9.207969,"01/27":9.211048,"01/28":9.212151,"01/29":9.132971,"01/30":9.123317,"01/31":9.113715,"02/01":9.103786,"02/02":9.0944195,"02/03":9.095697,"02/04":9.092572,"02/05":9.0655365,"02/06":9.056773,"02/07":9.045493,"02/08":9.036704,"02/09":9.026819,"02/10":9.028926,"02/11":9.03118,"02/12":8.998791,"02/13":8.988435,"02/14":8.978349,"02/15":8.96903,"02/16":8.959172,"02/17":8.959539,"02/18":8.959539,"02/19":8.959539,"02/20":8.922135,"02/21":8.91251,"02/22":8.903206,"02/23":8.894451,"02/24":8.895443,"02/25":8.895242,"02/26":8.866258,"02/27":8.851883,"02/28":8.841938,"02/29":9.954582,"03/01":8.822899,"03/02":8.822899,"03/03":8.82287,"03/04":8.794607,"03/05":8.78574,"03/06":8.777271,"03/07":8.768002,"03/08":8.768002,"03/09":8.768002,"03/10":8.7680645,"03/11":8.730395,"03/12":8.720632,"03/13":8.713068,"03/14":8.703842,"03/15":8.694614,"03/16":8.694614,"03/17":8.694694,"03/18":8.697464,"03/19":8.662794,"03/20":8.65712,"03/21":8.646757,"03/22":8.636957,"03/23":8.636957,"03/24":8.641004,"03/25":8.6430235,"03/26":8.611103,"03/27":8.606974,"03/28":8.599685,"03/29":8.599685,"03/30":8.599685,"03/31":8.567486,"04/01":8.567486,"04/02":8.565277,"04/03":8.554718,"04/04":8.5447035,"04/05":8.534803,"04/06":8.534803,"04/07":8.536376,"04/08":8.505035,"04/09":8.507906,"04/10":8.488682,"04/11":8.494267,"04/12":8.474481,"04/13":8.474481,"04/14":8.474481,"04/15":8.445365,"04/16":8.443874,"04/17":8.453423,"04/18":8.434676,"04/19":8.425312,"04/20":8.425312,"04/21":8.4315,"04/22":8.403375,"04/23":8.393457,"04/24":8.392624,"04/25":8.377308,"04/26":8.367387,"04/27":8.367387,"04/28":8.372242,"04/29":8.345756,"04/30":8.335835,"05/01":8.335835,"05/02":8.315998,"05/03":8.307737,"05/04":8.307737,"05/05":8.309777,"05/06":8.28005,"05/07":8.271296,"05/08":8.246836,"05/09":8.242059,"05/10":8.232737,"05/11":8.232737,"05/12":8.232737,"05/13":8.20315,"05/14":8.221358,"05/15":8.21822,"05/16":8.213968,"05/17":8.203475,"05/18":8.203475,"05/19":8.208215,"05/20":8.213891,"05/21":8.188992,"05/22":8.177613,"05/23":8.185584,"05/24":8.164505,"05/25":8.164505,"05/26":8.167554,"05/27":8.137106,"05/28":8.131126,"05/29":8.121393,"05/30":8.109489,"05/31":8.099521,"06/01":8.099521,"06/02":8.10211,"06/03":8.071438,"06/04":8.062026,"06/05":8.041779,"06/06":8.04433,"06/07":8.032713,"06/08":8.032713,"06/09":8.028721,"06/10":7.649917,"06/11":7.6278687,"06/12":7.6131353,"06/13":7.5695467,"06/14":7.5306225,"06/15":7.5306225,"06/16":7.535178,"06/17":7.544803,"06/18":7.50323,"06/19":7.3477483,"06/20":7.3373094,"06/21":7.0687466,"06/22":7.0687466,"06/23":7.066765,"06/24":7.039251,"06/25":7.02481,"06/26":7.013364,"06/27":7.0032735,"06/28":6.9926553,"06/29":6.9926553,"06/30":6.9926553,"07/01":6.960294,"07/02":6.9486303,"07/03":6.9369717,"07/04":6.925849,"07/05":6.915785,"07/06":6.915785,"07/07":6.915785,"07/08":6.906291,"07/09":6.8998394,"07/10":6.889929,"07/11":6.879262,"07/12":6.868639,"07/13":6.868639,"07/14":6.8709617,"07/15":6.839222,"07/16":6.8395424,"07/17":6.8460493,"07/18":6.782764,"07/19":6.9808645,"07/20":6.9808645,"07/21":6.985555,"07/22":6.9528675,"07/23":6.9450636,"07/24":6.933823,"07/25":6.9285617,"07/26":6.8156962,"07/27":6.8156962,"07/28":6.8184233,"07/29":6.786769,"07/30":6.639021,"07/31":6.8260956,"08/01":6.8229327,"08/02":6.6742578,"08/03":6.6742578,"08/04":6.681078,"08/05":6.6105857,"08/06":6.585605,"08/07":6.580472,"08/08":6.5710807,"08/09":6.5605297,"08/10":6.5605297,"08/11":6.556049,"08/12":6.5157256,"08/13":6.5010815,"08/14":6.5003176,"08/15":6.5003176,"08/16":6.4793005,"08/17":6.4793005,"08/18":6.475154,"08/19":6.432763,"08/20":6.4050994,"08/21":6.431248,"08/22":6.4453416,"08/23":6.2504263,"08/24":6.2504263,"08/25":6.2493896,"08/26":6.188388,"08/27":6.1780205,"08/28":6.1807737,"08/29":6.1658416,"08/30":6.155472,"08/31":6.155472,"09/01":6.158141,"09/02":6.1262813,"09/03":6.114967,"09/04":6.109188,"09/05":6.1115746,"09/06":6.091364,"09/07":6.091364,"09/08":6.091364,"09/09":5.8300323,"09/10":5.820712,"09/11":5.7921023,"09/12":5.7785397,"09/13":5.6466336,"09/14":5.6466336,"09/15":5.6469665,"09/16":5.5768127,"09/17":5.5679784,"09/18":5.568273,"09/19":5.4688916,"09/20":5.4486227,"09/21":5.4486227,"09/22":5.4514675,"09/23":5.112195,"09/24":4.9910746,"09/25":5.1862698,"09/26":5.098605,"09/27":5.0665374,"09/28":5.0665374,"09/29":5.0681295,"09/30":5.066037,"10/01":5.055278,"10/02":5.055278,"10/03":5.073822,"10/04":5.1446023,"10/05":5.1446023,"10/06":5.1539946,"10/07":5.149009,"10/08":5.148416,"10/09":5.0501995,"10/10":5.039597,"10/11":5.0295377,"10/12":5.0295377,"10/13":5.032193,"10/14":5.0024524,"10/15":4.9945483,"10/16":5.0092697,"10/17":4.962396,"10/18":4.978989,"10/19":4.978989,"10/20":4.981225,"10/21":4.978206,"10/22":4.977702,"10/23":4.96789,"10/24":4.9564257,"10/25":4.946873,"10/26":4.946873,"10/27":4.9496317,"10/28":4.9219923,"10/29":4.9153314,"10/30":4.9129395,"10/31":4.900834,"11/01":4.900834,"11/02":4.900834,"11/03":4.9054375,"11/04":4.864458,"11/05":4.853915,"11/06":4.7986846,"11/07":4.5173893,"11/08":4.422831,"11/09":4.422831,"11/10":4.4265757,"11/11":4.398799,"11/12":4.3895526,"11/13":4.3799624,"11/14":4.3700833,"11/15":4.3700833,"11/16":4.3700833,"11/17":4.3700833,"11/18":4.3301067,"11/19":4.330596,"11/20":4.330596,"11/21":4.3094006,"11/22":4.4551735,"11/23":4.4551735,"11/24":4.4551735,"11/25":4.386881,"11/26":4.585792,"11/27":4.6615734,"11/28":4.651586,"11/29":4.603721,"11/30":4.603721,"12/01":4.603721,"12/02":4.450217,"12/03":4.439816,"12/04":4.317777,"12/05":4.2704945,"12/06":4.4091325,"12/07":4.4091325,"12/08":4.4091325,"12/09":4.206105,"12/10":4.1962843,"12/11":4.1864715,"12/12":4.176662,"12/13":4.182546,"12/14":4.182546,"12/15":4.182546,"12/16":4.182546,"12/17":4.127174,"12/18":4.272954,"12/19":4.4031987,"12/20":4.278859,"12/21":4.278859,"12/22":4.278859,"12/23":4.1448026,"12/24":4.2011943,"12/25":4.2011943,"12/26":6.2745795,"12/27":6.276755,"12/28":6.276755,"12/29":6.270479,"12/30":6.2711177,"12/31":6.2713046},"2023":{"12/26":10.439997,"12/27":10.746002,"12/28":10.746002,"12/29":10.727174,"12/30":10.805161,"12/31":10.82716},"2024":{"01/01":10.798439,"01/02":10.801499,"01/03":10.511482,"01/04":10.491618,"01/05":10.491618,"01/06":10.552552,"01/07":10.594502,"01/08":10.537193,"01/09":10.534406,"01/10":10.638404,"01/11":10.618527,"01/12":10.618527,"01/13":10.408991,"01/14":10.361098,"01/15":10.309899,"01/16":10.478619,"01/17":10.478839,"01/18":10.459025,"01/19":10.450218,"01/20":10.510003,"01/21":10.709307,"01/22":10.730233,"01/23":10.6678705,"01/24":10.568399,"01/25":10.63338,"01/26":10.63338,"01/27":10.855529,"01/28":10.928246,"01/29":10.9250965,"01/30":10.922145,"01/31":10.922182,"02/01":10.902326,"02/02":10.883592,"02/03":10.961126,"02/04":10.765303,"02/05":10.742075,"02/06":10.762107,"02/07":10.612311,"02/08":10.594733,"02/09":10.574963,"02/10":10.7189245,"02/11":10.860907,"02/12":10.591234,"02/13":10.537745,"02/14":10.502139,"02/15":10.483502,"02/16":10.463786,"02/17":10.490568,"02/18":10.490568,"02/19":10.490568,"02/20":10.480315,"02/21":10.476471,"02/22":10.457863,"02/23":10.440355,"02/24":10.509686,"02/25":10.49582,"02/26":10.437852,"02/27":10.05691,"02/28":9.973084,"02/29":9.954582,"03/01":9.935007,"03/02":9.935007,"03/03":9.932046,"03/04":9.875521,"03/05":9.893632,"03/06":9.949298,"03/07":9.927855,"03/08":9.927855,"03/09":9.927855,"03/10":9.933782,"03/11":9.889393,"03/12":9.869866,"03/13":10.001477,"03/14":9.983026,"03/15":9.964569,"03/16":9.964569,"03/17":9.971477,"03/18":10.19155,"03/19":10.385598,"03/20":10.584029,"03/21":10.501409,"03/22":10.481807,"03/23":10.481807,"03/24":10.710487,"03/25":10.815958,"03/26":11.091954,"03/27":11.31749,