{"0":{"12/26":6.0999966,"12/27":6.0999966,"12/28":6.0840826,"12/29":6.0745344,"12/30":6.0745344,"12/31":6.0745344},"2023":{"12/26":6.0999966,"12/27":6.0999966,"12/28":6.0840826,"12/29":6.0745344,"12/30":6.0745344,"12/31":6.0745344}}