"Month (MM)","Day (DD)","2023","Average Across Years"
12,26,1.9190025,1.9190025
12,27,1.9190025,1.9190025
12,28,1.9190025,1.9190025
12,29,1.9057562,1.9057562
12,30,1.9057562,1.9057562
12,31,1.9057562,1.9057562
