{"0":{"01/01":5.608244,"01/02":5.5892453,"01/03":5.615632,"01/04":5.373411,"01/05":5.373411,"01/06":5.373411,"01/07":5.373411,"01/08":5.6568093,"01/09":5.801722,"01/10":5.7202234,"01/11":5.766782,"01/12":5.766782,"01/13":5.766782,"01/14":5.766782,"01/15":5.4764786,"01/16":5.408102,"01/17":6.626906,"01/18":7.039469,"01/19":7.12084,"01/20":7.12084,"01/21":7.12084,"01/22":7.12084,"01/23":7.2317142,"01/24":6.9712095,"01/25":8.685229,"01/26":8.685229,"01/27":8.685229,"01/28":8.685229,"01/29":8.153548,"01/30":8.959773,"01/31":7.619372,"02/01":7.3668017,"02/02":6.7302933,"02/03":6.7302933,"02/04":6.7302933,"02/05":6.820915,"02/06":6.015066,"02/07":6.4861617,"02/08":7.3286366,"02/09":7.1121526,"02/10":7.1121526,"02/11":7.1121526,"02/12":7.68078,"02/13":6.827392,"02/14":6.820915,"02/15":6.3704,"02/16":6.239946,"02/17":6.239946,"02/18":6.239946,"02/19":6.239946,"02/20":5.181485,"02/21":5.9789205,"02/22":5.1218467,"02/23":5.3188095,"02/24":5.3188095,"02/25":5.3188095,"02/26":5.7223415,"02/27":5.858959,"02/28":6.566694,"02/29":5.9512877,"03/01":5.3545065,"03/02":5.3545065,"03/03":5.3545065,"03/04":5.0988555,"03/05":5.386028,"03/06":5.0716796,"03/07":5.194056,"03/08":5.194056,"03/09":5.194056,"03/10":5.194056,"03/11":5.873807,"03/12":5.9651074,"03/13":6.8457475,"03/14":6.5044103,"03/15":7.262189,"03/16":7.262189,"03/17":7.262189,"03/18":7.262189,"03/19":8.461025,"03/20":8.3664875,"03/21":7.356982,"03/22":6.9333253,"03/23":6.9333253,"03/24":6.9333253,"03/25":6.9333253,"03/26":7.40718,"03/27":7.4421186,"03/28":6.4689937,"03/29":6.4689937,"03/30":6.4689937,"03/31":6.4657817,"04/01":6.4657817,"04/02":5.369213,"04/03":5.2087173,"04/04":5.0904927,"04/05":4.2631,"04/06":4.2631,"04/07":4.2631,"04/08":3.6891987,"04/09":3.6891987,"04/10":3.175944,"04/11":3.175944,"04/12":4.416599,"04/13":4.416599,"04/14":4.416599,"04/15":5.655751,"04/16":5.983167,"04/17":5.983167,"04/18":6.962547,"04/19":6.134314,"04/20":6.134314,"04/21":6.134314,"04/22":5.7604322,"04/23":5.3776197,"04/24":5.080039,"04/25":4.2908897,"04/26":3.9441721,"04/27":3.9441721,"04/28":3.9441721,"04/29":2.9899318,"04/30":2.629863,"05/01":2.629863,"05/02":2.1151776,"05/03":2.4180038,"05/04":2.4180038,"05/05":2.4180038,"05/06":2.6567793,"05/07":3.0722973,"05/08":2.7965782,"05/09":4.2106724,"05/10":3.7706559,"05/11":3.7706559,"05/12":3.7706559,"05/13":3.4800498,"05/14":2.8746328,"05/15":2.7935839,"05/16":1.9142832,"05/17":1.2871805,"05/18":1.2871805,"05/19":1.2871805,"05/20":1.2871805,"05/21":1.3240874,"05/22":1.0788959,"05/23":1.0788959,"05/24":0.0,"05/25":0.0,"05/26":0.0,"05/27":0.0,"05/28":0.0,"05/29":0.0,"05/30":0.0,"05/31":0.0,"06/01":0.0,"06/02":0.0,"06/03":0.0,"06/04":0.0,"06/05":0.0,"06/06":0.0,"06/07":0.0,"06/08":0.0,"06/09":0.0,"06/10":0.0,"06/11":0.0,"06/12":0.0,"06/13":0.0,"06/14":0.0,"06/15":0.0,"06/16":0.0,"06/17":0.0,"06/18":0.0,"06/19":0.0,"06/20":0.0,"06/21":0.0,"06/22":0.0,"06/23":0.0,"06/24":0.0,"06/25":0.0,"06/26":0.0,"06/27":0.0,"06/28":0.0,"06/29":0.0,"06/30":0.0,"07/01":0.0,"07/02":0.0,"07/03":0.0,"07/04":0.0,"07/05":0.0,"07/06":0.0,"07/07":0.0,"07/08":0.0,"07/09":0.0,"07/10":0.0,"07/11":0.0,"07/12":0.0,"07/13":0.0,"07/14":0.0,"07/15":0.0,"07/16":0.0,"07/17":0.0,"07/18":0.0,"07/19":0.0,"07/20":0.0,"07/21":0.0,"07/22":0.0,"07/23":0.0,"07/24":0.0,"07/25":0.0,"07/26":0.0,"07/27":0.0,"07/28":0.0,"07/29":0.0,"07/30":0.0,"07/31":0.0,"08/01":0.0,"08/02":0.0,"08/03":0.0,"08/04":0.0,"08/05":0.0,"08/06":0.0,"08/07":0.0,"08/08":0.0,"08/09":0.0,"08/10":0.0,"08/11":0.0,"08/12":0.0,"08/13":0.0,"08/14":0.0,"08/15":0.0,"08/16":0.0,"08/17":0.0,"08/18":0.0,"08/19":0.0,"08/20":0.0,"08/21":0.0,"08/22":0.0,"08/23":0.0,"08/24":0.0,"08/25":0.0,"08/26":0.0,"08/27":0.0,"08/28":0.0,"08/29":0.0,"08/30":0.0,"08/31":0.0,"09/01":0.0,"09/02":0.0,"09/03":0.0,"09/04":0.0,"09/05":0.0,"09/06":0.0,"09/07":0.0,"09/08":0.0,"09/09":0.0,"09/10":0.0,"09/11":0.0,"09/12":0.0,"09/13":0.0,"09/14":0.0,"09/15":0.0,"09/16":0.0,"09/17":0.0,"09/18":0.0,"09/19":0.0,"09/20":0.0,"09/21":0.0,"09/22":0.0,"09/23":0.0,"09/24":0.0,"09/25":0.0,"09/26":0.0,"09/27":0.0,"09/28":0.0,"09/29":0.0,"09/30":0.0,"10/01":0.0,"10/02":0.0,"10/03":0.0,"10/04":0.0,"10/05":0.0,"10/06":0.0,"10/07":0.0,"10/08":0.0,"10/09":0.0,"10/10":0.0,"10/11":0.0,"10/12":0.0,"10/13":0.0,"10/14":0.0,"10/15":0.0,"10/16":0.0,"10/17":0.0,"10/18":0.0,"10/19":0.0,"10/20":0.0,"10/21":0.0,"10/22":0.0,"10/23":0.0,"10/24":0.0,"10/25":0.0,"10/26":0.0,"10/27":0.0,"10/28":0.0,"10/29":0.0,"10/30":0.0,"10/31":0.0,"11/01":0.0,"11/02":0.0,"11/03":0.0,"11/04":0.0,"11/05":0.0,"11/06":0.0,"11/07":0.0,"11/08":0.0,"11/09":0.0,"11/10":0.0,"11/11":0.0,"11/12":0.0,"11/13":0.0,"11/14":0.0,"11/15":0.0,"11/16":0.0,"11/17":0.0,"11/18":0.0,"11/19":0.0,"11/20":0.0,"11/21":0.0,"11/22":0.0,"11/23":0.0,"11/24":0.0,"11/25":0.0,"11/26":0.0,"11/27":0.0,"11/28":0.0,"11/29":0.0,"11/30":0.0,"12/01":0.0,"12/02":0.0,"12/03":0.0,"12/04":0.0,"12/05":0.0,"12/06":0.0,"12/07":0.0,"12/08":0.0,"12/09":0.0,"12/10":0.0,"12/11":0.0,"12/12":0.0,"12/13":0.0,"12/14":0.0,"12/15":0.0,"12/16":0.0,"12/17":0.0,"12/18":0.0,"12/19":0.0,"12/20":0.0,"12/21":0.0,"12/22":0.0,"12/23":0.0,"12/24":0.0,"12/25":0.0,"12/26":2.8394985,"12/27":2.8394985,"12/28":2.8394985,"12/29":2.832631,"12/30":2.832631,"12/31":2.832631},"2023":{"12/26":5.678997,"12/27":5.678997,"12/28":5.678997,"12/29":5.665262,"12/30":5.665262,"12/31":5.665262},"2024":{"01/01":5.608244,"01/02":5.5892453,"01/03":5.615632,"01/04":5.373411,"01/05":5.373411,"01/06":5.373411,"01/07":5.373411,"01/08":5.6568093,"01/09":5.801722,"01/10":5.7202234,"01/11":5.766782,"01/12":5.766782,"01/13":5.766782,"01/14":5.766782,"01/15":5.4764786,"01/16":5.408102,"01/17":6.626906,"01/18":7.039469,"01/19":7.12084,"01/20":7.12084,"01/21":7.12084,"01/22":7.12084,"01/23":7.2317142,"01/24":6.9712095,"01/25":8.685229,"01/26":8.685229,"01/27":8.685229,"01/28":8.685229,"01/29":8.153548,"01/30":8.959773,"01/31":7.619372,"02/01":7.3668017,"02/02":6.7302933,"02/03":6.7302933,"02/04":6.7302933,"02/05":6.820915,"02/06":6.015066,"02/07":6.4861617,"02/08":7.3286366,"02/09":7.1121526,"02/10":7.1121526,"02/11":7.1121526,"02/12":7.68078,"02/13":6.827392,"02/14":6.820915,"02/15":6.3704,"02/16":6.239946,"02/17":6.239946,"02/18":6.239946,"02/19":6.239946,"02/20":5.181485,"02/21":5.9789205,"02/22":5.1218467,"02/23":5.3188095,"02/24":5.3188095,"02/25":5.3188095,"02/26":5.7223415,"02/27":5.858959,"02/28":6.566694,"02/29":5.9512877,"03/01":5.3545065,"03/02":5.3545065,"03/03":5.3545065,"03/04":5.0988555,"03/05":5.386028,"03/06":5.0716796,"03/07":5.194056,"03/08":5.194056,"03/09":5.194056,"03/10":5.194056,"03/11":5.873807,"03/12":5.9651074,"03/13":6.8457475,"03/14":6.5044103,"03/15":7.262189,"03/16":7.262189,"03/17":7.262189,"03/18":7.262189,"03/19":8.461025,"03/20":8.3664875,"03/21":7.356982,"03/22":6.9333253,"03/23":6.9333253,"03/24":6.9333253,"03/25":6.9333253,"03/26":7.40718,"03/27":7.4421186,"03/28":6.4689937,"03/29":6.4689937,"03/30":6.4689937,"03/31":6.4657817,"04/01":6.4657817,"04/02":5.369213,"04/03":5.2087173,"04/04":5.0904927,"04/05":4.2631,"04/06":4.2631,"04/07":4.2631,"04/08":3.6891987,"04/09":3.6891987,"04/10":3.175944,"04/11":3.175944,"04/12":4.416599,"04/13":4.416599,"04/14":4.416599,"04/15":5.655751,"04/16":5.983167,"04/17":5.983167,"04/18":6.962547,"04/19":6.134314,"04/20":6.134314,"04/21":6.134314,"04/22":5.7604322,"04/23":5.3776197,"04/24":5.080039,"04/25":4.2908897,"04/26":3.9441721,"04/27":3.9441721,"04/28":3.9441721,"04/29":2.9899318,"04/30":2.629863,"05/01":2.629863,"05/02":2.1151776,"05/03":2.4180038,"05/04":2.4180038,"05/05":2.4180038,"05/06":2.6567793,"05/07":3.0722973,"05/08":2.7965782,"05/09":4.2106724,"05/10":3.7706559,"05/11":3.7706559,"05/12":3.7706559,"05/13":3.4800498,"05/14":2.8746328,"05/15":2.7935839,"05/16":1.9142832,"05/17":1.2871805,"05/18":1.2871805,"05/19":1.2871805,"05/20":1.2871805,"05/21":1.3240874,"05/22":1.0788959,"05/23":1.0788959,"05/24":0.0,"05/25":0.0,"05/26":0.0,"05/27":0.0,"05/28":0.0,"05/29":0.0,"05/30":0.0,"05/31":0.0,"06/01":0.0,"06/02":0.0,"06/03":0.0,"06/04":0.0,"06/05":0.0,