{"0":{"01/01":6.3017735,"01/02":6.2814674,"01/03":6.2402935,"01/04":6.1975884,"01/05":6.223958,"01/06":6.3069277,"01/07":6.3069277,"01/08":6.3099966,"01/09":6.14883,"01/10":6.034758,"01/11":5.9835043,"01/12":5.929914,"01/13":5.8507824,"01/14":5.8507824,"01/15":5.855755,"01/16":5.9104195,"01/17":5.9335585,"01/18":5.8900366,"01/19":5.790244,"01/20":5.9318676,"01/21":5.9318676,"01/22":5.9318676,"01/23":5.9341145,"01/24":5.925066,"01/25":5.9186406,"01/26":5.9186406,"01/27":6.0885177,"01/28":6.0885177,"01/29":6.0942335,"01/30":6.150487,"01/31":6.011981,"02/01":5.8177104,"02/02":5.7996364,"02/03":5.765042,"02/04":5.765042,"02/05":5.7625256,"02/06":5.823248,"02/07":5.7926307,"02/08":5.924533,"02/09":5.947256,"02/10":5.948859,"02/11":5.948859,"02/12":5.95202,"02/13":5.935617,"02/14":5.932686,"02/15":5.874922,"02/16":5.810072,"02/17":5.873681,"02/18":5.873681,"02/19":5.873681,"02/20":5.8071003,"02/21":5.8575907,"02/22":5.951643,"02/23":5.815529,"02/24":5.876559,"02/25":5.876559,"02/26":5.88018,"02/27":5.985246,"02/28":5.9507146,"02/29":1.9273314,"03/01":5.8932176,"03/02":5.915258,"03/03":5.8980546,"03/04":5.902112,"03/05":5.9039288,"03/06":5.866977,"03/07":5.8729243,"03/08":6.024011,"03/09":6.0067043,"03/10":5.9704957,"03/11":5.979287,"03/12":5.975743,"03/13":5.7335043,"03/14":5.6112742,"03/15":5.6016536,"03/16":5.555347,"03/17":5.513366,"03/18":5.513366,"03/19":5.5051746,"03/20":5.3711195,"03/21":5.438979,"03/22":5.4317656,"03/23":5.3535995,"03/24":5.243598,"03/25":5.243598,"03/26":5.244502,"03/27":5.2151766,"03/28":5.264672,"03/29":5.177172,"03/30":5.177172,"03/31":5.244084,"04/01":5.244084,"04/02":5.229079,"04/03":5.232803,"04/04":5.235141,"04/05":5.072427,"04/06":4.8527884,"04/07":4.8527884,"04/08":4.844953,"04/09":4.844953,"04/10":4.8279257,"04/11":4.833108,"04/12":4.8132677,"04/13":4.845269,"04/14":4.845269,"04/15":4.8489723,"04/16":4.8457203,"04/17":4.849854,"04/18":4.763764,"04/19":4.7622576,"04/20":4.729866,"04/21":4.611941,"04/22":4.6173315,"04/23":4.6218157,"04/24":4.4578276,"04/25":4.419816,"04/26":4.4280577,"04/27":4.3787146,"04/28":4.4183826,"04/29":4.420464,"04/30":4.4193673,"05/01":4.4193673,"05/02":4.378043,"05/03":4.058841,"05/04":4.0316496,"05/05":4.0316496,"05/06":4.040619,"05/07":4.0377994,"05/08":4.106512,"05/09":4.0940266,"05/10":4.066449,"05/11":4.0199513,"05/12":3.9040568,"05/13":3.9069042,"05/14":3.9100919,"05/15":3.8987274,"05/16":3.771196,"05/17":3.7447445,"05/18":3.7743425,"05/19":3.842198,"05/20":3.842198,"05/21":3.8477228,"05/22":3.7619257,"05/23":3.8421366,"05/24":3.7695656,"05/25":3.7695656,"05/26":3.7958055,"05/27":3.7958055,"05/28":3.7958055,"05/29":3.8417828,"05/30":3.81651,"05/31":3.7242157,"06/01":3.7101223,"06/02":3.7201874,"06/03":3.7201874,"06/04":3.7201874,"06/05":3.7368083,"06/06":3.6673832,"06/07":3.6472955,"06/08":3.7937837,"06/09":3.8792272,"06/10":3.8792272,"06/11":3.8792272,"06/12":3.778648,"06/13":3.737308,"06/14":3.7483926,"06/15":3.8261092,"06/16":3.8777106,"06/17":3.8777106,"06/18":3.8777106,"06/19":3.889863,"06/20":3.890878,"06/21":3.9081068,"06/22":3.995951,"06/23":3.9771388,"06/24":3.9771388,"06/25":3.9771388,"06/26":3.9187543,"06/27":3.9045587,"06/28":3.8756824,"06/29":3.8756824,"06/30":4.0590873,"07/01":4.0590873,"07/02":4.0590873,"07/03":4.0422716,"07/04":4.049405,"07/05":4.0010347,"07/06":4.134127,"07/07":4.134127,"07/08":4.134127,"07/09":4.134127,"07/10":4.134127,"07/11":3.8923995,"07/12":3.9497104,"07/13":3.7882335,"07/14":3.8261092,"07/15":3.8261092,"07/16":3.8261092,"07/17":3.717672,"07/18":3.6372576,"07/19":3.6508102,"07/20":3.6548278,"07/21":3.6729126,"07/22":3.6729126,"07/23":3.6729126,"07/24":3.6141798,"07/25":3.6915088,"07/26":3.6518154,"07/27":3.7005644,"07/28":3.8534174,"07/29":3.8534174,"07/30":3.8534174,"07/31":3.8670795,"08/01":3.7978225,"08/02":3.8028738,"08/03":3.9212937,"08/04":3.9192624,"08/05":3.9192624,"08/06":3.9192624,"08/07":3.878725,"08/08":3.7973173,"08/09":3.7816744,"08/10":3.7186804,"08/11":3.8149924,"08/12":3.8149924,"08/13":3.8149924,"08/14":3.8008513,"08/15":3.8008513,"08/16":3.8008513,"08/17":3.944123,"08/18":3.8210585,"08/19":3.8210585,"08/20":3.8210585,"08/21":3.788739,"08/22":3.7579725,"08/23":3.6503072,"08/24":3.601148,"08/25":3.6292279,"08/26":3.6292279,"08/27":3.6292279,"08/28":3.5245795,"08/29":3.5050938,"08/30":3.4926145,"08/31":3.446732,"09/01":3.4482293,"09/02":3.4482293,"09/03":3.4482293,"09/04":3.511586,"09/05":3.5060942,"09/06":3.520581,"09/07":3.398443,"09/08":3.4347742,"09/09":3.4347742,"09/10":3.4347742,"09/11":3.4876218,"09/12":3.5225778,"09/13":3.4377668,"09/14":3.2259092,"09/15":3.3681164,"09/16":3.3681164,"09/17":3.3681164,"09/18":3.3537164,"09/19":3.3537164,"09/20":3.3026173,"09/21":3.2753737,"09/22":3.27884,"09/23":3.27884,"09/24":3.27884,"09/25":3.2481585,"09/26":3.2630014,"09/27":3.300637,"09/28":3.5390763,"09/29":3.5390763,"09/30":3.5390763,"10/01":3.5390763,"10/02":3.5390763,"10/03":3.4616866,"10/04":3.520581,"10/05":3.4591904,"10/06":3.791767,"10/07":3.791767,"10/08":3.791767,"10/09":3.8772037,"10/10":3.8139856,"10/11":3.6673832,"10/12":3.6312325,"10/13":3.7076077,"10/14":3.7076077,"10/15":3.7076077,"10/16":3.7121334,"10/17":3.6834679,"10/18":3.7347908,"10/19":3.766036,"10/20":3.7700708,"10/21":4.718714,"10/22":4.718714,"10/23":4.7189827,"10/24":4.7189827,"10/25":4.718323,"10/26":4.7185373,"10/27":4.718254,"10/28":4.7146926,"10/29":4.7146926,"10/30":4.7146626,"10/31":4.6989303,"11/01":4.6928573,"11/02":4.6880918,"11/03":4.6831093,"11/04":4.678831,"11/05":4.678831,"11/06":4.678957,"11/07":4.687105,"11/08":4.687396,"11/09":4.65297,"11/10":4.6249685,"11/11":4.5545297,"11/12":4.5545297,"11/13":4.5547366,"11/14":4.537321,"11/15":4.4941363,"11/16":4.4320664,"11/17":4.430016,"11/18":4.4470563,"11/19":4.4470563,"11/20":4.4463983,"11/21":4.443107,"11/22":4.374975,"11/23":4.3750205,"11/24":4.249808,"11/25":4.298563,"11/26":4.298563,"11/27":4.298563,"11/28":4.2354517,"11/29":4.2232447,"11/30":4.2172523,"12/01":4.1163235,"12/02":4.125006,"12/03":4.125006,"12/04":4.124835,"12/05":4.103948,"12/06":4.1501064,"12/07":4.2085996,"12/08":4.198935,"12/09":4.2929897,"12/10":4.2929897,"12/11":4.2931266,"12/12":4.2380395,"12/13":4.1657434,"12/14":4.0733957,"12/15":4.159809,"12/16":4.207451,"12/17":4.207451,"12/18":4.2084985,"12/19":4.197675,"12/20":4.226277,"12/21":4.152521,"12/22":4.191976,"12/23":4.2191844,"12/24":4.2191844,"12/25":4.2191844,"12/26":4.2246737,"12/27":4.1956973,"12/28":4.181122,"12/29":4.183932,"12/30":4.2026687,"12/31":4.2026687},"2022":{"10/21":6.616001,"10/22":6.616001,"10/23":6.5309997,"10/24":6.5309997,"10/25":6.780997,"10/26":6.6819954,"10/27":6.821003,"10/28":6.810317,"10/29":6.810317,"10/30":6.8293123,"10/31":6.8323154,"11/01":6.8301535,"11/02":6.9931226,"11/03":7.0870566,"11/04":7.074223,"11/05":7.074223,"11/06":7.2270527,"11/07":7.4074893,"11/08":7.5163884,"11/09":7.5051126,"11/10":7.22108,"11/11":7.009763,"11/12":7.009763,"11/13":7.145134,"11/14":7.0928884,"11/15":7.3881564,"11/16":7.221575,"11/17":7.325222,"11/18":7.376344,"11/19":7.376344,"11/20":7.2056603,"11/21":7.164335,"11/22":7.0159435,"11/23":7.0317917,"11/24":6.476195,"11/25":6.6224604,"11/26":6.6224604,"11/27":6.6224604,"11/28":6.4311543,"11/29":6.4604974,"11/30":6.3144603,"12/01":5.9218516,"12/02":5.9478993,"12/03":5.9478993,"12/04":6.1337705,"12/05":6.167496,"12/06":6.4815803,"12/07":6.6834955,"12/08":6.5506353,"12/09":6.8327985,"12/10":6.8327985,"12/11":6.8851643,"12/12":6.76007,"12/13":6.6497955,"12/14":6.8610306,"12/15":7.414732,"12/16":7.5576577,"12/17":7.5576577,"12/18":7.686778,"12/19":7.6706266,"12/20":7.7881064,"12/21":7.4986725,"12/22":7.5199,"12/23":7.6015253,"12/24":7.6015253,"12/25":7.6015253,"12/26":7.59681,"12/27":7.509881,"12/28":7.452671,"12/29":7.634195,"12/30":7.690406,"12/31":7.690406},"2023":{"01/01":7.5051446,"01/02":7.398985,"01/03":7.269351,"01/04":7.1868315,"01/05":7.23957,"01/06":7.4055095,"01/07":7.4055095,"01/08":7.673589,"01/09":7.454893,"01/10":7.377053,"01/11":7.3786364,"01/12":7.2714562,"01/13":7.113193,"01/14":7.113193,"01/15":7.482539,