{"0":{"01/01":7.680465,"01/02":7.6632586,"01/03":7.642817,"01/04":7.624547,"01/05":7.624547,"01/06":7.624547,"01/07":7.624547,"01/08":7.578344,"01/09":7.6095004,"01/10":7.551495,"01/11":7.5729666,"01/12":7.5729666,"01/13":7.5729666,"01/14":7.5729666,"01/15":7.4421186,"01/16":7.387509,"01/17":7.3982167,"01/18":7.4089155,"01/19":7.424979,"01/20":7.424979,"01/21":7.424979,"01/22":7.424979,"01/23":7.3276124,"01/24":7.3500667,"01/25":7.3736,"01/26":7.3736,"01/27":7.3736,"01/28":7.3736,"01/29":7.2880716,"01/30":7.211224,"01/31":7.177096,"02/01":7.0142484,"02/02":6.8476524,"02/03":6.8476524,"02/04":6.8476524,"02/05":6.942034,"02/06":6.867793,"02/07":6.851896,"02/08":6.720669,"02/09":6.732301,"02/10":6.732301,"02/11":6.732301,"02/12":6.6963716,"02/13":6.8211765,"02/14":6.937783,"02/15":6.7481627,"02/16":6.7439275,"02/17":6.7439275,"02/18":6.7439275,"02/19":6.7439275,"02/20":6.6477914,"02/21":6.5318174,"02/22":6.500228,"02/23":6.4876018,"02/24":6.4876018,"02/25":6.4876018,"02/26":6.4455285,"02/27":6.470764,"02/28":6.4118857,"02/29":6.3751197,"03/01":6.307955,"03/02":6.307955,"03/03":6.307955,"03/04":6.226212,"03/05":6.1832976,"03/06":6.1299596,"03/07":6.10906,"03/08":6.10906,"03/09":6.10906,"03/10":6.10906,"03/11":5.925483,"03/12":5.91612,"03/13":5.901547,"03/14":5.895294,"03/15":5.7425404,"03/16":5.7425404,"03/17":5.7425404,"03/18":5.7425404,"03/19":5.850574,"03/20":5.8121142,"03/21":5.751883,"03/22":5.7197256,"03/23":5.7197256,"03/24":5.7197256,"03/25":5.7197256,"03/26":5.6699553,"03/27":5.573682,"03/28":5.4651885,"03/29":5.4651885,"03/30":5.4651885,"03/31":5.401222,"04/01":5.401222,"04/02":5.349708,"04/03":5.3476453,"04/04":5.394006,"04/05":5.368246,"04/06":5.368246,"04/07":5.368246,"04/08":5.4053516,"04/09":5.4053516,"04/10":5.3507295,"04/11":5.3507295,"04/12":5.437318,"04/13":5.437318,"04/14":5.437318,"04/15":5.3754587,"04/16":5.45383,"04/17":5.45383,"04/18":5.4352617,"04/19":5.6150684,"04/20":5.6150684,"04/21":5.6150684,"04/22":5.469313,"04/23":5.395038,"04/24":5.3527923,"04/25":5.3301353,"04/26":5.3867908,"04/27":5.3867908,"04/28":5.3867908,"04/29":5.268402,"04/30":5.198513,"05/01":5.198513,"05/02":5.161563,"05/03":5.1215477,"05/04":5.1215477,"05/05":5.1215477,"05/06":5.006818,"05/07":4.9464765,"05/08":4.9761267,"05/09":4.974088,"05/10":4.960788,"05/11":4.960788,"05/12":4.960788,"05/13":4.8586583,"05/14":4.8280535,"05/15":4.7434816,"05/16":4.650914,"05/17":4.6407475,"05/18":4.6407475,"05/19":4.6407475,"05/20":4.6407475,"05/21":4.5514083,"05/22":4.5372086,"05/23":4.5372086,"05/24":4.504761,"05/25":4.504761,"05/26":4.504761,"05/27":4.4095855,"05/28":4.3873324,"05/29":4.418684,"05/30":4.349928,"05/31":4.3226533,"06/01":4.3226533,"06/02":4.3226533,"06/03":4.1905184,"06/04":4.482468,"06/05":4.433865,"06/06":4.391373,"06/07":4.3701406,"06/08":4.3701406,"06/09":4.3701406,"06/10":4.259064,"06/11":4.2419147,"06/12":4.1915174,"06/13":4.1321187,"06/14":4.02355,"06/15":4.02355,"06/16":4.02355,"06/17":4.02355,"06/18":3.941275,"06/19":3.86313,"06/20":3.7791069,"06/21":3.7831008,"06/22":3.7831008,"06/23":3.7831008,"06/24":3.7071924,"06/25":3.7141795,"06/26":3.7301562,"06/27":3.7421372,"06/28":3.7012057,"06/29":3.7012057,"06/30":3.7012057,"07/01":3.674269,"07/02":3.6453495,"07/03":3.6523283,"07/04":3.5547118,"07/05":3.5188973,"07/06":3.5188973,"07/07":3.5188973,"07/08":3.4990134,"07/09":3.4374185,"07/10":3.4006917,"07/11":3.3461514,"07/12":3.2698894,"07/13":3.2698894,"07/14":3.2698894,"07/15":3.184844,"07/16":3.184844,"07/17":3.184844,"07/18":3.1226342,"07/19":3.0812027,"07/20":3.0812027,"07/21":3.0812027,"07/22":3.0319214,"07/23":3.000411,"07/24":2.9885914,"07/25":2.9885914,"07/26":2.7725055,"07/27":2.7725055,"07/28":2.7725055,"07/29":2.7489827,"07/30":2.7215576,"07/31":2.7362492,"08/01":2.6481729,"08/02":2.6149397,"08/03":2.6149397,"08/04":2.6149397,"08/05":2.4607735,"08/06":2.4861164,"08/07":2.447136,"08/08":2.4442196,"08/09":2.442269,"08/10":2.442269,"08/11":2.442269,"08/12":2.3673348,"08/13":2.3770552,"08/14":2.348864,"08/15":2.348864,"08/16":2.3235888,"08/17":2.3235888,"08/18":2.3235888,"08/19":2.2760012,"08/20":2.2265248,"08/21":2.1664255,"08/22":2.177087,"08/23":2.1025403,"08/24":2.1025403,"08/25":2.1025403,"08/26":2.0454895,"08/27":2.0107112,"08/28":1.9508746,"08/29":1.903633,"08/30":1.8689513,"08/31":1.8689513,"09/01":1.8689513,"09/02":1.8593274,"09/03":1.7688977,"09/04":1.7419933,"09/05":1.7419933,"09/06":1.7448792,"09/07":1.7448792,"09/08":1.7448792,"09/09":1.6719129,"09/10":1.6383487,"09/11":1.6258891,"09/12":1.5693787,"09/13":1.351564,"09/14":1.351564,"09/15":1.351564,"09/16":1.2686948,"09/17":1.2515709,"09/18":1.2515709,"09/19":1.0550224,"09/20":1.0322791,"09/21":1.0322791,"09/22":1.0322791,"09/23":0.8526186,"09/24":0.7507772,"09/25":0.73947716,"09/26":0.60028553,"09/27":0.6153171,"09/28":0.6153171,"09/29":0.6153171,"09/30":0.5683649,"10/01":0.57024467,"10/02":0.57024467,"10/03":0.562735,"10/04":0.62941223,"10/05":0.62941223,"10/06":0.62941223,"10/07":0.58901924,"10/08":0.57024467,"10/09":0.38847604,"10/10":0.32772955,"10/11":0.30344263,"10/12":0.30344263,"10/13":0.30344263,"10/14":0.2316037,"10/15":0.17570041,"10/16":0.20457289,"10/17":0.06128056,"10/18":0.092879996,"10/19":0.092879996,"10/20":0.092879996,"10/21":0.0724378,"10/22":0.09846626,"10/23":0.08358867,"10/24":0.049204476,"10/25":0.0324906,"10/26":0.0324906,"10/27":0.0324906,"10/28":0.031560738,"10/29":0.0,"10/30":0.0,"10/31":0.0,"11/01":0.0,"11/02":0.0,"11/03":0.0,"11/04":0.0,"11/05":0.0,"11/06":0.0,"11/07":0.0,"11/08":0.0,"11/09":0.0,"11/10":0.0,"11/11":0.0,"11/12":0.0,"11/13":0.0,"11/14":0.0,"11/15":0.0,"11/16":0.0,"11/17":0.0,"11/18":0.0,"11/19":0.0,"11/20":0.0,"11/21":0.0,"11/22":0.0,"11/23":0.0,"11/24":0.0,"11/25":0.0,"11/26":0.0,"11/27":0.0,"11/28":0.0,"11/29":0.0,"11/30":0.0,"12/01":0.0,"12/02":0.0,"12/03":0.0,"12/04":0.0,"12/05":0.0,"12/06":0.0,"12/07":0.0,"12/08":0.0,"12/09":0.0,"12/10":0.0,"12/11":0.0,"12/12":0.0,"12/13":0.0,"12/14":0.0,"12/15":0.0,"12/16":0.0,"12/17":0.0,"12/18":0.0,"12/19":0.0,"12/20":0.0,"12/21":0.0,"12/22":0.0,"12/23":0.0,"12/24":0.0,"12/25":0.0,"12/26":3.8789985,"12/27":3.8789985,"12/28":3.8714566,"12/29":3.8693044,"12/30":3.8693044,"12/31":3.8693044},"2023":{"12/26":7.757997,"12/27":7.757997,"12/28":7.7429132,"12/29":7.738609,"12/30":7.738609,"12/31":7.738609},"2024":{"01/01":7.680465,"01/02":7.6632586,"01/03":7.642817,"01/04":7.624547,"01/05":7.624547,"01/06":7.624547,"01/07":7.624547,"01/08":7.578344,"01/09":7.6095004,"01/10":7.551495,"01/11":7.5729666,"01/12":7.5729666,"01/13":7.5729666,"01/14":7.5729666,"01/15":7.4421186,"01/16":7.387509,"01/17":7.3982167,"01/18":7.4089155,"01/19":7.424979,"01/20":7.424979,"01/21":7.424979,"01/22":7.424979,"01/23":7.3276124,"01/24":7.3500667,"01/25":7.3736,"01/26":7.3736,"01/27":7.3736,"01/28":7.3736,"01/29":7.2880716,"01/30":7.211224,"01/31":7.177096,"02/01":7.0142484,"02/02":6.8476524,"02/03":6.8476524,"02/04":6.8476524,"02/05":6.942034,"02/06":6.867793,"02/07":6.851896,"02/08":6.720669,"02/09":6.732301,"02/10":6.732301,"02/11":6.732301,"02/12":6.6963716,"02/13":6.8211765,"02/14":6.937783,"02/15":6.7481627,"02/16":6.7439275,"02/17":6.7439275,"02/18":6.7439275,"02/19":6.7439275,"02/20":6.6477914,"02/21":6.5318174,"02/22":6.500228,"02/23":6.4876018,"02/24":6.4876018,"02/25":6.4876018,"02/26":6.4455285,"02/27":6.470764,"02/28":6.4118857,"02/29":6.3751197,"03/01":6.307955,"03/02":6.307955,"03/03":6.307955,"03/04":6.226212,"03/05":6.1832976,"03/06":6.1299596,"03/07":6.10906,"03/08":6.10906,"03/09":6.10906,"03/10":6.10906,"03/11":5.925483,"03/12":5.91612,"03/13":5.901547,"03/14":5.895294,"03/15":5.7425404,"03/16":5.7425404,"03/17":5.7425404,"03/18":5.7425404,"03/19":5.850574,"03/20":5.8121142,"03/21":5.751883,"03/22":5.7197256,"03/23":5.7197256,"03/24":5.7197256,"03/25":5.7197256,"03/26":5.6699553,"03/27":5.573682,"03/28":5.4651885,"03/29":5.4651885,"03/30":5.4651885,"03/31":5.401222,"04/01":5.401222,"04/02":5.349708,"04/03":5.3476453,"04/04":5.394006,"04/05":5.368246,"04/06":5.368246,"04/07":5.368246,"04/08":5.4053516,