{"0":{"01/01":6.075454,"01/02":6.1226497,"01/03":6.0691667,"01/04":6.0555444,"01/05":6.053446,"01/06":6.1625276,"01/07":6.1625276,"01/08":6.1625276,"01/09":5.9759693,"01/10":6.0167856,"01/11":5.9100957,"01/12":5.7400365,"01/13":5.787968,"01/14":5.787968,"01/15":5.787968,"01/16":5.7452416,"01/17":5.7473283,"01/18":5.7421126,"01/19":5.7556643,"01/20":5.819257,"01/21":5.819257,"01/22":5.819257,"01/23":5.6890216,"01/24":5.6640487,"01/25":5.6567683,"01/26":5.6567683,"01/27":5.766079,"01/28":5.766079,"01/29":5.766079,"01/30":5.822381,"01/31":5.819257,"02/01":5.6879797,"02/02":5.495816,"02/03":5.483379,"02/04":5.483379,"02/05":5.483379,"02/06":5.4005146,"02/07":5.339494,"02/08":5.629739,"02/09":5.7285743,"02/10":5.609996,"02/11":5.609996,"02/12":5.609996,"02/13":5.5902505,"02/14":5.7410793,"02/15":5.6598926,"02/16":5.7119217,"02/17":5.8787527,"02/18":5.8787527,"02/19":5.8787527,"02/20":5.7327456,"02/21":5.744199,"02/22":5.748371,"02/23":5.708794,"02/24":5.6515718,"02/25":5.6515718,"02/26":5.6515718,"02/27":5.675497,"02/28":5.643252,"03/01":5.6307797,"03/02":5.548723,"03/03":5.5092955,"03/04":5.5092955,"03/05":5.5092955,"03/06":5.548723,"03/07":5.548723,"03/08":5.58402,"03/09":5.5819407,"03/10":5.5466447,"03/11":5.5466447,"03/12":5.5466447,"03/13":5.2899,"03/14":5.177443,"03/15":5.1939373,"03/16":5.1949697,"03/17":5.1413856,"03/18":5.1413856,"03/19":5.1413856,"03/20":5.0292554,"03/21":5.0559783,"03/22":5.0559783,"03/23":5.091977,"03/24":5.0128126,"03/25":5.0128126,"03/26":5.0128126,"03/27":4.984055,"03/28":5.0878563,"03/29":4.984055,"03/30":4.984055,"03/31":4.8057013,"04/01":4.8057013,"04/02":4.8057013,"04/03":4.8558664,"04/04":4.8558664,"04/05":4.614688,"04/06":4.2864013,"04/07":4.2864013,"04/08":4.2864013,"04/09":4.2864013,"04/10":4.2054157,"04/11":4.1205106,"04/12":4.0972843,"04/13":4.1144433,"04/14":4.1144433,"04/15":4.1144433,"04/16":4.1144433,"04/17":4.0377536,"04/18":3.9299693,"04/19":3.8826995,"04/20":3.842504,"04/21":3.7140758,"04/22":3.7140758,"04/23":3.7140758,"04/24":3.4920921,"04/25":3.351592,"04/26":3.2114732,"04/27":3.1916306,"04/28":3.1886504,"04/29":3.1886504,"04/30":3.1886504,"05/01":3.1886504,"05/02":3.1489902,"05/03":2.9175673,"05/04":2.9689078,"05/05":2.9689078,"05/06":2.9689078,"05/07":2.9689078,"05/08":2.8515015,"05/09":2.8209565,"05/10":2.775675,"05/11":2.8101277,"05/12":2.681288,"05/13":2.681288,"05/14":2.681288,"05/15":2.6223924,"05/16":2.5723782,"05/17":2.5616016,"05/18":2.5175195,"05/19":2.4011395,"05/20":2.4011395,"05/21":2.4011395,"05/22":2.2499464,"05/23":2.2957418,"05/24":2.251897,"05/25":2.251897,"05/26":2.2304716,"05/27":2.2304716,"05/28":2.2304716,"05/29":2.2411785,"05/30":2.2197669,"05/31":2.1837606,"06/01":2.137092,"06/02":2.075903,"06/03":2.075903,"06/04":2.075903,"06/05":2.013816,"06/06":2.0089622,"06/07":1.964393,"06/08":2.0632777,"06/09":2.223657,"06/10":2.223657,"06/11":2.223657,"06/12":2.1555579,"06/13":2.1506999,"06/14":2.1293168,"06/15":2.1468062,"06/16":2.16139,"06/17":2.16139,"06/18":2.16139,"06/19":2.1079426,"06/20":2.075903,"06/21":2.084633,"06/22":2.1808386,"06/23":2.175978,"06/24":2.175978,"06/25":2.175978,"06/26":2.1477797,"06/27":2.1380653,"06/28":2.0225356,"06/29":2.0225356,"06/30":2.0739589,"07/01":2.0739589,"07/02":2.0739589,"07/03":2.1244612,"07/04":2.1254249,"07/05":2.0953188,"07/06":2.1516733,"07/07":2.1516733,"07/08":2.1516733,"07/09":2.1516733,"07/10":2.1516733,"07/11":2.032237,"07/12":2.0603719,"07/13":1.950835,"07/14":1.9227607,"07/15":1.9227607,"07/16":1.9227607,"07/17":1.8115941,"07/18":1.684279,"07/19":1.6534684,"07/20":1.632293,"07/21":1.6573153,"07/22":1.6573153,"07/23":1.6573153,"07/24":1.5938199,"07/25":1.6197865,"07/26":1.5755475,"07/27":1.5976622,"07/28":1.7382492,"07/29":1.7382492,"07/30":1.7382492,"07/31":1.6900574,"08/01":1.6438388,"08/02":1.6438388,"08/03":1.686208,"08/04":1.7334307,"08/05":1.7334307,"08/06":1.7334307,"08/07":1.7160825,"08/08":1.6775366,"08/09":1.6351838,"08/10":1.5957364,"08/11":1.7083709,"08/12":1.7083709,"08/13":1.7083709,"08/14":1.6881373,"08/15":1.6881373,"08/16":1.6881373,"08/17":1.8270404,"08/18":1.8115941,"08/19":3.6217947,"08/20":3.6217947,"08/21":3.624196,"08/22":3.6242883,"08/23":3.6256785,"08/24":3.7010245,"08/25":3.6994448,"08/26":3.6925533,"08/27":3.6925533,"08/28":3.6945908,"08/29":3.6765566,"08/30":3.668423,"08/31":3.6705065,"09/01":3.6568692,"09/02":3.6494422,"09/03":3.6494422,"09/04":3.6523247,"09/05":3.6279988,"09/06":3.6173131,"09/07":3.6125994,"09/08":3.6056032,"09/09":3.5987096,"09/10":3.5987096,"09/11":3.5982811,"09/12":3.576827,"09/13":3.57121,"09/14":3.5686598,"09/15":3.5611165,"09/16":3.5552871,"09/17":3.5552871,"09/18":3.557496,"09/19":3.5357726,"09/20":3.530859,"09/21":3.527897,"09/22":3.5216691,"09/23":3.513731,"09/24":3.513731,"09/25":3.5157619,"09/26":3.508965,"09/27":3.5040302,"09/28":3.5011783,"09/29":3.4974723,"09/30":3.4826527,"10/01":3.4826527,"10/02":3.4826527,"10/03":3.4525568,"10/04":3.4327087,"10/05":3.4348385,"10/06":3.4060552,"10/07":3.3981555,"10/08":3.3981555,"10/09":3.3953094,"10/10":3.374288,"10/11":3.3709972,"10/12":3.3691397,"10/13":3.3635585,"10/14":3.3551378,"10/15":3.3551378,"10/16":3.355946,"10/17":3.332315,"10/18":3.3235118,"10/19":3.3129659,"10/20":3.3051739,"10/21":3.2967687,"10/22":3.2967687,"10/23":3.2967458,"10/24":3.2967458,"10/25":3.267187,"10/26":3.267398,"10/27":3.250185,"10/28":3.2412615,"10/29":3.2412615,"10/30":3.242759,"10/31":3.2169063,"11/01":3.2085226,"11/02":3.199418,"11/03":3.188596,"11/04":3.1786306,"11/05":3.1786306,"11/06":3.1817317,"11/07":3.156791,"11/08":3.15789,"11/09":3.1405852,"11/10":3.132481,"11/11":3.12304,"11/12":3.12304,"11/13":3.1245174,"11/14":3.0977645,"11/15":3.0925288,"11/16":3.0840557,"11/17":3.0753875,"11/18":3.0664735,"11/19":3.0664735,"11/20":3.0670085,"11/21":3.0401807,"11/22":3.0326622,"11/23":3.0337884,"11/24":3.0144694,"11/25":3.0066204,"11/26":3.0066204,"11/27":3.0066204,"11/28":2.9816213,"11/29":2.976771,"11/30":3.0039885,"12/01":3.0080507,"12/02":2.9876463,"12/03":2.9876463,"12/04":2.9892786,"12/05":2.975954,"12/06":2.9770012,"12/07":3.0115335,"12/08":3.0770636,"12/09":3.0602744,"12/10":3.0602744,"12/11":3.0602744,"12/12":3.0875628,"12/13":3.054502,"12/14":2.973341,"12/15":3.0246296,"12/16":3.0875628,"12/17":3.0875628,"12/18":3.0875628,"12/19":3.077589,"12/20":3.0461156,"12/21":3.0387766,"12/22":3.0277722,"12/23":3.0529315,"12/24":3.0529315,"12/25":3.0529315,"12/26":3.0854647,"12/27":3.0539818,"12/28":3.0796916,"12/29":3.0366774,"12/30":3.037727,"12/31":3.037727},"2022":{"08/19":5.4319954,"08/20":5.4319954,"08/21":5.5669975,"08/22":5.5720043,"08/23":5.646,"08/24":5.8332295,"08/25":5.904969,"08/26":5.891186,"08/27":5.891186,"08/28":5.98731,"08/29":6.021115,"08/30":5.997202,"08/31":6.09026,"09/01":6.06967,"09/02":6.0548162,"09/03":6.0548162,"09/04":6.1788597,"09/05":6.1340146,"09/06":6.0440054,"09/07":6.1451163,"09/08":6.14825,"09/09":6.134463,"09/10":6.134463,"09/11":6.11648,"09/12":6.105922,"09/13":6.103251,"09/14":6.2055073,"09/15":6.103032,"09/16":6.0913734,"09/17":6.0913734,"09/18":6.1822295,"09/19":6.1387825,"09/20":6.164052,"09/21":6.186574,"09/22":6.158948,"09/23":6.1430717,"09/24":6.1430717,"09/25":6.2238803,"09/26":6.2528744,"09/27":6.2950015,"09/28":6.1843023,"09/29":6.17689,"09/30":6.147251,"10/01":6.147251,"10/02":6.147251,"10/03":6.264762,"10/04":6.234495,"10/05":6.314173,"10/06":5.8024106,"10/07":5.786611,"10/08":5.786611,"10/09":5.6572056,"10/10":5.638974,"10/11":5.785495,"10/12":5.792228,"10/13":5.811431,"10/14":5.7945895,"10/15":5.7945895,"10/16":5.829401,"10/17":5.826687,"10/18":5.8147626,"10/19":5.727325,"10/20":5.7373405,"10/21":5.72053,"10/22":5.72053,"10/23":5.719535,"10/24":5.719535,"10/25":5.7617493,"10/26":5.7706785,"10/27":5.7617927,"10/28":5.7439456,"10/29":5.7439456,"10/30":5.806466,"10/31":5.790626,"11/01":5.7946153,"11/02":5.849926,"11/03":5.8555894,"11/04":5.8356586,"11/05":5.8356586,"11/06":5.9565682,"11/07":5.9348574,"11/08":5.976464,"11/09":5.9981036,"11/10":5.992196,"11/11":5.973314,"11/12":5.973314,"11/13":6.027759,