{"0":{"01/01":10.828637,"01/02":10.810917,"01/03":10.790996,"01/04":10.774395,"01/05":10.774395,"01/06":10.774395,"01/07":10.774395,"01/08":10.657234,"01/09":10.623013,"01/10":10.524899,"01/11":10.426958,"01/12":10.426958,"01/13":10.426958,"01/14":10.426958,"01/15":10.083872,"01/16":10.0500145,"01/17":10.109013,"01/18":10.192156,"01/19":10.110106,"01/20":10.110106,"01/21":10.110106,"01/22":10.110106,"01/23":9.937643,"01/24":9.86685,"01/25":9.683218,"01/26":9.683218,"01/27":9.683218,"01/28":9.683218,"01/29":9.448331,"01/30":9.378176,"01/31":9.207996,"02/01":8.33431,"02/02":8.04091,"02/03":8.04091,"02/04":8.04091,"02/05":8.099882,"02/06":8.032489,"02/07":7.8538923,"02/08":7.783658,"02/09":7.9305086,"02/10":7.9305086,"02/11":7.9305086,"02/12":7.8360605,"02/13":7.8769736,"02/14":7.934716,"02/15":7.5630856,"02/16":7.5964847,"02/17":7.5964847,"02/18":7.5964847,"02/19":7.5964847,"02/20":7.400595,"02/21":7.258288,"02/22":7.2614045,"02/23":7.2831936,"02/24":7.2831936,"02/25":7.2831936,"02/26":7.215776,"02/27":7.2614045,"02/28":7.2002296,"02/29":7.226136,"03/01":7.061557,"03/02":7.061557,"03/03":7.061557,"03/04":6.958303,"03/05":6.8799653,"03/06":6.8665786,"03/07":6.6835914,"03/08":6.6835914,"03/09":6.6835914,"03/10":6.6835914,"03/11":6.4674926,"03/12":6.5493264,"03/13":6.615908,"03/14":6.626153,"03/15":6.684619,"03/16":6.684619,"03/17":6.684619,"03/18":6.684619,"03/19":6.9510818,"03/20":6.983069,"03/21":6.7339,"03/22":6.8943877,"03/23":6.8943877,"03/24":6.8943877,"03/25":6.8943877,"03/26":6.9397426,"03/27":6.7236347,"03/28":6.258385,"03/29":6.258385,"03/30":6.258385,"03/31":6.2166524,"04/01":6.2166524,"04/02":6.6948867,"04/03":6.7092586,"04/04":6.6569185,"04/05":6.8017426,"04/06":6.8017426,"04/07":6.8017426,"04/08":7.058463,"04/09":7.058463,"04/10":6.814084,"04/11":6.814084,"04/12":7.304992,"04/13":7.304992,"04/14":7.304992,"04/15":7.151553,"04/16":7.24895,"04/17":7.24895,"04/18":7.186762,"04/19":7.4609466,"04/20":7.4609466,"04/21":7.4609466,"04/22":7.209559,"04/23":7.0305586,"04/24":7.1536164,"04/25":7.1991925,"04/26":7.221994,"04/27":7.221994,"04/28":7.221994,"04/29":7.089468,"04/30":7.1360254,"05/01":7.1360254,"05/02":6.914996,"05/03":6.6948867,"05/04":6.6948867,"05/05":6.6948867,"05/06":6.253288,"05/07":6.369467,"05/08":6.4021187,"05/09":6.3276563,"05/10":6.161751,"05/11":6.161751,"05/12":6.161751,"05/13":6.0146065,"05/14":5.8486643,"05/15":5.6701517,"05/16":5.525371,"05/17":5.651028,"05/18":5.651028,"05/19":5.651028,"05/20":5.651028,"05/21":5.4621525,"05/22":5.1531725,"05/23":5.1531725,"05/24":5.0207386,"05/25":5.0207386,"05/26":5.0207386,"05/27":4.870779,"05/28":4.918399,"05/29":5.0267043,"05/30":5.032671,"05/31":4.977991,"06/01":4.977991,"06/02":4.977991,"06/03":4.6086493,"06/04":5.3359423,"06/05":5.1292458,"06/06":4.9084797,"06/07":4.8410354,"06/08":4.8410354,"06/09":4.8410354,"06/10":4.803393,"06/11":4.651096,"06/12":4.617533,"06/13":4.4382305,"06/14":4.3026786,"06/15":4.3026786,"06/16":4.3026786,"06/17":4.3026786,"06/18":4.1420574,"06/19":3.8981435,"06/20":3.813537,"06/21":3.637938,"06/22":3.637938,"06/23":3.637938,"06/24":3.5150862,"06/25":3.579866,"06/26":3.6360075,"06/27":3.621482,"06/28":3.7358503,"06/29":3.7358503,"06/30":3.7358503,"07/01":3.7329354,"07/02":3.656349,"07/03":3.5759914,"07/04":3.6185734,"07/05":3.7009296,"07/06":3.7009296,"07/07":3.7009296,"07/08":3.5779285,"07/09":3.5363479,"07/10":3.4687316,"07/11":3.4851484,"07/12":3.4928753,"07/13":3.4928753,"07/14":3.4928753,"07/15":3.4031343,"07/16":3.4031343,"07/17":3.4031343,"07/18":3.200109,"07/19":3.1233375,"07/20":3.1233375,"07/21":3.1233375,"07/22":3.0150964,"07/23":3.1022544,"07/24":3.0352037,"07/25":3.0352037,"07/26":2.8975396,"07/27":2.8975396,"07/28":2.8975396,"07/29":2.820272,"07/30":3.0131893,"07/31":2.986405,"08/01":2.9691885,"08/02":2.8412402,"08/03":2.8412402,"08/04":2.8412402,"08/05":2.4668794,"08/06":2.4772904,"08/07":2.380792,"08/08":2.4470022,"08/09":2.4839191,"08/10":2.4839191,"08/11":2.4839191,"08/12":2.4063241,"08/13":2.4063241,"08/14":2.2166057,"08/15":2.2166057,"08/16":2.1817665,"08/17":2.1817665,"08/18":2.1817665,"08/19":1.9403787,"08/20":1.7337235,"08/21":1.6777564,"08/22":1.6758896,"08/23":1.6917424,"08/24":1.6917424,"08/25":1.6917424,"08/26":1.67869,"08/27":1.7402564,"08/28":1.7486508,"08/29":1.7645264,"08/30":1.7757304,"08/31":1.7757304,"09/01":1.7757304,"09/02":1.7953478,"09/03":1.6824151,"09/04":1.5000175,"09/05":1.5000175,"09/06":1.4870142,"09/07":1.4870142,"09/08":1.4870142,"09/09":1.4137068,"09/10":1.3192,"09/11":1.1122838,"09/12":0.9870642,"09/13":0.85206884,"09/14":0.85206884,"09/15":0.85206884,"09/16":0.6114486,"09/17":0.68726164,"09/18":0.68726164,"09/19":0.49020088,"09/20":0.48837733,"09/21":0.48837733,"09/22":0.48837733,"09/23":0.37560385,"09/24":0.254016,"09/25":-0.028850246,"09/26":-0.23210004,"09/27":0.10921591,"09/28":0.10921591,"09/29":0.10921591,"09/30":-0.04867299,"10/01":-0.2679845,"10/02":-0.2679845,"10/03":-0.00901964,"10/04":0.47380888,"10/05":0.47380888,"10/06":0.47380888,"10/07":0.49111265,"10/08":0.254016,"10/09":0.017132338,"10/10":0.07670254,"10/11":0.15441991,"10/12":0.15441991,"10/13":0.15441991,"10/14":0.0,"10/15":0.0,"10/16":0.0,"10/17":0.0,"10/18":0.0,"10/19":0.0,"10/20":0.0,"10/21":0.0,"10/22":0.0,"10/23":0.0,"10/24":0.0,"10/25":0.0,"10/26":0.0,"10/27":0.0,"10/28":0.0,"10/29":0.0,"10/30":0.0,"10/31":0.0,"11/01":0.0,"11/02":0.0,"11/03":0.0,"11/04":0.0,"11/05":0.0,"11/06":0.0,"11/07":0.0,"11/08":0.0,"11/09":0.0,"11/10":0.0,"11/11":0.0,"11/12":0.0,"11/13":0.0,"11/14":0.0,"11/15":0.0,"11/16":0.0,"11/17":0.0,"11/18":0.0,"11/19":0.0,"11/20":0.0,"11/21":0.0,"11/22":0.0,"11/23":0.0,"11/24":0.0,"11/25":0.0,"11/26":0.0,"11/27":0.0,"11/28":0.0,"11/29":0.0,"11/30":0.0,"12/01":0.0,"12/02":0.0,"12/03":0.0,"12/04":0.0,"12/05":0.0,"12/06":0.0,"12/07":0.0,"12/08":0.0,"12/09":0.0,"12/10":0.0,"12/11":0.0,"12/12":0.0,"12/13":0.0,"12/14":0.0,"12/15":0.0,"12/16":0.0,"12/17":0.0,"12/18":0.0,"12/19":0.0,"12/20":0.0,"12/21":0.0,"12/22":0.0,"12/23":0.0,"12/24":0.0,"12/25":0.0,"12/26":5.4519987,"12/27":5.4519987,"12/28":5.4442368,"12/29":5.444792,"12/30":5.444792,"12/31":5.444792},"2023":{"12/26":10.903997,"12/27":10.903997,"12/28":10.8884735,"12/29":10.889584,"12/30":10.889584,"12/31":10.889584},"2024":{"01/01":10.828637,"01/02":10.810917,"01/03":10.790996,"01/04":10.774395,"01/05":10.774395,"01/06":10.774395,"01/07":10.774395,"01/08":10.657234,"01/09":10.623013,"01/10":10.524899,"01/11":10.426958,"01/12":10.426958,"01/13":10.426958,"01/14":10.426958,"01/15":10.083872,"01/16":10.0500145,"01/17":10.109013,"01/18":10.192156,"01/19":10.110106,"01/20":10.110106,"01/21":10.110106,"01/22":10.110106,"01/23":9.937643,"01/24":9.86685,"01/25":9.683218,"01/26":9.683218,"01/27":9.683218,"01/28":9.683218,"01/29":9.448331,"01/30":9.378176,"01/31":9.207996,"02/01":8.33431,"02/02":8.04091,"02/03":8.04091,"02/04":8.04091,"02/05":8.099882,"02/06":8.032489,"02/07":7.8538923,"02/08":7.783658,"02/09":7.9305086,"02/10":7.9305086,"02/11":7.9305086,"02/12":7.8360605,"02/13":7.8769736,"02/14":7.934716,"02/15":7.5630856,"02/16":7.5964847,"02/17":7.5964847,"02/18":7.5964847,"02/19":7.5964847,"02/20":7.400595,"02/21":7.258288,"02/22":7.2614045,"02/23":7.2831936,"02/24":7.2831936,"02/25":7.2831936,"02/26":7.215776,"02/27":7.2614045,"02/28":7.2002296,"02/29":7.226136,"03/01":7.061557,"03/02":7.061557,"03/03":7.061557,"03/04":6.958303,"03/05":6.8799653,"03/06":6.8665786,"03/07":6.6835914,"03/08":6.6835914,"03/09":6.6835914,"03/10":6.6835914,"03/11":6.4674926,"03/12":6.5493264,"03/13":6.615908,"03/14":6.626153,"03/15":6.684619,"03/16":6.684619,"03/17":6.684619,"03/18":6.684619,"03/19":6.9510818,"03/20":6.983069,"03/21":6.7339,"03/22":6.8943877,"03/23":6.8943877,"03/24":6.8943877,"03/25":6.8943877,"03/26":6.9397426,"03/27":6.7236347,"03/28":6.258385,"03/29":6.258385,"03/30":6.258385,"03/31":6.2166524,"04/01":6.2166524,"04/02":6.6948867,"04/03":6.7092586,"04/04":6.6569185,"04/05":6.8017426,"04/06":6.8017426,"04/07":6.8017426,"04/08":7.058463,"04/09":7.058463,"04/10":6.814084,