{"0":{"10/01":1.0919952,"10/02":1.0919952,"10/03":1.0919952,"10/04":1.0919952,"10/05":1.0919952,"10/06":1.0849193,"10/07":1.0788565,"10/08":1.0768324,"10/09":1.0636976,"10/10":1.0495546,"10/11":1.0495546,"10/12":1.0495546,"10/13":1.0132039,"10/14":0.9990751,"10/15":0.9849503,"10/16":0.97183925,"10/17":0.95772207,"10/18":0.95772207,"10/19":0.95772207,"10/20":0.92949945,"10/21":0.92949945,"10/22":0.92949945,"10/23":0.8902102,"10/24":0.8791398,"10/25":0.8791398,"10/26":0.8791398,"10/27":0.8378849,"10/28":0.8238051,"10/29":0.8097292,"10/30":0.7956573,"10/31":0.8127397,"11/01":0.8127397,"11/02":0.8127397,"11/03":1.3555198,"11/04":1.2631305,"11/05":1.2631305,"11/06":1.6224678,"11/07":1.8097578,"11/08":1.8097578,"11/09":1.8097578,"11/10":1.8456568,"11/11":1.5724363,"11/12":1.1041249,"11/13":0.555031,"11/14":0.555031,"11/15":0.555031,"11/16":0.555031,"11/17":0.44113407,"11/18":0.08712084,"11/19":0.47707412,"11/20":-0.056353614,"11/21":-0.48923343,"11/22":-0.48923343,"11/23":-0.48923343,"11/24":-0.025719158,"11/25":0.32750437,"11/26":0.41819346,"11/27":-0.28310427,"11/28":-0.26637623,"11/29":-0.26637623,"11/30":-0.26637623,"12/01":-0.29096442,"12/02":0.11487424,"12/03":0.45111853,"12/04":0.45111853,"12/05":-0.1984401,"12/06":-0.1984401,"12/07":-0.1984401,"12/08":0.6311027,"12/09":0.7193367,"12/10":1.0697587,"12/11":0.5460272,"12/12":-0.08697872,"12/13":-0.08697872,"12/14":-0.08697872,"12/15":-0.009895001,"12/16":0.586051,"12/17":0.7464365,"12/18":0.8127397,"12/19":0.23200294,"12/20":0.23200294,"12/21":0.23200294,"12/22":-0.33520386,"12/23":-0.35583362,"12/24":-0.24669507,"12/25":-0.24669507,"12/26":0.0633404,"12/27":0.0633404,"12/28":0.0633404,"12/29":0.34742063,"12/30":0.26679763,"12/31":0.26679763},"2025":{"10/01":1.0919952,"10/02":1.0919952,"10/03":1.0919952,"10/04":1.0919952,"10/05":1.0919952,"10/06":1.0849193,"10/07":1.0788565,"10/08":1.0768324,"10/09":1.0636976,"10/10":1.0495546,"10/11":1.0495546,"10/12":1.0495546,"10/13":1.0132039,"10/14":0.9990751,"10/15":0.9849503,"10/16":0.97183925,"10/17":0.95772207,"10/18":0.95772207,"10/19":0.95772207,"10/20":0.92949945,"10/21":0.92949945,"10/22":0.92949945,"10/23":0.8902102,"10/24":0.8791398,"10/25":0.8791398,"10/26":0.8791398,"10/27":0.8378849,"10/28":0.8238051,"10/29":0.8097292,"10/30":0.7956573,"10/31":0.8127397,"11/01":0.8127397,"11/02":0.8127397,"11/03":1.3555198,"11/04":1.2631305,"11/05":1.2631305,"11/06":1.6224678,"11/07":1.8097578,"11/08":1.8097578,"11/09":1.8097578,"11/10":1.8456568,"11/11":1.5724363,"11/12":1.1041249,"11/13":0.555031,"11/14":0.555031,"11/15":0.555031,"11/16":0.555031,"11/17":0.44113407,"11/18":0.08712084,"11/19":0.47707412,"11/20":-0.056353614,"11/21":-0.48923343,"11/22":-0.48923343,"11/23":-0.48923343,"11/24":-0.025719158,"11/25":0.32750437,"11/26":0.41819346,"11/27":-0.28310427,"11/28":-0.26637623,"11/29":-0.26637623,"11/30":-0.26637623,"12/01":-0.29096442,"12/02":0.11487424,"12/03":0.45111853,"12/04":0.45111853,"12/05":-0.1984401,"12/06":-0.1984401,"12/07":-0.1984401,"12/08":0.6311027,"12/09":0.7193367,"12/10":1.0697587,"12/11":0.5460272,"12/12":-0.08697872,"12/13":-0.08697872,"12/14":-0.08697872,"12/15":-0.009895001,"12/16":0.586051,"12/17":0.7464365,"12/18":0.8127397,"12/19":0.23200294,"12/20":0.23200294,"12/21":0.23200294,"12/22":-0.33520386,"12/23":-0.35583362,"12/24":-0.24669507,"12/25":-0.24669507,"12/26":0.0633404,"12/27":0.0633404,"12/28":0.0633404,"12/29":0.34742063,"12/30":0.26679763,"12/31":0.26679763}}