{"0":{"01/01":26.470356,"01/02":25.293745,"01/03":24.739508,"01/04":27.303406,"01/05":27.426794,"01/06":28.188581,"01/07":28.188581,"01/08":27.292336,"01/09":26.003105,"01/10":27.328306,"01/11":28.004719,"01/12":28.09533,"01/13":27.541117,"01/14":27.541117,"01/15":29.631958,"01/16":29.441898,"01/17":26.184982,"01/18":25.03922,"01/19":26.554228,"01/20":27.174095,"01/21":27.174095,"01/22":27.174095,"01/23":24.409433,"01/24":26.391212,"01/25":27.871138,"01/26":27.871138,"01/27":29.51242,"01/28":29.51242,"01/29":31.950344,"01/30":30.651222,"01/31":31.573277,"02/01":32.116737,"02/02":32.58657,"02/03":31.10815,"02/04":31.10815,"02/05":31.066668,"02/06":32.324177,"02/07":33.116028,"02/08":31.554804,"02/09":31.54845,"02/10":31.675444,"02/11":31.675444,"02/12":30.406649,"02/13":31.788713,"02/14":31.689186,"02/15":31.943436,"02/16":32.59443,"02/17":33.31697,"02/18":33.31697,"02/19":33.31697,"02/20":34.58203,"02/21":33.96534,"02/22":37.11812,"02/23":37.51303,"02/24":37.89573,"02/25":37.89573,"02/26":37.559143,"02/27":38.367558,"02/28":37.47772,"03/01":38.71289,"03/02":39.560997,"03/03":37.609856,"03/04":37.609856,"03/05":37.609856,"03/06":36.812336,"03/07":36.812336,"03/08":36.291145,"03/09":37.36894,"03/10":38.661354,"03/11":38.661354,"03/12":38.661354,"03/13":40.915302,"03/14":41.439213,"03/15":42.067795,"03/16":41.873676,"03/17":40.863556,"03/18":40.863556,"03/19":40.863556,"03/20":41.765896,"03/21":41.020355,"03/22":41.020355,"03/23":41.189037,"03/24":42.293224,"03/25":42.293224,"03/26":42.293224,"03/27":42.187737,"03/28":42.277107,"03/29":41.13133,"03/30":41.13133,"03/31":39.136353,"04/01":39.136353,"04/02":39.136353,"04/03":38.80212,"04/04":38.80212,"04/05":37.91082,"04/06":37.49888,"04/07":37.49888,"04/08":37.49888,"04/09":37.49888,"04/10":37.218796,"04/11":36.549885,"04/12":36.02265,"04/13":35.78726,"04/14":35.78726,"04/15":35.78726,"04/16":35.78726,"04/17":36.613384,"04/18":36.857075,"04/19":37.23789,"04/20":37.10845,"04/21":37.35937,"04/22":37.35937,"04/23":37.35937,"04/24":36.582302,"04/25":36.304592,"04/26":35.89282,"04/27":35.142776,"04/28":33.9759,"04/29":33.9759,"04/30":33.9759,"05/01":33.9759,"05/02":33.39741,"05/03":33.65303,"05/04":32.712845,"05/05":32.712845,"05/06":32.712845,"05/07":32.712845,"05/08":32.74601,"05/09":32.733246,"05/10":32.31231,"05/11":32.628716,"05/12":32.53071,"05/13":32.53071,"05/14":32.53071,"05/15":31.4934,"05/16":31.928047,"05/17":32.50528,"05/18":33.26225,"05/19":32.774086,"05/20":32.774086,"05/21":32.774086,"05/22":32.14392,"05/23":32.03778,"05/24":32.525627,"05/25":32.525627,"05/26":30.731579,"05/27":30.731579,"05/28":30.731579,"05/29":29.838007,"05/30":29.622293,"05/31":30.13409,"06/01":30.537573,"06/02":29.925962,"06/03":29.925962,"06/04":29.925962,"06/05":29.432766,"06/06":29.32368,"06/07":28.4934,"06/08":29.242596,"06/09":29.539618,"06/10":29.539618,"06/11":29.539618,"06/12":29.271624,"06/13":28.389477,"06/14":28.076307,"06/15":28.614271,"06/16":27.605295,"06/17":27.605295,"06/18":27.605295,"06/19":28.199959,"06/20":27.8167,"06/21":27.833263,"06/22":28.42171,"06/23":29.089163,"06/24":29.089163,"06/25":29.089163,"06/26":28.877132,"06/27":28.001518,"06/28":27.067535,"06/29":27.067535,"06/30":25.611237,"07/01":25.611237,"07/02":25.611237,"07/03":24.73197,"07/04":24.75112,"07/05":24.722956,"07/06":23.818275,"07/07":23.818275,"07/08":23.818275,"07/09":23.818275,"07/10":23.818275,"07/11":24.199112,"07/12":24.52839,"07/13":24.572195,"07/14":23.753916,"07/15":23.753916,"07/16":23.753916,"07/17":22.894896,"07/18":22.717987,"07/19":22.044489,"07/20":21.2313,"07/21":22.529612,"07/22":22.529612,"07/23":22.529612,"07/24":22.74525,"07/25":22.51657,"07/26":21.921652,"07/27":22.25734,"07/28":21.874306,"07/29":21.874306,"07/30":21.874306,"07/31":21.20364,"08/01":21.527884,"08/02":22.673283,"08/03":23.42432,"08/04":22.688541,"08/05":22.688541,"08/06":22.688541,"08/07":22.117872,"08/08":22.21622,"08/09":21.824854,"08/10":22.223793,"08/11":22.929907,"08/12":22.929907,"08/13":22.929907,"08/14":23.05259,"08/15":23.05259,"08/16":23.05259,"08/17":23.18651,"08/18":23.470667,"08/19":17.658333,"08/20":17.658333,"08/21":17.621223,"08/22":17.618137,"08/23":17.605808,"08/24":17.360744,"08/25":17.623936,"08/26":17.85026,"08/27":17.85026,"08/28":17.82818,"08/29":17.719788,"08/30":18.169182,"08/31":18.191248,"09/01":17.268091,"09/02":17.659803,"09/03":17.659803,"09/04":17.631592,"09/05":17.618156,"09/06":17.457401,"09/07":17.433432,"09/08":17.42451,"09/09":17.341522,"09/10":17.341522,"09/11":17.329584,"09/12":17.304691,"09/13":17.249104,"09/14":17.239433,"09/15":17.230934,"09/16":17.243696,"09/17":17.243696,"09/18":17.245413,"09/19":17.285967,"09/20":16.720636,"09/21":17.034443,"09/22":17.189022,"09/23":18.115808,"09/24":18.115808,"09/25":18.117374,"09/26":19.132277,"09/27":19.044046,"09/28":19.464275,"09/29":19.357815,"09/30":18.524475,"10/01":18.524475,"10/02":18.524475,"10/03":19.12844,"10/04":18.056396,"10/05":18.047188,"10/06":17.878767,"10/07":18.000473,"10/08":18.000473,"10/09":18.022778,"10/10":18.301716,"10/11":19.219902,"10/12":18.660517,"10/13":19.044344,"10/14":18.70433,"10/15":18.70433,"10/16":18.704906,"10/17":18.398243,"10/18":17.685211,"10/19":17.621918,"10/20":17.466412,"10/21":17.687979,"10/22":17.687979,"10/23":17.743874,"10/24":17.743874,"10/25":17.431221,"10/26":17.508675,"10/27":17.005672,"10/28":16.83983,"10/29":16.83983,"10/30":16.80132,"10/31":16.066504,"11/01":15.605804,"11/02":15.838231,"11/03":15.954006,"11/04":15.773487,"11/05":15.773487,"11/06":15.735064,"11/07":15.53232,"11/08":15.517717,"11/09":15.668955,"11/10":16.051426,"11/11":15.3583765,"11/12":15.3583765,"11/13":15.342032,"11/14":15.316248,"11/15":14.984146,"11/16":15.104968,"11/17":15.220476,"11/18":15.4804945,"11/19":15.4804945,"11/20":15.484903,"11/21":15.9217,"11/22":15.668711,"11/23":15.671334,"11/24":14.982822,"11/25":14.876565,"11/26":14.876565,"11/27":14.876565,"11/28":14.769104,"11/29":14.663197,"11/30":14.13298,"12/01":13.895527,"12/02":14.222576,"12/03":14.222576,"12/04":14.243031,"12/05":14.160452,"12/06":14.313126,"12/07":14.561496,"12/08":14.458151,"12/09":14.639322,"12/10":14.639322,"12/11":14.653677,"12/12":14.61818,"12/13":14.320407,"12/14":14.176493,"12/15":14.970415,"12/16":15.477461,"12/17":15.477461,"12/18":15.476153,"12/19":14.951948,"12/20":15.041084,"12/21":15.605963,"12/22":15.861339,"12/23":17.074734,"12/24":17.074734,"12/25":17.074734,"12/26":16.381384,"12/27":16.100765,"12/28":16.196161,"12/29":15.935886,"12/30":16.340916,"12/31":16.340916},"2022":{"08/19":11.845999,"08/20":11.845999,"08/21":12.615995,"08/22":12.686005,"08/23":12.976999,"08/24":12.144019,"08/25":11.666712,"08/26":12.119359,"08/27":12.119359,"08/28":12.570863,"08/29":12.6364765,"08/30":13.590928,"08/31":13.074997,"09/01":12.293993,"09/02":13.077417,"09/03":13.077417,"09/04":13.842143,"09/05":14.07096,"09/06":13.947917,"09/07":14.768939,"09/08":15.6313305,"09/09":15.465359,"09/10":15.465359,"09/11":16.482098,"09/12":15.503766,"09/13":15.841864,"09/14":16.199564,"09/15":16.55521,"09/16":16.580734,"09/17":16.580734,"09/18":16.327911,"09/19":16.40902,"09/20":14.267827,"09/21":13.872703,"09/22":14.001654,"09/23":15.855229,"09/24":15.855229,"09/25":15.776459,"09/26":17.798906,"09/27":18.29022,"09/28":17.963789,"09/29":17.750866,"09/30":16.084187,"10/01":16.084187,"10/02":16.084187,"10/03":18.053371,"10/04":14.928302,"10/05":15.288346,"10/06":15.550891,"10/07":15.794306,"10/08":15.794306,"10/09":14.839795,"10/10":16.654673,"10/11":19.378347,"10/12":18.288311,"10/13":18.803032,"10/14":18.123003,"10/15":18.123003,"10/16":18.015871,"10/17":18.028902,"10/18":15.799709,"10/19":15.411659,"10/20":14.524943,"10/21":14.968078,"10/22":14.968078,"10/23":13.209842,"10/24":13.209842,"10/25":11.715477,"10/26":10.376571,"10/27":10.708245,"10/28":10.376561,"10/29":10.376561,"10/30":11.076283,"10/31":9.37357,"11/01":7.9316225,"11/02":9.660007,"11/03":10.629865,"11/04":10.268826,"11/05":10.268826,"11/06":11.108426,"11/07":10.773179,"11/08":11.127301,"11/09":11.440188,"11/10":12.607666,