{"0":{"01/01":7.3856115,"01/02":7.3768225,"01/03":7.371048,"01/04":7.361183,"01/05":7.361183,"01/06":7.3609514,"01/07":7.363842,"01/08":7.325658,"01/09":7.315605,"01/10":7.308076,"01/11":7.298224,"01/12":7.298224,"01/13":7.2977085,"01/14":7.2946177,"01/15":7.2584686,"01/16":7.2512045,"01/17":7.2444825,"01/18":7.2346487,"01/19":7.2335544,"01/20":7.2364197,"01/21":7.237468,"01/22":7.23679,"01/23":7.198,"01/24":7.1857805,"01/25":7.265625,"01/26":7.265625,"01/27":7.267132,"01/28":7.269643,"01/29":7.13822,"01/30":7.129801,"01/31":7.1200314,"02/01":7.1102085,"02/02":7.1009398,"02/03":7.1037097,"02/04":7.104083,"02/05":7.077718,"02/06":7.0704474,"02/07":7.0688977,"02/08":7.0601516,"02/09":7.050856,"02/10":7.051133,"02/11":7.0513268,"02/12":7.0232663,"02/13":7.013091,"02/14":7.005213,"02/15":6.995928,"02/16":6.9861045,"02/17":6.986552,"02/18":6.986552,"02/19":6.986552,"02/20":6.948204,"02/21":6.9392133,"02/22":6.9299545,"02/23":6.920693,"02/24":6.9233713,"02/25":6.921939,"02/26":6.893623,"02/27":6.8852744,"02/28":6.8775673,"02/29":10.010882,"03/01":6.859066,"03/02":6.859066,"03/03":6.857973,"03/04":6.829169,"03/05":6.816682,"03/06":6.810752,"03/07":6.802645,"03/08":6.802645,"03/09":6.802645,"03/10":6.8031397,"03/11":6.767998,"03/12":6.7620564,"03/13":6.7551203,"03/14":6.746436,"03/15":6.7372065,"03/16":6.7372065,"03/17":6.7428718,"03/18":6.7480927,"03/19":6.7194033,"03/20":6.71659,"03/21":6.71028,"03/22":6.700452,"03/23":6.700452,"03/24":6.702478,"03/25":6.704051,"03/26":6.675453,"03/27":6.67091,"03/28":6.673299,"03/29":6.673299,"03/30":6.673299,"03/31":6.6430473,"04/01":6.6430473,"04/02":6.659645,"04/03":6.649835,"04/04":6.648412,"04/05":6.6384797,"04/06":6.6384797,"04/07":6.6357884,"04/08":6.6102386,"04/09":6.62049,"04/10":6.6011667,"04/11":6.6105165,"04/12":6.5917287,"04/13":6.5917287,"04/14":6.5917287,"04/15":6.562463,"04/16":6.5722637,"04/17":6.580736,"04/18":6.561902,"04/19":6.552487,"04/20":6.552487,"04/21":6.570072,"04/22":6.5417743,"04/23":6.531796,"04/24":6.5436964,"04/25":6.5136113,"04/26":6.4720845,"04/27":6.4720845,"04/28":6.4670653,"04/29":6.468752,"04/30":6.458222,"05/01":6.458222,"05/02":6.3962207,"05/03":6.3752136,"05/04":6.3752136,"05/05":6.3866835,"05/06":6.2982187,"05/07":6.3127413,"05/08":6.279213,"05/09":6.26329,"05/10":6.245733,"05/11":6.245733,"05/12":6.245733,"05/13":6.2040744,"05/14":6.182717,"05/15":6.1526313,"05/16":6.1307716,"05/17":6.138968,"05/18":6.138968,"05/19":6.138968,"05/20":6.138968,"05/21":6.082188,"05/22":6.032063,"05/23":6.032063,"05/24":6.0113816,"05/25":6.0113816,"05/26":6.0113816,"05/27":5.96301,"05/28":5.966811,"05/29":5.97007,"05/30":5.9575777,"05/31":5.929356,"06/01":5.929356,"06/02":5.929356,"06/03":5.8600183,"06/04":5.9342394,"06/05":5.9168878,"06/06":5.8952055,"06/07":5.8870854,"06/08":5.8870854,"06/09":5.8870854,"06/10":5.8692155,"06/11":5.842166,"06/12":5.8297358,"06/13":5.795707,"06/14":5.783293,"06/15":5.783293,"06/16":5.783293,"06/17":5.783293,"06/18":5.7390842,"06/19":5.7218475,"06/20":5.714311,"06/21":5.700861,"06/22":5.700861,"06/23":5.700861,"06/24":5.667522,"06/25":5.669136,"06/26":5.673436,"06/27":5.666989,"06/28":5.6637607,"06/29":5.6637607,"06/30":5.6637607,"07/01":5.6342278,"07/02":5.614913,"07/03":5.5923967,"07/04":5.579005,"07/05":5.5650835,"07/06":5.5650835,"07/07":5.5650835,"07/08":5.532442,"07/09":5.523356,"07/10":5.5019784,"07/11":5.4961057,"07/12":5.4886303,"07/13":5.4886303,"07/14":5.4886303,"07/15":5.4523516,"07/16":5.4523516,"07/17":5.4523516,"07/18":5.41026,"07/19":5.399082,"07/20":5.399082,"07/21":5.399082,"07/22":5.369297,"07/23":5.361324,"07/24":5.347511,"07/25":5.347511,"07/26":5.307172,"07/27":5.307172,"07/28":5.307172,"07/29":5.261594,"07/30":5.2631793,"07/31":5.246241,"08/01":5.2303677,"08/02":5.21662,"08/03":5.21662,"08/04":5.21662,"08/05":5.1553597,"08/06":5.154309,"08/07":5.1374316,"08/08":5.1379595,"08/09":5.1300526,"08/10":5.1300526,"08/11":5.1300526,"08/12":5.0989795,"08/13":5.09003,"08/14":5.0642557,"08/15":5.0642557,"08/16":5.050065,"08/17":5.050065,"08/18":5.050065,"08/19":5.014357,"08/20":4.9970407,"08/21":4.9844594,"08/22":4.973977,"08/23":4.9682107,"08/24":4.9682107,"08/25":4.9682107,"08/26":4.9331326,"08/27":4.92947,"08/28":4.919528,"08/29":4.911165,"08/30":4.9033227,"08/31":4.9033227,"09/01":4.9033227,"09/02":4.880856,"09/03":4.8667593,"09/04":4.8505807,"09/05":4.8505807,"09/06":4.216842,"09/07":4.216842,"09/08":4.216842,"09/09":4.1806774,"09/10":4.1928988,"09/11":4.126775,"09/12":4.1161094,"09/13":4.013728,"09/14":4.013728,"09/15":4.013728,"09/16":3.9429975,"09/17":3.8689291,"09/18":3.8689291,"09/19":3.7995822,"09/20":3.8020902,"09/21":3.8020902,"09/22":3.8020902,"09/23":3.8116271,"09/24":3.7454317,"09/25":3.7088912,"09/26":3.6599176,"09/27":3.6808953,"09/28":3.6808953,"09/29":3.6808953,"09/30":3.6739008,"10/01":3.6544278,"10/02":3.6544278,"10/03":3.672405,"10/04":3.704894,"10/05":3.704894,"10/06":3.704894,"10/07":3.6614172,"10/08":3.6195085,"10/09":3.5846345,"10/10":3.5667164,"10/11":3.5527887,"10/12":3.5527887,"10/13":3.5527887,"10/14":3.5343943,"10/15":3.5522907,"10/16":3.476813,"10/17":3.4698718,"10/18":3.4763165,"10/19":3.4763165,"10/20":3.4763165,"10/21":3.4936774,"10/22":3.5433435,"10/23":3.503602,"10/24":3.4822662,"10/25":3.4787946,"10/26":3.4787946,"10/27":3.4787946,"10/28":3.4778059,"10/29":3.4718525,"10/30":3.4718525,"10/31":3.4297435,"11/01":3.4297435,"11/02":3.4297435,"11/03":3.4297435,"11/04":3.147606,"11/05":3.135366,"11/06":3.1157875,"11/07":3.1172569,"11/08":3.0649598,"11/09":3.0649598,"11/10":3.0649598,"11/11":3.0673997,"11/12":3.0957386,"11/13":3.0923166,"11/14":3.1006293,"11/15":3.1006293,"11/16":3.1006293,"11/17":3.1006293,"11/18":3.0713074,"11/19":3.0186172,"11/20":3.0186172,"11/21":3.0054562,"11/22":3.0713074,"11/23":3.0713074,"11/24":3.0713074,"11/25":2.9957154,"11/26":3.0425112,"11/27":3.0566587,"11/28":3.0508032,"11/29":3.0137417,"11/30":3.0137417,"12/01":3.0137417,"12/02":2.8795786,"12/03":2.8088841,"12/04":2.7581587,"12/05":2.7480252,"12/06":2.7446485,"12/07":2.7446485,"12/08":2.7446485,"12/09":2.7094555,"12/10":2.6805685,"12/11":2.6757548,"12/12":2.6632497,"12/13":2.6589208,"12/14":2.6589208,"12/15":2.6589208,"12/16":2.6589208,"12/17":2.6080022,"12/18":2.6065652,"12/19":2.6877885,"12/20":2.690194,"12/21":2.690194,"12/22":2.690194,"12/23":2.6493065,"12/24":2.636333,"12/25":2.636333,"12/26":4.946099,"12/27":4.9455,"12/28":4.9455,"12/29":4.9403887,"12/30":4.9428916,"12/31":4.943143},"2023":{"12/26":9.581003,"12/27":9.534998,"12/28":9.534998,"12/29":9.519665,"12/30":9.706645,"12/31":9.724638},"2024":{"01/01":9.689418,"01/02":9.720634,"01/03":9.695693,"01/04":9.675964,"01/05":9.675964,"01/06":9.66498,"01/07":9.798828,"01/08":9.730098,"01/09":9.725254,"01/10":9.692066,"01/11":9.672362,"01/12":9.672362,"01/13":9.648424,"01/14":9.499769,"01/15":9.525039,"01/16":9.602184,"01/17":9.677384,"01/18":9.657717,"01/19":9.655528,"01/20":9.782078,"01/21":9.826921,"01/22":9.798023,"01/23":9.698586,"01/24":9.711204,"01/25":9.870893,"01/26":9.870893,"01/27":9.933701,"01/28":10.035386,"01/29":9.746971,"01/30":9.764225,"01/31":9.768345,"02/01":9.748698,"02/02":9.730161,"02/03":9.843466,"02/04":9.8583765,"02/05":9.840567,"02/06":9.880709,"02/07":10.151141,"02/08":10.133649,"02/09":10.115058,"02/10":10.1249895,"02/11":10.131938,"02/12":10.124523,"02/13":10.074205,"02/14":10.123988,"02/15":10.105418,"02/16":10.085772,"02/17":10.101628,"02/18":10.101628,"02/19":10.101628,"02/20":10.019321,"02/21":10.010698,"02/22":9.992181,"02/23":9.973658,"02/24":10.0687275,"02/25":10.018218,"02/26":9.961586,"02/27":9.993468,"02/28":10.029382,"02/29":10.010882,"03/01":9.992379,"03/02":9.992379,"03/03":9.953806,"03/04":9.896197,"03/05":9.739439,"03/06":9.842554,"03/07":9.845945,"03/08":9.845945,"03/09":9.845945,"03/10":9.863738,"03/11":9.870842,"03/12":9.96692,"03/13":10.026449,"03/14":10.009081,"03/15":9.990622,"03/16":9.990622,"03/17":10.177131,"03/18":10.340951,"03/19":10.54583,"03/20":10.696008,"03/21":10.759283,"03/22":10.739627,"03/23":10.739627,"03/24":10.794823,