{"0":{"12/26":-1.6090012,"12/27":-1.6090012,"12/28":-1.6090012,"12/29":-1.621789,"12/30":-1.621789,"12/31":-1.621789},"2023":{"12/26":-1.6090012,"12/27":-1.6090012,"12/28":-1.6090012,"12/29":-1.621789,"12/30":-1.621789,"12/31":-1.621789}}