{"0":{"01/01":6.9422507,"01/02":6.9193625,"01/03":6.8420362,"01/04":6.7913284,"01/05":6.817727,"01/06":6.8954906,"01/07":6.8954906,"01/08":6.8958173,"01/09":6.73545,"01/10":6.6365347,"01/11":6.588793,"01/12":6.548297,"01/13":6.4627724,"01/14":6.4627724,"01/15":6.4633675,"01/16":6.504781,"01/17":6.523353,"01/18":6.4892855,"01/19":6.364045,"01/20":6.518116,"01/21":6.518116,"01/22":6.518116,"01/23":6.52806,"01/24":6.520913,"01/25":6.5357914,"01/26":6.5357914,"01/27":6.6978025,"01/28":6.6978025,"01/29":6.6998067,"01/30":6.7511377,"01/31":6.619307,"02/01":6.446447,"02/02":6.380879,"02/03":6.3245206,"02/04":6.3245206,"02/05":6.322912,"02/06":6.376527,"02/07":6.3462844,"02/08":6.4355726,"02/09":6.4699087,"02/10":6.4757833,"02/11":6.4757833,"02/12":6.4776177,"02/13":6.4566107,"02/14":6.455738,"02/15":6.4031696,"02/16":6.344653,"02/17":6.384102,"02/18":6.384102,"02/19":6.384102,"02/20":6.32028,"02/21":6.371213,"02/22":6.4440784,"02/23":6.352256,"02/24":6.375204,"02/25":6.375204,"02/26":6.377647,"02/27":6.4414964,"02/28":6.4162006,"02/29":3.852494,"03/01":6.375834,"03/02":6.3806496,"03/03":6.3453646,"03/04":6.3478646,"03/05":6.3492107,"03/06":6.3357024,"03/07":6.338461,"03/08":6.430169,"03/09":6.430707,"03/10":6.386156,"03/11":6.3915114,"03/12":6.3907795,"03/13":6.2557654,"03/14":6.1611013,"03/15":6.158615,"03/16":6.114521,"03/17":6.0954175,"03/18":6.0954175,"03/19":6.091045,"03/20":6.0232058,"03/21":6.0428863,"03/22":6.0393696,"03/23":5.991789,"03/24":5.943241,"03/25":5.943241,"03/26":5.944967,"03/27":5.8853383,"03/28":5.8898215,"03/29":5.8533616,"03/30":5.8533616,"03/31":5.869223,"04/01":5.869223,"04/02":5.858051,"04/03":5.8306684,"04/04":5.8319583,"04/05":5.6999416,"04/06":5.615386,"04/07":5.615386,"04/08":5.610015,"04/09":5.610015,"04/10":5.599589,"04/11":5.6084437,"04/12":5.601755,"04/13":5.6090164,"04/14":5.6090164,"04/15":5.6113176,"04/16":5.6095934,"04/17":5.580031,"04/18":5.524397,"04/19":5.5160966,"04/20":5.496995,"04/21":5.418132,"04/22":5.4213147,"04/23":5.423527,"04/24":5.305517,"04/25":5.258572,"04/26":5.2595344,"04/27":5.23853,"04/28":5.2487736,"04/29":5.250202,"04/30":5.2500114,"05/01":5.2500114,"05/02":5.2050114,"05/03":5.0325713,"05/04":5.0182834,"05/05":5.0182834,"05/06":5.0246525,"05/07":5.021935,"05/08":5.0250263,"05/09":5.01376,"05/10":4.968513,"05/11":4.920478,"05/12":4.7890835,"05/13":4.790435,"05/14":4.792903,"05/15":4.7836833,"05/16":4.694523,"05/17":4.658603,"05/18":4.6844835,"05/19":4.733278,"05/20":4.733278,"05/21":4.7376237,"05/22":4.6637845,"05/23":4.728074,"05/24":4.6643763,"05/25":4.6643763,"05/26":4.6817203,"05/27":4.685341,"05/28":4.682959,"05/29":4.7209296,"05/30":4.690135,"05/31":4.605896,"06/01":4.58146,"06/02":4.5972366,"06/03":4.6072907,"06/04":4.5899506,"06/05":4.6005054,"06/06":4.5446515,"06/07":4.534397,"06/08":4.635744,"06/09":4.6975574,"06/10":4.6976624,"06/11":4.7013106,"06/12":4.6221347,"06/13":4.5840936,"06/14":4.5932875,"06/15":4.649596,"06/16":4.6854906,"06/17":4.6854906,"06/18":4.690364,"06/19":4.7054553,"06/20":4.7104397,"06/21":4.7204075,"06/22":4.797927,"06/23":4.7637925,"06/24":4.76654,"06/25":4.7632694,"06/26":4.720274,"06/27":4.7054453,"06/28":4.674162,"06/29":4.674162,"06/30":4.8264575,"07/01":4.8271184,"07/02":4.829684,"07/03":4.8083243,"07/04":4.8196955,"07/05":4.758461,"07/06":4.894749,"07/07":4.894749,"07/08":4.8988576,"07/09":4.8998246,"07/10":4.903214,"07/11":4.6366873,"07/12":4.699756,"07/13":4.5293,"07/14":4.5657735,"07/15":4.569983,"07/16":4.569983,"07/17":4.4744368,"07/18":4.4106517,"07/19":4.4478407,"07/20":4.46992,"07/21":4.476598,"07/22":4.480138,"07/23":4.4801,"07/24":4.4027896,"07/25":4.4983854,"07/26":4.4700956,"07/27":4.5247254,"07/28":4.672675,"07/29":4.676718,"07/30":4.67064,"07/31":4.69917,"08/01":4.628155,"08/02":4.627637,"08/03":4.754757,"08/04":4.7417603,"08/05":4.7417603,"08/06":4.7417603,"08/07":4.702803,"08/08":4.605904,"08/09":4.6033196,"08/10":4.517602,"08/11":4.6385098,"08/12":4.6385098,"08/13":4.6385098,"08/14":4.6198726,"08/15":4.6198726,"08/16":4.6198726,"08/17":4.767244,"08/18":4.6483545,"08/19":4.6483545,"08/20":4.6483545,"08/21":4.6266055,"08/22":4.607458,"08/23":4.487714,"08/24":4.4583735,"08/25":4.497499,"08/26":4.497499,"08/27":4.497499,"08/28":4.3705425,"08/29":4.359776,"08/30":4.37875,"08/31":4.3193154,"09/01":4.3300653,"09/02":4.3300653,"09/03":4.3300653,"09/04":4.381827,"09/05":4.3849044,"09/06":4.396195,"09/07":4.275332,"09/08":4.336722,"09/09":4.336722,"09/10":4.336722,"09/11":4.4311233,"09/12":4.3977365,"09/13":4.2993584,"09/14":4.0904727,"09/15":4.2748203,"09/16":4.2748203,"09/17":4.2748203,"09/18":4.2161183,"09/19":4.2161183,"09/20":4.1860547,"09/21":4.1392374,"09/22":4.1702685,"09/23":4.1702685,"09/24":4.1702685,"09/25":4.147375,"09/26":4.1458473,"09/27":4.204397,"09/28":4.4882293,"09/29":4.4882293,"09/30":4.4882293,"10/01":4.4882293,"10/02":4.4882293,"10/03":4.4162226,"10/04":4.443458,"10/05":4.35414,"10/06":4.828707,"10/07":4.828707,"10/08":4.828707,"10/09":4.9117503,"10/10":4.822452,"10/11":4.660269,"10/12":4.6452417,"10/13":4.666492,"10/14":4.666492,"10/15":4.666492,"10/16":4.6758227,"10/17":4.6343665,"10/18":4.6929393,"10/19":4.7396836,"10/20":4.7178617,"10/21":4.9302397,"10/22":4.9302397,"10/23":4.9306955,"10/24":4.9306955,"10/25":4.9272957,"10/26":4.928944,"10/27":4.927421,"10/28":4.927421,"10/29":4.927421,"10/30":4.927341,"10/31":4.9106135,"11/01":4.892737,"11/02":4.8748455,"11/03":4.868868,"11/04":4.863582,"11/05":4.863582,"11/06":4.8621907,"11/07":4.8456564,"11/08":4.844936,"11/09":4.8347344,"11/10":4.8316913,"11/11":4.82676,"11/12":4.82676,"11/13":4.8254204,"11/14":4.8095527,"11/15":4.8017187,"11/16":4.79843,"11/17":4.792733,"11/18":4.787422,"11/19":4.787422,"11/20":4.7881823,"11/21":4.7727733,"11/22":4.7670636,"11/23":4.766811,"11/24":4.756142,"11/25":4.750506,"11/26":4.750506,"11/27":4.750506,"11/28":4.732874,"11/29":4.728982,"11/30":4.7251577,"12/01":4.721024,"12/02":4.72278,"12/03":4.72278,"12/04":4.7216206,"12/05":4.707008,"12/06":4.7016773,"12/07":4.696529,"12/08":4.6955914,"12/09":4.7393184,"12/10":4.7393184,"12/11":4.7392573,"12/12":4.7101054,"12/13":4.677227,"12/14":4.6427217,"12/15":4.6684766,"12/16":4.675569,"12/17":4.675569,"12/18":4.6756763,"12/19":4.669716,"12/20":4.6739864,"12/21":4.6561065,"12/22":4.6564527,"12/23":4.659289,"12/24":4.659289,"12/25":4.659289,"12/26":4.644851,"12/27":4.636624,"12/28":4.630588,"12/29":4.62632,"12/30":4.628448,"12/31":4.628448},"2022":{"10/21":5.3549957,"10/22":5.3549957,"10/23":5.319996,"10/24":5.319996,"10/25":5.5980015,"10/26":5.458002,"10/27":5.586996,"10/28":5.586996,"10/29":5.586996,"10/30":5.593996,"10/31":5.6595025,"11/01":5.599682,"11/02":5.786958,"11/03":5.884999,"11/04":5.8691416,"11/05":5.8691416,"11/06":6.03386,"11/07":6.120019,"11/08":6.2248063,"11/09":6.243018,"11/10":5.9648447,"11/11":5.9500494,"11/12":5.9500494,"11/13":6.1275773,"11/14":6.0799747,"11/15":6.505666,"11/16":6.5200233,"11/17":6.6017556,"11/18":6.585823,"11/19":6.585823,"11/20":6.4084797,"11/21":6.269175,"11/22":6.3309703,"11/23":6.381756,"11/24":6.1686287,"11/25":6.1517196,"11/26":6.1517196,"11/27":6.1517196,"11/28":6.2263765,"11/29":6.2854342,"11/30":6.1354437,"12/01":5.997353,"12/02":6.0026207,"12/03":6.0026207,"12/04":6.1895885,"12/05":6.246768,"12/06":6.396052,"12/07":6.434911,"12/08":6.3173823,"12/09":6.448563,"12/10":6.448563,"12/11":6.4634895,"12/12":6.429387,"12/13":6.449334,"12/14":6.7608085,"12/15":7.116262,"12/16":7.1375394,"12/17":7.1375394,"12/18":7.2368665,"12/19":7.269408,"12/20":7.288148,"12/21":7.126693,"12/22":7.121793,"12/23":7.130303,"12/24":7.130303,"12/25":7.130303,"12/26":7.1760283,"12/27":7.077158,"12/28":7.0293436,"12/29":7.274426,"12/30":7.2808094,"12/31":7.2808094},"2023":{"01/01":7.098291,"01/02":6.994135,"01/03":6.8157096,"01/04":6.701416,"01/05":6.7542143,"01/06":6.9097414,"01/07":6.9097414,"01/08":7.1604824,"01/09":6.882137,"01/10":6.8348575,"01/11":6.825768,"01/12":6.7447762,"01/13":6.573727,"01/14":6.573727,"01/15":6.836205,"01/16":7.0155888,"01/17":6.9688735,"01/18":6.779574,