{"0":{"01/01":7.7837405,"01/02":7.7538195,"01/03":7.748093,"01/04":7.738229,"01/05":7.6385064,"01/06":7.656518,"01/07":7.6535907,"01/08":7.5558004,"01/09":7.543897,"01/10":7.5364075,"01/11":7.526555,"01/12":7.619343,"01/13":7.541557,"01/14":7.4827614,"01/15":7.446438,"01/16":7.3785295,"01/17":7.3717003,"01/18":7.3618665,"01/19":7.368498,"01/20":7.415228,"01/21":7.46066,"01/22":7.5439887,"01/23":7.4553394,"01/24":7.4430294,"01/25":7.522874,"01/26":7.522874,"01/27":7.4240217,"01/28":7.5178967,"01/29":7.3865347,"01/30":7.4840326,"01/31":7.474184,"02/01":7.46436,"02/02":7.164796,"02/03":7.2837725,"02/04":7.375042,"02/05":7.5244927,"02/06":7.1753025,"02/07":7.173478,"02/08":7.164732,"02/09":7.0806093,"02/10":7.1331663,"02/11":7.25595,"02/12":7.287709,"02/13":7.274005,"02/14":7.265962,"02/15":7.256677,"02/16":7.246854,"02/17":7.2472634,"02/18":7.2472634,"02/19":7.2472634,"02/20":7.20893,"02/21":7.199916,"02/22":7.1906567,"02/23":7.1813955,"02/24":7.1838484,"02/25":7.1825356,"02/26":7.1542196,"02/27":7.145749,"02/28":7.137913,"02/29":10.010882,"03/01":7.119412,"03/02":7.119412,"03/03":7.1184106,"03/04":7.0896063,"03/05":7.07745,"03/06":7.071232,"03/07":7.0630755,"03/08":7.0630755,"03/09":7.0630755,"03/10":7.063528,"03/11":7.028192,"03/12":7.0219793,"03/13":7.014859,"03/14":7.006175,"03/15":6.9969454,"03/16":6.9969454,"03/17":7.002171,"03/18":7.0070066,"03/19":6.977659,"03/20":6.974455,"03/21":6.967954,"03/22":6.958126,"03/23":6.958126,"03/24":6.960024,"03/25":6.9614983,"03/26":6.932218,"03/27":6.927367,"03/28":6.9291086,"03/29":6.9291086,"03/30":6.9291086,"03/31":6.8987436,"04/01":6.8987436,"04/02":6.9135876,"04/03":6.9037976,"04/04":6.9019856,"04/05":6.892053,"04/06":6.892053,"04/07":6.889484,"04/08":6.863792,"04/09":6.8735867,"04/10":6.854264,"04/11":6.8632092,"04/12":6.8444214,"04/13":6.8444214,"04/14":6.8444214,"04/15":6.8151555,"04/16":6.824156,"04/17":6.832289,"04/18":6.813455,"04/19":6.80404,"04/20":6.80404,"04/21":6.820943,"04/22":6.792645,"04/23":6.7826667,"04/24":6.7937546,"04/25":6.764415,"04/26":6.722888,"04/27":6.722888,"04/28":6.7180624,"04/29":6.7188706,"04/30":6.7083406,"05/01":6.7083406,"05/02":6.6463394,"05/03":6.6253324,"05/04":6.6253324,"05/05":6.636381,"05/06":6.548411,"05/07":6.562761,"05/08":6.5302076,"05/09":6.510861,"05/10":6.493314,"05/11":6.493314,"05/12":6.493314,"05/13":6.451679,"05/14":6.4728556,"05/15":6.4488497,"05/16":6.4377165,"05/17":6.445986,"05/18":6.445986,"05/19":6.440099,"05/20":6.449578,"05/21":6.401438,"05/22":6.341787,"05/23":6.3504796,"05/24":6.3295774,"05/25":6.3295774,"05/26":6.330583,"05/27":6.281864,"05/28":6.291093,"05/29":6.2910657,"05/30":6.265221,"05/31":6.2367406,"06/01":6.2367406,"06/02":6.240297,"06/03":6.165806,"06/04":6.240698,"06/05":6.227822,"06/06":6.1756873,"06/07":6.1675262,"06/08":6.1675262,"06/09":6.148104,"06/10":6.115185,"06/11":6.084605,"06/12":6.0712557,"06/13":6.0334005,"06/14":6.0210166,"06/15":6.0210166,"06/16":6.031043,"06/17":6.032852,"06/18":5.9838176,"06/19":5.953104,"06/20":5.9481215,"06/21":5.934715,"06/22":5.934715,"06/23":5.938472,"06/24":5.916132,"06/25":5.9081736,"06/26":5.912644,"06/27":5.9062114,"06/28":5.90299,"06/29":5.90299,"06/30":5.90299,"07/01":5.8735228,"07/02":5.854251,"07/03":5.8317847,"07/04":5.8184223,"07/05":5.804532,"07/06":5.804532,"07/07":5.804532,"07/08":5.7852287,"07/09":5.774031,"07/10":5.7469406,"07/11":5.7559233,"07/12":5.7484355,"07/13":5.7484355,"07/14":5.753158,"07/15":5.7149024,"07/16":5.714949,"07/17":5.7207384,"07/18":5.6849966,"07/19":5.6737695,"07/20":5.6737695,"07/21":5.6798353,"07/22":5.6519065,"07/23":5.6449246,"07/24":5.6263704,"07/25":5.614573,"07/26":5.5741105,"07/27":5.5741105,"07/28":5.571104,"07/29":5.5175014,"07/30":5.520599,"07/31":5.5025754,"08/01":5.489879,"08/02":5.4761086,"08/03":5.4761086,"08/04":5.4881682,"08/05":5.419495,"08/06":5.399053,"08/07":5.382735,"08/08":5.3795724,"08/09":5.3716807,"08/10":5.3716807,"08/11":5.360307,"08/12":5.317602,"08/13":5.3065605,"08/14":5.29747,"08/15":5.29747,"08/16":5.283334,"08/17":5.283334,"08/18":5.264114,"08/19":5.223165,"08/20":5.2116046,"08/21":5.193628,"08/22":5.182639,"08/23":5.1769304,"08/24":5.1769304,"08/25":5.168962,"08/26":5.125051,"08/27":5.121444,"08/28":5.125217,"08/29":5.107545,"08/30":5.0998116,"08/31":5.0998116,"09/01":5.1003456,"09/02":5.079199,"09/03":5.0726986,"09/04":5.068604,"09/05":5.0785217,"09/06":4.4481573,"09/07":4.4481573,"09/08":4.4481573,"09/09":4.409084,"09/10":4.421631,"09/11":4.3563647,"09/12":4.347529,"09/13":4.245706,"09/14":4.245706,"09/15":4.246376,"09/16":4.1773405,"09/17":4.1110873,"09/18":4.1049685,"09/19":4.0408926,"09/20":4.043394,"09/21":4.043394,"09/22":4.0456824,"09/23":4.0580764,"09/24":3.99072,"09/25":3.9589603,"09/26":3.907506,"09/27":3.9284625,"09/28":3.9284625,"09/29":3.929099,"09/30":3.9178798,"10/01":3.90457,"10/02":3.90457,"10/03":3.9225428,"10/04":3.9550235,"10/05":3.9550235,"10/06":3.9668958,"10/07":3.9265783,"10/08":3.8880367,"10/09":3.8509877,"10/10":3.8357146,"10/11":3.8217165,"10/12":3.8217165,"10/13":3.831596,"10/14":3.814538,"10/15":3.8382323,"10/16":3.7584953,"10/17":3.7470567,"10/18":3.7535484,"10/19":3.7535484,"10/20":3.7550635,"10/21":3.7725577,"10/22":3.822606,"10/23":3.773788,"10/24":3.7496455,"10/25":3.7461574,"10/26":3.7461574,"10/27":3.744849,"10/28":3.7445247,"10/29":3.73976,"10/30":3.7283773,"10/31":3.6900327,"11/01":3.6900327,"11/02":3.6900327,"11/03":3.6884837,"11/04":3.4075747,"11/05":3.3952985,"11/06":3.3781862,"11/07":3.3792968,"11/08":3.32681,"11/09":3.32681,"11/10":3.331801,"11/11":3.332506,"11/12":3.3625636,"11/13":3.3555517,"11/14":3.3638973,"11/15":3.3638973,"11/16":3.3638973,"11/17":3.3568995,"11/18":3.3316474,"11/19":3.2803535,"11/20":3.2813904,"11/21":3.2639802,"11/22":3.3300033,"11/23":3.3300033,"11/24":3.3376043,"11/25":3.2671394,"11/26":3.3152082,"11/27":3.3273213,"11/28":3.3114843,"11/29":3.2743015,"11/30":3.2743015,"12/01":3.269601,"12/02":3.1401882,"12/03":3.066627,"12/04":3.015774,"12/05":3.0141234,"12/06":3.0107284,"12/07":3.0107284,"12/08":3.0064342,"12/09":2.959814,"12/10":2.927151,"12/11":2.9273622,"12/12":2.9175766,"12/13":2.9132416,"12/14":2.9132416,"12/15":2.9195638,"12/16":2.922061,"12/17":2.8680549,"12/18":2.8682053,"12/19":2.9512627,"12/20":2.9536793,"12/21":2.9536793,"12/22":2.9444234,"12/23":2.9052382,"12/24":2.90606,"12/25":2.90606,"12/26":5.123777,"12/27":5.123264,"12/28":5.123264,"12/29":5.1191077,"12/30":5.1213183,"12/31":5.121534},"2023":{"12/26":9.581003,"12/27":9.534998,"12/28":9.534998,"12/29":9.519665,"12/30":9.706645,"12/31":9.724638},"2024":{"01/01":9.689418,"01/02":9.720634,"01/03":9.695693,"01/04":9.675964,"01/05":9.675964,"01/06":9.66498,"01/07":9.798828,"01/08":9.730098,"01/09":9.725254,"01/10":9.692066,"01/11":9.672362,"01/12":9.672362,"01/13":9.648424,"01/14":9.499769,"01/15":9.525039,"01/16":9.602184,"01/17":9.677384,"01/18":9.657717,"01/19":9.655528,"01/20":9.782078,"01/21":9.826921,"01/22":9.798023,"01/23":9.698586,"01/24":9.711204,"01/25":9.870893,"01/26":9.870893,"01/27":9.933701,"01/28":10.035386,"01/29":9.746971,"01/30":9.764225,"01/31":9.768345,"02/01":9.748698,"02/02":9.730161,"02/03":9.843466,"02/04":9.8583765,"02/05":9.840567,"02/06":9.880709,"02/07":10.151141,"02/08":10.133649,"02/09":10.115058,"02/10":10.1249895,"02/11":10.131938,"02/12":10.124523,"02/13":10.074205,"02/14":10.123988,"02/15":10.105418,"02/16":10.085772,"02/17":10.101628,"02/18":10.101628,"02/19":10.101628,"02/20":10.019321,"02/21":10.010698,"02/22":9.992181,"02/23":9.973658,"02/24":10.0687275,"02/25":10.018218,"02/26":9.961586,"02/27":9.993468,"02/28":10.029382,"02/29":10.010882,"03/01":9.992379,"03/02":9.992379,"03/03":9.953806,"03/04":9.896197,"03/05":9.739439,"03/06":9.842554,"03/07":9.845945,"03/08":9.845945,"03/09":9.845945,"03/10":9.863738,"03/11":9.870842,"03/12":9.96692,"03/13":10.026449,"03/14":10.009081,"03/15":9.990622,"03/16":9.990622,"03/17":10.177131,"03/18":10.340951,"03/19":10.54583,"03/20":10.696008,"03/21":10.759283,"03/22":10.739627,"03/23":10.739627,"03/24":10.794823,