{"0":{"01/01":8.158168,"01/02":8.150742,"01/03":8.141811,"01/04":8.133463,"01/05":8.133463,"01/06":8.136531,"01/07":8.144184,"01/08":8.0816145,"01/09":8.063423,"01/10":8.0125675,"01/11":7.963248,"01/12":7.963248,"01/13":7.9466553,"01/14":7.946513,"01/15":7.7773123,"01/16":7.7697296,"01/17":7.795823,"01/18":7.8375883,"01/19":7.7963734,"01/20":7.802264,"01/21":7.812162,"01/22":7.819536,"01/23":7.730691,"01/24":7.6995687,"01/25":7.606577,"01/26":7.606577,"01/27":7.616412,"01/28":7.613463,"01/29":7.490081,"01/30":7.455349,"01/31":7.3648615,"02/01":6.922571,"02/02":6.774041,"02/03":6.774181,"02/04":6.7739487,"02/05":6.807868,"02/06":6.780561,"02/07":6.6810503,"02/08":6.6454716,"02/09":6.719861,"02/10":6.71914,"02/11":6.719186,"02/12":6.6735735,"02/13":6.689979,"02/14":6.720833,"02/15":6.5326595,"02/16":6.549571,"02/17":6.5515146,"02/18":6.5515146,"02/19":6.5515146,"02/20":6.450466,"02/21":6.375484,"02/22":6.37706,"02/23":6.388078,"02/24":6.3897104,"02/25":6.388495,"02/26":6.3543963,"02/27":6.374746,"02/28":6.3422785,"02/29":8.232616,"03/01":6.272291,"03/02":6.272291,"03/03":6.2716255,"03/04":6.2195334,"03/05":6.1832495,"03/06":6.1823254,"03/07":6.091295,"03/08":6.091295,"03/09":6.091295,"03/10":6.092813,"03/11":5.986523,"03/12":6.0326624,"03/13":6.0688834,"03/14":6.0741067,"03/15":6.103916,"03/16":6.103916,"03/17":6.109925,"03/18":6.114518,"03/19":6.2619905,"03/20":6.284788,"03/21":6.155779,"03/22":6.2383013,"03/23":6.2383013,"03/24":6.2398305,"03/25":6.239667,"03/26":6.274601,"03/27":6.169711,"03/28":5.942378,"03/29":5.942378,"03/30":5.942378,"03/31":5.922324,"04/01":5.922324,"04/02":6.209543,"04/03":6.2129793,"04/04":6.1924634,"04/05":6.2682123,"04/06":6.2682123,"04/07":6.2653112,"04/08":6.3969483,"04/09":6.4034514,"04/10":6.27561,"04/11":6.281089,"04/12":6.5381517,"04/13":6.5381517,"04/14":6.5381517,"04/15":6.457804,"04/16":6.527145,"04/17":6.530958,"04/18":6.4982734,"04/19":6.642379,"04/20":6.642379,"04/21":6.677383,"04/22":6.5445557,"04/23":6.449976,"04/24":6.5554085,"04/25":6.555951,"04/26":6.568029,"04/27":6.568029,"04/28":6.5553546,"04/29":6.51455,"04/30":6.539268,"05/01":6.539268,"05/02":6.4219174,"05/03":6.305056,"05/04":6.305056,"05/05":6.314704,"05/06":6.0640507,"05/07":6.1307793,"05/08":6.1082783,"05/09":6.063287,"05/10":5.9758444,"05/11":5.9758444,"05/12":5.9758444,"05/13":5.8982897,"05/14":5.8629403,"05/15":5.7727594,"05/16":5.708499,"05/17":5.7754617,"05/18":5.7754617,"05/19":5.767047,"05/20":5.774077,"05/21":5.680651,"05/22":5.502887,"05/23":5.5111537,"05/24":5.440568,"05/25":5.440568,"05/26":5.443385,"05/27":5.3655105,"05/28":5.3960757,"05/29":5.4476213,"05/30":5.4356737,"05/31":5.406582,"06/01":5.406582,"06/02":5.4074364,"06/03":5.209453,"06/04":5.59637,"06/05":5.4884105,"06/06":5.328532,"06/07":5.2928977,"06/08":5.2928977,"06/09":5.2647696,"06/10":5.232694,"06/11":5.1451044,"06/12":5.1237173,"06/13":5.024292,"06/14":4.9535255,"06/15":4.9535255,"06/16":4.9662952,"06/17":4.9638085,"06/18":4.874973,"06/19":4.7350755,"06/20":4.6962314,"06/21":4.6046066,"06/22":4.6046066,"06/23":4.609418,"06/24":4.5523896,"06/25":4.577072,"06/26":4.606954,"06/27":4.5993676,"06/28":4.659099,"06/29":4.659099,"06/30":4.659099,"07/01":4.657577,"07/02":4.6175776,"07/03":4.575609,"07/04":4.5978484,"07/05":4.640861,"07/06":4.640861,"07/07":4.640861,"07/08":4.589021,"07/09":4.5649476,"07/10":4.5264325,"07/11":4.548904,"07/12":4.5529613,"07/13":4.5529613,"07/14":4.5600233,"07/15":4.511402,"07/16":4.510643,"07/17":4.514215,"07/18":4.4175806,"07/19":4.3770924,"07/20":4.3770924,"07/21":4.3819613,"07/22":4.3276854,"07/23":4.3709073,"07/24":4.3307977,"07/25":4.3183613,"07/26":4.2459702,"07/27":4.2459702,"07/28":4.240059,"07/29":4.194152,"07/30":4.2952657,"07/31":4.2824717,"08/01":4.275643,"08/02":4.208499,"08/03":4.208499,"08/04":4.2196093,"08/05":4.0152707,"08/06":4.0015006,"08/07":3.9521163,"08/08":3.9831948,"08/09":4.002457,"08/10":4.002457,"08/11":3.991922,"08/12":3.9427247,"08/13":3.9433718,"08/14":3.8561733,"08/15":3.8561733,"08/16":3.8380413,"08/17":3.8380413,"08/18":3.8259501,"08/19":3.6980424,"08/20":3.5932546,"08/21":3.5622144,"08/22":3.5603647,"08/23":3.568552,"08/24":3.568552,"08/25":3.5635996,"08/26":3.5545712,"08/27":3.5861645,"08/28":3.5959134,"08/29":3.6000104,"08/30":3.6057682,"08/31":3.6057682,"09/01":3.6051953,"09/02":3.6164274,"09/03":3.5630682,"09/04":3.4757795,"09/05":3.4850779,"09/06":3.4783044,"09/07":3.4783044,"09/08":3.4783044,"09/09":3.4362483,"09/10":3.3845491,"09/11":3.2757614,"09/12":3.213298,"09/13":3.1431522,"09/14":3.1431522,"09/15":3.143472,"09/16":3.0191739,"09/17":3.0631418,"09/18":3.0598812,"09/19":2.960588,"09/20":2.9596376,"09/21":2.9596376,"09/22":2.9588146,"09/23":2.9011958,"09/24":2.8390055,"09/25":2.6922092,"09/26":2.585937,"09/27":2.7641058,"09/28":2.7641058,"09/29":2.7662647,"09/30":2.680161,"10/01":2.5716798,"10/02":2.5716798,"10/03":2.7072194,"10/04":2.9599268,"10/05":2.9599268,"10/06":2.9710336,"10/07":2.9831207,"10/08":2.8607752,"10/09":2.7345471,"10/10":2.7705705,"10/11":2.8115613,"10/12":2.8115613,"10/13":2.8214138,"10/14":2.7374604,"10/15":2.6943417,"10/16":2.6769822,"10/17":2.7444336,"10/18":2.8436084,"10/19":2.8436084,"10/20":2.84231,"10/21":2.8256032,"10/22":2.794603,"10/23":2.759835,"10/24":2.7793574,"10/25":2.867627,"10/26":2.867627,"10/27":2.867627,"10/28":2.9394178,"10/29":2.8700202,"10/30":2.8700202,"10/31":2.8313289,"11/01":2.8313289,"11/02":2.8313289,"11/03":2.8313289,"11/04":2.7493644,"11/05":2.7493644,"11/06":2.769356,"11/07":2.7741156,"11/08":2.7289119,"11/09":2.7289119,"11/10":2.7289119,"11/11":2.6723952,"11/12":2.7103736,"11/13":2.7779264,"11/14":2.9552364,"11/15":2.9552364,"11/16":2.9552364,"11/17":2.9552364,"11/18":2.8824494,"11/19":2.8642817,"11/20":2.8642817,"11/21":2.9494843,"11/22":2.970108,"11/23":2.970108,"11/24":2.970108,"11/25":2.874319,"11/26":2.8843603,"11/27":2.8337185,"11/28":2.8590274,"11/29":2.7132285,"11/30":2.7132285,"12/01":2.7132285,"12/02":2.5129983,"12/03":2.5021536,"12/04":2.3531554,"12/05":2.3161538,"12/06":2.499798,"12/07":2.499798,"12/08":2.499798,"12/09":2.3695645,"12/10":2.3381636,"12/11":2.3878639,"12/12":2.3995972,"12/13":2.2951038,"12/14":2.2951038,"12/15":2.2951038,"12/16":2.2951038,"12/17":2.3531554,"12/18":2.318966,"12/19":2.4922569,"12/20":2.5483875,"12/21":2.5483875,"12/22":2.5483875,"12/23":2.5049813,"12/24":2.5290356,"12/25":2.5290356,"12/26":5.459969,"12/27":5.460963,"12/28":5.45577,"12/29":5.456141,"12/30":5.459,"12/31":5.462841},"2023":{"12/26":11.233997,"12/27":11.288004,"12/28":11.272426,"12/29":11.27354,"12/30":11.424516,"12/31":11.617495},"2024":{"01/01":11.373272,"01/02":11.406415,"01/03":11.423352,"01/04":11.406656,"01/05":11.406656,"01/06":11.509533,"01/07":11.754254,"01/08":11.525297,"01/09":11.459891,"01/10":11.313201,"01/11":11.214561,"01/12":11.214561,"01/13":10.590256,"01/14":10.584283,"01/15":10.353868,"01/16":10.697987,"01/17":10.620324,"01/18":10.703855,"01/19":10.621424,"01/20":10.84382,"01/21":11.186351,"01/22":11.421652,"01/23":11.196576,"01/24":11.273573,"01/25":11.087589,"01/26":11.087589,"01/27":11.389236,"01/28":11.301209,"01/29":10.929636,"01/30":10.885159,"01/31":10.569845,"02/01":9.685266,"02/02":9.388206,"02/03":9.394049,"02/04":9.384313,"02/05":9.60777,"02/06":9.799524,"02/07":9.270826,"02/08":9.199669,"02/09":9.348449,"02/10":9.318276,"02/11":9.320225,"02/12":9.317902,"02/13":9.175537,"02/14":9.3040495,"02/15":8.927703,"02/16":8.961526,"02/17":9.047869,"02/18":9.047869,"02/19":9.047869,"02/20":8.767021,"02/21":8.476872,"02/22":8.480024,"02/23":8.502061,"02/24":8.584288,"02/25":8.523344,"02/26":8.455147,"02/27":8.357195,"02/28":8.206466,"02/29":8.232616,"03/01":8.066492,"03/02":8.066492,"03/03":8.025948,"03/04":7.921763,"03/05":8.041248,"03/06":8.342808,"03/07":8.245793,"03/08":8.245793,"03/09":8.245793,"03/10":8.320826,"03/11":8.26941,"03/12":8.555344,"03/13":8.719316,"03/14":8.729762,"03/15":8.789381,"03/16":8.789381,"03/17":9.023132,"03/18":9.19051,"03/19":9.822939,"03/20":10.046786,"03/21":9.764499,"03/22":9.9295435,