{"0":{"01/01":6.3678145,"01/02":6.3279433,"01/03":6.2859926,"01/04":6.2797055,"01/05":6.2451334,"01/06":6.312209,"01/07":6.312209,"01/08":6.312209,"01/09":6.2001143,"01/10":6.2514167,"01/11":6.227327,"01/12":6.0694656,"01/13":6.1007953,"01/14":6.1007953,"01/15":6.1007953,"01/16":6.041289,"01/17":6.026684,"01/18":5.9912324,"01/19":6.018338,"01/20":6.0663295,"01/21":6.0663295,"01/22":6.0663295,"01/23":5.9620543,"01/24":5.894377,"01/25":5.895419,"01/26":5.895419,"01/27":5.951633,"01/28":5.951633,"01/29":5.951633,"01/30":6.047548,"01/31":5.970381,"02/01":5.8517365,"02/02":5.688761,"02/03":5.699131,"02/04":5.699131,"02/05":5.699131,"02/06":5.5852165,"02/07":5.53352,"02/08":5.727126,"02/09":5.7499504,"02/10":5.7364545,"02/11":5.7364545,"02/12":5.7364545,"02/13":5.6690755,"02/14":5.796659,"02/15":5.664926,"02/16":5.6286798,"02/17":5.856932,"02/18":5.856932,"02/19":5.856932,"02/20":5.7240105,"02/21":5.691875,"02/22":5.701197,"02/23":5.6949787,"02/24":5.647323,"02/25":5.647323,"02/26":5.647323,"02/27":5.658712,"02/28":5.6400743,"03/01":5.6380005,"03/02":5.647323,"03/03":5.6442122,"03/04":5.6442122,"03/05":5.6442122,"03/06":5.6255794,"03/07":5.6255794,"03/08":5.609016,"03/09":5.577976,"03/10":5.506662,"03/11":5.506662,"03/12":5.506662,"03/13":5.2603817,"03/14":5.166912,"03/15":5.1884675,"03/16":5.1730685,"03/17":5.1504927,"03/18":5.1504927,"03/19":5.1504927,"03/20":4.9457154,"03/21":5.0940995,"03/22":5.0940995,"03/23":5.015249,"03/24":4.9876294,"03/25":4.9876294,"03/26":4.9876294,"03/27":4.9099607,"03/28":5.021387,"03/29":4.943669,"03/30":4.943669,"03/31":4.71323,"04/01":4.71323,"04/02":4.71323,"04/03":4.781445,"04/04":4.781445,"04/05":4.5973735,"04/06":4.255385,"04/07":4.255385,"04/08":4.255385,"04/09":4.255385,"04/10":4.1727457,"04/11":4.1505966,"04/12":4.121425,"04/13":4.1787863,"04/14":4.1787863,"04/15":4.1787863,"04/16":4.1787863,"04/17":4.146575,"04/18":4.0691395,"04/19":4.0179114,"04/20":3.957715,"04/21":3.8115191,"04/22":3.8115191,"04/23":3.8115191,"04/24":3.6009576,"04/25":3.5084198,"04/26":3.3704238,"04/27":3.3575282,"04/28":3.3387012,"04/29":3.3387012,"04/30":3.3387012,"05/01":3.3387012,"05/02":3.2515836,"05/03":3.045249,"05/04":2.9753528,"05/05":2.9753528,"05/06":2.9753528,"05/07":2.9753528,"05/08":2.8564358,"05/09":2.8829453,"05/10":2.8358257,"05/11":2.8466165,"05/12":2.705487,"05/13":2.705487,"05/14":2.705487,"05/15":2.5979307,"05/16":2.4886568,"05/17":2.4496894,"05/18":2.4672182,"05/19":2.4360569,"05/20":2.4360569,"05/21":2.4360569,"05/22":2.302848,"05/23":2.4000428,"05/24":2.3397577,"05/25":2.3397577,"05/26":2.3144999,"05/27":2.3144999,"05/28":2.3144999,"05/29":2.302848,"05/30":2.3009033,"05/31":2.2436395,"06/01":2.1418943,"06/02":2.0944824,"06/03":2.0944824,"06/04":2.0944824,"06/05":2.041319,"06/06":2.0248933,"06/07":2.0142744,"06/08":2.077081,"06/09":2.2097018,"06/10":2.2097018,"06/11":2.2097018,"06/12":2.1302817,"06/13":2.1283436,"06/14":2.116734,"06/15":2.1206005,"06/16":2.1399555,"06/17":2.1399555,"06/18":2.1399555,"06/19":2.0983565,"06/20":2.0548465,"06/21":2.0751448,"06/22":2.1690063,"06/23":2.1690063,"06/24":2.1690063,"06/25":2.1690063,"06/26":2.0741765,"06/27":2.087713,"06/28":1.936123,"06/29":1.936123,"06/30":1.984345,"07/01":1.984345,"07/02":1.984345,"07/03":2.0297291,"07/04":2.0026908,"07/05":1.989177,"07/06":2.0548465,"07/07":2.0548465,"07/08":2.0548465,"07/09":2.0548465,"07/10":2.0548465,"07/11":1.9226269,"07/12":1.9650489,"07/13":1.8542356,"07/14":1.8147768,"07/15":1.8147768,"07/16":1.8147768,"07/17":1.689894,"07/18":1.5653081,"07/19":1.5433053,"07/20":1.4954902,"07/21":1.4993098,"07/22":1.4993098,"07/23":1.4993098,"07/24":1.4333972,"07/25":1.4926189,"07/26":1.47924,"07/27":1.5213027,"07/28":1.6918156,"07/29":1.6918156,"07/30":1.6918156,"07/31":1.6198957,"08/01":1.5346929,"08/02":1.5413892,"08/03":1.6208551,"08/04":1.6822174,"08/05":1.6822174,"08/06":1.6822174,"08/07":1.594033,"08/08":1.613189,"08/09":1.5662665,"08/10":1.5050442,"08/11":1.5921242,"08/12":1.5921242,"08/13":1.5921242,"08/14":1.5844623,"08/15":1.5844623,"08/16":1.5844623,"08/17":1.7407684,"08/18":1.6429008,"08/19":1.6429008,"08/20":1.6429008,"08/21":1.5423472,"08/22":1.5519099,"08/23":1.4610909,"08/24":1.4257592,"08/25":1.404763,"08/26":1.404763,"08/27":1.404763,"08/28":1.3084941,"08/29":1.2447246,"08/30":1.232363,"08/31":1.2123986,"09/01":1.178191,"09/02":1.178191,"09/03":1.178191,"09/04":1.0482316,"09/05":1.0757155,"09/06":1.1591986,"09/07":1.0529664,"09/08":1.0349696,"09/09":1.0349696,"09/10":1.0349696,"09/11":1.0520176,"09/12":3.851565,"09/13":3.8556533,"09/14":3.859611,"09/15":3.8673413,"09/16":3.859869,"09/17":3.859869,"09/18":3.862124,"09/19":3.8413055,"09/20":3.8355708,"09/21":3.833518,"09/22":3.8255923,"09/23":3.8181186,"09/24":3.8181186,"09/25":3.8199134,"09/26":3.8004565,"09/27":3.7992916,"09/28":3.788249,"09/29":3.8197408,"09/30":4.122649,"10/01":4.122649,"10/02":4.122649,"10/03":4.212868,"10/04":4.1741843,"10/05":4.176705,"10/06":4.15872,"10/07":4.1840982,"10/08":4.1840982,"10/09":4.1811447,"10/10":4.181926,"10/11":4.2155843,"10/12":4.217214,"10/13":4.199364,"10/14":4.185293,"10/15":4.185293,"10/16":4.186171,"10/17":4.1342387,"10/18":4.065219,"10/19":4.080619,"10/20":4.162692,"10/21":4.1470246,"10/22":4.1470246,"10/23":4.1473327,"10/24":4.1473327,"10/25":4.049694,"10/26":4.051852,"10/27":3.976727,"10/28":3.984255,"10/29":3.984255,"10/30":3.9861405,"10/31":3.936295,"11/01":3.9179685,"11/02":3.9051735,"11/03":3.8950408,"11/04":3.897191,"11/05":3.897191,"11/06":3.9008703,"11/07":3.8605325,"11/08":3.8622758,"11/09":3.8152604,"11/10":3.779259,"11/11":3.6728961,"11/12":3.6728961,"11/13":3.673822,"11/14":3.65729,"11/15":3.6248114,"11/16":3.621139,"11/17":3.56212,"11/18":3.5796897,"11/19":3.5796897,"11/20":3.5803514,"11/21":3.5896676,"11/22":3.5614758,"11/23":3.5619974,"11/24":3.5015724,"11/25":3.4580903,"11/26":3.4580903,"11/27":3.4580903,"11/28":3.4161353,"11/29":3.429081,"11/30":3.4087296,"12/01":3.3810155,"12/02":3.3709784,"12/03":3.3709784,"12/04":3.3724873,"12/05":3.3650882,"12/06":3.3518817,"12/07":3.4089875,"12/08":3.372488,"12/09":3.3629763,"12/10":3.3629763,"12/11":3.3629763,"12/12":3.3349812,"12/13":3.2896252,"12/14":3.1681688,"12/15":3.2148967,"12/16":3.2701325,"12/17":3.2701325,"12/18":3.2701325,"12/19":3.2443416,"12/20":3.2148967,"12/21":3.2117448,"12/22":3.2038634,"12/23":3.2206757,"12/24":3.2206757,"12/25":3.2206757,"12/26":3.232769,"12/27":3.1959841,"12/28":3.235924,"12/29":3.1944067,"12/30":3.1839073,"12/31":3.1839073},"2022":{"09/12":6.6349983,"09/13":6.6943274,"09/14":6.821412,"09/15":6.734749,"09/16":6.7198043,"09/17":6.7198043,"09/18":6.802812,"09/19":6.761175,"09/20":6.8092084,"09/21":6.861712,"09/22":6.848684,"09/23":6.8337364,"09/24":6.8337364,"09/25":6.8966885,"09/26":6.885078,"09/27":6.948589,"09/28":6.8277106,"09/29":6.890694,"09/30":7.496511,"10/01":7.496511,"10/02":7.496511,"10/03":7.812392,"10/04":7.790406,"10/05":7.8648353,"10/06":7.332651,"10/07":7.3834066,"10/08":7.3834066,"10/09":7.2827864,"10/10":7.256847,"10/11":7.517294,"10/12":7.553614,"10/13":7.5509534,"10/14":7.522811,"10/15":7.522811,"10/16":7.5509825,"10/17":7.4622087,"10/18":7.3081336,"10/19":7.281369,"10/20":7.4643965,"10/21":7.4330616,"10/22":7.4330616,"10/23":7.4431195,"10/24":7.4431195,"10/25":7.3628416,"10/26":7.432083,"10/27":7.305342,"10/28":7.3203983,"10/29":7.3203983,"10/30":7.3805294,"10/31":7.317446,"11/01":7.326744,"11/02":7.303961,"11/03":7.301507,"11/04":7.3058076,"11/05":7.3058076,"11/06":7.419859,"11/07":7.3681626,"11/08":7.4211454,"11/09":7.3933506,"11/10":7.303634,"11/11":7.0909085,"11/12":7.0909085,"11/13":7.119799,"11/14":7.0867352,"11/15":7.1762652,"11/16":7.185649,"11/17":7.101042,"11/18":7.1361814,"11/19":7.1361814,"11/20":7.1560655,"11/21":7.106908,"11/22":7.0663223,"11/23":7.0822196,"11/24":6.888882,"11/25":6.801918,"11/26":6.801918,"11/27":6.801918,"11/28":6.7932854,"11/29":6.8572326,"11/30":6.794261,"12/01":6.6849604,"12/02":6.664886,"12/03":6.664886,"12/04":6.7134185,"12/05":6.7301764,"12/06":6.7037635,"12/07":6.817975,"12/08":6.744976,