{"0":{"01/01":4.7381153,"01/02":4.7109847,"01/03":4.7028956,"01/04":4.6948347,"01/05":4.686371,"01/06":4.6779094,"01/07":4.6779094,"01/08":4.679487,"01/09":4.6544943,"01/10":4.649093,"01/11":4.6410275,"01/12":4.6325707,"01/13":4.6241164,"01/14":4.6241164,"01/15":4.6257467,"01/16":4.6002803,"01/17":4.5922375,"01/18":4.583684,"01/19":4.575663,"01/20":4.5672207,"01/21":4.5672207,"01/22":4.5672207,"01/23":4.542519,"01/24":4.5339847,"01/25":4.525437,"01/26":4.525437,"01/27":4.5069814,"01/28":4.5069814,"01/29":4.508732,"01/30":4.481761,"01/31":4.4732265,"02/01":4.464195,"02/02":4.4561944,"02/03":4.4472427,"02/04":4.4472427,"02/05":4.4485216,"02/06":4.423129,"02/07":4.415119,"02/08":4.407135,"02/09":4.3981047,"02/10":4.3886313,"02/11":4.3886313,"02/12":4.3900127,"02/13":4.3625803,"02/14":4.354111,"02/15":4.3456264,"02/16":4.3371634,"02/17":4.328227,"02/18":4.328227,"02/19":4.328227,"02/20":4.303281,"02/21":4.294283,"02/22":4.285294,"02/23":4.2763023,"02/24":4.2673817,"02/25":4.2673817,"02/26":4.268806,"02/27":4.240958,"02/28":4.233558,"02/29":1.5126897,"03/01":4.226111,"03/02":4.2171917,"03/03":4.2082806,"03/04":4.2097135,"03/05":4.210171,"03/06":4.1828594,"03/07":4.1833186,"03/08":4.164451,"03/09":4.1555495,"03/10":4.145602,"03/11":4.1475706,"03/12":4.1480646,"03/13":4.116084,"03/14":4.1066346,"03/15":4.09559,"03/16":4.089838,"03/17":4.0804214,"03/18":4.0804214,"03/19":4.0824943,"03/20":4.0531635,"03/21":4.0416427,"03/22":4.0421743,"03/23":4.0144806,"03/24":4.001954,"03/25":4.001954,"03/26":4.0040584,"03/27":3.976896,"03/28":3.9784536,"03/29":3.9904635,"03/30":3.9904635,"03/31":3.9398332,"04/01":3.9398332,"04/02":3.9416616,"04/03":3.8895075,"04/04":3.8900266,"04/05":3.8645127,"04/06":3.8572276,"04/07":3.8572276,"04/08":3.8587952,"04/09":3.8587952,"04/10":3.8104594,"04/11":3.7990253,"04/12":3.7902322,"04/13":3.7777634,"04/14":3.7777634,"04/15":3.77938,"04/16":3.779944,"04/17":3.7420359,"04/18":3.7321763,"04/19":3.7244077,"04/20":3.7161064,"04/21":3.7072883,"04/22":3.708873,"04/23":3.7094166,"04/24":3.6835423,"04/25":3.6752715,"04/26":3.6685894,"04/27":3.6587446,"04/28":3.649936,"04/29":3.6516395,"04/30":3.6522236,"05/01":3.6522236,"05/02":3.6165817,"05/03":3.6073031,"05/04":3.5974703,"05/05":3.5974703,"05/06":3.5991507,"05/07":3.5997167,"05/08":3.560951,"05/09":3.5506854,"05/10":3.541424,"05/11":3.5321224,"05/12":3.5223064,"05/13":3.5240996,"05/14":3.524704,"05/15":3.4963408,"05/16":3.4870992,"05/17":3.475285,"05/18":3.461862,"05/19":3.4489677,"05/20":3.4489677,"05/21":3.4513986,"05/22":3.4200294,"05/23":3.4050808,"05/24":3.3980575,"05/25":3.3980575,"05/26":3.3805423,"05/27":3.3805423,"05/28":3.3805423,"05/29":3.3517182,"05/30":3.3450322,"05/31":3.3347485,"06/01":3.3244686,"06/02":3.3131645,"06/03":3.3131645,"06/04":3.3131645,"06/05":3.2838988,"06/06":3.2731256,"06/07":3.2633834,"06/08":3.2536395,"06/09":3.2459514,"06/10":3.2459514,"06/11":3.2459514,"06/12":3.2193227,"06/13":3.2101073,"06/14":3.201925,"06/15":3.1916916,"06/16":3.1804483,"06/17":3.1804483,"06/18":3.1804483,"06/19":3.1518397,"06/20":3.142648,"06/21":3.1314204,"06/22":3.1201978,"06/23":3.1115322,"06/24":3.1115322,"06/25":3.1115322,"06/26":3.0835075,"06/27":3.0768836,"06/28":3.068742,"06/29":3.068742,"06/30":3.049405,"07/01":3.049405,"07/02":3.049405,"07/03":3.0194159,"07/04":3.0031605,"07/05":2.9925,"07/06":2.98286,"07/07":2.98286,"07/08":2.98286,"07/09":2.98286,"07/10":2.98286,"07/11":2.9362242,"07/12":2.9271069,"07/13":2.916477,"07/14":2.9053497,"07/15":2.9053497,"07/16":2.9053497,"07/17":2.8775375,"07/18":2.8679392,"07/19":2.8583443,"07/20":2.8482478,"07/21":2.8391604,"07/22":2.8391604,"07/23":2.8391604,"07/24":2.8114226,"07/25":2.8018484,"07/26":2.792777,"07/27":2.7827055,"07/28":2.7736456,"07/29":2.7736456,"07/30":2.7736456,"07/31":2.7464752,"08/01":2.7369244,"08/02":2.726874,"08/03":2.7163246,"08/04":2.705779,"08/05":2.705779,"08/06":2.705779,"08/07":2.6776788,"08/08":2.6696544,"08/09":2.661637,"08/10":2.6521122,"08/11":2.6450987,"08/12":2.6450987,"08/13":2.6450987,"08/14":2.6165621,"08/15":2.6165621,"08/16":2.6165621,"08/17":2.5890572,"08/18":2.5805643,"08/19":2.5805643,"08/20":2.5805643,"08/21":2.5515976,"08/22":2.542612,"08/23":2.5326357,"08/24":2.5231621,"08/25":2.5126941,"08/26":2.5126941,"08/27":2.5126941,"08/28":2.483802,"08/29":2.4738479,"08/30":2.4643958,"08/31":2.454449,"09/01":2.444008,"09/02":2.444008,"09/03":2.444008,"09/04":2.4146945,"09/05":2.4052634,"09/06":2.395831,"09/07":2.3859103,"09/08":2.3774827,"09/09":2.3774827,"09/10":2.3774827,"09/11":2.3492353,"09/12":2.340319,"09/13":2.3328972,"09/14":2.323491,"09/15":2.311126,"09/16":2.311126,"09/17":2.311126,"09/18":2.2824554,"09/19":2.2824554,"09/20":2.2636871,"09/21":2.2543104,"09/22":2.2439492,"09/23":2.2439492,"09/24":2.2439492,"09/25":2.215352,"09/26":2.2059927,"09/27":2.1990974,"09/28":2.1877723,"09/29":2.1877723,"09/30":2.1877723,"10/01":2.1877723,"10/02":2.1877723,"10/03":2.1341753,"10/04":2.1238618,"10/05":2.113552,"10/06":2.1042292,"10/07":2.1042292,"10/08":2.1042292,"10/09":2.0777435,"10/10":2.0679426,"10/11":2.059617,"10/12":2.0503087,"10/13":2.0405183,"10/14":2.0405183,"10/15":2.0405183,"10/16":2.0121434,"10/17":2.0023673,"10/18":1.992595,"10/19":1.9823371,"10/20":1.975012,"10/21":3.4683418,"10/22":3.4683418,"10/23":3.4687908,"10/24":3.4687908,"10/25":3.4691143,"10/26":3.4692757,"10/27":3.469448,"10/28":3.469448,"10/29":3.469448,"10/30":3.469969,"10/31":3.4705162,"11/01":3.4664066,"11/02":3.4619668,"11/03":3.456824,"11/04":3.4522007,"11/05":3.4522007,"11/06":3.452761,"11/07":3.4383516,"11/08":3.4385364,"11/09":3.4280741,"11/10":3.422556,"11/11":3.4175837,"11/12":3.4175837,"11/13":3.4181614,"11/14":3.40289,"11/15":3.3979578,"11/16":3.393192,"11/17":3.3887837,"11/18":3.3834598,"11/19":3.3834598,"11/20":3.3840663,"11/21":3.368306,"11/22":3.3635406,"11/23":3.3637555,"11/24":3.3529654,"11/25":3.3472908,"11/26":3.3472908,"11/27":3.3472908,"11/28":3.3332512,"11/29":3.3277893,"11/30":3.323406,"12/01":3.3183024,"12/02":3.3129902,"12/03":3.3129902,"12/04":3.3136628,"12/05":3.297226,"12/06":3.2935512,"12/07":3.2888253,"12/08":3.2833812,"12/09":3.2777147,"12/10":3.2777147,"12/11":3.2784035,"12/12":3.2619917,"12/13":3.2565567,"12/14":3.2511394,"12/15":3.2460625,"12/16":3.2400482,"12/17":3.2400482,"12/18":3.2407615,"12/19":3.2229578,"12/20":3.2171986,"12/21":3.2117796,"12/22":3.206025,"12/23":3.2000163,"12/24":3.2000163,"12/25":3.2000163,"12/26":3.1829908,"12/27":3.176173,"12/28":3.16937,"12/29":3.1639674,"12/30":3.1579697,"12/31":3.1579697},"2022":{"10/21":6.455002,"10/22":6.455002,"10/23":6.5110016,"10/24":6.5110016,"10/25":6.549997,"10/26":6.569004,"10/27":6.589003,"10/28":6.589003,"10/29":6.589003,"10/30":6.6479964,"10/31":6.670065,"11/01":6.6742706,"11/02":6.680392,"11/03":6.684396,"11/04":6.6705256,"11/05":6.6705256,"11/06":6.7294984,"11/07":6.7027597,"11/08":6.7217493,"11/09":6.7097535,"11/10":6.7096715,"11/11":6.694755,"11/12":6.694755,"11/13":6.752669,"11/14":6.7068543,"11/15":6.7298036,"11/16":6.734848,"11/17":6.7409587,"11/18":6.7249866,"11/19":6.7249866,"11/20":6.7828426,"11/21":6.754868,"11/22":6.758907,"11/23":6.7788434,"11/24":6.7648025,"11/25":6.7477784,"11/26":6.7477784,"11/27":6.7477784,"11/28":6.7808037,"11/29":6.7827144,"11/30":6.7888074,"12/01":6.791771,"12/02":6.7758346,"12/03":6.7758346,"12/04":6.8345675,"12/05":6.8035035,"12/06":6.81072,"12/07":6.815747,"12/08":6.8176413,"12/09":6.8006425,"12/10":6.8006425,"12/11":6.8583207,"12/12":6.827287,"12/13":6.8291764,"12/14":6.832071,"12/15":6.835032,"12/16":6.816988,"12/17":6.816988,"12/18":6.8745923,"12/19":6.839346,"12/20":6.8411746,"12/21":6.843059,"12/22":6.844887,"12/23":6.8268614,"12/24":6.8268614,"12/25":6.8268614,"12/26":6.8501816,"12/27":6.847831,"12/28":6.8464823,"12/29":6.8483644,"12/30":6.830371,"12/31":6.830371},"2023":{"01/01":6.888829,"01/02":6.853593,"01/03":6.8554716,"01/04":6.8583517,"01/05":6.8414245,"01/06":6.824501,"01/07":6.824501,"01/08":6.901705,"01/09":6.8697367,"01/10":6.877895,"01/11":6.8797774,"01/12":6.862864,"01/13":6.845956,