{"0":{"01/01":7.491657,"01/02":7.430978,"01/03":7.41416,"01/04":7.3700004,"01/05":7.344507,"01/06":7.3976254,"01/07":7.3976254,"01/08":7.5064826,"01/09":7.379733,"01/10":7.4823985,"01/11":7.4173975,"01/12":7.2848587,"01/13":7.3505564,"01/14":7.3505564,"01/15":7.578717,"01/16":7.5168595,"01/17":7.5467377,"01/18":7.5284758,"01/19":7.4406643,"01/20":7.4237,"01/21":7.4237,"01/22":7.4237,"01/23":7.4604287,"01/24":7.5014243,"01/25":7.480206,"01/26":7.480206,"01/27":7.6053743,"01/28":7.6053743,"01/29":7.7326937,"01/30":7.787895,"01/31":7.911391,"02/01":7.954991,"02/02":7.954516,"02/03":7.929008,"02/04":7.929008,"02/05":7.885694,"02/06":7.8366637,"02/07":7.8111463,"02/08":8.009211,"02/09":8.054623,"02/10":8.000401,"02/11":8.000401,"02/12":8.037788,"02/13":7.984028,"02/14":8.027725,"02/15":8.111668,"02/16":8.115958,"02/17":8.211788,"02/18":8.211788,"02/19":8.211788,"02/20":8.244046,"02/21":8.346288,"02/22":8.437651,"02/23":8.349163,"02/24":8.282021,"02/25":8.282021,"02/26":8.371531,"02/27":8.415325,"02/28":8.392395,"03/01":8.417547,"03/02":8.412221,"03/03":8.386643,"03/04":8.481004,"03/05":8.483947,"03/06":8.470348,"03/07":8.492932,"03/08":8.554774,"03/09":8.577182,"03/10":8.492932,"03/11":8.693297,"03/12":8.725717,"03/13":8.515184,"03/14":8.45013,"03/15":8.546683,"03/16":8.532861,"03/17":8.525419,"03/18":8.525419,"03/19":8.497991,"03/20":8.384514,"03/21":8.425179,"03/22":8.395847,"03/23":8.370406,"03/24":8.360879,"03/25":8.360879,"03/26":8.421491,"03/27":8.384058,"03/28":8.51259,"03/29":8.397164,"03/30":8.397164,"03/31":8.268157,"04/01":8.268157,"04/02":8.309069,"04/03":8.391977,"04/04":8.40367,"04/05":8.204313,"04/06":7.799635,"04/07":7.799635,"04/08":7.75603,"04/09":7.75603,"04/10":7.705941,"04/11":7.615266,"04/12":7.639224,"04/13":7.6465178,"04/14":7.6465178,"04/15":7.6465178,"04/16":7.6465178,"04/17":7.607978,"04/18":7.490452,"04/19":7.458261,"04/20":7.410516,"04/21":7.3099875,"04/22":7.3099875,"04/23":7.3099875,"04/24":7.1033077,"04/25":7.0229154,"04/26":6.8922777,"04/27":6.967323,"04/28":6.9426427,"04/29":6.9426427,"04/30":6.9426427,"05/01":6.9426427,"05/02":6.8132286,"05/03":6.598233,"05/04":6.5624847,"05/05":6.5624847,"05/06":6.5624847,"05/07":6.5624847,"05/08":6.4400997,"05/09":6.431949,"05/10":6.452322,"05/11":6.4431496,"05/12":6.2661824,"05/13":6.2661824,"05/14":6.2661824,"05/15":6.166769,"05/16":6.11916,"05/17":6.0867624,"05/18":6.1454906,"05/19":6.0756364,"05/20":6.0756364,"05/21":6.0756364,"05/22":5.905937,"05/23":5.960421,"05/24":5.8998876,"05/25":5.8998876,"05/26":5.882744,"05/27":5.882744,"05/28":5.882744,"05/29":5.875688,"05/30":5.868633,"05/31":5.8162594,"06/01":5.7096457,"06/02":5.6564145,"06/03":5.6564145,"06/04":5.6564145,"06/05":5.605245,"06/06":5.5581384,"06/07":5.542108,"06/08":5.6463833,"06/09":5.7719765,"06/10":5.7719765,"06/11":5.7719765,"06/12":5.698589,"06/13":5.6925635,"06/14":5.6724796,"06/15":5.652404,"06/16":5.666457,"06/17":5.666457,"06/18":5.666457,"06/19":5.593216,"06/20":5.580186,"06/21":5.634335,"06/22":5.6815195,"06/23":5.694575,"06/24":5.694575,"06/25":5.694575,"06/26":5.634335,"06/27":5.6453786,"06/28":5.491059,"06/29":5.491059,"06/30":5.5872025,"07/01":5.5872025,"07/02":5.5872025,"07/03":5.58921,"07/04":5.5661554,"07/05":5.554135,"07/06":5.6022425,"07/07":5.6022425,"07/08":5.6022425,"07/09":5.6022425,"07/10":5.6022425,"07/11":5.468047,"07/12":5.486049,"07/13":5.3751097,"07/14":5.337189,"07/15":5.337189,"07/16":5.337189,"07/17":5.1917186,"07/18":5.085374,"07/19":5.060551,"07/20":5.0357494,"07/21":5.0476522,"07/22":5.0476522,"07/23":5.0476522,"07/24":4.98122,"07/25":5.013929,"07/26":4.98914,"07/27":5.0099573,"07/28":5.145975,"07/29":5.145975,"07/30":5.145975,"07/31":5.071475,"08/01":4.998063,"08/02":4.9851794,"08/03":5.030783,"08/04":5.037727,"08/05":5.037727,"08/06":5.037727,"08/07":4.9802275,"08/08":4.997071,"08/09":4.978243,"08/10":4.932685,"08/11":5.012936,"08/12":5.012936,"08/13":5.012936,"08/14":4.9911246,"08/15":4.9911246,"08/16":4.9911246,"08/17":5.099277,"08/18":5.0545983,"08/19":5.0545983,"08/20":5.0545983,"08/21":4.975266,"08/22":4.970315,"08/23":4.8970537,"08/24":4.8663883,"08/25":4.815981,"08/26":4.815981,"08/27":4.815981,"08/28":4.669982,"08/29":4.651271,"08/30":4.6020555,"08/31":4.580415,"09/01":4.574516,"09/02":4.574516,"09/03":4.574516,"09/04":4.4811897,"09/05":4.4988565,"09/06":4.5528865,"09/07":4.421343,"09/08":4.3929267,"09/09":4.3929267,"09/10":4.3929267,"09/11":4.3841057,"09/12":4.446847,"09/13":4.3938985,"09/14":4.2774196,"09/15":4.361574,"09/16":4.361574,"09/17":4.361574,"09/18":4.297956,"09/19":4.297956,"09/20":4.224652,"09/21":4.194378,"09/22":4.1875453,"09/23":4.1875453,"09/24":4.1875453,"09/25":4.1202435,"09/26":4.123172,"09/27":4.0812697,"09/28":4.2002435,"09/29":4.2002435,"09/30":4.2002435,"10/01":4.2002435,"10/02":4.2002435,"10/03":4.0316143,"10/04":4.0063224,"10/05":3.9110904,"10/06":4.285243,"10/07":4.285243,"10/08":4.285243,"10/09":4.386068,"10/10":4.376267,"10/11":4.240285,"10/12":4.207078,"10/13":4.1797457,"10/14":4.1797457,"10/15":4.1797457,"10/16":4.1270676,"10/17":4.092957,"10/18":4.101729,"10/19":4.151451,"10/20":4.123172,"10/21":5.467085,"10/22":5.467085,"10/23":5.4672375,"10/24":5.4672375,"10/25":5.4685655,"10/26":5.4686747,"10/27":5.4689646,"10/28":5.463084,"10/29":5.463084,"10/30":5.4638443,"10/31":5.441004,"11/01":5.4332714,"11/02":5.4262214,"11/03":5.418352,"11/04":5.410865,"11/05":5.410865,"11/06":5.412647,"11/07":5.3893046,"11/08":5.3900304,"11/09":5.374404,"11/10":5.365841,"11/11":5.3578205,"11/12":5.3578205,"11/13":5.3587484,"11/14":5.334696,"11/15":5.328781,"11/16":5.3279157,"11/17":5.301232,"11/18":5.2969546,"11/19":5.2969546,"11/20":5.297248,"11/21":5.2782006,"11/22":5.274326,"11/23":5.274271,"11/24":5.240982,"11/25":5.1978493,"11/26":5.1978493,"11/27":5.1978493,"11/28":5.165537,"11/29":5.1600013,"11/30":5.133282,"12/01":5.126833,"12/02":5.119397,"12/03":5.119397,"12/04":5.119837,"12/05":5.095376,"12/06":5.1013594,"12/07":5.0959525,"12/08":5.0863996,"12/09":5.075246,"12/10":5.075246,"12/11":5.075498,"12/12":5.0464664,"12/13":5.01658,"12/14":4.976953,"12/15":4.9897537,"12/16":5.0157633,"12/17":5.0157633,"12/18":5.017316,"12/19":4.993453,"12/20":4.9659376,"12/21":4.9519057,"12/22":4.953562,"12/23":5.004071,"12/24":5.004071,"12/25":5.004071,"12/26":4.997416,"12/27":4.9853287,"12/28":5.0310197,"12/29":4.988217,"12/30":4.954694,"12/31":4.954694},"2022":{"10/21":6.8109984,"10/22":6.8109984,"10/23":6.8229966,"10/24":6.8229966,"10/25":6.924,"10/26":6.9320006,"10/27":6.9530015,"10/28":6.9412417,"10/29":6.9412417,"10/30":6.995233,"10/31":6.9961505,"11/01":7.035,"11/02":7.082904,"11/03":7.0768504,"11/04":7.061877,"11/05":7.061877,"11/06":7.1737475,"11/07":7.1386514,"11/08":7.182584,"11/09":7.2063093,"11/10":7.1583204,"11/11":7.14228,"11/12":7.14228,"11/13":7.1971674,"11/14":7.149062,"11/15":7.253688,"11/16":7.291358,"11/17":7.2687283,"11/18":7.2601743,"11/19":7.2601743,"11/20":7.276122,"11/21":7.219782,"11/22":7.2331524,"11/23":7.230169,"11/24":7.0646276,"11/25":6.978363,"11/26":6.978363,"11/27":6.978363,"11/28":7.0127,"11/29":7.077393,"11/30":7.0172453,"12/01":6.9410496,"12/02":6.9261785,"12/03":6.9261785,"12/04":6.952001,"12/05":6.9606085,"12/06":6.980232,"12/07":7.0220914,"12/08":7.0316825,"12/09":7.0093756,"12/10":7.0093756,"12/11":7.023269,"12/12":6.9451203,"12/13":6.9322023,"12/14":6.9980297,"12/15":7.106478,"12/16":7.158498,"12/17":7.158498,"12/18":7.2348213,"12/19":7.2136946,"12/20":7.2118206,"12/21":7.2690797,"12/22":7.3216147,"12/23":7.4226346,"12/24":7.4226346,"12/25":7.4226346,"12/26":7.465126,"12/27":7.4692936,"12/28":7.5559545,"12/29":7.506242,"12/30":7.4391956,"12/31":7.4391956},"2023":{"01/01":7.491657,"01/02":7.430978,"01/03":7.41416,"01/04":7.3700004,"01/05":7.344507,"01/06":7.3976254,"01/07":7.3976254,"01/08":7.5064826,"01/09":7.379733,"01/10":7.4823985,"01/11":7.4173975,"01/12":7.2848587,"01/13":7.3505564,"01/14":7.3505564,"01/15":7.578717,"01/16":7.5168595,"01/17":7.5467377,"01/18":7.5284758,"01/19":7.4406643,"01/20":7.4237,"01/21":7.4237,"01/22":7.4237,