{"0":{"01/01":21.766424,"01/02":23.270214,"01/03":22.33061,"01/04":22.050055,"01/05":22.050055,"01/06":19.771658,"01/07":19.951134,"01/08":20.558685,"01/09":20.230461,"01/10":19.115454,"01/11":19.167912,"01/12":19.167912,"01/13":17.056154,"01/14":18.033966,"01/15":18.191067,"01/16":18.580256,"01/17":19.438805,"01/18":19.900938,"01/19":19.992088,"01/20":21.026007,"01/21":19.833958,"01/22":20.442148,"01/23":20.576952,"01/24":19.767794,"01/25":21.686855,"01/26":21.686855,"01/27":20.400269,"01/28":20.724226,"01/29":21.22462,"01/30":22.762371,"01/31":22.584192,"02/01":22.296501,"02/02":21.571486,"02/03":21.496744,"02/04":22.48144,"02/05":22.11542,"02/06":21.07681,"02/07":21.217825,"02/08":22.176853,"02/09":21.93042,"02/10":21.479391,"02/11":19.909378,"02/12":20.704899,"02/13":20.044474,"02/14":19.259892,"02/15":18.756916,"02/16":18.611269,"02/17":18.638412,"02/18":18.638412,"02/19":18.638412,"02/20":18.030712,"02/21":18.132322,"02/22":17.17696,"02/23":17.396511,"02/24":16.642084,"02/25":16.204584,"02/26":16.649826,"02/27":16.967848,"02/28":15.906493,"02/29":15.237151,"03/01":14.588066,"03/02":14.588066,"03/03":14.293972,"03/04":14.016629,"03/05":15.782132,"03/06":15.997527,"03/07":16.349628,"03/08":16.349628,"03/09":16.349628,"03/10":16.173449,"03/11":16.892082,"03/12":17.302721,"03/13":17.884295,"03/14":17.507692,"03/15":18.34376,"03/16":18.34376,"03/17":19.34656,"03/18":20.65588,"03/19":22.410843,"03/20":23.259844,"03/21":23.242275,"03/22":22.755932,"03/23":22.755932,"03/24":24.617771,"03/25":24.59854,"03/26":24.376217,"03/27":24.738966,"03/28":23.265625,"03/29":23.265625,"03/30":23.265625,"03/31":23.261906,"04/01":23.261906,"04/02":21.992342,"04/03":21.806526,"04/04":21.669651,"04/05":20.71173,"04/06":20.71173,"04/07":20.71173,"04/08":20.047287,"04/09":20.047287,"04/10":19.453062,"04/11":19.453062,"04/12":20.889442,"04/13":20.889442,"04/14":20.889442,"04/15":22.324085,"04/16":22.703156,"04/17":22.703156,"04/18":23.83704,"04/19":22.878147,"04/20":22.878147,"04/21":22.878147,"04/22":22.44528,"04/23":22.002075,"04/24":21.657549,"04/25":20.743902,"04/26":20.342485,"04/27":20.342485,"04/28":20.342485,"04/29":19.237703,"04/30":18.82083,"05/01":18.82083,"05/02":18.224947,"05/03":18.575548,"05/04":18.575548,"05/05":18.575548,"05/06":18.851994,"05/07":19.333063,"05/08":19.013847,"05/09":20.65103,"05/10":20.141596,"05/11":20.141596,"05/12":20.141596,"05/13":19.805143,"05/14":19.104216,"05/15":19.01038,"05/16":17.99236,"05/17":17.266325,"05/18":17.266325,"05/19":17.266325,"05/20":17.266325,"05/21":17.309053,"05/22":17.02518,"05/23":17.02518,"05/24":15.776077,"05/25":15.776077,"05/26":15.776077,"05/27":15.795796,"05/28":15.668816,"05/29":16.56139,"05/30":17.154047,"05/31":17.141703,"06/01":17.141703,"06/02":17.141703,"06/03":13.705939,"06/04":19.352858,"06/05":15.715857,"06/06":14.395904,"06/07":12.437398,"06/08":12.437398,"06/09":12.437398,"06/10":12.430164,"06/11":12.391949,"06/12":12.259951,"06/13":11.902652,"06/14":11.490688,"06/15":11.490688,"06/16":11.490688,"06/17":11.490688,"06/18":11.037398,"06/19":10.548805,"06/20":10.217191,"06/21":10.715863,"06/22":10.715863,"06/23":10.715863,"06/24":9.987326,"06/25":9.389441,"06/26":9.397265,"06/27":8.744845,"06/28":8.458544,"06/29":8.458544,"06/30":8.458544,"07/01":7.4281526,"07/02":7.647434,"07/03":6.3625793,"07/04":5.7055426,"07/05":5.757624,"07/06":5.757624,"07/07":5.757624,"07/08":5.2581263,"07/09":4.7077394,"07/10":5.098098,"07/11":4.808197,"07/12":4.269603,"07/13":4.269603,"07/14":4.269603,"07/15":3.7593944,"07/16":3.7593944,"07/17":3.7593944,"07/18":3.166209,"07/19":3.61879,"07/20":3.61879,"07/21":3.61879,"07/22":3.1149073,"07/23":3.1810029,"07/24":3.1940577,"07/25":3.1940577,"07/26":1.8776655,"07/27":1.8776655,"07/28":1.8776655,"07/29":1.6837691,"07/30":1.750576,"07/31":1.4552715,"08/01":1.6837691,"08/02":2.4183373,"08/03":2.4183373,"08/04":2.4183373,"08/05":4.7570543,"08/06":4.990777,"08/07":3.5284843,"08/08":3.730359,"08/09":2.9535248,"08/10":2.9535248,"08/11":2.9535248,"08/12":2.850537,"08/13":4.023158,"08/14":3.746196,"08/15":3.746196,"08/16":1.8759665,"08/17":1.8759665,"08/18":1.8759665,"08/19":2.0373945,"08/20":1.309101,"08/21":1.1809115,"08/22":0.97966415,"08/23":1.4149073,"08/24":1.4149073,"08/25":1.4149073,"08/26":0.8564689,"08/27":0.60767215,"08/28":0.57541406,"08/29":0.25072387,"08/30":-0.064528614,"08/31":-0.064528614,"09/01":-0.064528614,"09/02":-0.87418467,"09/03":-1.094538,"09/04":-0.8838186,"09/05":-0.8838186,"09/06":0.07525087,"09/07":0.07525087,"09/08":0.07525087,"09/09":0.10144791,"09/10":-0.19007514,"09/11":0.14979419,"09/12":-0.7921974,"09/13":-0.6245978,"09/14":-0.6245978,"09/15":-0.6245978,"09/16":-0.74391204,"09/17":-0.86534554,"09/18":-0.86534554,"09/19":-1.3545018,"09/20":-2.5774753,"09/21":-2.5774753,"09/22":-2.5774753,"09/23":-3.1335897,"09/24":-2.936861,"09/25":-3.2393038,"09/26":-3.9419966,"09/27":-3.5391061,"09/28":-3.5391061,"09/29":-3.5391061,"09/30":-2.6673808,"10/01":-3.0291762,"10/02":-3.0291762,"10/03":-1.5434269,"10/04":-0.61248815,"10/05":-0.61248815,"10/06":-0.61248815,"10/07":0.64160097,"10/08":-0.12652497,"10/09":-0.28118375,"10/10":-1.0409442,"10/11":-0.7986334,"10/12":-0.7986334,"10/13":-0.7986334,"10/14":-1.1975724,"10/15":-1.1943841,"10/16":-0.8251665,"10/17":0.07279194,"10/18":-0.12570861,"10/19":-0.12570861,"10/20":-0.12570861,"10/21":0.1473316,"10/22":1.3183259,"10/23":1.3183259,"10/24":1.3619765,"10/25":1.7158955,"10/26":1.7158955,"10/27":1.7158955,"10/28":1.4805183,"10/29":0.48868015,"10/30":0.48868015,"10/31":1.5015618,"11/01":1.5015618,"11/02":1.5015618,"11/03":1.5015618,"11/04":1.6592668,"11/05":0.6167697,"11/06":0.010625138,"11/07":0.60270196,"11/08":0.91219854,"11/09":0.91219854,"11/10":0.91219854,"11/11":-0.15261061,"11/12":1.0831106,"11/13":2.4689481,"11/14":2.2599819,"11/15":2.2599819,"11/16":2.2599819,"11/17":2.2599819,"11/18":2.5531182,"11/19":2.3232636,"11/20":2.3232636,"11/21":2.7926383,"11/22":1.0914658,"11/23":1.0914658,"11/24":1.0914658,"11/25":-0.0138958,"11/26":0.21788004,"11/27":0.14159384,"11/28":1.0755928,"11/29":0.5043615,"11/30":0.5043615,"12/01":0.5043615,"12/02":0.2704452,"12/03":-0.525216,"12/04":-0.6197558,"12/05":-1.2127272,"12/06":-1.2135258,"12/07":-1.2135258,"12/08":-1.2135258,"12/09":-1.481589,"12/10":-1.580648,"12/11":-1.5766915,"12/12":-1.3640426,"12/13":-1.9623379,"12/14":-1.9623379,"12/15":-1.9623379,"12/16":-1.9623379,"12/17":-1.0081184,"12/18":-0.29581514,"12/19":0.1424146,"12/20":1.9387738,"12/21":1.9387738,"12/22":1.9387738,"12/23":1.0864557,"12/24":1.3225188,"12/25":1.3225188,"12/26":11.068505,"12/27":11.079103,"12/28":11.079103,"12/29":11.071224,"12/30":11.122486,"12/31":11.092138},"2023":{"12/26":21.124,"12/27":21.251001,"12/28":21.251001,"12/29":21.235243,"12/30":21.832167,"12/31":21.482212},"2024":{"01/01":21.766424,"01/02":23.270214,"01/03":22.33061,"01/04":22.050055,"01/05":22.050055,"01/06":19.771658,"01/07":19.951134,"01/08":20.558685,"01/09":20.230461,"01/10":19.115454,"01/11":19.167912,"01/12":19.167912,"01/13":17.056154,"01/14":18.033966,"01/15":18.191067,"01/16":18.580256,"01/17":19.438805,"01/18":19.900938,"01/19":19.992088,"01/20":21.026007,"01/21":19.833958,"01/22":20.442148,"01/23":20.576952,"01/24":19.767794,"01/25":21.686855,"01/26":21.686855,"01/27":20.400269,"01/28":20.724226,"01/29":21.22462,"01/30":22.762371,"01/31":22.584192,"02/01":22.296501,"02/02":21.571486,"02/03":21.496744,"02/04":22.48144,"02/05":22.11542,"02/06":21.07681,"02/07":21.217825,"02/08":22.176853,"02/09":21.93042,"02/10":21.479391,"02/11":19.909378,"02/12":20.704899,"02/13":20.044474,"02/14":19.259892,"02/15":18.756916,"02/16":18.611269,"02/17":18.638412,"02/18":18.638412,"02/19":18.638412,"02/20":18.030712,"02/21":18.132322,"02/22":17.17696,"02/23":17.396511,"02/24":16.642084,"02/25":16.204584,"02/26":16.649826,"02/27":16.967848,"02/28":15.906493,"02/29":15.237151,"03/01":14.588066,"03/02":14.588066,"03/03":14.293972,"03/04":14.016629,"03/05":15.782132,"03/06":15.997527,"03/07":16.349628,"03/08":16.349628,"03/09":16.349628,