{"0":{"01/01":7.098291,"01/02":6.994135,"01/03":6.8157096,"01/04":6.701416,"01/05":6.7542143,"01/06":6.9097414,"01/07":6.9097414,"01/08":7.1604824,"01/09":6.882137,"01/10":6.8348575,"01/11":6.825768,"01/12":6.7447762,"01/13":6.573727,"01/14":6.573727,"01/15":6.573727,"01/16":6.65551,"01/17":6.6933,"01/18":6.6261377,"01/19":6.3760824,"01/20":6.6838474,"01/21":6.6838474,"01/22":6.6838474,"01/23":6.701702,"01/24":6.6870017,"01/25":6.715355,"01/26":6.715355,"01/27":7.037776,"01/28":7.037776,"01/29":7.037776,"01/30":7.135084,"01/31":6.871052,"02/01":6.5056787,"02/02":6.367731,"02/03":6.25723,"02/04":6.25723,"02/05":6.25723,"02/06":6.360427,"02/07":6.294727,"02/08":6.468022,"02/09":6.5454493,"02/10":6.5569735,"02/11":6.5569735,"02/12":6.5569735,"02/13":6.517185,"02/14":6.5192814,"02/15":6.403236,"02/16":6.286399,"02/17":6.363561,"02/18":6.363561,"02/19":6.363561,"02/20":6.2343206,"02/21":6.3280935,"02/22":6.4711533,"02/23":6.2957706,"02/24":6.340607,"02/25":6.340607,"02/26":6.340607,"02/27":6.465928,"02/28":6.415766,"03/01":6.332261,"03/02":6.3416514,"03/03":6.2728453,"03/04":6.2728453,"03/05":6.2728453,"03/06":6.244726,"03/07":6.244726,"03/08":6.423079,"03/09":6.4241247,"03/10":6.337483,"03/11":6.337483,"03/12":6.337483,"03/13":6.0794325,"03/14":5.8991313,"03/15":5.8970594,"03/16":5.811274,"03/17":5.7741065,"03/18":5.7741065,"03/19":5.7741065,"03/20":5.6411395,"03/21":5.667918,"03/22":5.667918,"03/23":5.575296,"03/24":5.48079,"03/25":5.48079,"03/26":5.48079,"03/27":5.360852,"03/28":5.3495936,"03/29":5.2789936,"03/30":5.2789936,"03/31":5.307638,"04/01":5.307638,"04/02":5.307638,"04/03":5.2554913,"04/04":5.2554913,"04/05":5.004696,"04/06":4.840189,"04/07":4.840189,"04/08":4.840189,"04/09":4.840189,"04/10":4.8107934,"04/11":4.828027,"04/12":4.831062,"04/13":4.845256,"04/14":4.845256,"04/15":4.845256,"04/16":4.845256,"04/17":4.78749,"04/18":4.6751847,"04/19":4.6660867,"04/20":4.628718,"04/21":4.4744396,"04/22":4.4744396,"04/23":4.4744396,"04/24":4.247401,"04/25":4.1572514,"04/26":4.1592555,"04/27":4.1182423,"04/28":4.138244,"04/29":4.138244,"04/30":4.138244,"05/01":4.138244,"05/02":4.044302,"05/03":3.702917,"05/04":3.6751487,"05/05":3.6751487,"05/06":3.6751487,"05/07":3.6751487,"05/08":3.6820893,"05/09":3.6573093,"05/10":3.5612607,"05/11":3.4683468,"05/12":3.214195,"05/13":3.214195,"05/14":3.214195,"05/15":3.1896288,"05/16":3.0121572,"05/17":2.9476006,"05/18":2.9974756,"05/19":3.0915086,"05/20":3.0915086,"05/21":3.0915086,"05/22":2.9348853,"05/23":3.05818,"05/24":2.9319587,"05/25":2.9319587,"05/26":2.9651964,"05/27":2.9651964,"05/28":2.9651964,"05/29":3.0425138,"05/30":2.9808483,"05/31":2.8148143,"06/01":2.7680333,"06/02":2.7982368,"06/03":2.7982368,"06/04":2.7982368,"06/05":2.813838,"06/06":2.6940491,"06/07":2.6736248,"06/08":2.8674932,"06/09":2.985737,"06/10":2.985737,"06/11":2.985737,"06/12":2.8323648,"06/13":2.7495203,"06/14":2.7612143,"06/15":2.8684704,"06/16":2.9368427,"06/17":2.9368427,"06/18":2.9368427,"06/19":2.9505281,"06/20":2.9583514,"06/21":2.967155,"06/22":3.1140547,"06/23":3.04937,"06/24":3.04937,"06/25":3.04937,"06/26":2.971063,"06/27":2.939779,"06/28":2.8860486,"06/29":2.8860486,"06/30":3.1749058,"07/01":3.1749058,"07/02":3.1749058,"07/03":3.1287694,"07/04":3.1483927,"07/05":3.0376103,"07/06":3.2958198,"07/07":3.2958198,"07/08":3.2958198,"07/09":3.2958198,"07/10":3.2958198,"07/11":2.7904472,"07/12":2.9124177,"07/13":2.5900633,"07/14":2.6590393,"07/15":2.6590393,"07/16":2.6590393,"07/17":2.4785364,"07/18":2.3450308,"07/19":2.4107714,"07/20":2.452389,"07/21":2.464976,"07/22":2.464976,"07/23":2.464976,"07/24":2.314117,"07/25":2.4940407,"07/26":2.4301224,"07/27":2.5328128,"07/28":2.8109183,"07/29":2.8109183,"07/30":2.8109183,"07/31":2.8645701,"08/01":2.7310233,"08/02":2.7300484,"08/03":2.9691043,"08/04":2.9446638,"08/05":2.9446638,"08/06":2.9446638,"08/07":2.8714027,"08/08":2.689179,"08/09":2.6843183,"08/10":2.5231216,"08/11":2.7504954,"08/12":2.7504954,"08/13":2.7504954,"08/14":2.7154472,"08/15":2.7154472,"08/16":2.7154472,"08/17":2.992586,"08/18":2.7690086,"08/19":2.7690086,"08/20":2.7690086,"08/21":2.7281082,"08/22":2.692101,"08/23":2.4669156,"08/24":2.41174,"08/25":2.4853177,"08/26":2.4853177,"08/27":2.4853177,"08/28":2.2465692,"08/29":2.2263222,"08/30":2.2620034,"08/31":2.1502333,"09/01":2.1704502,"09/02":2.1704502,"09/03":2.1704502,"09/04":2.26779,"09/05":2.2735775,"09/06":2.2948098,"09/07":2.0675216,"09/08":2.1829681,"09/09":2.1829681,"09/10":2.1829681,"09/11":2.3604949,"09/12":2.2977095,"09/13":2.1127038,"09/14":1.7198836,"09/15":2.0665593,"09/16":2.0665593,"09/17":2.0665593,"09/18":1.9561669,"09/19":1.9561669,"09/20":1.8996307,"09/21":1.811588,"09/22":1.8699436,"09/23":1.8699436,"09/24":1.8699436,"09/25":1.8268912,"09/26":1.8240181,"09/27":1.9341244,"09/28":2.4678855,"09/29":2.4678855,"09/30":2.4678855,"10/01":2.4678855,"10/02":2.4678855,"10/03":2.3324733,"10/04":2.3836904,"10/05":2.2157238,"10/06":3.1081717,"10/07":3.1081717,"10/08":3.1081717,"10/09":3.2643383,"10/10":3.096408,"10/11":2.7914138,"10/12":2.763156,"10/13":2.8031175,"10/14":2.8031175,"10/15":2.8031175,"10/16":2.820664,"10/17":2.742704,"10/18":2.8528526,"10/19":2.9407578,"10/20":2.8997204,"10/21":4.127358,"10/22":4.127358,"10/23":4.126956,"10/24":4.126956,"10/25":4.1304626,"10/26":4.1286077,"10/27":4.1303105,"10/28":4.1303105,"10/29":4.1303105,"10/30":4.1304073,"10/31":4.108771,"11/01":4.0817704,"11/02":4.0621295,"11/03":4.056626,"11/04":4.048697,"11/05":4.048697,"11/06":4.051653,"11/07":4.030906,"11/08":4.033019,"11/09":4.019175,"11/10":4.006576,"11/11":3.9991784,"11/12":3.9991784,"11/13":4.00259,"11/14":3.978789,"11/15":3.9804518,"11/16":3.9762423,"11/17":3.9706483,"11/18":3.962682,"11/19":3.962682,"11/20":3.9584577,"11/21":3.9325647,"11/22":3.926357,"11/23":3.9275172,"11/24":3.906106,"11/25":3.8976514,"11/26":3.8976514,"11/27":3.8976514,"11/28":3.8750124,"11/29":3.8712869,"11/30":3.8614137,"12/01":3.8514605,"12/02":3.8540943,"12/03":3.8540943,"12/04":3.8580418,"12/05":3.8391395,"12/06":3.8360791,"12/07":3.8299778,"12/08":3.8251462,"12/09":3.8907366,"12/10":3.8907366,"12/11":3.8910964,"12/12":3.8489618,"12/13":3.8031852,"12/14":3.7638197,"12/15":3.8107598,"12/16":3.8213985,"12/17":3.8213985,"12/18":3.8245158,"12/19":3.8170805,"12/20":3.8236637,"12/21":3.7936234,"12/22":3.7939658,"12/23":3.7982209,"12/24":3.7982209,"12/25":3.7982209,"12/26":3.7792222,"12/27":3.7646658,"12/28":3.7547257,"12/29":3.7560244,"12/30":3.759216,"12/31":3.759216},"2022":{"10/21":5.3549957,"10/22":5.3549957,"10/23":5.319996,"10/24":5.319996,"10/25":5.5980015,"10/26":5.458002,"10/27":5.586996,"10/28":5.586996,"10/29":5.586996,"10/30":5.593996,"10/31":5.6595025,"11/01":5.599682,"11/02":5.786958,"11/03":5.884999,"11/04":5.8691416,"11/05":5.8691416,"11/06":6.03386,"11/07":6.120019,"11/08":6.2248063,"11/09":6.243018,"11/10":5.9648447,"11/11":5.9500494,"11/12":5.9500494,"11/13":6.1275773,"11/14":6.0799747,"11/15":6.505666,"11/16":6.5200233,"11/17":6.6017556,"11/18":6.585823,"11/19":6.585823,"11/20":6.4084797,"11/21":6.269175,"11/22":6.3309703,"11/23":6.381756,"11/24":6.1686287,"11/25":6.1517196,"11/26":6.1517196,"11/27":6.1517196,"11/28":6.2263765,"11/29":6.2854342,"11/30":6.1354437,"12/01":5.997353,"12/02":6.0026207,"12/03":6.0026207,"12/04":6.1895885,"12/05":6.246768,"12/06":6.396052,"12/07":6.434911,"12/08":6.3173823,"12/09":6.448563,"12/10":6.448563,"12/11":6.4634895,"12/12":6.429387,"12/13":6.449334,"12/14":6.7608085,"12/15":7.116262,"12/16":7.1375394,"12/17":7.1375394,"12/18":7.2368665,"12/19":7.269408,"12/20":7.288148,"12/21":7.126693,"12/22":7.121793,"12/23":7.130303,"12/24":7.130303,"12/25":7.130303,"12/26":7.1760283,"12/27":7.077158,"12/28":7.0293436,"12/29":7.274426,"12/30":7.2808094,"12/31":7.2808094},"2023":{"01/01":7.098291,"01/02":6.994135,"01/03":6.8157096,"01/04":6.701416,"01/05":6.7542143,"01/06":6.9097414,"01/07":6.9097414,"01/08":7.1604824,"01/09":6.882137,"01/10":6.8348575,"01/11":6.825768,"01/12":6.7447762,"01/13":6.573727,"01/14":6.573727,"01/15":6.573727,"01/16":6.65551,