{"0":{"01/01":7.612918,"01/02":7.604023,"01/03":7.598277,"01/04":7.5884132,"01/05":7.5884132,"01/06":7.588204,"01/07":7.5908175,"01/08":7.552617,"01/09":7.542531,"01/10":7.535041,"01/11":7.525189,"01/12":7.525189,"01/13":7.524723,"01/14":7.52194,"01/15":7.48558,"01/16":7.478118,"01/17":7.471204,"01/18":7.4613705,"01/19":7.4602757,"01/20":7.4628797,"01/21":7.4638357,"01/22":7.4632177,"01/23":7.4244747,"01/24":7.412175,"01/25":7.4920197,"01/26":7.4920197,"01/27":7.4933968,"01/28":7.495699,"01/29":7.3643312,"01/30":7.355838,"01/31":7.346018,"02/01":7.3361945,"02/02":7.3269258,"02/03":7.329463,"02/04":7.329806,"02/05":7.3033648,"02/06":7.2959766,"02/07":7.2938347,"02/08":7.2850885,"02/09":7.275793,"02/10":7.2760496,"02/11":7.27623,"02/12":7.2480636,"02/13":7.237953,"02/14":7.229933,"02/15":7.220648,"02/16":7.210825,"02/17":7.21124,"02/18":7.21124,"02/19":7.21124,"02/20":7.172904,"02/21":7.163893,"02/22":7.1546345,"02/23":7.145373,"02/24":7.147857,"02/25":7.146528,"02/26":7.1182117,"02/27":7.1097584,"02/28":7.10194,"02/29":10.010882,"03/01":7.083439,"03/02":7.083439,"03/03":7.0824246,"03/04":7.0536203,"03/05":7.041418,"03/06":7.03524,"03/07":7.027091,"03/08":7.027091,"03/09":7.027091,"03/10":7.027549,"03/11":6.99224,"03/12":6.986065,"03/13":6.97897,"03/14":6.970286,"03/15":6.961056,"03/16":6.961056,"03/17":6.9663424,"03/18":6.9712315,"03/19":6.9419746,"03/20":6.9388247,"03/21":6.93235,"03/22":6.922522,"03/23":6.922522,"03/24":6.9244375,"03/25":6.9259253,"03/26":6.8967395,"03/27":6.8919315,"03/28":6.893762,"03/29":6.893762,"03/30":6.893762,"03/31":6.863413,"04/01":6.863413,"04/02":6.878499,"04/03":6.8687067,"04/04":6.866948,"04/05":6.8570156,"04/06":6.8570156,"04/07":6.8544297,"04/08":6.8287573,"04/09":6.838615,"04/10":6.819292,"04/11":6.8282933,"04/12":6.8095055,"04/13":6.8095055,"04/14":6.8095055,"04/15":6.7802396,"04/16":6.7893505,"04/17":6.7975307,"04/18":6.7786965,"04/19":6.7692814,"04/20":6.7692814,"04/21":6.7862787,"04/22":6.757981,"04/23":6.7480025,"04/24":6.759203,"04/25":6.72976,"04/26":6.6882334,"04/27":6.6882334,"04/28":6.683381,"04/29":6.6843104,"04/30":6.6737804,"05/01":6.6737804,"05/02":6.611779,"05/03":6.590772,"05/04":6.590772,"05/05":6.601879,"05/06":6.5138407,"05/07":6.5282145,"05/08":6.4955263,"05/09":6.47616,"05/10":6.458613,"05/11":6.458613,"05/12":6.458613,"05/13":6.4169784,"05/14":6.4383907,"05/15":6.4144173,"05/16":6.40334,"05/17":6.411609,"05/18":6.411609,"05/19":6.405692,"05/20":6.415219,"05/21":6.367125,"05/22":6.307429,"05/23":6.316165,"05/24":6.295263,"05/25":6.295263,"05/26":6.2962737,"05/27":6.2475553,"05/28":6.256811,"05/29":6.2567673,"05/30":6.230856,"05/31":6.2023754,"06/01":6.2023754,"06/02":6.20595,"06/03":6.131436,"06/04":6.206328,"06/05":6.1934752,"06/06":6.1411786,"06/07":6.1330175,"06/08":6.1330175,"06/09":6.113484,"06/10":6.0804725,"06/11":6.04987,"06/12":6.0365143,"06/13":5.998634,"06/14":5.98625,"06/15":5.98625,"06/16":5.996341,"06/17":5.998162,"06/18":5.9490967,"06/19":5.918293,"06/20":5.913327,"06/21":5.8999205,"06/22":5.8999205,"06/23":5.9037037,"06/24":5.8814354,"06/25":5.873414,"06/26":5.8778853,"06/27":5.871453,"06/28":5.8682313,"06/29":5.8682313,"06/30":5.8682313,"07/01":5.838764,"07/02":5.8194923,"07/03":5.797026,"07/04":5.7836637,"07/05":5.7697735,"07/06":5.7697735,"07/07":5.7697735,"07/08":5.7505593,"07/09":5.739348,"07/10":5.712219,"07/11":5.7212996,"07/12":5.713812,"07/13":5.713812,"07/14":5.7185645,"07/15":5.680297,"07/16":5.6803436,"07/17":5.6861696,"07/18":5.650468,"07/19":5.6392407,"07/20":5.6392407,"07/21":5.645344,"07/22":5.617427,"07/23":5.610451,"07/24":5.591869,"07/25":5.5799975,"07/26":5.539535,"07/27":5.539535,"07/28":5.5365095,"07/29":5.482854,"07/30":5.485962,"07/31":5.467931,"08/01":5.4552565,"08/02":5.4414854,"08/03":5.4414854,"08/04":5.4536242,"08/05":5.384904,"08/06":5.3643274,"08/07":5.348013,"08/08":5.3448234,"08/09":5.3369317,"08/10":5.3369317,"08/11":5.3254704,"08/12":5.282669,"08/13":5.2716084,"08/14":5.262655,"08/15":5.262655,"08/16":5.2485185,"08/17":5.2485185,"08/18":5.2291374,"08/19":5.188137,"08/20":5.1766286,"08/21":5.1586003,"08/22":5.147606,"08/23":5.141897,"08/24":5.141897,"08/25":5.1338496,"08/26":5.089838,"08/27":5.086231,"08/28":5.090149,"08/29":5.0723786,"08/30":5.064645,"08/31":5.064645,"09/01":5.065185,"09/02":5.0440493,"09/03":5.037627,"09/04":5.0336485,"09/05":5.0436554,"09/06":4.413291,"09/07":4.413291,"09/08":4.413291,"09/09":4.3741846,"09/10":4.386736,"09/11":4.3214746,"09/12":4.3126574,"09/13":4.210835,"09/14":4.210835,"09/15":4.211512,"09/16":4.142491,"09/17":4.0763183,"09/18":4.0701337,"09/19":4.006113,"09/20":4.008614,"09/21":4.008614,"09/22":4.0109267,"09/23":4.0233502,"09/24":3.9559808,"09/25":3.92427,"09/26":3.8727899,"09/27":3.8937464,"09/28":3.8937464,"09/29":3.8943894,"09/30":3.8831253,"10/01":3.8698802,"10/02":3.8698802,"10/03":3.887853,"10/04":3.9203336,"10/05":3.9203336,"10/06":3.9323204,"10/07":3.8920329,"10/08":3.8535233,"10/09":3.816456,"10/10":3.7984605,"10/11":3.7844727,"10/12":3.7844727,"10/13":3.7844727,"10/14":3.7659984,"10/15":3.7839723,"10/16":3.7081683,"10/17":3.701197,"10/18":3.7076693,"10/19":3.7076693,"10/20":3.7076693,"10/21":3.7251053,"10/22":3.7749863,"10/23":3.735073,"10/24":3.7136447,"10/25":3.710158,"10/26":3.710158,"10/27":3.710158,"10/28":3.7091653,"10/29":3.7031863,"10/30":3.7031863,"10/31":3.6608949,"11/01":3.6608949,"11/02":3.6608949,"11/03":3.6608949,"11/04":3.3775368,"11/05":3.365244,"11/06":3.3455808,"11/07":3.3470566,"11/08":3.294533,"11/09":3.294533,"11/10":3.294533,"11/11":3.2969837,"11/12":3.3254452,"11/13":3.3220084,"11/14":3.3303568,"11/15":3.3303568,"11/16":3.3303568,"11/17":3.3303568,"11/18":3.3009083,"11/19":3.24799,"11/20":3.24799,"11/21":3.2347722,"11/22":3.3009083,"11/23":3.3009083,"11/24":3.3009083,"11/25":3.2249892,"11/26":3.2719874,"11/27":3.286196,"11/28":3.2803154,"11/29":3.2430933,"11/30":3.2430933,"12/01":3.2430933,"12/02":3.1083498,"12/03":3.0373495,"12/04":2.986405,"12/05":2.9762273,"12/06":2.972836,"12/07":2.972836,"12/08":2.972836,"12/09":2.9374907,"12/10":2.908479,"12/11":2.9036443,"12/12":2.8910851,"12/13":2.8867373,"12/14":2.8867373,"12/15":2.8867373,"12/16":2.8867373,"12/17":2.8355985,"12/18":2.8341553,"12/19":2.91573,"12/20":2.918146,"12/21":2.918146,"12/22":2.918146,"12/23":2.8770816,"12/24":2.864052,"12/25":2.864052,"12/26":5.097889,"12/27":5.097354,"12/28":5.097354,"12/29":5.0922427,"12/30":5.0944867,"12/31":5.0947137},"2023":{"12/26":9.581003,"12/27":9.534998,"12/28":9.534998,"12/29":9.519665,"12/30":9.706645,"12/31":9.724638},"2024":{"01/01":9.689418,"01/02":9.720634,"01/03":9.695693,"01/04":9.675964,"01/05":9.675964,"01/06":9.66498,"01/07":9.798828,"01/08":9.730098,"01/09":9.725254,"01/10":9.692066,"01/11":9.672362,"01/12":9.672362,"01/13":9.648424,"01/14":9.499769,"01/15":9.525039,"01/16":9.602184,"01/17":9.677384,"01/18":9.657717,"01/19":9.655528,"01/20":9.782078,"01/21":9.826921,"01/22":9.798023,"01/23":9.698586,"01/24":9.711204,"01/25":9.870893,"01/26":9.870893,"01/27":9.933701,"01/28":10.035386,"01/29":9.746971,"01/30":9.764225,"01/31":9.768345,"02/01":9.748698,"02/02":9.730161,"02/03":9.843466,"02/04":9.8583765,"02/05":9.840567,"02/06":9.880709,"02/07":10.151141,"02/08":10.133649,"02/09":10.115058,"02/10":10.1249895,"02/11":10.131938,"02/12":10.124523,"02/13":10.074205,"02/14":10.123988,"02/15":10.105418,"02/16":10.085772,"02/17":10.101628,"02/18":10.101628,"02/19":10.101628,"02/20":10.019321,"02/21":10.010698,"02/22":9.992181,"02/23":9.973658,"02/24":10.0687275,"02/25":10.018218,"02/26":9.961586,"02/27":9.993468,"02/28":10.029382,"02/29":10.010882,"03/01":9.992379,"03/02":9.992379,"03/03":9.953806,"03/04":9.896197,"03/05":9.739439,"03/06":9.842554,"03/07":9.845945,"03/08":9.845945,"03/09":9.845945,"03/10":9.863738,"03/11":9.870842,"03/12":9.96692,"03/13":10.026449,"03/14":10.009081,"03/15":9.990622,"03/16":9.990622,"03/17":10.177131,"03/18":10.340951,"03/19":10.54583,"03/20":10.696008,"03/21":10.759283,"03/22":10.739627,"03/23":10.739627,"03/24":10.794823,"03/25":10.837207,