{"0":{"12/26":1.0039997,"12/27":1.0039997,"12/28":1.0039997,"12/29":1.0039997,"12/30":1.0039997,"12/31":1.0039997},"2023":{"12/26":1.0039997,"12/27":1.0039997,"12/28":1.0039997,"12/29":1.0039997,"12/30":1.0039997,"12/31":1.0039997}}