{"0":{"01/01":6.112856,"01/02":6.0597715,"01/03":6.0348063,"01/04":6.015056,"01/05":5.996354,"01/06":5.9911523,"01/07":5.9911523,"01/08":5.9911523,"01/09":5.9049907,"01/10":5.927817,"01/11":5.868699,"01/12":5.8065467,"01/13":5.7889447,"01/14":5.7889447,"01/15":5.7889447,"01/16":5.7723846,"01/17":5.7817,"01/18":5.7548037,"01/19":5.7361836,"01/20":5.7248154,"01/21":5.7248154,"01/22":5.7248154,"01/23":5.644244,"01/24":5.597813,"01/25":5.5864744,"01/26":5.5864744,"01/27":5.626696,"01/28":5.626696,"01/29":5.626696,"01/30":5.5833774,"01/31":5.539063,"02/01":5.462894,"02/02":5.5030212,"02/03":5.5092063,"02/04":5.5092063,"02/05":5.5092063,"02/06":5.404294,"02/07":5.403265,"02/08":5.5524645,"02/09":5.5359783,"02/10":5.523622,"02/11":5.523622,"02/12":5.523622,"02/13":5.5586452,"02/14":5.6803823,"02/15":5.6876125,"02/16":5.585442,"02/17":5.672118,"02/18":5.672118,"02/19":5.672118,"02/20":5.5400944,"02/21":5.478327,"02/22":5.5833774,"02/23":5.5514326,"02/24":5.475236,"02/25":5.475236,"02/26":5.475236,"02/27":5.523622,"02/28":5.506114,"03/01":5.498908,"03/02":5.495816,"03/03":5.402236,"03/04":5.402236,"03/05":5.402236,"03/06":5.3642416,"03/07":5.3642416,"03/08":5.403265,"03/09":5.3632135,"03/10":5.2329855,"03/11":5.2329855,"03/12":5.2329855,"03/13":5.067334,"03/14":5.0224304,"03/15":5.0969505,"03/16":5.1030784,"03/17":4.9908237,"03/18":4.9908237,"03/19":4.9908237,"03/20":4.844225,"03/21":4.980626,"03/22":4.980626,"03/23":4.9388556,"03/24":4.873716,"03/25":4.873716,"03/26":4.873716,"03/27":4.743678,"03/28":5.027538,"03/29":4.9398756,"03/30":4.9398756,"03/31":4.6696672,"04/01":4.6696672,"04/02":4.6696672,"04/03":4.734554,"04/04":4.734554,"04/05":4.5492344,"04/06":4.2287574,"04/07":4.2287574,"04/08":4.2287574,"04/09":4.2287574,"04/10":4.1464405,"04/11":4.087287,"04/12":4.0762706,"04/13":4.068256,"04/14":4.068256,"04/15":4.068256,"04/16":4.068256,"04/17":4.024202,"04/18":3.9172292,"04/19":3.8653286,"04/20":3.8134704,"04/21":3.6920114,"04/22":3.6920114,"04/23":3.6920114,"04/24":3.4440172,"04/25":3.3105886,"04/26":3.21001,"04/27":3.1656935,"04/28":3.1784897,"04/29":3.1784897,"04/30":3.1784897,"05/01":3.1784897,"05/02":3.164708,"05/03":2.8321183,"05/04":2.9839153,"05/05":2.9839153,"05/06":2.9839153,"05/07":2.9839153,"05/08":2.88006,"05/09":2.8536296,"05/10":2.865378,"05/11":2.9153028,"05/12":2.7744482,"05/13":2.7744482,"05/14":2.7744482,"05/15":2.6729577,"05/16":2.6378713,"05/17":2.6213078,"05/18":2.6378713,"05/19":2.479311,"05/20":2.479311,"05/21":2.479311,"05/22":2.2641501,"05/23":2.3502982,"05/24":2.3347971,"05/25":2.3347971,"05/26":2.3115635,"05/27":2.3115635,"05/28":2.3115635,"05/29":2.3338273,"05/30":2.3222094,"05/31":2.275755,"06/01":2.247707,"06/02":2.2409394,"06/03":2.2409394,"06/04":2.2409394,"06/05":2.220642,"06/06":2.1829724,"06/07":2.200353,"06/08":2.2380445,"06/09":2.3386765,"06/10":2.3386765,"06/11":2.3386765,"06/12":2.313493,"06/13":2.2960742,"06/14":2.2960742,"06/15":2.3609521,"06/16":2.3648336,"06/17":2.3648336,"06/18":2.3648336,"06/19":2.3473878,"06/20":2.2351406,"06/21":2.2361085,"06/22":2.331897,"06/23":2.2699523,"06/24":2.2699523,"06/25":2.2699523,"06/26":2.1984184,"06/27":2.1800716,"06/28":2.0710762,"06/29":2.0710762,"06/30":2.1154227,"07/01":2.1154227,"07/02":2.1154227,"07/03":2.1820054,"07/04":2.1540089,"07/05":2.1385672,"07/06":2.2080824,"07/07":2.2080824,"07/08":2.2080824,"07/09":2.2080824,"07/10":2.2080824,"07/11":2.0460334,"07/12":2.073006,"07/13":1.9786644,"07/14":1.9671271,"07/15":1.9671271,"07/16":1.9671271,"07/17":1.8470657,"07/18":1.7024215,"07/19":1.656528,"07/20":1.6355054,"07/21":1.6727725,"07/22":1.6727725,"07/23":1.6727725,"07/24":1.6049393,"07/25":1.6593901,"07/26":1.6183075,"07/27":1.6527002,"07/28":1.7655895,"07/29":1.7655895,"07/30":1.7655895,"07/31":1.7387792,"08/01":1.6479248,"08/02":1.6536571,"08/03":1.6880736,"08/04":1.7186807,"08/05":1.7186807,"08/06":1.7186807,"08/07":1.6746871,"08/08":1.6431499,"08/09":1.6269057,"08/10":1.6097198,"08/11":1.7043374,"08/12":1.7043374,"08/13":1.7043374,"08/14":1.6173512,"08/15":1.6173512,"08/16":1.6173512,"08/17":1.7359127,"08/18":1.683295,"08/19":4.011146,"08/20":4.011146,"08/21":4.0140676,"08/22":4.015044,"08/23":4.0158696,"08/24":4.0290647,"08/25":4.0229406,"08/26":4.016007,"08/27":4.016007,"08/28":4.018908,"08/29":3.9998975,"08/30":3.9920874,"08/31":3.9959521,"09/01":3.980667,"09/02":3.9731946,"09/03":3.9731946,"09/04":3.9756708,"09/05":3.9522257,"09/06":3.9421868,"09/07":3.9379041,"09/08":3.9295385,"09/09":3.9231386,"09/10":3.9231386,"09/11":3.9234993,"09/12":3.9008012,"09/13":3.8967428,"09/14":3.8946018,"09/15":3.885662,"09/16":3.8798037,"09/17":3.8798037,"09/18":3.8821368,"09/19":3.860282,"09/20":3.85618,"09/21":3.8526623,"09/22":3.8472934,"09/23":3.8398347,"09/24":3.8398347,"09/25":3.8416085,"09/26":3.8223095,"09/27":3.8201206,"09/28":3.8185978,"09/29":3.8148699,"09/30":3.799961,"10/01":3.799961,"10/02":3.799961,"10/03":3.7700117,"10/04":3.749177,"10/05":3.7522562,"10/06":3.7218487,"10/07":3.713899,"10/08":3.713899,"10/09":3.7105167,"10/10":3.6900747,"10/11":3.68783,"10/12":3.6868682,"10/13":3.6823328,"10/14":3.6738622,"10/15":3.6738622,"10/16":3.6755261,"10/17":3.6521378,"10/18":3.6428063,"10/19":3.6309798,"10/20":3.6235983,"10/21":3.6151423,"10/22":3.6151423,"10/23":3.6156285,"10/24":3.6156285,"10/25":3.586448,"10/26":3.5869744,"10/27":3.5691533,"10/28":3.5601752,"10/29":3.5601752,"10/30":3.561771,"10/31":3.5361693,"11/01":3.5265293,"11/02":3.51802,"11/03":3.507714,"11/04":3.497687,"11/05":3.497687,"11/06":3.50188,"11/07":3.4767566,"11/08":3.4783754,"11/09":3.461029,"11/10":3.4526713,"11/11":3.4426427,"11/12":3.4426427,"11/13":3.4438236,"11/14":3.4169083,"11/15":3.412022,"11/16":3.402949,"11/17":3.38685,"11/18":3.3773773,"11/19":3.3773773,"11/20":3.3774078,"11/21":3.351789,"11/22":3.3439724,"11/23":3.3453293,"11/24":3.325412,"11/25":3.3164864,"11/26":3.3164864,"11/27":3.3164864,"11/28":3.2913113,"11/29":3.2844393,"11/30":3.274619,"12/01":3.2619605,"12/02":3.2535706,"12/03":3.2535706,"12/04":3.2561905,"12/05":3.2303774,"12/06":3.2214718,"12/07":3.2120402,"12/08":3.203661,"12/09":3.1947641,"12/10":3.1947641,"12/11":3.1947641,"12/12":3.16756,"12/13":3.1581523,"12/14":3.1497898,"12/15":3.1409066,"12/16":3.133077,"12/17":3.133077,"12/18":3.133077,"12/19":3.106458,"12/20":3.097067,"12/21":3.0876844,"12/22":3.0767398,"12/23":3.0668428,"12/24":3.0668428,"12/25":3.0668428,"12/26":3.038727,"12/27":3.0673645,"12/28":3.0783052,"12/29":3.0678809,"12/30":3.056428,"12/31":3.056428},"2022":{"08/19":6.338997,"08/20":6.338997,"08/21":6.469002,"08/22":6.5110016,"08/23":6.5460014,"08/24":6.630458,"08/25":6.6904645,"08/26":6.6765976,"08/27":6.6765976,"08/28":6.790593,"08/29":6.799004,"08/30":6.7710705,"08/31":6.9159827,"09/01":6.855173,"09/02":6.840228,"09/03":6.840228,"09/04":6.931138,"09/05":6.9040637,"09/06":6.8320727,"09/07":6.950841,"09/08":6.903951,"09/09":6.8911514,"09/10":6.8911514,"09/11":6.904124,"09/12":6.8483644,"09/13":6.8835816,"09/14":7.002521,"09/15":6.865192,"09/16":6.853475,"09/17":6.853475,"09/18":6.936237,"09/19":6.892527,"09/20":6.924737,"09/21":6.9421186,"09/22":6.947345,"09/23":6.9324274,"09/24":6.9324274,"09/25":6.9932003,"09/26":7.052019,"09/27":7.095348,"09/28":6.9781084,"09/29":6.970652,"09/30":6.9408345,"10/01":6.9408345,"10/02":6.9408345,"10/03":7.0437174,"10/04":7.0160575,"10/05":7.1155076,"10/06":6.6241245,"10/07":6.608225,"10/08":6.608225,"10/09":6.480989,"10/10":6.466482,"10/11":6.588978,"10/12":6.572018,"10/13":6.5892525,"10/14":6.5723114,"10/15":6.5723114,"10/16":6.6328964,"10/17":6.63676,"10/18":6.6068435,"10/19":6.5034456,"10/20":6.5262313,"10/21":6.5093193,"10/22":6.5093193,"10/23":6.5271726,"10/24":6.5271726,"10/25":6.555024,"10/26":6.5738606,"10/27":6.5606804,"10/28":6.542724,"10/29":6.542724,"10/30":6.5992136,"10/31":6.5919123,"11/01":6.567966,"11/02":6.6349187,"11/03":6.6562448,"11/04":6.636191,"11/05":6.636191,"11/06":6.775735,"11/07":6.748714,"11/08":6.80114,"11/09":6.8322716,"11/10":6.8025837,"11/11":6.7825265,"11/12":6.7825265,"11/13":6.820095,