{"0":{"01/01":4.965,"01/02":4.965,"01/03":4.9503074,"01/04":4.9314265,"01/05":4.9314265,"01/06":4.9314265,"01/07":4.9314265,"01/08":4.8601375,"01/09":4.844425,"01/10":4.831863,"01/11":4.8172073,"01/12":4.8172073,"01/13":4.8172073,"01/14":4.8172073,"01/15":4.74399,"01/16":4.7262197,"01/17":4.7126393,"01/18":4.69489,"01/19":4.676091,"01/20":4.676091,"01/21":4.676091,"01/22":4.676091,"01/23":4.602027,"01/24":4.5832715,"01/25":4.5645227,"01/26":4.5645227,"01/27":4.5645227,"01/28":4.5645227,"01/29":4.4926896,"01/30":4.4750147,"01/31":4.4562945,"02/01":4.437591,"02/02":4.4188848,"02/03":4.4188848,"02/04":4.4188848,"02/05":4.3659425,"02/06":4.349339,"02/07":4.331702,"02/08":4.3140817,"02/09":4.297495,"02/10":4.297495,"02/11":4.297495,"02/12":4.241565,"02/13":4.222929,"02/14":4.205345,"02/15":4.186722,"02/16":4.170185,"02/17":4.170185,"02/18":4.170185,"02/19":4.170185,"02/20":4.097869,"02/21":4.0792837,"02/22":4.061748,"02/23":4.046274,"02/24":4.046274,"02/25":4.046274,"02/26":3.9926672,"02/27":3.9751608,"02/28":3.9566197,"02/29":3.9391255,"03/01":3.9216273,"03/02":3.9216273,"03/03":3.9216273,"03/04":3.8671293,"03/05":3.8506844,"03/06":3.8342445,"03/07":3.8178098,"03/08":3.8178098,"03/09":3.8178098,"03/10":3.8178098,"03/11":3.7449548,"03/12":3.7265055,"03/13":3.7080624,"03/14":3.6916678,"03/15":3.6742527,"03/16":3.6742527,"03/17":3.6742527,"03/18":3.6742527,"03/19":3.6026232,"03/20":3.5862715,"03/21":3.568892,"03/22":3.550505,"03/23":3.550505,"03/24":3.550505,"03/25":3.550505,"03/26":3.477003,"03/27":3.4596603,"03/28":3.441312,"03/29":3.441312,"03/30":3.441312,"03/31":3.37713,"04/01":3.37713,"04/02":3.3486304,"04/03":3.3313305,"04/04":3.3120096,"04/05":3.2947218,"04/06":3.2947218,"04/07":3.2947218,"04/08":3.2418962,"04/09":3.2418962,"04/10":3.206367,"04/11":3.206367,"04/12":3.169847,"04/13":3.169847,"04/14":3.169847,"04/15":3.1171393,"04/16":3.0968843,"04/17":3.0968843,"04/18":3.0594285,"04/19":3.0412219,"04/20":3.0412219,"04/21":3.0412219,"04/22":2.9896574,"04/23":2.9714754,"04/24":2.9543016,"04/25":2.9361322,"04/26":2.9179597,"04/27":2.9179597,"04/28":2.9179597,"04/29":2.8624902,"04/30":2.8443532,"05/01":2.8443532,"05/02":2.8080888,"05/03":2.7909694,"05/04":2.7909694,"05/05":2.7909694,"05/06":2.739655,"05/07":2.7215612,"05/08":2.7044706,"05/09":2.6863892,"05/10":2.6683145,"05/11":2.6683145,"05/12":2.6683145,"05/13":2.6141086,"05/14":2.596059,"05/15":2.5780063,"05/16":2.5599697,"05/17":2.5429327,"05/18":2.5429327,"05/19":2.5429327,"05/20":2.5429327,"05/21":2.4698615,"05/22":2.450852,"05/23":2.450852,"05/24":2.4138734,"05/25":2.4138734,"05/26":2.4138734,"05/27":2.3599358,"05/28":2.3419757,"05/29":2.3240216,"05/30":2.307063,"05/31":2.29011,"06/01":2.29011,"06/02":2.29011,"06/03":2.2353153,"06/04":2.2183955,"06/05":2.2014718,"06/06":2.1835673,"06/07":2.1646636,"06/08":2.1646636,"06/09":2.1646636,"06/10":2.1090083,"06/11":2.091136,"06/12":2.0732605,"06/13":2.0563946,"06/14":2.038531,"06/15":2.038531,"06/16":2.038531,"06/17":2.038531,"06/18":1.9661769,"06/19":1.9483451,"06/20":1.930529,"06/21":1.9127097,"06/22":1.9127097,"06/23":1.9127097,"06/24":1.8583183,"06/25":1.8405337,"06/26":1.823735,"06/27":1.8069512,"06/28":1.7881867,"06/29":1.7881867,"06/30":1.7881867,"07/01":1.7309755,"07/02":1.7102745,"07/03":1.6905684,"07/04":1.672833,"07/05":1.655113,"07/06":1.655113,"07/07":1.655113,"07/08":1.6029564,"07/09":1.5862453,"07/10":1.5685462,"07/11":1.5508626,"07/12":1.5331758,"07/13":1.5331758,"07/14":1.5331758,"07/15":1.4801711,"07/16":1.4801711,"07/17":1.4801711,"07/18":1.4282031,"07/19":1.4105589,"07/20":1.4105589,"07/21":1.4105589,"07/22":1.3567021,"07/23":1.3381125,"07/24":1.3204998,"07/25":1.3204998,"07/26":1.2833539,"07/27":1.2833539,"07/28":1.2833539,"07/29":1.2315779,"07/30":1.2140114,"07/31":1.1954648,"08/01":1.1779109,"08/02":1.1603631,"08/03":1.1603631,"08/04":1.1603631,"08/05":1.1067623,"08/06":1.0892391,"08/07":1.071722,"08/08":1.0542017,"08/09":1.0366968,"08/10":1.0366968,"08/11":1.0366968,"08/12":0.98226327,"08/13":0.96574646,"08/14":0.94827217,"08/15":0.94827217,"08/16":0.9123609,"08/17":0.9123609,"08/18":0.9123609,"08/19":0.8580613,"08/20":0.840615,"08/21":0.8222142,"08/22":0.80382013,"08/23":0.78639257,"08/24":0.78639257,"08/25":0.78639257,"08/26":0.73319644,"08/27":0.7158025,"08/28":0.697438,"08/29":0.68005645,"08/30":0.66268086,"08/31":0.66268086,"09/01":0.66268086,"09/02":0.60864955,"09/03":0.5893588,"09/04":0.5720145,"09/05":0.5720145,"09/06":0.5373347,"09/07":0.5373347,"09/08":0.5373347,"09/09":0.48343784,"09/10":0.46613005,"09/11":0.44881904,"09/12":0.43056095,"09/13":0.4132622,"09/14":0.4132622,"09/15":0.4132622,"09/16":0.35854656,"09/17":0.3403121,"09/18":0.3403121,"09/19":0.30388135,"09/20":0.28471646,"09/21":0.28471646,"09/22":0.28471646,"09/23":0.22917324,"09/24":0.21003689,"09/25":0.19090782,"09/26":0.17369154,"09/27":0.15553331,"09/28":0.15553331,"09/29":0.15553331,"09/30":0.10013308,"10/01":0.06768838,"10/02":0.06768838,"10/03":0.025728067,"10/04":0.0,"10/05":0.0,"10/06":0.0,"10/07":0.0,"10/08":0.0,"10/09":0.0,"10/10":0.0,"10/11":0.0,"10/12":0.0,"10/13":0.0,"10/14":0.0,"10/15":0.0,"10/16":0.0,"10/17":0.0,"10/18":0.0,"10/19":0.0,"10/20":0.0,"10/21":0.0,"10/22":0.0,"10/23":0.0,"10/24":0.0,"10/25":0.0,"10/26":0.0,"10/27":0.0,"10/28":0.0,"10/29":0.0,"10/30":0.0,"10/31":0.0,"11/01":0.0,"11/02":0.0,"11/03":0.0,"11/04":0.0,"11/05":0.0,"11/06":0.0,"11/07":0.0,"11/08":0.0,"11/09":0.0,"11/10":0.0,"11/11":0.0,"11/12":0.0,"11/13":0.0,"11/14":0.0,"11/15":0.0,"11/16":0.0,"11/17":0.0,"11/18":0.0,"11/19":0.0,"11/20":0.0,"11/21":0.0,"11/22":0.0,"11/23":0.0,"11/24":0.0,"11/25":0.0,"11/26":0.0,"11/27":0.0,"11/28":0.0,"11/29":0.0,"11/30":0.0,"12/01":0.0,"12/02":0.0,"12/03":0.0,"12/04":0.0,"12/05":0.0,"12/06":0.0,"12/07":0.0,"12/08":0.0,"12/09":0.0,"12/10":0.0,"12/11":0.0,"12/12":0.0,"12/13":0.0,"12/14":0.0,"12/15":0.0,"12/16":0.0,"12/17":0.0,"12/18":0.0,"12/19":0.0,"12/20":0.0,"12/21":0.0,"12/22":0.0,"12/23":0.0,"12/24":0.0,"12/25":0.0,"12/26":2.4825,"12/27":2.4825,"12/28":2.4825,"12/29":2.4825,"12/30":2.4825,"12/31":2.4825},"2023":{"12/26":4.965,"12/27":4.965,"12/28":4.965,"12/29":4.965,"12/30":4.965,"12/31":4.965},"2024":{"01/01":4.965,"01/02":4.965,"01/03":4.9503074,"01/04":4.9314265,"01/05":4.9314265,"01/06":4.9314265,"01/07":4.9314265,"01/08":4.8601375,"01/09":4.844425,"01/10":4.831863,"01/11":4.8172073,"01/12":4.8172073,"01/13":4.8172073,"01/14":4.8172073,"01/15":4.74399,"01/16":4.7262197,"01/17":4.7126393,"01/18":4.69489,"01/19":4.676091,"01/20":4.676091,"01/21":4.676091,"01/22":4.676091,"01/23":4.602027,"01/24":4.5832715,"01/25":4.5645227,"01/26":4.5645227,"01/27":4.5645227,"01/28":4.5645227,"01/29":4.4926896,"01/30":4.4750147,"01/31":4.4562945,"02/01":4.437591,"02/02":4.4188848,"02/03":4.4188848,"02/04":4.4188848,"02/05":4.3659425,"02/06":4.349339,"02/07":4.331702,"02/08":4.3140817,"02/09":4.297495,"02/10":4.297495,"02/11":4.297495,"02/12":4.241565,"02/13":4.222929,"02/14":4.205345,"02/15":4.186722,"02/16":4.170185,"02/17":4.170185,"02/18":4.170185,"02/19":4.170185,"02/20":4.097869,"02/21":4.0792837,"02/22":4.061748,"02/23":4.046274,"02/24":4.046274,"02/25":4.046274,"02/26":3.9926672,"02/27":3.9751608,"02/28":3.9566197,"02/29":3.9391255,"03/01":3.9216273,"03/02":3.9216273,"03/03":3.9216273,"03/04":3.8671293,"03/05":3.8506844,"03/06":3.8342445,"03/07":3.8178098,"03/08":3.8178098,"03/09":3.8178098,"03/10":3.8178098,"03/11":3.7449548,"03/12":3.7265055,"03/13":3.7080624,"03/14":3.6916678,"03/15":3.6742527,"03/16":3.6742527,"03/17":3.6742527,"03/18":3.6742527,"03/19":3.6026232,"03/20":3.5862715,"03/21":3.568892,"03/22":3.550505,"03/23":3.550505,"03/24":3.550505,"03/25":3.550505,"03/26":3.477003,"03/27":3.4596603,"03/28":3.441312,"03/29":3.441312,"03/30":3.441312,"03/31":3.37713,"04/01":3.37713,"04/02":3.3486304,"04/03":3.3313305,"04/04":3.3120096,"04/05":3.2947218,"04/06":3.2947218,"04/07":3.2947218,"04/08":3.2418962,"04/09":3.2418962,"04/10":3.206367,"04/11":3.206367,"04/12":3.169847,"04/13":3.169847,"04/14":3.169847,"04/15":3.1171393,