{"0":{"01/01":11.373272,"01/02":11.406415,"01/03":11.423352,"01/04":11.406656,"01/05":11.406656,"01/06":11.509533,"01/07":11.754254,"01/08":11.525297,"01/09":11.459891,"01/10":11.313201,"01/11":11.214561,"01/12":11.214561,"01/13":10.590256,"01/14":10.584283,"01/15":10.353868,"01/16":10.697987,"01/17":10.620324,"01/18":10.703855,"01/19":10.621424,"01/20":10.84382,"01/21":11.186351,"01/22":11.421652,"01/23":11.196576,"01/24":11.273573,"01/25":11.087589,"01/26":11.087589,"01/27":11.389236,"01/28":11.301209,"01/29":10.929636,"01/30":10.885159,"01/31":10.569845,"02/01":9.685266,"02/02":9.388206,"02/03":9.394049,"02/04":9.384313,"02/05":9.60777,"02/06":9.799524,"02/07":9.270826,"02/08":9.199669,"02/09":9.348449,"02/10":9.318276,"02/11":9.320225,"02/12":9.317902,"02/13":9.175537,"02/14":9.3040495,"02/15":8.927703,"02/16":8.961526,"02/17":9.047869,"02/18":9.047869,"02/19":9.047869,"02/20":8.767021,"02/21":8.476872,"02/22":8.480024,"02/23":8.502061,"02/24":8.584288,"02/25":8.523344,"02/26":8.455147,"02/27":8.357195,"02/28":8.206466,"02/29":8.232616,"03/01":8.066492,"03/02":8.066492,"03/03":8.066492,"03/04":7.9622684,"03/05":7.8831964,"03/06":7.8696833,"03/07":7.684979,"03/08":7.684979,"03/09":7.684979,"03/10":7.684979,"03/11":7.466852,"03/12":7.549454,"03/13":7.6166606,"03/14":7.627002,"03/15":7.6860156,"03/16":7.6860156,"03/17":7.6860156,"03/18":7.6860156,"03/19":7.9549804,"03/20":7.987267,"03/21":7.7357597,"03/22":7.8977537,"03/23":7.8977537,"03/24":7.8977537,"03/25":7.8977537,"03/26":7.943534,"03/27":7.7253976,"03/28":7.2557817,"03/29":7.2557817,"03/30":7.2557817,"03/31":7.2136574,"04/01":7.2136574,"04/02":7.6963797,"04/03":7.7108865,"04/04":7.6580553,"04/05":7.8042393,"04/06":7.8042393,"04/07":7.8042393,"04/08":8.063369,"04/09":8.063369,"04/10":7.8166957,"04/11":7.8166957,"04/12":8.312212,"04/13":8.312212,"04/14":8.312212,"04/15":8.157332,"04/16":8.255644,"04/17":8.255644,"04/18":8.192872,"04/19":8.46963,"04/20":8.46963,"04/21":8.46963,"04/22":8.215883,"04/23":8.035202,"04/24":8.159416,"04/25":8.205419,"04/26":8.2284355,"04/27":8.2284355,"04/28":8.2284355,"04/29":8.094665,"04/30":8.14166,"05/01":8.14166,"05/02":7.9185553,"05/03":7.6963797,"05/04":7.6963797,"05/05":7.6963797,"05/06":7.2506366,"05/07":7.367905,"05/08":7.4008646,"05/09":7.325702,"05/10":7.15824,"05/11":7.15824,"05/12":7.15824,"05/13":7.0097136,"05/14":6.8422146,"05/15":6.6620264,"05/16":6.5158863,"05/17":6.6427236,"05/18":6.6427236,"05/19":6.6427236,"05/20":6.6427236,"05/21":6.452075,"05/22":6.1401944,"05/23":6.1401944,"05/24":6.0065174,"05/25":6.0065174,"05/26":6.0065174,"05/27":5.8551507,"05/28":5.9032173,"05/29":6.0125394,"05/30":6.018562,"05/31":5.963369,"06/01":5.963369,"06/02":5.963369,"06/03":5.59056,"06/04":6.3246803,"06/05":6.116043,"06/06":5.8932047,"06/07":5.8251276,"06/08":5.8251276,"06/09":5.8251276,"06/10":5.787132,"06/11":5.633405,"06/12":5.5995274,"06/13":5.418542,"06/14":5.2817173,"06/15":5.2817173,"06/16":5.2817173,"06/17":5.2817173,"06/18":5.119589,"06/19":4.8733854,"06/20":4.7879844,"06/21":4.6107373,"06/22":4.6107373,"06/23":4.6107373,"06/24":4.4867325,"06/25":4.55212,"06/26":4.608789,"06/27":4.5941267,"06/28":4.7095685,"06/29":4.7095685,"06/30":4.7095685,"07/01":4.7066264,"07/02":4.629321,"07/03":4.548209,"07/04":4.591191,"07/05":4.67432,"07/06":4.67432,"07/07":4.67432,"07/08":4.5501647,"07/09":4.5081935,"07/10":4.4399424,"07/11":4.4565134,"07/12":4.464313,"07/13":4.464313,"07/14":4.464313,"07/15":4.3737297,"07/16":4.3737297,"07/17":4.3737297,"07/18":4.168799,"07/19":4.0913067,"07/20":4.0913067,"07/21":4.0913067,"07/22":3.9820495,"07/23":4.0700254,"07/24":4.0023456,"07/25":4.0023456,"07/26":3.8633893,"07/27":3.8633893,"07/28":3.8633893,"07/29":3.7853963,"07/30":3.9801242,"07/31":3.9530885,"08/01":3.9357104,"08/02":3.8065612,"08/03":3.8065612,"08/04":3.8065612,"08/05":3.4286864,"08/06":3.4391952,"08/07":3.341791,"08/08":3.4086227,"08/09":3.4458861,"08/10":3.4458861,"08/11":3.4458861,"08/12":3.367563,"08/13":3.367563,"08/14":3.1760635,"08/15":3.1760635,"08/16":3.1408973,"08/17":3.1408973,"08/18":3.1408973,"08/19":2.8972437,"08/20":2.688649,"08/21":2.6321564,"08/22":2.6302722,"08/23":2.6462739,"08/24":2.6462739,"08/25":2.6462739,"08/26":2.6330986,"08/27":2.6952431,"08/28":2.7037163,"08/29":2.7197409,"08/30":2.73105,"08/31":2.73105,"09/01":2.73105,"09/02":2.7508516,"09/03":2.6368587,"09/04":2.4527493,"09/05":2.4527493,"09/06":2.4396238,"09/07":2.4396238,"09/08":2.4396238,"09/09":2.3656282,"09/10":2.2702346,"09/11":2.061376,"09/12":1.934981,"09/13":1.7987185,"09/14":1.7987185,"09/15":1.7987185,"09/16":1.5558397,"09/17":1.6323644,"09/18":1.6323644,"09/19":1.4334539,"09/20":1.4316132,"09/21":1.4316132,"09/22":1.4316132,"09/23":1.3177812,"09/24":1.195052,"09/25":0.90953064,"09/26":0.70437306,"09/27":1.0488927,"09/28":1.0488927,"09/29":1.0488927,"09/30":0.88952184,"10/01":0.66815174,"10/02":0.66815174,"10/03":0.9295474,"10/04":1.416908,"10/05":1.416908,"10/06":1.416908,"10/07":1.4343742,"10/08":1.195052,"10/09":0.95594484,"10/10":1.0160742,"10/11":1.094521,"10/12":1.094521,"10/13":1.094521,"10/14":0.93865174,"10/15":0.8468075,"10/16":0.8195578,"10/17":0.9650539,"10/18":1.1548157,"10/19":1.1548157,"10/20":1.1548157,"10/21":1.1228343,"10/22":1.0634915,"10/23":0.9969356,"10/24":1.034307,"10/25":1.2032794,"10/26":1.2032794,"10/27":1.2032794,"10/28":1.3407074,"10/29":1.2078605,"10/30":1.2078605,"10/31":1.1337945,"11/01":1.1337945,"11/02":1.1337945,"11/03":1.1337945,"11/04":0.9768921,"11/05":0.9768921,"11/06":1.0151615,"11/07":1.0242726,"11/08":0.9377403,"11/09":0.9377403,"11/10":0.9377403,"11/11":0.8295517,"11/12":0.90225303,"11/13":1.0315678,"11/14":1.3709882,"11/15":1.3709882,"11/16":1.3709882,"11/17":1.3709882,"11/18":1.2316536,"11/19":1.1968755,"11/20":1.1968755,"11/21":1.3599765,"11/22":1.3994566,"11/23":1.3994566,"11/24":1.3994566,"11/25":1.21609,"11/26":1.2353117,"11/27":1.1383693,"11/28":1.1868173,"11/29":0.90771765,"11/30":0.90771765,"12/01":0.90771765,"12/02":0.524422,"12/03":0.50366205,"12/04":0.21843812,"12/05":0.14760707,"12/06":0.49915314,"12/07":0.49915314,"12/08":0.49915314,"12/09":0.24984993,"12/10":0.18973964,"12/11":0.28487974,"12/12":0.30734083,"12/13":0.10731128,"12/14":0.10731128,"12/15":0.10731128,"12/16":0.10731128,"12/17":0.21843812,"12/18":0.15299027,"12/19":0.48471704,"12/20":0.59216654,"12/21":0.59216654,"12/22":0.59216654,"12/23":0.509075,"12/24":0.5551214,"12/25":0.5551214,"12/26":5.9365964,"12/27":5.9391804,"12/28":5.931391,"12/29":5.9319477,"12/30":5.939288,"12/31":5.9489384},"2023":{"12/26":11.233997,"12/27":11.288004,"12/28":11.272426,"12/29":11.27354,"12/30":11.424516,"12/31":11.617495},"2024":{"01/01":11.373272,"01/02":11.406415,"01/03":11.423352,"01/04":11.406656,"01/05":11.406656,"01/06":11.509533,"01/07":11.754254,"01/08":11.525297,"01/09":11.459891,"01/10":11.313201,"01/11":11.214561,"01/12":11.214561,"01/13":10.590256,"01/14":10.584283,"01/15":10.353868,"01/16":10.697987,"01/17":10.620324,"01/18":10.703855,"01/19":10.621424,"01/20":10.84382,"01/21":11.186351,"01/22":11.421652,"01/23":11.196576,"01/24":11.273573,"01/25":11.087589,"01/26":11.087589,"01/27":11.389236,"01/28":11.301209,"01/29":10.929636,"01/30":10.885159,"01/31":10.569845,"02/01":9.685266,"02/02":9.388206,"02/03":9.394049,"02/04":9.384313,"02/05":9.60777,"02/06":9.799524,"02/07":9.270826,"02/08":9.199669,"02/09":9.348449,"02/10":9.318276,"02/11":9.320225,"02/12":9.317902,"02/13":9.175537,"02/14":9.3040495,"02/15":8.927703,"02/16":8.961526,"02/17":9.047869,"02/18":9.047869,"02/19":9.047869,"02/20":8.767021,"02/21":8.476872,"02/22":8.480024,"02/23":8.502061,"02/24":8.584288,"02/25":8.523344,"02/26":8.455147,"02/27":8.357195,"02/28":8.206466,"02/29":8.232616,"03/01":8.066492,"03/02":8.066492,"03/03":8.066492,"03/04":7.9622684,"03/05":7.8831964,"03/06":7.8696833,"03/07":7.684979,"03/08":7.684979,"03/09":7.684979,"03/10":7.684979,"03/11":7.466852,"03/12":7.549454,"03/13":7.6166606,"03/14":7.627002,"03/15":7.6860156,"03/16":7.6860156,"03/17":7.6860156,"03/18":7.6860156,