{"0":{"01/01":14.793001,"01/02":14.989517,"01/03":14.942959,"01/04":14.802681,"01/05":14.593946,"01/06":14.284383,"01/07":14.162636,"01/08":13.863151,"01/09":13.51182,"01/10":13.412631,"01/11":13.43886,"01/12":13.428784,"01/13":13.281026,"01/14":13.127686,"01/15":12.98599,"01/16":13.096746,"01/17":13.7569275,"01/18":13.987994,"01/19":14.159859,"01/20":13.611908,"01/21":13.276789,"01/22":13.790308,"01/23":13.46189,"01/24":13.286503,"01/25":14.246035,"01/26":14.246035,"01/27":14.057656,"01/28":14.522781,"01/29":14.285556,"01/30":14.539097,"01/31":13.872386,"02/01":13.72854,"02/02":12.839342,"02/03":13.92626,"02/04":13.815861,"02/05":13.631584,"02/06":13.531536,"02/07":13.775605,"02/08":14.255119,"02/09":14.491425,"02/10":14.478826,"02/11":14.232616,"02/12":14.137662,"02/13":13.099189,"02/14":13.052839,"02/15":12.801352,"02/16":13.149342,"02/17":13.478952,"02/18":13.788668,"02/19":13.788668,"02/20":12.548146,"02/21":12.958416,"02/22":12.480736,"02/23":12.964879,"02/24":12.294866,"02/25":12.363798,"02/26":12.526386,"02/27":11.977573,"02/28":12.297649,"02/29":15.237151,"03/01":11.638436,"03/02":11.062926,"03/03":11.0542345,"03/04":10.0402565,"03/05":10.688127,"03/06":9.915746,"03/07":9.994967,"03/08":9.994967,"03/09":8.995273,"03/10":9.468792,"03/11":9.127411,"03/12":8.656916,"03/13":8.236725,"03/14":8.048424,"03/15":8.466457,"03/16":8.773068,"03/17":9.045648,"03/18":9.628467,"03/19":10.34226,"03/20":8.969007,"03/21":8.525913,"03/22":8.282742,"03/23":6.9778857,"03/24":7.906745,"03/25":8.668357,"03/26":8.845923,"03/27":8.197651,"03/28":7.588709,"03/29":7.588709,"03/30":7.588709,"03/31":6.303719,"04/01":6.303719,"04/02":6.286785,"04/03":6.1782837,"04/04":5.9811053,"04/05":5.512346,"04/06":6.0180016,"04/07":6.0203204,"04/08":7.589655,"04/09":7.2613482,"04/10":7.2898607,"04/11":7.468574,"04/12":8.175319,"04/13":7.712283,"04/14":7.712283,"04/15":9.212182,"04/16":9.616603,"04/17":9.813981,"04/18":10.389877,"04/19":9.902859,"04/20":9.902859,"04/21":10.0805645,"04/22":9.858189,"04/23":9.630497,"04/24":9.562806,"04/25":8.979935,"04/26":8.773771,"04/27":8.773771,"04/28":8.91134,"04/29":8.284486,"04/30":8.069232,"05/01":8.069232,"05/02":7.761545,"05/03":7.9425783,"05/04":7.9425783,"05/05":7.9348974,"05/06":8.000217,"05/07":8.282399,"05/08":8.017149,"05/09":8.720918,"05/10":8.463144,"05/11":8.463144,"05/12":8.463144,"05/13":8.2929,"05/14":8.272275,"05/15":8.443938,"05/16":7.974049,"05/17":7.590961,"05/18":7.590961,"05/19":7.6926975,"05/20":7.437546,"05/21":7.5075254,"05/22":7.262847,"05/23":7.471805,"05/24":6.812389,"05/25":6.812389,"05/26":6.877793,"05/27":6.796286,"05/28":6.6814356,"05/29":7.150562,"05/30":7.439508,"05/31":7.4330325,"06/01":7.4330325,"06/02":7.4255724,"06/03":5.537202,"06/04":8.478652,"06/05":6.702563,"06/06":6.263583,"06/07":5.2174597,"06/08":5.2174597,"06/09":5.3262076,"06/10":5.3559146,"06/11":5.3275146,"06/12":5.0930767,"06/13":4.844848,"06/14":4.6261363,"06/15":4.6261363,"06/16":4.728136,"06/17":4.6717286,"06/18":4.4025106,"06/19":4.094215,"06/20":4.0597496,"06/21":4.3266563,"06/22":4.3266563,"06/23":4.2583923,"06/24":3.9534326,"06/25":3.6946301,"06/26":3.7857318,"06/27":3.432426,"06/28":3.2773843,"06/29":3.2773843,"06/30":3.2773843,"07/01":2.7193942,"07/02":2.838142,"07/03":2.142352,"07/04":1.7865458,"07/05":1.8147492,"07/06":1.8147492,"07/07":1.8147492,"07/08":1.5419073,"07/09":1.2456522,"07/10":1.4030428,"07/11":1.1953244,"07/12":0.9062576,"07/13":0.9062576,"07/14":0.92195225,"07/15":0.68831587,"07/16":0.68329334,"07/17":0.65611887,"07/18":0.2727208,"07/19":0.51464367,"07/20":0.51464367,"07/21":0.5833893,"07/22":0.29670286,"07/23":0.36590338,"07/24":0.3378625,"07/25":0.2675376,"07/26":-0.4347067,"07/27":-0.4347067,"07/28":-0.5121739,"07/29":-0.5808463,"07/30":-0.54893875,"07/31":-0.72091436,"08/01":-0.6605127,"08/02":-0.2743888,"08/03":-0.2743888,"08/04":-0.24364853,"08/05":0.9707794,"08/06":1.0464685,"08/07":0.3004508,"08/08":0.34449887,"08/09":-0.060334444,"08/10":-0.060334444,"08/11":-0.0015282631,"08/12":-0.090438366,"08/13":0.5672698,"08/14":0.4286523,"08/15":0.4286523,"08/16":-0.5550022,"08/17":-0.5550022,"08/18":-0.4682312,"08/19":-0.41428137,"08/20":-0.7979617,"08/21":-0.8437121,"08/22":-1.0165341,"08/23":-0.7873068,"08/24":-0.7873068,"08/25":-0.76830983,"08/26":-1.1363299,"08/27":-1.2663276,"08/28":-1.3332286,"08/29":-1.5076938,"08/30":-1.6708494,"08/31":-1.6708494,"09/01":-1.6469883,"09/02":-2.081739,"09/03":-2.1595984,"09/04":-2.0289817,"09/05":-2.046956,"09/06":-1.5459552,"09/07":-1.5459552,"09/08":-1.5459552,"09/09":-1.4935105,"09/10":-1.6144283,"09/11":-1.4172413,"09/12":-1.8864701,"09/13":-1.7973883,"09/14":-1.7973883,"09/15":-1.8113472,"09/16":-1.8171527,"09/17":-1.8626719,"09/18":-1.8513331,"09/19":-2.159226,"09/20":-2.8116095,"09/21":-2.8116095,"09/22":-2.8332531,"09/23":-3.1285098,"09/24":-3.0430892,"09/25":-3.2555215,"09/26":-3.6657279,"09/27":-3.4564605,"09/28":-3.4564605,"09/29":-3.4613323,"09/30":-3.0184333,"10/01":-3.1797686,"10/02":-3.1797686,"10/03":-2.4058008,"10/04":-1.9208493,"10/05":-1.9208493,"10/06":-1.871175,"10/07":-1.1940207,"10/08":-1.6171999,"10/09":-1.6819842,"10/10":-2.0538108,"10/11":-1.9256666,"10/12":-1.9256666,"10/13":-1.9234922,"10/14":-2.1632087,"10/15":-2.1080809,"10/16":-1.8316588,"10/17":-1.3076572,"10/18":-1.4146521,"10/19":-1.4146521,"10/20":-1.3859897,"10/21":-1.2383599,"10/22":-0.6052146,"10/23":-0.49652433,"10/24":-0.52014494,"10/25":-0.32765913,"10/26":-0.32765913,"10/27":-0.3074026,"10/28":-0.4686427,"10/29":-0.9889746,"10/30":-1.0735183,"10/31":-0.58811045,"11/01":-0.58811045,"11/02":-0.58811045,"11/03":-0.59606504,"11/04":-0.5606923,"11/05":-1.1162357,"11/06":-1.4185743,"11/07":-1.1124516,"11/08":-0.9473002,"11/09":-0.9473002,"11/10":-0.9035773,"11/11":-1.5101569,"11/12":-0.8120675,"11/13":-0.08543539,"11/14":-0.1973033,"11/15":-0.1973033,"11/16":-0.1973033,"11/17":-0.13187075,"11/18":-0.029198647,"11/19":-0.11696482,"11/20":-0.091935635,"11/21":0.11099577,"11/22":-0.80180407,"11/23":-0.80180407,"11/24":-0.8426254,"11/25":-1.4576445,"11/26":-1.2465813,"11/27":-1.3069205,"11/28":-0.7978029,"11/29":-1.1047196,"11/30":-1.1047196,"12/01":-1.1103814,"12/02":-1.2756989,"12/03":-1.6935697,"12/04":-1.7441485,"12/05":-1.9894817,"12/06":-1.9899127,"12/07":-1.9899127,"12/08":-2.068011,"12/09":-2.2354982,"12/10":-2.3081481,"12/11":-2.279756,"12/12":-2.1536837,"12/13":-2.4732935,"12/14":-2.4732935,"12/15":-2.4683583,"12/16":-2.4962246,"12/17":-1.98944,"12/18":-1.6140339,"12/19":-1.3188899,"12/20":-0.35588217,"12/21":-0.35588217,"12/22":-0.29566622,"12/23":-0.72541094,"12/24":-0.59593105,"12/25":-0.59593105,"12/26":6.508011,"12/27":6.5123215,"12/28":6.5123215,"12/29":6.4868927,"12/30":6.489002,"12/31":6.475628},"2023":{"12/26":21.124,"12/27":21.251001,"12/28":21.251001,"12/29":21.235243,"12/30":21.832167,"12/31":21.482212},"2024":{"01/01":21.766424,"01/02":23.270214,"01/03":22.33061,"01/04":22.050055,"01/05":22.050055,"01/06":19.771658,"01/07":19.951134,"01/08":20.558685,"01/09":20.230461,"01/10":19.115454,"01/11":19.167912,"01/12":19.167912,"01/13":17.056154,"01/14":18.033966,"01/15":18.191067,"01/16":18.580256,"01/17":19.438805,"01/18":19.900938,"01/19":19.992088,"01/20":21.026007,"01/21":19.833958,"01/22":20.442148,"01/23":20.576952,"01/24":19.767794,"01/25":21.686855,"01/26":21.686855,"01/27":20.400269,"01/28":20.724226,"01/29":21.22462,"01/30":22.762371,"01/31":22.584192,"02/01":22.296501,"02/02":21.571486,"02/03":21.496744,"02/04":22.48144,"02/05":22.11542,"02/06":21.07681,"02/07":21.217825,"02/08":22.176853,"02/09":21.93042,"02/10":21.479391,"02/11":19.909378,"02/12":20.704899,"02/13":20.044474,"02/14":19.259892,"02/15":18.756916,"02/16":18.611269,"02/17":18.638412,"02/18":18.638412,"02/19":18.638412,"02/20":18.030712,"02/21":18.132322,"02/22":17.17696,"02/23":17.396511,"02/24":16.642084,"02/25":16.204584,"02/26":16.649826,"02/27":16.967848,"02/28":15.906493,"02/29":15.237151,"03/01":14.588066,"03/02":14.588066,"03/03":14.293972,"03/04":14.016629,"03/05":15.782132,"03/06":15.997527,