"Month (MM)","Day (DD)","2023","Average Across Years"
12,26,-0.43499947,-0.43499947
12,27,-0.43499947,-0.43499947
12,28,-0.44993326,-0.44993326
12,29,-0.4588933,-0.4588933
12,30,-0.4588933,-0.4588933
12,31,-0.4588933,-0.4588933
