{"0":{"01/01":7.9246693,"01/02":7.800302,"01/03":7.68066,"01/04":7.5531564,"01/05":7.5279818,"01/06":7.68029,"01/07":7.68029,"01/08":7.9010587,"01/09":7.760181,"01/10":7.6940274,"01/11":7.656416,"01/12":7.6083064,"01/13":7.5477,"01/14":7.5477,"01/15":7.5477,"01/16":7.614578,"01/17":7.614578,"01/18":7.550837,"01/19":7.411073,"01/20":7.619803,"01/21":7.619803,"01/22":7.619803,"01/23":7.5330815,"01/24":7.5351725,"01/25":7.538299,"01/26":7.538299,"01/27":7.689917,"01/28":7.689917,"01/29":7.689917,"01/30":7.7716513,"01/31":7.6009884,"02/01":7.2072973,"02/02":7.15336,"02/03":7.097413,"02/04":7.097413,"02/05":7.097413,"02/06":7.18551,"02/07":7.140925,"02/08":7.2903724,"02/09":7.354847,"02/10":7.467349,"02/11":7.467349,"02/12":7.467349,"02/13":7.4465,"02/14":7.459006,"02/15":7.31013,"02/16":7.238431,"02/17":7.4152355,"02/18":7.4152355,"02/19":7.4152355,"02/20":7.2560887,"02/21":7.350689,"02/22":7.510117,"02/23":7.344448,"02/24":7.4235716,"02/25":7.4235716,"02/26":7.4235716,"02/27":7.5017676,"02/28":7.5122066,"03/01":7.408987,"03/02":7.4048247,"03/03":7.301811,"03/04":7.301811,"03/05":7.301811,"03/06":7.2612796,"03/07":7.2612796,"03/08":7.4610944,"03/09":7.405858,"03/10":7.364216,"03/11":7.364216,"03/12":7.364216,"03/13":6.9505596,"03/14":6.898947,"03/15":6.845319,"03/16":6.7300043,"03/17":6.742355,"03/18":6.742355,"03/19":6.742355,"03/20":6.5277767,"03/21":6.604683,"03/22":6.604683,"03/23":6.511393,"03/24":6.389643,"03/25":6.389643,"03/26":6.389643,"03/27":6.312035,"03/28":6.324279,"03/29":6.196849,"03/30":6.196849,"03/31":6.10935,"04/01":6.10935,"04/02":6.10935,"04/03":6.0351896,"04/04":6.0351896,"04/05":5.714363,"04/06":5.492854,"04/07":5.492854,"04/08":5.492854,"04/09":5.492854,"04/10":5.4135337,"04/11":5.398485,"04/12":5.318304,"04/13":5.381443,"04/14":5.381443,"04/15":5.381443,"04/16":5.381443,"04/17":5.402503,"04/18":5.2742653,"04/19":5.225258,"04/20":5.1663055,"04/21":4.8755336,"04/22":4.8755336,"04/23":4.8755336,"04/24":4.4532084,"04/25":4.3115454,"04/26":4.298777,"04/27":4.2349734,"04/28":4.2418404,"04/29":4.2418404,"04/30":4.2418404,"05/01":4.2418404,"05/02":4.1389284,"05/03":3.5760334,"05/04":3.4319203,"05/05":3.4319203,"05/06":3.4319203,"05/07":3.4319203,"05/08":3.4618666,"05/09":3.4377146,"05/10":3.4048822,"05/11":3.333487,"05/12":3.1179874,"05/13":3.1179874,"05/14":3.1179874,"05/15":3.0326166,"05/16":2.8527336,"05/17":2.7821076,"05/18":2.8470044,"05/19":2.8680203,"05/20":2.8680203,"05/21":2.8680203,"05/22":2.740155,"05/23":2.8412762,"05/24":2.7620816,"05/25":2.7620816,"05/26":2.7573173,"05/27":2.7573173,"05/28":2.7573173,"05/29":2.81359,"05/30":2.7601724,"05/31":2.6573138,"06/01":2.5708015,"06/02":2.5898015,"06/03":2.5898015,"06/04":2.5898015,"06/05":2.580296,"06/06":2.4882243,"06/07":2.4588299,"06/08":2.653503,"06/09":2.7544534,"06/10":2.7544534,"06/11":2.7544534,"06/12":2.6477962,"06/13":2.595502,"06/14":2.612607,"06/15":2.6915803,"06/16":2.695385,"06/17":2.695385,"06/18":2.695385,"06/19":2.7001436,"06/20":2.7220533,"06/21":2.7678013,"06/22":2.8689768,"06/23":2.8527336,"06/24":2.8527336,"06/25":2.8527336,"06/26":2.7563627,"06/27":2.7172925,"06/28":2.6963384,"06/29":2.6963384,"06/30":2.907205,"07/01":2.907205,"07/02":2.907205,"07/03":2.8622894,"07/04":2.8747084,"07/05":2.7887847,"07/06":2.9722693,"07/07":2.9722693,"07/08":2.9722693,"07/09":2.9722693,"07/10":2.9722693,"07/11":2.6763458,"07/12":2.7563627,"07/13":2.4777973,"07/14":2.5214276,"07/15":2.5214276,"07/16":2.5214276,"07/17":2.3480585,"07/18":2.1357021,"07/19":2.1535976,"07/20":2.173387,"07/21":2.202618,"07/22":2.202618,"07/23":2.202618,"07/24":2.1008632,"07/25":2.2337465,"07/26":2.1592586,"07/27":2.2526217,"07/28":2.5499072,"07/29":2.5499072,"07/30":2.5499072,"07/31":2.567948,"08/01":2.4559917,"08/02":2.4521956,"08/03":2.68872,"08/04":2.6677775,"08/05":2.6677775,"08/06":2.6677775,"08/07":2.5878985,"08/08":2.4436736,"08/09":2.40578,"08/10":2.3253703,"08/11":2.5071936,"08/12":2.5071936,"08/13":2.5071936,"08/14":2.489174,"08/15":2.489174,"08/16":2.489174,"08/17":2.7134771,"08/18":2.489174,"08/19":2.489174,"08/20":2.489174,"08/21":2.424728,"08/22":2.3726516,"08/23":2.1847053,"08/24":2.1008632,"08/25":2.1630242,"08/26":2.1630242,"08/27":2.1630242,"08/28":1.9767771,"08/29":1.8979694,"08/30":1.9298518,"08/31":1.8342643,"09/01":1.8248984,"09/02":1.8248984,"09/03":1.8248984,"09/04":1.8736037,"09/05":1.8632925,"09/06":1.918599,"09/07":1.7229674,"09/08":1.8305142,"09/09":1.8305142,"09/10":1.8305142,"09/11":1.9814694,"09/12":5.295087,"09/13":5.3046455,"09/14":5.3122387,"09/15":5.2938924,"09/16":5.2862706,"09/17":5.2862706,"09/18":5.290039,"09/19":5.2682486,"09/20":5.267696,"09/21":5.2643337,"09/22":5.253103,"09/23":5.254739,"09/24":5.254739,"09/25":5.256486,"09/26":5.202247,"09/27":4.919833,"09/28":5.032261,"09/29":5.0376368,"09/30":5.1281657,"10/01":5.1281657,"10/02":5.1281657,"10/03":5.2992816,"10/04":5.0567102,"10/05":5.0617185,"10/06":5.1916027,"10/07":5.2718983,"10/08":5.2718983,"10/09":5.2676296,"10/10":5.3323083,"10/11":5.2285233,"10/12":5.219724,"10/13":5.194172,"10/14":5.304426,"10/15":5.304426,"10/16":5.304044,"10/17":5.0196495,"10/18":5.0260634,"10/19":5.104105,"10/20":5.1543236,"10/21":5.238889,"10/22":5.238889,"10/23":5.2376575,"10/24":5.2376575,"10/25":4.9922566,"10/26":4.989538,"10/27":4.895461,"10/28":4.9146714,"10/29":4.9146714,"10/30":4.915583,"10/31":4.9849396,"11/01":4.878338,"11/02":4.8810744,"11/03":5.0798774,"11/04":5.073946,"11/05":5.073946,"11/06":5.0788903,"11/07":4.983675,"11/08":4.9873476,"11/09":4.854439,"11/10":4.705043,"11/11":4.5283365,"11/12":4.5283365,"11/13":4.5322585,"11/14":4.498383,"11/15":4.4399037,"11/16":4.4323416,"11/17":4.420816,"11/18":4.478619,"11/19":4.478619,"11/20":4.4741716,"11/21":4.4905224,"11/22":4.397171,"11/23":4.397749,"11/24":4.2717366,"11/25":4.340676,"11/26":4.340676,"11/27":4.340676,"11/28":4.2521954,"11/29":4.2638483,"11/30":4.2488995,"12/01":4.0627513,"12/02":4.0388217,"12/03":4.0388217,"12/04":4.0430517,"12/05":4.032299,"12/06":4.0774884,"12/07":4.1425962,"12/08":4.131956,"12/09":4.1864758,"12/10":4.1864758,"12/11":4.187687,"12/12":4.1390433,"12/13":4.044547,"12/14":3.9715772,"12/15":4.056282,"12/16":4.1073704,"12/17":4.1073704,"12/18":4.112036,"12/19":4.106395,"12/20":4.133074,"12/21":4.070929,"12/22":4.100687,"12/23":4.126538,"12/24":4.126538,"12/25":4.126538,"12/26":4.1326013,"12/27":4.0818257,"12/28":4.1057143,"12/29":4.105136,"12/30":4.11623,"12/31":4.11623},"2022":{"09/12":8.649998,"09/13":8.870444,"09/14":9.267349,"09/15":8.914313,"09/16":8.89907,"09/17":8.89907,"09/18":9.011033,"09/19":8.967452,"09/20":9.05475,"09/21":9.146491,"09/22":9.043225,"09/23":9.046497,"09/24":9.046497,"09/25":9.096445,"09/26":8.978685,"09/27":8.333916,"09/28":8.085864,"09/29":8.096616,"09/30":8.277674,"10/01":8.277674,"10/02":8.277674,"10/03":8.7352705,"10/04":8.177941,"10/05":8.347188,"10/06":7.7848487,"10/07":7.9454393,"10/08":7.9454393,"10/09":7.767458,"10/10":8.000642,"10/11":8.072085,"10/12":8.106523,"10/13":8.0487995,"10/14":8.269308,"10/15":8.269308,"10/16":8.255302,"10/17":7.7073107,"10/18":7.6368737,"10/19":7.719986,"10/20":7.8090444,"10/21":7.978175,"10/22":7.978175,"10/23":7.9292107,"10/24":7.9292107,"10/25":7.6496935,"10/26":7.5373,"10/27":7.4532623,"10/28":7.491683,"10/29":7.491683,"10/30":7.529429,"10/31":7.703094,"11/01":7.5012183,"11/02":7.7092576,"11/03":8.224276,"11/04":8.212413,"11/05":8.212413,"11/06":8.378732,"11/07":8.260266,"11/08":8.379563,"11/09":8.191033,"11/10":7.658153,"11/11":7.304741,"11/12":7.304741,"11/13":7.452604,"11/14":7.3848524,"11/15":7.6468186,"11/16":7.6603727,"11/17":7.7232523,"11/18":7.838859,"11/19":7.838859,"11/20":7.6931477,"11/21":7.6897306,"11/22":7.5483975,"11/23":7.5680585,"11/24":7.1566586,"11/25":7.294537,"11/26":7.294537,"11/27":7.294537,"11/28":7.095294,"11/29":7.1956043,"11/30":7.0264587,"12/01":6.507063,"12/02":6.4592037,"12/03":6.4592037,"12/04":6.6389256,"12/05":6.704692,"12/06":6.9404883,"12/07":7.167729,"12/08":7.06977,"12/09":7.178809,"12/10":7.178809,"12/11":7.2218976,"12/12":7.181854,