{"0":{"01/01":23.325813,"01/02":22.15009,"01/03":21.427153,"01/04":23.723207,"01/05":24.13592,"01/06":24.944374,"01/07":24.944374,"01/08":23.821854,"01/09":22.682661,"01/10":24.268932,"01/11":24.544485,"01/12":24.794058,"01/13":24.154495,"01/14":24.154495,"01/15":26.32829,"01/16":26.054682,"01/17":23.061352,"01/18":21.974312,"01/19":23.523008,"01/20":24.00987,"01/21":24.00987,"01/22":24.00987,"01/23":21.246798,"01/24":22.532465,"01/25":23.44784,"01/26":23.44784,"01/27":25.28773,"01/28":25.28773,"01/29":27.497185,"01/30":25.7554,"01/31":26.74782,"02/01":26.519245,"02/02":27.033092,"02/03":25.479027,"02/04":25.479027,"02/05":25.090372,"02/06":26.626661,"02/07":27.474043,"02/08":26.081781,"02/09":25.901382,"02/10":26.141151,"02/11":26.141151,"02/12":24.984379,"02/13":26.174213,"02/14":25.98374,"02/15":25.897406,"02/16":26.71802,"02/17":27.303617,"02/18":27.303617,"02/19":27.303617,"02/20":28.77057,"02/21":28.180767,"02/22":31.45387,"02/23":32.186996,"02/24":32.493027,"02/25":32.493027,"02/26":32.023827,"02/27":32.898315,"02/28":32.087383,"03/01":33.415787,"03/02":34.446827,"03/03":32.56316,"03/04":32.56316,"03/05":32.56316,"03/06":31.79244,"03/07":31.79244,"03/08":31.539307,"03/09":32.715393,"03/10":34.04722,"03/11":34.04722,"03/12":34.04722,"03/13":36.035053,"03/14":36.820175,"03/15":37.44637,"03/16":37.283096,"03/17":36.46101,"03/18":36.46101,"03/19":36.46101,"03/20":37.26272,"03/21":36.307243,"03/22":36.307243,"03/23":36.46245,"03/24":37.51646,"03/25":37.51646,"03/26":37.51646,"03/27":37.20742,"03/28":37.42448,"03/29":36.49123,"03/30":36.49123,"03/31":34.431473,"04/01":34.431473,"04/02":34.431473,"04/03":34.10694,"04/04":34.10694,"04/05":32.992207,"04/06":32.694984,"04/07":32.694984,"04/08":32.694984,"04/09":32.694984,"04/10":32.59168,"04/11":31.827349,"04/12":31.325775,"04/13":31.167406,"04/14":31.167406,"04/15":31.167406,"04/16":31.167406,"04/17":31.918707,"04/18":32.246223,"04/19":32.599827,"04/20":32.507523,"04/21":32.632442,"04/22":32.632442,"04/23":32.632442,"04/24":31.81392,"04/25":31.517931,"04/26":31.178043,"04/27":30.4233,"04/28":29.336407,"04/29":29.336407,"04/30":29.336407,"05/01":29.336407,"05/02":28.730555,"05/03":29.044989,"05/04":27.984646,"05/05":27.984646,"05/06":27.984646,"05/07":27.984646,"05/08":27.691734,"05/09":27.800152,"05/10":27.476683,"05/11":27.593552,"05/12":27.427729,"05/13":27.427729,"05/14":27.427729,"05/15":26.74892,"05/16":27.097404,"05/17":27.666534,"05/18":28.14431,"05/19":27.681654,"05/20":27.681654,"05/21":27.681654,"05/22":27.263607,"05/23":27.101154,"05/24":27.462868,"05/25":27.462868,"05/26":25.936234,"05/27":25.936234,"05/28":25.936234,"05/29":25.196829,"05/30":24.887594,"05/31":25.2356,"06/01":25.468674,"06/02":24.87916,"06/03":24.87916,"06/04":24.87916,"06/05":24.30231,"06/06":23.966587,"06/07":23.022814,"06/08":23.756792,"06/09":24.037872,"06/10":24.037872,"06/11":24.037872,"06/12":23.779285,"06/13":22.949194,"06/14":22.678843,"06/15":22.998264,"06/16":21.93917,"06/17":21.93917,"06/18":21.93917,"06/19":22.298647,"06/20":22.028843,"06/21":22.122107,"06/22":22.808052,"06/23":23.633858,"06/24":23.633858,"06/25":23.633858,"06/26":23.325237,"06/27":22.596342,"06/28":21.611511,"06/29":21.611511,"06/30":20.19872,"07/01":20.19872,"07/02":20.19872,"07/03":19.565842,"07/04":19.321142,"07/05":19.255186,"07/06":18.51811,"07/07":18.51811,"07/08":18.51811,"07/09":18.51811,"07/10":18.51811,"07/11":18.609339,"07/12":18.8533,"07/13":18.758423,"07/14":17.881277,"07/15":17.881277,"07/16":17.881277,"07/17":17.159973,"07/18":17.05296,"07/19":16.562805,"07/20":15.782878,"07/21":16.878565,"07/22":16.878565,"07/23":16.878565,"07/24":17.292683,"07/25":17.234255,"07/26":16.612158,"07/27":17.05296,"07/28":16.949314,"07/29":16.949314,"07/30":16.949314,"07/31":16.287382,"08/01":16.36893,"08/02":17.763294,"08/03":18.420525,"08/04":17.785797,"08/05":17.785797,"08/06":17.785797,"08/07":17.255493,"08/08":17.350113,"08/09":16.686798,"08/10":17.394815,"08/11":17.809385,"08/12":17.809385,"08/13":17.809385,"08/14":17.96077,"08/15":17.96077,"08/16":17.96077,"08/17":18.24635,"08/18":18.647392,"08/19":18.647392,"08/20":18.647392,"08/21":18.126556,"08/22":17.88664,"08/23":17.456594,"08/24":17.680851,"08/25":18.44761,"08/26":18.44761,"08/27":18.44761,"08/28":18.087757,"08/29":17.889868,"08/30":17.68728,"08/31":18.272276,"09/01":17.237444,"09/02":17.237444,"09/03":17.237444,"09/04":16.565948,"09/05":16.406607,"09/06":16.297834,"09/07":15.58127,"09/08":14.724833,"09/09":14.724833,"09/10":14.724833,"09/11":13.825913,"09/12":14.658772,"09/13":14.32256,"09/14":13.959199,"09/15":13.602135,"09/16":13.602135,"09/17":13.602135,"09/18":13.86196,"09/19":13.86196,"09/20":15.059331,"09/21":16.080887,"09/22":16.224735,"09/23":16.224735,"09/24":16.224735,"09/25":16.194477,"09/26":16.281115,"09/27":15.784952,"09/28":16.98631,"09/29":16.98631,"09/30":16.98631,"10/01":16.98631,"10/02":16.98631,"10/03":16.449543,"10/04":17.481117,"10/05":16.97786,"10/06":16.28007,"10/07":16.28007,"10/08":16.28007,"10/09":17.15785,"10/10":16.004948,"10/11":15.399906,"10/12":15.507006,"10/13":15.623601,"10/14":15.623601,"10/15":15.623601,"10/16":15.609142,"10/17":15.260147,"10/18":16.170488,"10/19":16.487272,"10/20":17.176947,"10/21":13.819472,"10/22":13.819472,"10/23":13.873063,"10/24":13.873063,"10/25":13.915534,"10/26":13.995896,"10/27":13.919016,"10/28":13.919016,"10/29":13.919016,"10/30":13.905041,"10/31":13.894435,"11/01":13.741522,"11/02":13.7596,"11/03":13.767202,"11/04":13.654268,"11/05":13.654268,"11/06":13.622152,"11/07":13.421623,"11/08":13.410587,"11/09":13.55304,"11/10":13.908131,"11/11":13.030254,"11/12":13.030254,"11/13":13.025124,"11/14":13.079445,"11/15":12.833031,"11/16":12.824717,"11/17":12.99794,"11/18":13.114526,"11/19":13.114526,"11/20":13.119459,"11/21":13.531595,"11/22":13.296587,"11/23":13.29858,"11/24":12.652556,"11/25":12.579845,"11/26":12.579845,"11/27":12.579845,"11/28":12.434234,"11/29":12.2755375,"11/30":11.9016905,"12/01":11.749303,"12/02":12.065841,"12/03":12.065841,"12/04":12.078395,"12/05":12.072236,"12/06":12.233773,"12/07":12.468401,"12/08":12.345535,"12/09":12.681892,"12/10":12.681892,"12/11":12.698312,"12/12":12.6698265,"12/13":12.349701,"12/14":12.250462,"12/15":13.0196,"12/16":13.4396715,"12/17":13.4396715,"12/18":13.445412,"12/19":13.00939,"12/20":13.005767,"12/21":13.57349,"12/22":13.792394,"12/23":14.717978,"12/24":14.717978,"12/25":14.717978,"12/26":14.226389,"12/27":13.934083,"12/28":14.018147,"12/29":13.816097,"12/30":14.069417,"12/31":14.069417},"2022":{"10/21":10.461998,"10/22":10.461998,"10/23":9.027996,"10/24":9.027996,"10/25":8.157997,"10/26":6.822005,"10/27":8.093004,"10/28":8.093004,"10/29":8.093004,"10/30":8.359003,"10/31":8.0715275,"11/01":7.229604,"11/02":8.336493,"11/03":9.009786,"11/04":8.7839155,"11/05":8.7839155,"11/06":9.569869,"11/07":9.287441,"11/08":9.591163,"11/09":9.635629,"11/10":10.634012,"11/11":8.878261,"11/12":8.878261,"11/13":9.015273,"11/14":9.123916,"11/15":9.9287405,"11/16":10.493877,"11/17":10.78395,"11/18":11.01712,"11/19":11.01712,"11/20":10.771062,"11/21":11.942454,"11/22":11.489845,"11/23":11.370872,"11/24":10.075741,"11/25":9.93032,"11/26":9.93032,"11/27":9.93032,"11/28":10.054088,"11/29":10.820183,"11/30":10.645193,"12/01":11.155594,"12/02":11.78867,"12/03":11.78867,"12/04":13.778675,"12/05":14.262986,"12/06":15.094874,"12/07":15.473485,"12/08":15.56276,"12/09":16.235474,"12/10":16.235474,"12/11":16.73919,"12/12":16.027939,"12/13":15.653832,"12/14":16.764183,"12/15":19.456638,"12/16":20.296782,"12/17":20.296782,"12/18":20.396826,"12/19":19.548433,"12/20":17.7766,"12/21":19.593763,"12/22":20.47037,"12/23":22.321537,"12/24":22.321537,"12/25":22.321537,"12/26":21.941256,"12/27":22.349113,"12/28":23.108324,"12/29":22.840143,"12/30":23.346783,"12/31":23.346783},"2023":{"01/01":23.325813,"01/02":22.15009,"01/03":21.427153,"01/04":23.723207,"01/05":24.13592,"01/06":24.944374,"01/07":24.944374,"01/08":23.821854,"01/09":22.682661,"01/10":24.268932,"01/11":24.544485,"01/12":24.794058,"01/13":24.154495,