{"0":{"01/01":21.766424,"01/02":23.270214,"01/03":22.33061,"01/04":22.050055,"01/05":22.050055,"01/06":19.771658,"01/07":19.951134,"01/08":20.558685,"01/09":20.230461,"01/10":19.115454,"01/11":19.167912,"01/12":19.167912,"01/13":17.056154,"01/14":18.033966,"01/15":18.191067,"01/16":18.580256,"01/17":19.438805,"01/18":19.900938,"01/19":19.992088,"01/20":21.026007,"01/21":19.833958,"01/22":20.442148,"01/23":20.576952,"01/24":19.767794,"01/25":21.686855,"01/26":21.686855,"01/27":20.400269,"01/28":20.724226,"01/29":21.22462,"01/30":22.762371,"01/31":22.584192,"02/01":22.296501,"02/02":21.571486,"02/03":21.496744,"02/04":22.48144,"02/05":22.11542,"02/06":21.07681,"02/07":21.217825,"02/08":22.176853,"02/09":21.93042,"02/10":21.479391,"02/11":19.909378,"02/12":20.704899,"02/13":20.044474,"02/14":19.259892,"02/15":18.756916,"02/16":18.611269,"02/17":18.638412,"02/18":18.638412,"02/19":18.638412,"02/20":18.030712,"02/21":18.132322,"02/22":17.17696,"02/23":17.396511,"02/24":16.642084,"02/25":16.204584,"02/26":16.649826,"02/27":16.967848,"02/28":15.906493,"02/29":15.237151,"03/01":14.588066,"03/02":14.588066,"03/03":14.293972,"03/04":14.016629,"03/05":15.782132,"03/06":15.997527,"03/07":16.349628,"03/08":16.349628,"03/09":16.349628,"03/10":16.173449,"03/11":16.892082,"03/12":17.302721,"03/13":17.884295,"03/14":17.507692,"03/15":18.34376,"03/16":18.34376,"03/17":19.34656,"03/18":20.65588,"03/19":22.410843,"03/20":23.259844,"03/21":23.242275,"03/22":22.755932,"03/23":22.755932,"03/24":24.617771,"03/25":24.59854,"03/26":24.376217,"03/27":24.738966,"03/28":23.265625,"03/29":23.265625,"03/30":23.265625,"03/31":23.286089,"04/01":23.286089,"04/02":20.67721,"04/03":20.353024,"04/04":19.078161,"04/05":18.140642,"04/06":18.140642,"04/07":15.159138,"04/08":15.893009,"04/09":15.815495,"04/10":15.242215,"04/11":17.549252,"04/12":18.96274,"04/13":18.96274,"04/14":18.96274,"04/15":20.374517,"04/16":22.90273,"04/17":24.640717,"04/18":25.79251,"04/19":24.818472,"04/20":24.818472,"04/21":26.253632,"04/22":25.808878,"04/23":25.353497,"04/24":25.86059,"04/25":24.02622,"04/26":23.613894,"04/27":23.613894,"04/28":24.728287,"04/29":23.137869,"04/30":22.707361,"05/01":22.707361,"05/02":22.091988,"05/03":22.454054,"05/04":22.454054,"05/05":22.389126,"05/06":22.012938,"05/07":22.807205,"05/08":21.596432,"05/09":23.26914,"05/10":22.748652,"05/11":22.748652,"05/12":22.748652,"05/13":22.4049,"05/14":21.68876,"05/15":21.59289,"05/16":20.552778,"05/17":19.81099,"05/18":19.81099,"05/19":19.81099,"05/20":19.81099,"05/21":19.854647,"05/22":19.564613,"05/23":19.564613,"05/24":18.288404,"05/25":18.288404,"05/26":18.288404,"05/27":18.308552,"05/28":18.178812,"05/29":19.090757,"05/30":19.696276,"05/31":19.683664,"06/01":19.683664,"06/02":19.683664,"06/03":16.173342,"06/04":21.942799,"06/05":18.226875,"06/06":16.87828,"06/07":14.8772745,"06/08":14.8772745,"06/09":14.8772745,"06/10":14.869885,"06/11":14.830841,"06/12":14.695977,"06/13":14.330925,"06/14":13.910023,"06/15":13.910023,"06/16":13.910023,"06/17":13.910023,"06/18":13.446896,"06/19":12.947699,"06/20":12.60889,"06/21":13.118382,"06/22":13.118382,"06/23":13.118382,"06/24":12.374036,"06/25":11.763177,"06/26":11.771172,"06/27":11.104595,"06/28":10.812079,"06/29":10.812079,"06/30":10.812079,"07/01":9.75933,"07/02":9.98337,"07/03":8.670633,"07/04":7.999339,"07/05":8.05255,"07/06":8.05255,"07/07":8.05255,"07/08":7.542214,"07/09":6.9798837,"07/10":7.378713,"07/11":7.082521,"07/12":6.532239,"07/13":6.532239,"07/14":6.532239,"07/15":6.01096,"07/16":6.01096,"07/17":6.01096,"07/18":5.404902,"07/19":5.867304,"07/20":5.867304,"07/21":5.867304,"07/22":5.3524876,"07/23":5.4200172,"07/24":5.433355,"07/25":5.433355,"07/26":4.0883975,"07/27":4.0883975,"07/28":4.0883975,"07/29":3.8902936,"07/30":3.9585502,"07/31":3.6568377,"08/01":3.8902936,"08/02":4.640802,"08/03":4.640802,"08/04":4.640802,"08/05":7.030269,"08/06":7.269063,"08/07":5.7750387,"08/08":5.981294,"08/09":5.187603,"08/10":5.187603,"08/11":5.187603,"08/12":5.0823803,"08/13":6.2804475,"08/14":5.9974747,"08/15":5.9974747,"08/16":4.086662,"08/17":4.086662,"08/18":4.086662,"08/19":4.2515926,"08/20":3.5074954,"08/21":3.3765242,"08/22":3.1709096,"08/23":3.6155975,"08/24":3.6155975,"08/25":3.6155975,"08/26":3.045041,"08/27":2.7908454,"08/28":2.7578874,"08/29":2.4261515,"08/30":2.104058,"08/31":2.104058,"09/01":2.104058,"09/02":1.2768326,"09/03":1.0516976,"09/04":1.2669896,"09/05":1.2669896,"09/06":2.2468708,"09/07":2.2468708,"09/08":2.2468708,"09/09":2.2736363,"09/10":1.9757872,"09/11":2.3230317,"09/12":1.3605989,"09/13":1.5318354,"09/14":1.5318354,"09/15":1.5318354,"09/16":1.4099321,"09/17":1.2858635,"09/18":1.2858635,"09/19":0.7860926,"09/20":-0.46341914,"09/21":-0.46341914,"09/22":-0.46341914,"09/23":-1.0316012,"09/24":-0.8306037,"09/25":-1.1396093,"09/26":-1.8575505,"09/27":-1.4459174,"09/28":-1.4459174,"09/29":-1.4459174,"09/30":-0.5552757,"10/01":-0.92492193,"10/02":-0.92492193,"10/03":0.5930679,"10/04":1.5442079,"10/05":1.5442079,"10/06":1.5442079,"10/07":2.8255105,"10/08":2.0407164,"10/09":1.8827015,"10/10":1.1064544,"10/11":1.3540233,"10/12":1.3540233,"10/13":1.3540233,"10/14":0.94642746,"10/15":0.9496849,"10/16":1.3269144,"10/17":2.2443585,"10/18":2.0415504,"10/19":2.0415504,"10/20":2.0415504,"10/21":2.3205156,"10/22":3.5169203,"10/23":3.5169203,"10/24":3.5615182,"10/25":3.9231172,"10/26":3.9231172,"10/27":3.9231172,"10/28":3.6826324,"10/29":2.6692715,"10/30":2.6692715,"10/31":3.7041323,"11/01":3.7041323,"11/02":3.7041323,"11/03":3.7041323,"11/04":3.8652596,"11/05":2.8001404,"11/06":2.1808426,"11/07":2.7857676,"11/08":3.1019802,"11/09":3.1019802,"11/10":3.1019802,"11/11":2.0140648,"11/12":3.2766008,"11/13":4.692511,"11/14":4.47901,"11/15":4.47901,"11/16":4.47901,"11/17":4.47901,"11/18":4.778507,"11/19":4.543665,"11/20":4.543665,"11/21":5.0232253,"11/22":3.2851374,"11/23":3.2851374,"11/24":3.2851374,"11/25":2.1557896,"11/26":2.392595,"11/27":2.3146534,"11/28":3.26892,"11/29":2.685293,"11/30":2.685293,"12/01":2.685293,"12/02":2.4463007,"12/03":1.6333739,"12/04":1.5367825,"12/05":0.9309438,"12/06":0.93012774,"12/07":0.93012774,"12/08":0.93012774,"12/09":0.6562477,"12/10":0.55503917,"12/11":0.55908144,"12/12":0.7763447,"12/13":0.16506666,"12/14":0.16506666,"12/15":0.16506666,"12/16":0.16506666,"12/17":1.1399925,"12/18":1.8677527,"12/19":2.315492,"12/20":4.1508317,"12/21":4.1508317,"12/22":4.1508317,"12/23":3.2800186,"12/24":3.5212042,"12/25":3.5212042,"12/26":12.16449,"12/27":12.173941,"12/28":12.173941,"12/29":12.166061,"12/30":12.211959,"12/31":12.18475},"2023":{"12/26":21.124,"12/27":21.251001,"12/28":21.251001,"12/29":21.235243,"12/30":21.832167,"12/31":21.482212},"2024":{"01/01":21.766424,"01/02":23.270214,"01/03":22.33061,"01/04":22.050055,"01/05":22.050055,"01/06":19.771658,"01/07":19.951134,"01/08":20.558685,"01/09":20.230461,"01/10":19.115454,"01/11":19.167912,"01/12":19.167912,"01/13":17.056154,"01/14":18.033966,"01/15":18.191067,"01/16":18.580256,"01/17":19.438805,"01/18":19.900938,"01/19":19.992088,"01/20":21.026007,"01/21":19.833958,"01/22":20.442148,"01/23":20.576952,"01/24":19.767794,"01/25":21.686855,"01/26":21.686855,"01/27":20.400269,"01/28":20.724226,"01/29":21.22462,"01/30":22.762371,"01/31":22.584192,"02/01":22.296501,"02/02":21.571486,"02/03":21.496744,"02/04":22.48144,"02/05":22.11542,"02/06":21.07681,"02/07":21.217825,"02/08":22.176853,"02/09":21.93042,"02/10":21.479391,"02/11":19.909378,"02/12":20.704899,"02/13":20.044474,"02/14":19.259892,"02/15":18.756916,"02/16":18.611269,"02/17":18.638412,"02/18":18.638412,"02/19":18.638412,"02/20":18.030712,"02/21":18.132322,"02/22":17.17696,"02/23":17.396511,"02/24":16.642084,"02/25":16.204584,"02/26":16.649826,"02/27":16.967848,"02/28":15.906493,"02/29":15.237151,"03/01":14.588066,"03/02":14.588066,"03/03":14.293972,"03/04":14.016629,"03/05":15.782132,"03/06":15.997527,"03/07":16.349628,"03/08":16.349628,"03/09":16.349628,"03/10":16.173449,"03/11":16.892082,"03/12":17.302721,"03/13":17.884295,"03/14":17.507692,"03/15":18.34376,