{"0":{"01/01":23.325813,"01/02":22.15009,"01/03":21.427153,"01/04":23.723207,"01/05":24.13592,"01/06":24.944374,"01/07":24.944374,"01/08":23.821854,"01/09":22.682661,"01/10":24.268932,"01/11":24.544485,"01/12":24.794058,"01/13":24.154495,"01/14":24.154495,"01/15":26.32829,"01/16":26.054682,"01/17":23.061352,"01/18":21.974312,"01/19":23.523008,"01/20":24.00987,"01/21":24.00987,"01/22":24.00987,"01/23":21.246798,"01/24":22.532465,"01/25":23.44784,"01/26":23.44784,"01/27":25.28773,"01/28":25.28773,"01/29":27.497185,"01/30":25.7554,"01/31":26.74782,"02/01":26.519245,"02/02":27.033092,"02/03":25.479027,"02/04":25.479027,"02/05":25.090372,"02/06":26.626661,"02/07":27.474043,"02/08":26.081781,"02/09":25.901382,"02/10":26.141151,"02/11":26.141151,"02/12":24.984379,"02/13":26.174213,"02/14":25.98374,"02/15":25.897406,"02/16":26.71802,"02/17":27.303617,"02/18":27.303617,"02/19":27.303617,"02/20":28.77057,"02/21":28.180767,"02/22":31.45387,"02/23":32.186996,"02/24":32.493027,"02/25":32.493027,"02/26":32.023827,"02/27":32.898315,"02/28":32.087383,"03/01":33.415787,"03/02":34.446827,"03/03":32.56316,"03/04":33.01789,"03/05":32.826374,"03/06":32.418644,"03/07":32.81574,"03/08":32.56064,"03/09":33.745857,"03/10":35.088024,"03/11":34.33513,"03/12":33.796604,"03/13":32.81589,"03/14":34.688118,"03/15":34.52512,"03/16":34.36532,"03/17":33.560707,"03/18":33.560707,"03/19":32.097378,"03/20":32.824657,"03/21":33.769302,"03/22":34.507526,"03/23":34.660683,"03/24":35.700775,"03/25":35.700775,"03/26":35.7199,"03/27":35.963993,"03/28":37.482872,"03/29":36.54923,"03/30":36.54923,"03/31":34.488594,"04/01":34.488594,"04/02":36.07453,"04/03":35.820633,"04/04":35.986404,"04/05":34.96702,"04/06":34.665382,"04/07":34.665382,"04/08":35.499874,"04/09":35.499874,"04/10":35.394386,"04/11":34.613903,"04/12":34.101727,"04/13":33.94001,"04/14":33.94001,"04/15":33.94001,"04/16":33.94001,"04/17":34.70719,"04/18":35.041634,"04/19":35.40271,"04/20":35.308453,"04/21":35.436012,"04/22":35.436012,"04/23":35.436012,"04/24":34.60019,"04/25":34.297947,"04/26":33.95087,"04/27":33.180176,"04/28":32.07031,"04/29":32.07031,"04/30":32.07031,"05/01":32.07031,"05/02":31.451647,"05/03":31.772728,"05/04":30.689972,"05/05":30.689972,"05/06":30.689972,"05/07":30.689972,"05/08":30.390867,"05/09":30.501581,"05/10":30.171272,"05/11":30.290611,"05/12":30.121286,"05/13":30.121286,"05/14":30.121286,"05/15":29.42813,"05/16":29.78398,"05/17":30.365137,"05/18":30.85301,"05/19":30.380579,"05/20":30.380579,"05/21":30.380579,"05/22":29.953693,"05/23":29.787806,"05/24":30.157166,"05/25":30.157166,"05/26":28.59826,"05/27":28.59826,"05/28":28.59826,"05/29":27.84323,"05/30":27.527456,"05/31":27.882816,"06/01":28.12082,"06/02":27.518845,"06/03":27.518845,"06/04":27.518845,"06/05":26.9298,"06/06":26.586983,"06/07":25.623259,"06/08":26.372751,"06/09":26.659771,"06/10":26.659771,"06/11":26.659771,"06/12":26.395721,"06/13":25.548082,"06/14":25.272015,"06/15":25.59819,"06/16":24.51671,"06/17":24.51671,"06/18":24.51671,"06/19":24.883783,"06/20":24.608276,"06/21":24.703512,"06/22":25.403955,"06/23":26.24722,"06/24":26.24722,"06/25":26.24722,"06/26":25.932074,"06/27":25.187773,"06/28":24.182123,"06/29":24.182123,"06/30":22.73947,"07/01":22.73947,"07/02":22.73947,"07/03":22.093214,"07/04":21.843342,"07/05":21.775991,"07/06":21.023336,"07/07":21.023336,"07/08":21.023336,"07/09":21.023336,"07/10":21.023336,"07/11":21.116491,"07/12":21.36561,"07/13":21.268728,"07/14":20.37304,"07/15":20.37304,"07/16":20.37304,"07/17":19.63649,"07/18":19.527214,"07/19":19.026697,"07/20":18.230286,"07/21":19.349133,"07/22":19.349133,"07/23":19.349133,"07/24":19.772005,"07/25":19.712341,"07/26":19.077095,"07/27":19.527214,"07/28":19.421377,"07/29":19.421377,"07/30":19.421377,"07/31":18.745453,"08/01":18.828724,"08/02":20.252563,"08/03":20.923687,"08/04":20.275543,"08/05":20.275543,"08/06":20.275543,"08/07":19.734028,"08/08":19.83065,"08/09":19.153313,"08/10":19.876297,"08/11":20.29963,"08/12":20.29963,"08/13":20.29963,"08/14":20.454214,"08/15":20.454214,"08/16":20.454214,"08/17":20.74583,"08/18":21.155348,"08/19":21.155348,"08/20":21.155348,"08/21":20.623505,"08/22":20.378517,"08/23":19.93938,"08/24":20.168379,"08/25":20.951345,"08/26":20.951345,"08/27":20.951345,"08/28":20.583885,"08/29":20.381811,"08/30":20.174944,"08/31":20.772305,"09/01":19.7156,"09/02":19.7156,"09/03":19.7156,"09/04":19.029907,"09/05":18.867199,"09/06":18.756126,"09/07":18.024416,"09/08":17.149874,"09/09":17.149874,"09/10":17.149874,"09/11":16.231955,"09/12":17.082417,"09/13":16.7391,"09/14":16.368057,"09/15":16.003447,"09/16":16.003447,"09/17":16.003447,"09/18":16.268764,"09/19":16.268764,"09/20":17.491444,"09/21":18.534594,"09/22":18.681482,"09/23":18.681482,"09/24":18.681482,"09/25":18.650583,"09/26":18.739054,"09/27":18.232403,"09/28":19.459154,"09/29":19.459154,"09/30":19.459154,"10/01":19.459154,"10/02":19.459154,"10/03":18.911043,"10/04":19.964422,"10/05":19.450525,"10/06":18.737986,"10/07":18.737986,"10/08":18.737986,"10/09":19.634323,"10/10":18.45705,"10/11":17.839218,"10/12":17.948582,"10/13":18.06764,"10/14":18.06764,"10/15":18.06764,"10/16":18.052877,"10/17":17.696507,"10/18":18.62609,"10/19":18.94957,"10/20":19.653822,"10/21":15.05791,"10/22":15.05791,"10/23":15.127789,"10/24":15.127789,"10/25":15.180353,"10/26":15.276534,"10/27":15.184595,"10/28":15.184595,"10/29":15.184595,"10/30":15.167514,"10/31":15.159722,"11/01":15.012474,"11/02":15.019237,"11/03":15.019884,"11/04":14.90695,"11/05":14.90695,"11/06":14.865847,"11/07":14.664065,"11/08":14.649586,"11/09":14.79458,"11/10":15.146625,"11/11":14.268749,"11/12":14.268749,"11/13":14.26206,"11/14":14.316381,"11/15":14.056253,"11/16":14.041791,"11/17":14.2156105,"11/18":14.332195,"11/19":14.332195,"11/20":14.339832,"11/21":14.748301,"11/22":14.513108,"11/23":14.516401,"11/24":13.87041,"11/25":13.797699,"11/26":13.797699,"11/27":13.797699,"11/28":13.647701,"11/29":13.477554,"11/30":13.097654,"12/01":12.936651,"12/02":13.253189,"12/03":13.253189,"12/04":13.244976,"12/05":13.233568,"12/06":13.389729,"12/07":13.625315,"12/08":13.498907,"12/09":13.835264,"12/10":13.835264,"12/11":13.846707,"12/12":13.825137,"12/13":13.502198,"12/14":13.389126,"12/15":14.146066,"12/16":14.566137,"12/17":14.566137,"12/18":14.570942,"12/19":14.13467,"12/20":14.149697,"12/21":14.710215,"12/22":14.924481,"12/23":15.850065,"12/24":15.850065,"12/25":15.850065,"12/26":15.352104,"12/27":15.049309,"12/28":15.127126,"12/29":14.92364,"12/30":15.17696,"12/31":15.17696},"2022":{"10/21":10.461998,"10/22":10.461998,"10/23":9.027996,"10/24":9.027996,"10/25":8.157997,"10/26":6.822005,"10/27":8.093004,"10/28":8.093004,"10/29":8.093004,"10/30":8.359003,"10/31":8.0715275,"11/01":7.229604,"11/02":8.336493,"11/03":9.009786,"11/04":8.7839155,"11/05":8.7839155,"11/06":9.569869,"11/07":9.287441,"11/08":9.591163,"11/09":9.635629,"11/10":10.634012,"11/11":8.878261,"11/12":8.878261,"11/13":9.015273,"11/14":9.123916,"11/15":9.9287405,"11/16":10.493877,"11/17":10.78395,"11/18":11.01712,"11/19":11.01712,"11/20":10.771062,"11/21":11.942454,"11/22":11.489845,"11/23":11.370872,"11/24":10.075741,"11/25":9.93032,"11/26":9.93032,"11/27":9.93032,"11/28":10.054088,"11/29":10.820183,"11/30":10.645193,"12/01":11.155594,"12/02":11.78867,"12/03":11.78867,"12/04":13.778675,"12/05":14.262986,"12/06":15.094874,"12/07":15.473485,"12/08":15.56276,"12/09":16.235474,"12/10":16.235474,"12/11":16.73919,"12/12":16.027939,"12/13":15.653832,"12/14":16.764183,"12/15":19.456638,"12/16":20.296782,"12/17":20.296782,"12/18":20.396826,"12/19":19.548433,"12/20":17.7766,"12/21":19.593763,"12/22":20.47037,"12/23":22.321537,"12/24":22.321537,"12/25":22.321537,"12/26":21.941256,"12/27":22.349113,"12/28":23.108324,"12/29":22.840143,"12/30":23.346783,"12/31":23.346783},"2023":{"01/01":23.325813,"01/02":22.15009,"01/03":21.427153,"01/04":23.723207,"01/05":24.13592,"01/06":24.944374,"01/07":24.944374,"01/08":23.821854,"01/09":22.682661,"01/10":24.268932,"01/11":24.544485,"01/12":24.794058,"01/13":24.154495,