{"0":{"01/01":17.63367,"01/02":17.093437,"01/03":16.891262,"01/04":17.961147,"01/05":18.35464,"01/06":19.12544,"01/07":19.12544,"01/08":19.12544,"01/09":17.711246,"01/10":18.863394,"01/11":18.976248,"01/12":19.21466,"01/13":18.603693,"01/14":18.603693,"01/15":18.603693,"01/16":18.945004,"01/17":18.017874,"01/18":17.386328,"01/19":17.675978,"01/20":18.139793,"01/21":18.139793,"01/22":18.139793,"01/23":17.645412,"01/24":17.67832,"01/25":19.054401,"01/26":19.054401,"01/27":20.82881,"01/28":20.82881,"01/29":20.82881,"01/30":20.492622,"01/31":20.488932,"02/01":20.310488,"02/02":20.075027,"02/03":18.606085,"02/04":18.606085,"02/05":18.606085,"02/06":19.200176,"02/07":19.549795,"02/08":18.760332,"02/09":18.470097,"02/10":18.695715,"02/11":18.695715,"02/12":18.695715,"02/13":19.213451,"02/14":18.245335,"02/15":17.620745,"02/16":17.54094,"02/17":18.084124,"02/18":18.084124,"02/19":18.084124,"02/20":18.735193,"02/21":18.82383,"02/22":20.606121,"02/23":20.925549,"02/24":21.205507,"02/25":21.205507,"02/26":21.205507,"02/27":21.623493,"02/28":22.37401,"03/01":21.417894,"03/02":22.356213,"03/03":20.641943,"03/04":20.641943,"03/05":20.641943,"03/06":19.940535,"03/07":19.940535,"03/08":19.710163,"03/09":20.780485,"03/10":21.992544,"03/11":21.992544,"03/12":21.992544,"03/13":23.801617,"03/14":24.51613,"03/15":25.086014,"03/16":24.937424,"03/17":24.189266,"03/18":24.189266,"03/19":24.189266,"03/20":24.918875,"03/21":24.049326,"03/22":24.049326,"03/23":24.190578,"03/24":25.1498,"03/25":25.1498,"03/26":25.1498,"03/27":24.868551,"03/28":25.066092,"03/29":24.216766,"03/30":24.216766,"03/31":22.342241,"04/01":22.342241,"04/02":22.342241,"04/03":22.046894,"04/04":22.046894,"04/05":21.032406,"04/06":20.761911,"04/07":20.761911,"04/08":20.761911,"04/09":20.761911,"04/10":20.667896,"04/11":19.972301,"04/12":19.515833,"04/13":19.371706,"04/14":19.371706,"04/15":19.371706,"04/16":19.371706,"04/17":20.055445,"04/18":20.353508,"04/19":20.675312,"04/20":20.591309,"04/21":20.704994,"04/22":20.704994,"04/23":20.704994,"04/24":19.96008,"04/25":19.69071,"04/26":19.381388,"04/27":18.694517,"04/28":17.705368,"04/29":17.705368,"04/30":17.705368,"05/01":17.705368,"05/02":17.153997,"05/03":17.440155,"05/04":16.475168,"05/05":16.475168,"05/06":16.475168,"05/07":16.475168,"05/08":16.208597,"05/09":16.307266,"05/10":16.012884,"05/11":16.119244,"05/12":15.968336,"05/13":15.968336,"05/14":15.968336,"05/15":15.350571,"05/16":15.667715,"05/17":16.185663,"05/18":16.620474,"05/19":16.199425,"05/20":16.199425,"05/21":16.199425,"05/22":15.818972,"05/23":15.671127,"05/24":16.000313,"05/25":16.000313,"05/26":14.610966,"05/27":14.610966,"05/28":14.610966,"05/29":13.938058,"05/30":13.656631,"05/31":13.973339,"06/01":14.185455,"06/02":13.648954,"06/03":13.648954,"06/04":13.648954,"06/05":13.12398,"06/06":12.818449,"06/07":11.959547,"06/08":12.627521,"06/09":12.883322,"06/10":12.883322,"06/11":12.883322,"06/12":12.647991,"06/13":11.892547,"06/14":11.646508,"06/15":11.937204,"06/16":10.973354,"06/17":10.973354,"06/18":10.973354,"06/19":11.300503,"06/20":11.054961,"06/21":11.139838,"06/22":11.764098,"06/23":12.515639,"06/24":12.515639,"06/25":12.515639,"06/26":12.234773,"06/27":11.571426,"06/28":10.675159,"06/29":10.675159,"06/30":9.389421,"07/01":9.389421,"07/02":9.389421,"07/03":8.813457,"07/04":8.590761,"07/05":8.530736,"07/06":7.8599453,"07/07":7.8599453,"07/08":7.8599453,"07/09":7.8599453,"07/10":7.8599453,"07/11":7.942969,"07/12":8.164991,"07/13":8.078648,"07/14":7.2803807,"07/15":7.2803807,"07/16":7.2803807,"07/17":6.623944,"07/18":6.5265527,"07/19":6.080477,"07/20":5.370688,"07/21":6.3678412,"07/22":6.3678412,"07/23":6.3678412,"07/24":6.7447186,"07/25":6.6915445,"07/26":6.1253924,"07/27":6.5265527,"07/28":6.432228,"07/29":6.432228,"07/30":6.432228,"07/31":5.829822,"08/01":5.904037,"08/02":7.173008,"08/03":7.7711344,"08/04":7.193489,"08/05":7.193489,"08/06":7.193489,"08/07":6.710873,"08/08":6.796984,"08/09":6.1933208,"08/10":6.837666,"08/11":7.214954,"08/12":7.214954,"08/13":7.214954,"08/14":7.352726,"08/15":7.352726,"08/16":7.352726,"08/17":7.612624,"08/18":7.9776,"08/19":7.9776,"08/20":7.9776,"08/21":7.5036035,"08/22":7.285263,"08/23":6.8938904,"08/24":7.09798,"08/25":7.795786,"08/26":7.795786,"08/27":7.795786,"08/28":7.4682937,"08/29":7.288199,"08/30":7.10383,"08/31":7.636218,"09/01":6.694448,"09/02":6.694448,"09/03":6.694448,"09/04":6.0833373,"09/05":5.9383264,"09/06":5.839335,"09/07":5.187211,"09/08":4.4077907,"09/09":4.4077907,"09/10":4.4077907,"09/11":3.5897098,"09/12":4.347671,"09/13":4.041694,"09/14":3.7110097,"09/15":3.3860552,"09/16":3.3860552,"09/17":3.3860552,"09/18":3.6225162,"09/19":3.6225162,"09/20":4.7122083,"09/21":5.641898,"09/22":5.7728095,"09/23":5.7728095,"09/24":5.7728095,"09/25":5.745272,"09/26":5.824119,"09/27":5.3725758,"09/28":6.4658966,"09/29":6.4658966,"09/30":6.4658966,"10/01":6.4658966,"10/02":6.4658966,"10/03":5.9774013,"10/04":6.916208,"10/05":6.4582067,"10/06":5.8231673,"10/07":5.8231673,"10/08":5.8231673,"10/09":6.622011,"10/10":5.5727873,"10/11":5.0221562,"10/12":5.119624,"10/13":5.225734,"10/14":5.225734,"10/15":5.225734,"10/16":5.2125764,"10/17":4.8949656,"10/18":5.723441,"10/19":6.0117373,"10/20":6.6393905,"10/21":8.550694,"10/22":8.550694,"10/23":8.5349865,"10/24":8.5349865,"10/25":8.534519,"10/26":8.547584,"10/27":8.534765,"10/28":8.534765,"10/29":8.534765,"10/30":8.534007,"10/31":8.51143,"11/01":8.334412,"11/02":8.400635,"11/03":8.437828,"11/04":8.324893,"11/05":8.324893,"11/06":8.331004,"11/07":8.135811,"11/08":8.139423,"11/09":8.271065,"11/10":8.639113,"11/11":7.761238,"11/12":7.761238,"11/13":7.7627287,"11/14":7.81705,"11/15":7.628985,"11/16":7.6468296,"11/17":7.8175178,"11/18":7.934103,"11/19":7.934103,"11/20":7.9275284,"11/21":8.355273,"11/22":8.121048,"11/23":8.117513,"11/24":7.4713492,"11/25":7.3986387,"11/26":7.3986387,"11/27":7.3986387,"11/28":7.271687,"11/29":7.1617093,"11/30":6.8136125,"12/01":6.697879,"12/02":7.0144167,"12/03":7.0144167,"12/04":7.1153216,"12/05":7.131493,"12/06":7.280959,"12/07":7.517018,"12/08":7.3853216,"12/09":7.7193727,"12/10":7.7193727,"12/11":7.7193727,"12/12":7.7131476,"12/13":7.3870015,"12/14":7.2425475,"12/15":7.9351206,"12/16":8.342582,"12/17":8.342582,"12/18":8.342582,"12/19":7.918598,"12/20":8.005871,"12/21":8.529851,"12/22":8.718325,"12/23":9.6206,"12/24":9.6206,"12/25":9.6206,"12/26":9.100716,"12/27":8.74585,"12/28":8.779267,"12/29":8.575249,"12/30":8.816835,"12/31":8.816835},"2022":{"10/21":10.461998,"10/22":10.461998,"10/23":9.027996,"10/24":9.027996,"10/25":8.157997,"10/26":6.822005,"10/27":8.093004,"10/28":8.093004,"10/29":8.093004,"10/30":8.359003,"10/31":8.0715275,"11/01":7.229604,"11/02":8.336493,"11/03":9.009786,"11/04":8.7839155,"11/05":8.7839155,"11/06":9.569869,"11/07":9.287441,"11/08":9.591163,"11/09":9.635629,"11/10":10.634012,"11/11":8.878261,"11/12":8.878261,"11/13":9.015273,"11/14":9.123916,"11/15":9.9287405,"11/16":10.493877,"11/17":10.78395,"11/18":11.01712,"11/19":11.01712,"11/20":10.771062,"11/21":11.942454,"11/22":11.489845,"11/23":11.370872,"11/24":10.075741,"11/25":9.93032,"11/26":9.93032,"11/27":9.93032,"11/28":10.054088,"11/29":10.820183,"11/30":10.645193,"12/01":11.155594,"12/02":11.78867,"12/03":11.78867,"12/04":13.778675,"12/05":14.262986,"12/06":14.561918,"12/07":15.034036,"12/08":14.770643,"12/09":15.4387455,"12/10":15.4387455,"12/11":15.4387455,"12/12":15.426295,"12/13":14.774003,"12/14":14.485095,"12/15":15.870241,"12/16":16.685163,"12/17":16.685163,"12/18":16.685163,"12/19":15.837196,"12/20":16.011742,"12/21":17.059702,"12/22":17.43665,"12/23":19.2412,"12/24":19.2412,"12/25":19.2412,"12/26":18.201431,"12/27":17.4917,"12/28":17.558535,"12/29":17.150497,"12/30":17.63367,"12/31":17.63367},"2023":{"01/01":17.63367,"01/02":17.093437,"01/03":16.891262,"01/04":17.961147,"01/05":18.35464,"01/06":19.12544,"01/07":19.12544,"01/08":19.12544,"01/09":17.711246,"01/10":18.863394,"01/11":18.976248,"01/12":19.21466,"01/13":18.603693,"01/14":18.603693,"01/15":18.603693,"01/16":18.945004,