"Month (MM)","Day (DD)","2023","Average Across Years"
12,26,2.4129963,2.4129963
12,27,2.4129963,2.4129963
12,28,2.3976352,2.3976352
12,29,2.388419,2.388419
12,30,2.388419,2.388419
12,31,2.388419,2.388419
