{"0":{"12/26":3.5919952,"12/27":3.5919952,"12/28":3.5774944,"12/29":3.5785315,"12/30":3.5785315,"12/31":3.5785315},"2023":{"12/26":3.5919952,"12/27":3.5919952,"12/28":3.5774944,"12/29":3.5785315,"12/30":3.5785315,"12/31":3.5785315}}