{"0":{"01/01":6.419319,"01/02":6.4193897,"01/03":6.412,"01/04":6.4024,"01/05":6.4024,"01/06":6.4025717,"01/07":6.4026413,"01/08":6.366433,"01/09":6.358468,"01/10":6.3521147,"01/11":6.344655,"01/12":6.344655,"01/13":6.3448753,"01/14":6.3449607,"01/15":6.307749,"01/16":6.298787,"01/17":6.2919674,"01/18":6.28292,"01/19":6.2733374,"01/20":6.2735915,"01/21":6.2736864,"01/22":6.2737846,"01/23":6.236073,"01/24":6.2265987,"01/25":6.21703,"01/26":6.21703,"01/27":6.2173195,"01/28":6.2174397,"01/29":6.1808677,"01/30":6.1719522,"01/31":6.1625032,"02/01":6.1529446,"02/02":6.143385,"02/03":6.1437154,"02/04":6.1438427,"02/05":6.116917,"02/06":6.108591,"02/07":6.0997186,"02/08":6.0907006,"02/09":6.0822115,"02/10":6.082605,"02/11":6.082729,"02/12":6.054241,"02/13":6.044875,"02/14":6.036,"02/15":6.0264554,"02/16":6.0179806,"02/17":6.0184097,"02/18":6.0184097,"02/19":6.0184097,"02/20":5.9817533,"02/21":5.9723577,"02/22":5.963359,"02/23":5.9554195,"02/24":5.955901,"02/25":5.956092,"02/26":5.9285636,"02/27":5.9198856,"02/28":5.910487,"02/29":6.802859,"03/01":5.8925085,"03/02":5.8925085,"03/03":5.893013,"03/04":5.864998,"03/05":5.8568716,"03/06":5.848594,"03/07":5.8403025,"03/08":5.8403025,"03/09":5.8403025,"03/10":5.8407917,"03/11":5.80347,"03/12":5.794112,"03/13":5.7847853,"03/14":5.7763433,"03/15":5.767376,"03/16":5.767376,"03/17":5.768175,"03/18":5.768346,"03/19":5.7315965,"03/20":5.7233667,"03/21":5.714587,"03/22":5.7051063,"03/23":5.7051063,"03/24":5.7058,"03/25":5.7061563,"03/26":5.6684976,"03/27":5.6598377,"03/28":5.650374,"03/29":5.650374,"03/30":5.650374,"03/31":5.618992,"04/01":5.618992,"04/02":5.604723,"04/03":5.596528,"04/04":5.58714,"04/05":5.578188,"04/06":5.578188,"04/07":5.5789638,"04/08":5.5517397,"04/09":5.5520735,"04/10":5.533659,"04/11":5.5343084,"04/12":5.515372,"04/13":5.515372,"04/14":5.515372,"04/15":5.488042,"04/16":5.4788475,"04/17":5.479074,"04/18":5.4596324,"04/19":5.4501824,"04/20":5.4501824,"04/21":5.4512076,"04/22":5.424425,"04/23":5.4149814,"04/24":5.4068527,"04/25":5.397674,"04/26":5.388229,"04/27":5.388229,"04/28":5.3890004,"04/29":5.3603644,"04/30":5.350932,"05/01":5.350932,"05/02":5.3320723,"05/03":5.3231697,"05/04":5.3231697,"05/05":5.324748,"05/06":5.2983427,"05/07":5.289215,"05/08":5.280547,"05/09":5.2713475,"05/10":5.2619324,"05/11":5.2619324,"05/12":5.2619324,"05/13":5.2336974,"05/14":5.2258224,"05/15":5.2167463,"05/16":5.207631,"05/17":5.1987453,"05/18":5.1987453,"05/19":5.1997094,"05/20":5.200077,"05/21":5.1622863,"05/22":5.152812,"05/23":5.1532335,"05/24":5.133921,"05/25":5.133921,"05/26":5.134909,"05/27":5.1071186,"05/28":5.0980415,"05/29":5.0890026,"05/30":5.0804486,"05/31":5.0715837,"06/01":5.0715837,"06/02":5.0725884,"06/03":5.044256,"06/04":5.0354023,"06/05":5.0272393,"06/06":5.018226,"06/07":5.0083284,"06/08":5.0083284,"06/09":5.010108,"06/10":4.981334,"06/11":4.9722643,"06/12":4.963119,"06/13":4.9544635,"06/14":4.945098,"06/15":4.945098,"06/16":4.9459844,"06/17":4.9462132,"06/18":4.9085975,"06/19":4.899564,"06/20":4.8905764,"06/21":4.8812237,"06/22":4.8812237,"06/23":4.882205,"06/24":4.854011,"06/25":4.8450384,"06/26":4.836428,"06/27":4.827611,"06/28":4.817754,"06/29":4.817754,"06/30":4.817754,"07/01":4.7876997,"07/02":4.776824,"07/03":4.766473,"07/04":4.7571554,"07/05":4.7478466,"07/06":4.7478466,"07/07":4.7478466,"07/08":4.7251453,"07/09":4.7166533,"07/10":4.7075796,"07/11":4.6985946,"07/12":4.6892796,"07/13":4.6892796,"07/14":4.6902294,"07/15":4.6627355,"07/16":4.663027,"07/17":4.663404,"07/18":4.636385,"07/19":4.627082,"07/20":4.627082,"07/21":4.6280713,"07/22":4.5999794,"07/23":4.5905104,"07/24":4.5815554,"07/25":4.581875,"07/26":4.5622706,"07/27":4.5622706,"07/28":4.563296,"07/29":4.536301,"07/30":4.5273457,"07/31":4.517808,"08/01":4.5089235,"08/02":4.499653,"08/03":4.499653,"08/04":4.500759,"08/05":4.4727993,"08/06":4.4638844,"08/07":4.4549727,"08/08":4.4460807,"08/09":4.436824,"08/10":4.436824,"08/11":4.437882,"08/12":4.409414,"08/13":4.4010506,"08/14":4.3922014,"08/15":4.3922014,"08/16":4.3731937,"08/17":4.3731937,"08/18":4.374759,"08/19":4.3464046,"08/20":4.3375463,"08/21":4.328204,"08/22":4.3188415,"08/23":4.3096056,"08/24":4.3096056,"08/25":4.3107476,"08/26":4.282862,"08/27":4.2736387,"08/28":4.2645636,"08/29":4.255596,"08/30":4.246379,"08/31":4.246379,"09/01":4.247464,"09/02":4.21909,"09/03":4.2091055,"09/04":4.2002225,"09/05":4.200547,"09/06":4.1821346,"09/07":4.1821346,"09/08":4.1821346,"09/09":4.154975,"09/10":4.146037,"09/11":4.1370964,"09/12":4.127699,"09/13":4.1185064,"09/14":4.1185064,"09/15":4.1195636,"09/16":4.0908046,"09/17":4.0815096,"09/18":4.0818644,"09/19":4.0628905,"09/20":4.052696,"09/21":4.052696,"09/22":4.053312,"09/23":4.023997,"09/24":4.0067897,"09/25":4.0094924,"09/26":3.994546,"09/27":3.9848838,"09/28":3.9848838,"09/29":3.9926717,"09/30":3.9788744,"10/01":3.9664614,"10/02":3.9664614,"10/03":3.9439256,"10/04":3.9301074,"10/05":3.9301074,"10/06":3.9240808,"10/07":3.9018102,"10/08":3.8972442,"10/09":3.8859434,"10/10":3.8771358,"10/11":3.8674164,"10/12":3.8674164,"10/13":3.8563554,"10/14":3.822685,"10/15":3.8241715,"10/16":3.808122,"10/17":3.7974868,"10/18":3.7888417,"10/19":3.7888417,"10/20":3.8096766,"10/21":3.7810566,"10/22":3.7713547,"10/23":3.7636962,"10/24":3.7534893,"10/25":3.744303,"10/26":3.744303,"10/27":3.744303,"10/28":3.714737,"10/29":3.705564,"10/30":3.705564,"10/31":3.6851988,"11/01":3.6851988,"11/02":3.6851988,"11/03":3.6851988,"11/04":3.6455271,"11/05":3.6343474,"11/06":3.6221561,"11/07":3.6114948,"11/08":3.6013455,"11/09":3.6013455,"11/10":3.6013455,"11/11":3.5729468,"11/12":3.5633197,"11/13":3.5536962,"11/14":3.543569,"11/15":3.543569,"11/16":3.543569,"11/17":3.543569,"11/18":3.5041063,"11/19":3.4944992,"11/20":3.4944992,"11/21":3.4742935,"11/22":3.4657083,"11/23":3.4657083,"11/24":3.4657083,"11/25":3.437453,"11/26":3.4273696,"11/27":3.4182997,"11/28":3.4087281,"11/29":3.4001634,"11/30":3.4001634,"12/01":3.4001634,"12/02":3.3699625,"12/03":3.3594012,"12/04":3.3508575,"12/05":3.340807,"12/06":3.33076,"12/07":3.33076,"12/08":3.33076,"12/09":3.300135,"12/10":3.2906058,"12/11":3.2810798,"12/12":3.2720544,"12/13":3.2635388,"12/14":3.2635388,"12/15":3.2635388,"12/16":3.2635388,"12/17":3.2249885,"12/18":3.2154813,"12/19":3.2064826,"12/20":3.1979833,"12/21":3.1979833,"12/22":3.1979833,"12/23":3.1695101,"12/24":3.1640213,"12/25":3.1640213,"12/26":4.2793636,"12/27":4.279378,"12/28":4.279378,"12/29":4.279378,"12/30":4.2794404,"12/31":4.279469},"2023":{"12/26":6.534996,"12/27":6.5530014,"12/28":6.5530014,"12/29":6.5530014,"12/30":6.6139984,"12/31":6.636},"2024":{"01/01":6.6870027,"01/02":6.7140007,"01/03":6.727059,"01/04":6.707859,"01/05":6.707859,"01/06":6.7628393,"01/07":6.782832,"01/08":6.7302628,"01/09":6.7232633,"01/10":6.7224574,"01/11":6.7075377,"01/12":6.7075377,"01/13":6.7674584,"01/14":6.788429,"01/15":6.735789,"01/16":6.7406216,"01/17":6.750727,"01/18":6.7326317,"01/19":6.7134666,"01/20":6.7713103,"01/21":6.7912536,"01/22":6.811197,"01/23":6.7515693,"01/24":6.752354,"01/25":6.7332163,"01/26":6.7332163,"01/27":6.7900004,"01/28":6.8119173,"01/29":6.7604427,"01/30":6.763286,"01/31":6.765054,"02/01":6.745938,"02/02":6.726818,"02/03":6.7845087,"02/04":6.8053994,"02/05":6.776109,"02/06":6.785963,"02/07":6.791774,"02/08":6.773738,"02/09":6.7567596,"02/10":6.8163743,"02/11":6.834255,"02/12":6.7998095,"02/13":6.806529,"02/14":6.8073783,"02/15":6.7882895,"02/16":6.7713404,"02/17":6.8298883,"02/18":6.8298883,"02/19":6.8298883,"02/20":6.812256,"02/21":6.81104,"02/22":6.793043,"02/23":6.7771635,"02/24":6.8376265,"02/25":6.860428,"02/26":6.8053713,"02/27":6.825027,"02/28":6.820835,"02/29":6.802859,"03/01":6.7848783,"03/02":6.7848783,"03/03":6.843296,"03/04":6.7872663,"03/05":6.807949,"03/06":6.8108335,"03/07":6.8117275,"03/08":6.8117275,"03/09":6.8117275,"03/10":6.8641443,"03/11":6.807937,"03/12":6.8037667,"03/13":6.802557,"03/14":6.7856736,"03/15":6.767739,"03/16":6.767739,"03/17":6.8497167,"03/18":6.8665113,"03/19":6.80945,"03/20":6.812328,"03/21":6.812173,"03/22":6.7932105,