{"0":{"01/01":9.689418,"01/02":9.720634,"01/03":9.695693,"01/04":9.675964,"01/05":9.675964,"01/06":9.66498,"01/07":9.798828,"01/08":9.730098,"01/09":9.725254,"01/10":9.692066,"01/11":9.672362,"01/12":9.672362,"01/13":9.648424,"01/14":9.499769,"01/15":9.525039,"01/16":9.602184,"01/17":9.677384,"01/18":9.657717,"01/19":9.655528,"01/20":9.782078,"01/21":9.826921,"01/22":9.798023,"01/23":9.698586,"01/24":9.711204,"01/25":9.870893,"01/26":9.870893,"01/27":9.933701,"01/28":10.035386,"01/29":9.746971,"01/30":9.764225,"01/31":9.768345,"02/01":9.748698,"02/02":9.730161,"02/03":9.843466,"02/04":9.8583765,"02/05":9.840567,"02/06":9.880709,"02/07":10.151141,"02/08":10.133649,"02/09":10.115058,"02/10":10.1249895,"02/11":10.131938,"02/12":10.124523,"02/13":10.074205,"02/14":10.123988,"02/15":10.105418,"02/16":10.085772,"02/17":10.101628,"02/18":10.101628,"02/19":10.101628,"02/20":10.019321,"02/21":10.010698,"02/22":9.992181,"02/23":9.973658,"02/24":10.0687275,"02/25":10.018218,"02/26":9.961586,"02/27":9.993468,"02/28":10.029382,"02/29":10.010882,"03/01":9.992379,"03/02":9.992379,"03/03":9.953806,"03/04":9.896197,"03/05":9.739439,"03/06":9.842554,"03/07":9.845945,"03/08":9.845945,"03/09":9.845945,"03/10":9.863738,"03/11":9.870842,"03/12":9.96692,"03/13":10.026449,"03/14":10.009081,"03/15":9.990622,"03/16":9.990622,"03/17":10.177131,"03/18":10.340951,"03/19":10.54583,"03/20":10.696008,"03/21":10.759283,"03/22":10.739627,"03/23":10.739627,"03/24":10.794823,"03/25":10.837207,"03/26":11.052014,"03/27":11.165269,"03/28":11.428261,"03/29":11.428261,"03/30":11.428261,"03/31":11.412766,"04/01":11.412766,"04/02":12.144762,"04/03":12.117152,"04/04":12.2694,"04/05":12.249535,"04/06":12.249535,"04/07":12.195461,"04/08":12.201018,"04/09":12.403455,"04/10":12.364809,"04/11":12.544579,"04/12":12.507003,"04/13":12.507003,"04/14":12.507003,"04/15":12.448471,"04/16":12.786925,"04/17":12.939034,"04/18":12.901366,"04/19":12.882536,"04/20":12.882536,"04/21":13.189539,"04/22":13.132943,"04/23":13.112987,"04/24":13.460538,"04/25":13.103464,"04/26":13.020411,"04/27":13.020411,"04/28":12.933263,"04/29":13.286549,"04/30":13.265489,"05/01":13.265489,"05/02":13.141486,"05/03":13.099472,"05/04":13.099472,"05/05":13.290011,"05/06":12.916203,"05/07":13.0141115,"05/08":12.558426,"05/09":12.52658,"05/10":12.491466,"05/11":12.491466,"05/12":12.491466,"05/13":12.408149,"05/14":12.365434,"05/15":12.305263,"05/16":12.261543,"05/17":12.277936,"05/18":12.277936,"05/19":12.277936,"05/20":12.277936,"05/21":12.164376,"05/22":12.064126,"05/23":12.064126,"05/24":12.022763,"05/25":12.022763,"05/26":12.022763,"05/27":11.92602,"05/28":11.933622,"05/29":11.94014,"05/30":11.915155,"05/31":11.858712,"06/01":11.858712,"06/02":11.858712,"06/03":11.7200365,"06/04":11.868479,"06/05":11.8337755,"06/06":11.790411,"06/07":11.774171,"06/08":11.774171,"06/09":11.774171,"06/10":11.738431,"06/11":11.684332,"06/12":11.6594715,"06/13":11.591414,"06/14":11.566586,"06/15":11.566586,"06/16":11.566586,"06/17":11.566586,"06/18":11.4781685,"06/19":11.443695,"06/20":11.428622,"06/21":11.401722,"06/22":11.401722,"06/23":11.401722,"06/24":11.335044,"06/25":11.338272,"06/26":11.346872,"06/27":11.333978,"06/28":11.327521,"06/29":11.327521,"06/30":11.327521,"07/01":11.2684555,"07/02":11.229826,"07/03":11.184793,"07/04":11.15801,"07/05":11.130167,"07/06":11.130167,"07/07":11.130167,"07/08":11.064884,"07/09":11.046712,"07/10":11.003957,"07/11":10.992211,"07/12":10.977261,"07/13":10.977261,"07/14":10.977261,"07/15":10.904703,"07/16":10.904703,"07/17":10.904703,"07/18":10.82052,"07/19":10.798164,"07/20":10.798164,"07/21":10.798164,"07/22":10.738594,"07/23":10.722648,"07/24":10.695022,"07/25":10.695022,"07/26":10.614344,"07/27":10.614344,"07/28":10.614344,"07/29":10.523188,"07/30":10.526359,"07/31":10.492482,"08/01":10.460735,"08/02":10.43324,"08/03":10.43324,"08/04":10.43324,"08/05":10.3107195,"08/06":10.308618,"08/07":10.274863,"08/08":10.275919,"08/09":10.260105,"08/10":10.260105,"08/11":10.260105,"08/12":10.197959,"08/13":10.18006,"08/14":10.128511,"08/15":10.128511,"08/16":10.10013,"08/17":10.10013,"08/18":10.10013,"08/19":10.028714,"08/20":9.9940815,"08/21":9.968919,"08/22":9.947954,"08/23":9.936421,"08/24":9.936421,"08/25":9.936421,"08/26":9.866265,"08/27":9.85894,"08/28":9.839056,"08/29":9.82233,"08/30":9.806645,"08/31":9.806645,"09/01":9.806645,"09/02":9.761712,"09/03":9.733519,"09/04":9.701161,"09/05":9.701161,"09/06":8.433684,"09/07":8.433684,"09/08":8.433684,"09/09":8.361355,"09/10":8.3857975,"09/11":8.25355,"09/12":8.232219,"09/13":8.027456,"09/14":8.027456,"09/15":8.027456,"09/16":7.885995,"09/17":7.7378583,"09/18":7.7378583,"09/19":7.5991645,"09/20":7.6041803,"09/21":7.6041803,"09/22":7.6041803,"09/23":7.6232543,"09/24":7.4908633,"09/25":7.4177823,"09/26":7.319835,"09/27":7.3617907,"09/28":7.3617907,"09/29":7.3617907,"09/30":7.3478017,"10/01":7.3088555,"10/02":7.3088555,"10/03":7.34481,"10/04":7.409788,"10/05":7.409788,"10/06":7.409788,"10/07":7.3228345,"10/08":7.239017,"10/09":7.169269,"10/10":7.133433,"10/11":7.1055775,"10/12":7.1055775,"10/13":7.1055775,"10/14":7.0687885,"10/15":7.1045814,"10/16":6.953626,"10/17":6.9397435,"10/18":6.952633,"10/19":6.952633,"10/20":6.952633,"10/21":6.9873548,"10/22":7.086687,"10/23":7.007204,"10/24":6.9645324,"10/25":6.957589,"10/26":6.957589,"10/27":6.957589,"10/28":6.9556117,"10/29":6.943705,"10/30":6.943705,"10/31":6.859487,"11/01":6.859487,"11/02":6.859487,"11/03":6.859487,"11/04":6.295212,"11/05":6.270732,"11/06":6.231575,"11/07":6.2345138,"11/08":6.1299195,"11/09":6.1299195,"11/10":6.1299195,"11/11":6.1347995,"11/12":6.1914773,"11/13":6.1846333,"11/14":6.2012587,"11/15":6.2012587,"11/16":6.2012587,"11/17":6.2012587,"11/18":6.142615,"11/19":6.0372343,"11/20":6.0372343,"11/21":6.0109124,"11/22":6.142615,"11/23":6.142615,"11/24":6.142615,"11/25":5.9914308,"11/26":6.0850224,"11/27":6.1133175,"11/28":6.1016064,"11/29":6.0274835,"11/30":6.0274835,"12/01":6.0274835,"12/02":5.759157,"12/03":5.6177683,"12/04":5.5163174,"12/05":5.4960504,"12/06":5.489297,"12/07":5.489297,"12/08":5.489297,"12/09":5.418911,"12/10":5.361137,"12/11":5.3515096,"12/12":5.3264995,"12/13":5.3178415,"12/14":5.3178415,"12/15":5.3178415,"12/16":5.3178415,"12/17":5.2160044,"12/18":5.2131305,"12/19":5.375577,"12/20":5.380388,"12/21":5.380388,"12/22":5.380388,"12/23":5.298613,"12/24":5.272666,"12/25":5.272666,"12/26":7.419148,"12/27":7.4182496,"12/28":7.4182496,"12/29":7.410583,"12/30":7.414337,"12/31":7.4147143},"2023":{"12/26":9.581003,"12/27":9.534998,"12/28":9.534998,"12/29":9.519665,"12/30":9.706645,"12/31":9.724638},"2024":{"01/01":9.689418,"01/02":9.720634,"01/03":9.695693,"01/04":9.675964,"01/05":9.675964,"01/06":9.66498,"01/07":9.798828,"01/08":9.730098,"01/09":9.725254,"01/10":9.692066,"01/11":9.672362,"01/12":9.672362,"01/13":9.648424,"01/14":9.499769,"01/15":9.525039,"01/16":9.602184,"01/17":9.677384,"01/18":9.657717,"01/19":9.655528,"01/20":9.782078,"01/21":9.826921,"01/22":9.798023,"01/23":9.698586,"01/24":9.711204,"01/25":9.870893,"01/26":9.870893,"01/27":9.933701,"01/28":10.035386,"01/29":9.746971,"01/30":9.764225,"01/31":9.768345,"02/01":9.748698,"02/02":9.730161,"02/03":9.843466,"02/04":9.8583765,"02/05":9.840567,"02/06":9.880709,"02/07":10.151141,"02/08":10.133649,"02/09":10.115058,"02/10":10.1249895,"02/11":10.131938,"02/12":10.124523,"02/13":10.074205,"02/14":10.123988,"02/15":10.105418,"02/16":10.085772,"02/17":10.101628,"02/18":10.101628,"02/19":10.101628,"02/20":10.019321,"02/21":10.010698,"02/22":9.992181,"02/23":9.973658,"02/24":10.0687275,"02/25":10.018218,"02/26":9.961586,"02/27":9.993468,"02/28":10.029382,"02/29":10.010882,"03/01":9.992379,"03/02":9.992379,"03/03":9.953806,"03/04":9.896197,"03/05":9.739439,"03/06":9.842554,"03/07":9.845945,"03/08":9.845945,"03/09":9.845945,"03/10":9.863738,"03/11":9.870842,"03/12":9.96692,"03/13":10.026449,"03/14":10.009081,"03/15":9.990622,"03/16":9.990622,"03/17":10.177131,"03/18":10.340951,"03/19":10.54583,"03/20":10.696008,"03/21":10.759283,"03/22":10.739627,