{"0":{"01/01":5.704864,"01/02":5.672442,"01/03":5.672442,"01/04":5.6494393,"01/05":5.624354,"01/06":5.676621,"01/07":5.676621,"01/08":5.676621,"01/09":5.5199757,"01/10":5.5742292,"01/11":5.53562,"01/12":5.405403,"01/13":5.46995,"01/14":5.46995,"01/15":5.46995,"01/16":5.4335017,"01/17":5.409561,"01/18":5.388756,"01/19":5.375237,"01/20":5.358599,"01/21":5.358599,"01/22":5.358599,"01/23":5.2921095,"01/24":5.2723894,"01/25":5.2651253,"01/26":5.2651253,"01/27":5.3877144,"01/28":5.3877144,"01/29":5.3877144,"01/30":5.3866825,"01/31":5.414771,"02/01":5.2993774,"02/02":5.136611,"02/03":5.1117687,"02/04":5.1117687,"02/05":5.1117687,"02/06":5.0218353,"02/07":4.9433846,"02/08":5.092117,"02/09":5.132465,"02/10":5.0797095,"02/11":5.0797095,"02/12":5.0797095,"02/13":5.0197663,"02/14":5.1283293,"02/15":5.1190124,"02/16":5.0724716,"02/17":5.1656036,"02/18":5.1656036,"02/19":5.1656036,"02/20":5.0621295,"02/21":5.0983214,"02/22":5.1697426,"02/23":5.0972857,"02/24":5.0321593,"02/25":5.0321593,"02/26":5.0321593,"02/27":5.0631647,"02/28":4.9733043,"03/01":4.9805284,"03/02":4.975371,"03/03":4.950605,"03/04":4.950605,"03/05":4.950605,"03/06":4.879481,"03/07":4.879481,"03/08":4.939264,"03/09":4.960925,"03/10":4.879481,"03/11":4.879481,"03/12":4.879481,"03/13":4.682079,"03/14":4.580579,"03/15":4.623615,"03/16":4.610292,"03/17":4.6031184,"03/18":4.6031184,"03/19":4.6031184,"03/20":4.4343133,"03/21":4.429209,"03/22":4.429209,"03/23":4.4047003,"03/24":4.3955207,"03/25":4.3955207,"03/26":4.3955207,"03/27":4.3312516,"03/28":4.313931,"03/29":4.20297,"03/30":4.20297,"03/31":4.01621,"04/01":4.01621,"04/02":4.01621,"04/03":4.0780506,"04/04":4.0780506,"04/05":3.8492923,"04/06":3.4609017,"04/07":3.4609017,"04/08":3.4609017,"04/09":3.4609017,"04/10":3.412809,"04/11":3.3257482,"04/12":3.3487515,"04/13":3.355754,"04/14":3.355754,"04/15":3.355754,"04/16":3.355754,"04/17":3.31875,"04/18":3.2059088,"04/19":3.1750014,"04/20":3.1291592,"04/21":3.032638,"04/22":3.032638,"04/23":3.032638,"04/24":2.834196,"04/25":2.7570078,"04/26":2.631578,"04/27":2.7036319,"04/28":2.6799355,"04/29":2.6799355,"04/30":2.6799355,"05/01":2.6799355,"05/02":2.5556798,"05/03":2.3492541,"05/04":2.3149307,"05/05":2.3149307,"05/06":2.3149307,"05/07":2.3149307,"05/08":2.1974232,"05/09":2.1895976,"05/10":2.209159,"05/11":2.2003522,"05/12":2.0304387,"05/13":2.0304387,"05/14":2.0304387,"05/15":1.9349879,"05/16":1.8892765,"05/17":1.8581703,"05/18":1.9145575,"05/19":1.8474876,"05/20":1.8474876,"05/21":1.8474876,"05/22":1.6845526,"05/23":1.7368649,"05/24":1.6787443,"05/25":1.6787443,"05/26":1.6622839,"05/27":1.6622839,"05/28":1.6622839,"05/29":1.6555091,"05/30":1.6487354,"05/31":1.5984493,"06/01":1.4960853,"06/02":1.4449759,"06/03":1.4449759,"06/04":1.4449759,"06/05":1.3958461,"06/06":1.3506169,"06/07":1.3352255,"06/08":1.4353446,"06/09":1.5559314,"06/10":1.5559314,"06/11":1.5559314,"06/12":1.4854692,"06/13":1.4796838,"06/14":1.4604007,"06/15":1.441125,"06/16":1.4546182,"06/17":1.4546182,"06/18":1.4546182,"06/19":1.3842964,"06/20":1.3717856,"06/21":1.4237766,"06/22":1.4690804,"06/23":1.4816153,"06/24":1.4816153,"06/25":1.4816153,"06/26":1.4237766,"06/27":1.4343798,"06/28":1.2862111,"06/29":1.2862111,"06/30":1.3785225,"07/01":1.3785225,"07/02":1.3785225,"07/03":1.3804501,"07/04":1.3583144,"07/05":1.3467733,"07/06":1.392963,"07/07":1.392963,"07/08":1.392963,"07/09":1.392963,"07/10":1.392963,"07/11":1.2641165,"07/12":1.2814012,"07/13":1.1748838,"07/14":1.1384747,"07/15":1.1384747,"07/16":1.1384747,"07/17":0.99880254,"07/18":0.896697,"07/19":0.8728636,"07/20":0.8490505,"07/21":0.8604787,"07/22":0.8604787,"07/23":0.8604787,"07/24":0.7966941,"07/25":0.8280996,"07/26":0.80429864,"07/27":0.82428634,"07/28":0.9548825,"07/29":0.9548825,"07/30":0.9548825,"07/31":0.8833518,"08/01":0.8128664,"08/02":0.8004962,"08/03":0.84428203,"08/04":0.850949,"08/05":0.850949,"08/06":0.850949,"08/07":0.7957414,"08/08":0.8119134,"08/09":0.7938359,"08/10":0.7500939,"08/11":0.8271463,"08/12":0.8271463,"08/13":0.8271463,"08/14":0.80620444,"08/15":0.80620444,"08/16":0.80620444,"08/17":0.91004574,"08/18":0.8671478,"08/19":0.8671478,"08/20":0.8671478,"08/21":0.79097784,"08/22":0.7862239,"08/23":0.71588314,"08/24":0.68643975,"08/25":0.63804185,"08/26":0.63804185,"08/27":0.63804185,"08/28":0.49786225,"08/29":0.47989726,"08/30":0.43264353,"08/31":0.41186526,"09/01":0.40620157,"09/02":0.40620157,"09/03":0.40620157,"09/04":0.31659535,"09/05":0.33355796,"09/06":0.38543424,"09/07":0.25913408,"09/08":0.23185024,"09/09":0.23185024,"09/10":0.23185024,"09/11":0.22338092,"09/12":0.2836214,"09/13":0.23278339,"09/14":0.12094735,"09/15":0.20174757,"09/16":0.20174757,"09/17":0.20174757,"09/18":0.140665,"09/19":0.140665,"09/20":0.07028306,"09/21":0.04121587,"09/22":0.03465551,"09/23":0.03465551,"09/24":0.03465551,"09/25":-0.02996359,"09/26":-0.02715192,"09/27":-0.067383915,"09/28":0.04684738,"09/29":0.04684738,"09/30":0.04684738,"10/01":0.04684738,"10/02":0.04684738,"10/03":-0.11506002,"10/04":-0.13934414,"10/05":-0.23078011,"10/06":0.1284592,"10/07":0.1284592,"10/08":0.1284592,"10/09":0.22526486,"10/10":0.21585482,"10/11":0.085292675,"10/12":0.053409338,"10/13":0.027166672,"10/14":0.027166672,"10/15":0.027166672,"10/16":-0.023411704,"10/17":-0.056162544,"10/18":-0.0477404,"10/19":0.0,"10/20":0.0,"10/21":3.3909988,"10/22":3.3909988,"10/23":3.3909988,"10/24":3.3909988,"10/25":3.3909988,"10/26":3.3909988,"10/27":3.3909988,"10/28":3.385129,"10/29":3.385129,"10/30":3.385129,"10/31":3.3616507,"11/01":3.3531177,"11/02":3.3451207,"11/03":3.3371263,"11/04":3.3296676,"11/05":3.3296676,"11/06":3.3296676,"11/07":3.3062437,"11/08":3.3062437,"11/09":3.289748,"11/10":3.2817702,"11/11":3.2737951,"11/12":3.2737951,"11/13":3.2737951,"11/14":3.2498877,"11/15":3.2419221,"11/16":3.2403271,"11/17":3.2132688,"11/18":3.2090256,"11/19":3.2090256,"11/20":3.2090256,"11/21":3.1904721,"11/22":3.1862328,"11/23":3.1862328,"11/24":3.1549895,"11/25":3.1121612,"11/26":3.1121612,"11/27":3.1121612,"11/28":3.078368,"11/29":3.0715098,"11/30":3.0451453,"12/01":3.0398736,"12/02":3.032498,"12/03":3.032498,"12/04":3.032498,"12/05":3.007226,"12/06":3.0130184,"12/07":3.006699,"12/08":2.9967036,"12/09":2.985659,"12/10":2.985659,"12/11":2.985659,"12/12":2.9572806,"12/13":2.926831,"12/14":2.8848891,"12/15":2.895892,"12/16":2.921583,"12/17":2.921583,"12/18":2.921583,"12/19":2.8974662,"12/20":2.8691823,"12/21":2.8534799,"12/22":2.8540037,"12/23":2.9037545,"12/24":2.9037545,"12/25":2.9037545,"12/26":2.895892,"12/27":2.8833206,"12/28":2.9284022,"12/29":2.8854136,"12/30":2.852432,"12/31":2.852432},"2022":{"10/21":6.7819977,"10/22":6.7819977,"10/23":6.7819977,"10/24":6.7819977,"10/25":6.7819977,"10/26":6.7819977,"10/27":6.7819977,"10/28":6.770258,"10/29":6.770258,"10/30":6.770258,"10/31":6.7233014,"11/01":6.7062354,"11/02":6.6902413,"11/03":6.6742525,"11/04":6.659335,"11/05":6.659335,"11/06":6.659335,"11/07":6.6124873,"11/08":6.6124873,"11/09":6.579496,"11/10":6.5635405,"11/11":6.5475903,"11/12":6.5475903,"11/13":6.5475903,"11/14":6.4997754,"11/15":6.4838443,"11/16":6.4806542,"11/17":6.4265375,"11/18":6.4180512,"11/19":6.4180512,"11/20":6.4180512,"11/21":6.3809443,"11/22":6.3724656,"11/23":6.3724656,"11/24":6.309979,"11/25":6.2243223,"11/26":6.2243223,"11/27":6.2243223,"11/28":6.156736,"11/29":6.1430197,"11/30":6.0902905,"12/01":6.079747,"12/02":6.064996,"12/03":6.064996,"12/04":6.064996,"12/05":6.014452,"12/06":6.0260367,"12/07":6.013398,"12/08":5.9934072,"12/09":5.971318,"12/10":5.971318,"12/11":5.971318,"12/12":5.9145613,"12/13":5.853662,"12/14":5.7697783,"12/15":5.791784,"12/16":5.843166,"12/17":5.843166,"12/18":5.843166,"12/19":5.7949324,"12/20":5.7383647,"12/21":5.7069597,"12/22":5.7080073,"12/23":5.807509,"12/24":5.807509,"12/25":5.807509,"12/26":5.791784,"12/27":5.766641,"12/28":5.8568044,"12/29":5.7708273,"12/30":5.704864,"12/31":5.704864},"2023":{"01/01":5.704864,"01/02":5.672442,"01/03":5.672442,"01/04":5.6494393,"01/05":5.624354,"01/06":5.676621,"01/07":5.676621,"01/08":5.676621,"01/09":5.5199757,"01/10":5.5742292,