{"0":{"01/01":8.614965,"01/02":8.595437,"01/03":8.582412,"01/04":8.562894,"01/05":8.562894,"01/06":8.562894,"01/07":8.562894,"01/08":8.487042,"01/09":8.468633,"01/10":8.470801,"01/11":8.451314,"01/12":8.451314,"01/13":8.451314,"01/14":8.451314,"01/15":8.374547,"01/16":8.356175,"01/17":8.3378105,"01/18":8.318381,"01/19":8.309745,"01/20":8.309745,"01/21":8.309745,"01/22":8.309745,"01/23":8.233168,"01/24":8.213776,"01/25":8.277372,"01/26":8.277372,"01/27":8.277372,"01/28":8.277372,"01/29":8.117966,"01/30":8.098616,"01/31":8.079271,"02/01":8.059924,"02/02":8.04167,"02/03":8.04167,"02/04":8.04167,"02/05":7.9879975,"02/06":7.969757,"02/07":7.951533,"02/08":7.934378,"02/09":7.915083,"02/10":7.915083,"02/11":7.915083,"02/12":7.8583307,"02/13":7.8390627,"02/14":7.8198113,"02/15":7.8016276,"02/16":7.78239,"02/17":7.78239,"02/18":7.78239,"02/19":7.78239,"02/20":7.7076254,"02/21":7.6884217,"02/22":7.670282,"02/23":7.6532164,"02/24":7.6532164,"02/25":7.6532164,"02/26":7.596739,"02/27":7.5775642,"02/28":7.559473,"02/29":7.5413766,"03/01":7.522231,"03/02":7.522231,"03/03":7.522231,"03/04":7.4669456,"03/05":7.448891,"03/06":7.4308324,"03/07":7.4127793,"03/08":7.4127793,"03/09":7.4127793,"03/10":7.4127793,"03/11":7.3385262,"03/12":7.3194532,"03/13":7.3014383,"03/14":7.283439,"03/15":7.2654357,"03/16":7.2654357,"03/17":7.2654357,"03/18":7.2654357,"03/19":7.190328,"03/20":7.172366,"03/21":7.1544003,"03/22":7.1353927,"03/23":7.1353927,"03/24":7.1353927,"03/25":7.1353927,"03/26":7.0594106,"03/27":7.040437,"03/28":7.0214605,"03/29":7.0214605,"03/30":7.0214605,"03/31":6.956167,"04/01":6.956167,"04/02":6.922503,"04/03":6.9046206,"04/04":6.885701,"04/05":6.866779,"04/06":6.866779,"04/07":6.866779,"04/08":6.8121653,"04/09":6.8121653,"04/10":6.77544,"04/11":6.77544,"04/12":6.7377005,"04/13":6.7377005,"04/14":6.7377005,"04/15":6.6821694,"04/16":6.6643777,"04/17":6.6643777,"04/18":6.6287913,"04/19":6.611017,"04/20":6.611017,"04/21":6.611017,"04/22":6.55771,"04/23":6.5389132,"04/24":6.520114,"04/25":6.5013313,"04/26":6.482545,"04/27":6.482545,"04/28":6.482545,"04/29":6.426245,"04/30":6.407495,"05/01":6.407495,"05/02":6.3700056,"05/03":6.354391,"05/04":6.354391,"05/05":6.354391,"05/06":6.297187,"05/07":6.2784724,"05/08":6.2618546,"05/09":6.246273,"05/10":6.228616,"05/11":6.228616,"05/12":6.228616,"05/13":6.1725845,"05/14":6.151848,"05/15":6.131109,"05/16":6.1103883,"05/17":6.0907125,"05/18":6.0907125,"05/19":6.0907125,"05/20":6.0907125,"05/21":6.0131083,"05/22":5.9882936,"05/23":5.9882936,"05/24":5.94904,"05/25":5.94904,"05/26":5.94904,"05/27":5.890204,"05/28":5.8716326,"05/29":5.8530774,"05/30":5.833487,"05/31":5.8149457,"06/01":5.8149457,"06/02":5.8149457,"06/03":5.757289,"06/04":5.7397943,"06/05":5.7212853,"06/06":5.700724,"06/07":5.679142,"06/08":5.679142,"06/09":5.679142,"06/10":5.0053115,"06/11":4.973869,"06/12":4.956642,"06/13":4.8827047,"06/14":4.809883,"06/15":4.809883,"06/16":4.809883,"06/17":4.809883,"06/18":4.7311087,"06/19":4.448302,"06/20":4.428233,"06/21":3.9269855,"06/22":3.9269855,"06/23":3.9269855,"06/24":3.8634255,"06/25":3.844574,"06/26":3.82572,"06/27":3.8068824,"06/28":3.7870593,"06/29":3.7870593,"06/30":3.7870593,"07/01":3.7266438,"07/02":3.7048695,"07/03":3.6831043,"07/04":3.6623383,"07/05":3.6435504,"07/06":3.6435504,"07/07":3.6435504,"07/08":3.5862675,"07/09":3.567507,"07/10":3.5477753,"07/11":3.528051,"07/12":3.508334,"07/13":3.508334,"07/14":3.508334,"07/15":3.4492283,"07/16":3.4492283,"07/17":3.4492283,"07/18":3.325308,"07/19":3.6920092,"07/20":3.6920092,"07/21":3.6920092,"07/22":3.6326842,"07/23":3.6129274,"07/24":3.594167,"07/25":3.594167,"07/26":3.3852663,"07/27":3.3852663,"07/28":3.3852663,"07/29":3.328259,"07/30":3.060786,"07/31":3.3980505,"08/01":3.3783832,"08/02":3.1038043,"08/03":3.1038043,"08/04":3.1038043,"08/05":2.9699821,"08/06":2.9504774,"08/07":2.9309797,"08/08":2.9114897,"08/09":2.8920069,"08/10":2.8920069,"08/11":2.8920069,"08/12":2.8335936,"08/13":2.8141403,"08/14":2.7946944,"08/15":2.7946944,"08/16":2.7558246,"08/17":2.7558246,"08/18":2.7558246,"08/19":2.6849542,"08/20":2.6209633,"08/21":2.6723456,"08/22":2.6975658,"08/23":2.3368967,"08/24":2.3368967,"08/25":2.3368967,"08/26":2.2406309,"08/27":2.2214012,"08/28":2.207944,"08/29":2.1896887,"08/30":2.1704783,"08/31":2.1704783,"09/01":2.1704783,"09/02":2.1167238,"09/03":2.0946598,"09/04":2.075485,"09/05":2.075485,"09/06":2.0381072,"09/07":2.0381072,"09/08":2.0381072,"09/09":1.543356,"09/10":1.5243877,"09/11":1.4713107,"09/12":1.4533176,"09/13":1.2095871,"09/14":1.2095871,"09/15":1.2095871,"09/16":1.080634,"09/17":1.0618383,"09/18":1.0618383,"09/19":0.87987155,"09/20":0.8424272,"09/21":0.8424272,"09/22":0.8424272,"09/23":0.21113043,"09/24":-0.012878837,"09/25":0.34342983,"09/26":0.1751141,"09/27":0.116059,"09/28":0.116059,"09/29":0.116059,"09/30":0.11052753,"10/01":0.08839896,"10/02":0.08839896,"10/03":0.12251462,"10/04":0.25272804,"10/05":0.25272804,"10/06":0.25272804,"10/07":0.2305366,"10/08":0.21944895,"10/09":0.03773443,"10/10":0.018402841,"10/11":0.0,"10/12":0.0,"10/13":0.0,"10/14":0.0,"10/15":0.0,"10/16":0.0,"10/17":0.0,"10/18":0.0,"10/19":0.0,"10/20":0.0,"10/21":0.0,"10/22":0.0,"10/23":0.0,"10/24":0.0,"10/25":0.0,"10/26":0.0,"10/27":0.0,"10/28":0.0,"10/29":0.0,"10/30":0.0,"10/31":0.0,"11/01":0.0,"11/02":0.0,"11/03":0.0,"11/04":0.0,"11/05":0.0,"11/06":0.0,"11/07":0.0,"11/08":0.0,"11/09":0.0,"11/10":0.0,"11/11":0.0,"11/12":0.0,"11/13":0.0,"11/14":0.0,"11/15":0.0,"11/16":0.0,"11/17":0.0,"11/18":0.0,"11/19":0.0,"11/20":0.0,"11/21":0.0,"11/22":0.0,"11/23":0.0,"11/24":0.0,"11/25":0.0,"11/26":0.0,"11/27":0.0,"11/28":0.0,"11/29":0.0,"11/30":0.0,"12/01":0.0,"12/02":0.0,"12/03":0.0,"12/04":0.0,"12/05":0.0,"12/06":0.0,"12/07":0.0,"12/08":0.0,"12/09":0.0,"12/10":0.0,"12/11":0.0,"12/12":0.0,"12/13":0.0,"12/14":0.0,"12/15":0.0,"12/16":0.0,"12/17":0.0,"12/18":0.0,"12/19":0.0,"12/20":0.0,"12/21":0.0,"12/22":0.0,"12/23":0.0,"12/24":0.0,"12/25":0.0,"12/26":4.345498,"12/27":4.345498,"12/28":4.345498,"12/29":4.336259,"12/30":4.336259,"12/31":4.336259},"2023":{"12/26":8.690996,"12/27":8.690996,"12/28":8.690996,"12/29":8.672518,"12/30":8.672518,"12/31":8.672518},"2024":{"01/01":8.614965,"01/02":8.595437,"01/03":8.582412,"01/04":8.562894,"01/05":8.562894,"01/06":8.562894,"01/07":8.562894,"01/08":8.487042,"01/09":8.468633,"01/10":8.470801,"01/11":8.451314,"01/12":8.451314,"01/13":8.451314,"01/14":8.451314,"01/15":8.374547,"01/16":8.356175,"01/17":8.3378105,"01/18":8.318381,"01/19":8.309745,"01/20":8.309745,"01/21":8.309745,"01/22":8.309745,"01/23":8.233168,"01/24":8.213776,"01/25":8.277372,"01/26":8.277372,"01/27":8.277372,"01/28":8.277372,"01/29":8.117966,"01/30":8.098616,"01/31":8.079271,"02/01":8.059924,"02/02":8.04167,"02/03":8.04167,"02/04":8.04167,"02/05":7.9879975,"02/06":7.969757,"02/07":7.951533,"02/08":7.934378,"02/09":7.915083,"02/10":7.915083,"02/11":7.915083,"02/12":7.8583307,"02/13":7.8390627,"02/14":7.8198113,"02/15":7.8016276,"02/16":7.78239,"02/17":7.78239,"02/18":7.78239,"02/19":7.78239,"02/20":7.7076254,"02/21":7.6884217,"02/22":7.670282,"02/23":7.6532164,"02/24":7.6532164,"02/25":7.6532164,"02/26":7.596739,"02/27":7.5775642,"02/28":7.559473,"02/29":7.5413766,"03/01":7.522231,"03/02":7.522231,"03/03":7.522231,"03/04":7.4669456,"03/05":7.448891,"03/06":7.4308324,"03/07":7.4127793,"03/08":7.4127793,"03/09":7.4127793,"03/10":7.4127793,"03/11":7.3385262,"03/12":7.3194532,"03/13":7.3014383,"03/14":7.283439,"03/15":7.2654357,"03/16":7.2654357,"03/17":7.2654357,"03/18":7.2654357,"03/19":7.190328,"03/20":7.172366,"03/21":7.1544003,"03/22":7.1353927,"03/23":7.1353927,"03/24":7.1353927,"03/25":7.1353927,"03/26":7.0594106,"03/27":7.040437,"03/28":7.0214605,"03/29":7.0214605,"03/30":7.0214605,"03/31":6.956167,"04/01":6.956167,"04/02":6.922503,"04/03":6.9046206,"04/04":6.885701,"04/05":6.866779,"04/06":6.866779,"04/07":6.866779,"04/08":6.8121653,"04/09":6.8121653,"04/10":6.77544,"04/11":6.77544,"04/12":6.7377005,"04/13":6.7377005,"04/14":6.7377005,"04/15":6.6821694,"04/16":6.6643777,