{"0":{"01/01":2.0909977,"01/02":2.0909977,"01/03":2.0909977,"01/04":2.0909977,"01/05":2.0909977,"01/06":2.0909977,"01/07":2.0909977,"01/08":2.0909977,"01/09":2.0909977,"01/10":2.0909977,"01/11":2.0909977,"01/12":2.0909977,"01/13":2.0909977,"01/14":2.0909977,"01/15":2.0420191,"01/16":2.0257,"01/17":2.0083754,"01/18":1.9920672,"01/19":1.9757642,"01/20":1.9757642,"01/21":1.9757642,"01/22":1.9757642,"01/23":1.9207921,"01/24":1.9075676,"01/25":1.8933283,"01/26":1.8933283,"01/27":1.8933283,"01/28":1.8933283,"01/29":1.8394526,"01/30":1.8252323,"01/31":1.8120326,"02/01":1.8039092,"02/02":1.7876662,"02/03":1.7876662,"02/04":1.7876662,"02/05":1.7389783,"02/06":1.7227657,"02/07":1.7085779,"02/08":1.6933798,"02/09":1.678186,"02/10":1.678186,"02/11":1.678186,"02/12":1.6326324,"02/13":1.6174569,"02/14":1.6022859,"02/15":1.5861169,"02/16":1.5709553,"02/17":1.5709553,"02/18":1.5709553,"02/19":1.5709553,"02/20":1.510354,"02/21":1.4952247,"02/22":1.4800903,"02/23":1.46597,"02/24":1.46597,"02/25":1.46597,"02/26":1.4206063,"02/27":1.405494,"02/28":1.3903862,"02/29":1.376291,"03/01":1.3632075,"03/02":1.3632075,"03/03":1.3632075,"03/04":1.3219632,"03/05":1.3068804,"03/06":1.2907956,"03/07":1.2757316,"03/08":1.2757316,"03/09":1.2757316,"03/10":1.2757316,"03/11":1.2134725,"03/12":1.1984314,"03/13":1.1823812,"03/14":1.1673398,"03/15":1.1523029,"03/16":1.1523029,"03/17":1.1523029,"03/18":1.1523029,"03/19":1.093212,"03/20":1.0781972,"03/21":1.0631868,"03/22":1.0471793,"03/23":1.0471793,"03/24":1.0471793,"03/25":1.0471793,"03/26":0.98521036,"03/27":0.9692276,"03/28":0.95424956,"03/29":0.95424956,"03/30":0.95424956,"03/31":0.90336883,"04/01":0.90336883,"04/02":0.8804336,"04/03":0.8644841,"04/04":0.8475514,"04/05":0.830615,"04/06":0.830615,"04/07":0.830615,"04/08":0.77984935,"04/09":0.77984935,"04/10":0.74703264,"04/11":0.74703264,"04/12":0.7132424,"04/13":0.7132424,"04/14":0.7132424,"04/15":0.66259485,"04/16":0.6457205,"04/17":0.6457205,"04/18":0.6129911,"04/19":0.59712595,"04/20":0.59712595,"04/21":0.59712595,"04/22":0.5456129,"04/23":0.5287777,"04/24":0.51195765,"04/25":0.49414313,"04/26":0.47733462,"04/27":0.47733462,"04/28":0.47733462,"04/29":0.42593476,"04/30":0.40914905,"05/01":0.40914905,"05/02":0.37557563,"05/03":0.35880676,"05/04":0.35880676,"05/05":0.35880676,"05/06":0.31147578,"05/07":0.29570556,"05/08":0.2799403,"05/09":0.26320338,"05/10":0.24350566,"05/11":0.24350566,"05/12":0.24350566,"05/13":0.19136943,"05/14":0.17465267,"05/15":0.15696691,"05/16":0.14026162,"05/17":0.12357128,"05/18":0.12357128,"05/19":0.12357128,"05/20":0.12357128,"05/21":0.05291908,"05/22":0.03527628,"05/23":0.03527628,"05/24":0.0,"05/25":0.0,"05/26":0.0,"05/27":0.0,"05/28":0.0,"05/29":0.0,"05/30":0.0,"05/31":0.0,"06/01":0.0,"06/02":0.0,"06/03":0.0,"06/04":0.0,"06/05":0.0,"06/06":0.0,"06/07":0.0,"06/08":0.0,"06/09":0.0,"06/10":0.0,"06/11":0.0,"06/12":0.0,"06/13":0.0,"06/14":0.0,"06/15":0.0,"06/16":0.0,"06/17":0.0,"06/18":0.0,"06/19":0.0,"06/20":0.0,"06/21":0.0,"06/22":0.0,"06/23":0.0,"06/24":0.0,"06/25":0.0,"06/26":0.0,"06/27":0.0,"06/28":0.0,"06/29":0.0,"06/30":0.0,"07/01":0.0,"07/02":0.0,"07/03":0.0,"07/04":0.0,"07/05":0.0,"07/06":0.0,"07/07":0.0,"07/08":0.0,"07/09":0.0,"07/10":0.0,"07/11":0.0,"07/12":0.0,"07/13":0.0,"07/14":0.0,"07/15":0.0,"07/16":0.0,"07/17":0.0,"07/18":0.0,"07/19":0.0,"07/20":0.0,"07/21":0.0,"07/22":0.0,"07/23":0.0,"07/24":0.0,"07/25":0.0,"07/26":0.0,"07/27":0.0,"07/28":0.0,"07/29":0.0,"07/30":0.0,"07/31":0.0,"08/01":0.0,"08/02":0.0,"08/03":0.0,"08/04":0.0,"08/05":0.0,"08/06":0.0,"08/07":0.0,"08/08":0.0,"08/09":0.0,"08/10":0.0,"08/11":0.0,"08/12":0.0,"08/13":0.0,"08/14":0.0,"08/15":0.0,"08/16":0.0,"08/17":0.0,"08/18":0.0,"08/19":0.0,"08/20":0.0,"08/21":0.0,"08/22":0.0,"08/23":0.0,"08/24":0.0,"08/25":0.0,"08/26":0.0,"08/27":0.0,"08/28":0.0,"08/29":0.0,"08/30":0.0,"08/31":0.0,"09/01":0.0,"09/02":0.0,"09/03":0.0,"09/04":0.0,"09/05":0.0,"09/06":0.0,"09/07":0.0,"09/08":0.0,"09/09":0.0,"09/10":0.0,"09/11":0.0,"09/12":0.0,"09/13":0.0,"09/14":0.0,"09/15":0.0,"09/16":0.0,"09/17":0.0,"09/18":0.0,"09/19":0.0,"09/20":0.0,"09/21":0.0,"09/22":0.0,"09/23":0.0,"09/24":0.0,"09/25":0.0,"09/26":0.0,"09/27":0.0,"09/28":0.0,"09/29":0.0,"09/30":0.0,"10/01":0.0,"10/02":0.0,"10/03":0.0,"10/04":0.0,"10/05":0.0,"10/06":0.0,"10/07":0.0,"10/08":0.0,"10/09":0.0,"10/10":0.0,"10/11":0.0,"10/12":0.0,"10/13":0.0,"10/14":0.0,"10/15":0.0,"10/16":0.0,"10/17":0.0,"10/18":0.0,"10/19":0.0,"10/20":0.0,"10/21":0.0,"10/22":0.0,"10/23":0.0,"10/24":0.0,"10/25":0.0,"10/26":0.0,"10/27":0.0,"10/28":0.0,"10/29":0.0,"10/30":0.0,"10/31":0.0,"11/01":0.0,"11/02":0.0,"11/03":0.0,"11/04":0.0,"11/05":0.0,"11/06":0.0,"11/07":0.0,"11/08":0.0,"11/09":0.0,"11/10":0.0,"11/11":0.0,"11/12":0.0,"11/13":0.0,"11/14":0.0,"11/15":0.0,"11/16":0.0,"11/17":0.0,"11/18":0.0,"11/19":0.0,"11/20":0.0,"11/21":0.0,"11/22":0.0,"11/23":0.0,"11/24":0.0,"11/25":0.0,"11/26":0.0,"11/27":0.0,"11/28":0.0,"11/29":0.0,"11/30":0.0,"12/01":0.0,"12/02":0.0,"12/03":0.0,"12/04":0.0,"12/05":0.0,"12/06":0.0,"12/07":0.0,"12/08":0.0,"12/09":0.0,"12/10":0.0,"12/11":0.0,"12/12":0.0,"12/13":0.0,"12/14":0.0,"12/15":0.0,"12/16":0.0,"12/17":0.0,"12/18":0.0,"12/19":0.0,"12/20":0.0,"12/21":0.0,"12/22":0.0,"12/23":0.0,"12/24":0.0,"12/25":0.0,"12/26":1.0454988,"12/27":1.0454988,"12/28":1.0454988,"12/29":1.0454988,"12/30":1.0454988,"12/31":1.0454988},"2023":{"12/26":2.0909977,"12/27":2.0909977,"12/28":2.0909977,"12/29":2.0909977,"12/30":2.0909977,"12/31":2.0909977},"2024":{"01/01":2.0909977,"01/02":2.0909977,"01/03":2.0909977,"01/04":2.0909977,"01/05":2.0909977,"01/06":2.0909977,"01/07":2.0909977,"01/08":2.0909977,"01/09":2.0909977,"01/10":2.0909977,"01/11":2.0909977,"01/12":2.0909977,"01/13":2.0909977,"01/14":2.0909977,"01/15":2.0420191,"01/16":2.0257,"01/17":2.0083754,"01/18":1.9920672,"01/19":1.9757642,"01/20":1.9757642,"01/21":1.9757642,"01/22":1.9757642,"01/23":1.9207921,"01/24":1.9075676,"01/25":1.8933283,"01/26":1.8933283,"01/27":1.8933283,"01/28":1.8933283,"01/29":1.8394526,"01/30":1.8252323,"01/31":1.8120326,"02/01":1.8039092,"02/02":1.7876662,"02/03":1.7876662,"02/04":1.7876662,"02/05":1.7389783,"02/06":1.7227657,"02/07":1.7085779,"02/08":1.6933798,"02/09":1.678186,"02/10":1.678186,"02/11":1.678186,"02/12":1.6326324,"02/13":1.6174569,"02/14":1.6022859,"02/15":1.5861169,"02/16":1.5709553,"02/17":1.5709553,"02/18":1.5709553,"02/19":1.5709553,"02/20":1.510354,"02/21":1.4952247,"02/22":1.4800903,"02/23":1.46597,"02/24":1.46597,"02/25":1.46597,"02/26":1.4206063,"02/27":1.405494,"02/28":1.3903862,"02/29":1.376291,"03/01":1.3632075,"03/02":1.3632075,"03/03":1.3632075,"03/04":1.3219632,"03/05":1.3068804,"03/06":1.2907956,"03/07":1.2757316,"03/08":1.2757316,"03/09":1.2757316,"03/10":1.2757316,"03/11":1.2134725,"03/12":1.1984314,"03/13":1.1823812,"03/14":1.1673398,"03/15":1.1523029,"03/16":1.1523029,"03/17":1.1523029,"03/18":1.1523029,"03/19":1.093212,"03/20":1.0781972,"03/21":1.0631868,"03/22":1.0471793,"03/23":1.0471793,"03/24":1.0471793,"03/25":1.0471793,"03/26":0.98521036,"03/27":0.9692276,"03/28":0.95424956,"03/29":0.95424956,"03/30":0.95424956,"03/31":0.90336883,"04/01":0.90336883,"04/02":0.8804336,"04/03":0.8644841,"04/04":0.8475514,"04/05":0.830615,"04/06":0.830615,"04/07":0.830615,"04/08":0.77984935,"04/09":0.77984935,"04/10":0.74703264,"04/11":0.74703264,"04/12":0.7132424,"04/13":0.7132424,"04/14":0.7132424,"04/15":0.66259485,"04/16":0.6457205,"04/17":0.6457205,"04/18":0.6129911,"04/19":0.59712595,"04/20":0.59712595,"04/21":0.59712595,"04/22":0.5456129,"04/23":0.5287777,"04/24":0.51195765,"04/25":0.49414313,"04/26":0.47733462,"04/27":0.47733462,"04/28":0.47733462,"04/29":0.42593476,"04/30":0.40914905,"05/01":0.40914905,"05/02":0.37557563,"05/03":0.35880676,"05/04":0.35880676,"05/05":0.35880676,"05/06":0.31147578,"05/07":0.29570556,"05/08":0.2799403,"05/09":0.26320338,"05/10":0.24350566,"05/11":0.24350566,"05/12":0.24350566,"05/13":0.19136943,"05/14":0.17465267,"05/15":0.15696691,"05/16":0.14026162,"05/17":0.12357128,"05/18":0.12357128,"05/19":0.12357128,