{"0":{"01/01":5.5131965,"01/02":5.486392,"01/03":5.4781675,"01/04":5.469368,"01/05":5.4604588,"01/06":5.452076,"01/07":5.452076,"01/08":5.4524994,"01/09":5.4275084,"01/10":5.419239,"01/11":5.41043,"01/12":5.4020596,"01/13":5.393692,"01/14":5.393692,"01/15":5.3945093,"01/16":5.3690386,"01/17":5.360603,"01/18":5.352442,"01/19":5.3435097,"01/20":5.33515,"01/21":5.33515,"01/22":5.33515,"01/23":5.3094354,"01/24":5.30044,"01/25":5.291705,"01/26":5.291705,"01/27":5.273423,"01/28":5.273423,"01/29":5.2741833,"01/30":5.2469997,"01/31":5.238765,"02/01":5.232839,"02/02":5.225799,"02/03":5.2168856,"02/04":5.2168856,"02/05":5.2182336,"02/06":5.1926374,"02/07":5.1843967,"02/08":5.174878,"02/09":5.166176,"02/10":5.156749,"02/11":5.156749,"02/12":5.157247,"02/13":5.1291485,"02/14":5.1194797,"02/15":5.1115417,"02/16":5.1032896,"02/17":5.094401,"02/18":5.094401,"02/19":5.094401,"02/20":5.068756,"02/21":5.060522,"02/22":5.052069,"02/23":5.042352,"02/24":5.0334625,"02/25":5.0334625,"02/26":5.0344415,"02/27":5.006224,"02/28":4.999386,"02/29":3.2984931,"03/01":4.99288,"03/02":4.983995,"03/03":4.975108,"03/04":4.9761133,"03/05":4.9761453,"03/06":4.950126,"03/07":4.9505677,"03/08":4.9296556,"03/09":4.919208,"03/10":4.909287,"03/11":4.9115515,"03/12":4.9115696,"03/13":4.878239,"03/14":4.8670497,"03/15":4.857579,"03/16":4.851838,"03/17":4.8424397,"03/18":4.8424397,"03/19":4.8417044,"03/20":4.815388,"03/21":4.803924,"03/22":4.8049746,"03/23":4.777313,"03/24":4.7648005,"03/25":4.7648005,"03/26":4.76558,"03/27":4.739048,"03/28":4.7433987,"03/29":4.755412,"03/30":4.755412,"03/31":4.7054844,"04/01":4.7054844,"04/02":4.7072167,"04/03":4.652742,"04/04":4.6514654,"04/05":4.624643,"04/06":4.6168375,"04/07":4.6168375,"04/08":4.616902,"04/09":4.616902,"04/10":4.5691247,"04/11":4.5576963,"04/12":4.5445914,"04/13":4.532151,"04/14":4.532151,"04/15":4.533492,"04/16":4.5332894,"04/17":4.49547,"04/18":4.484051,"04/19":4.4745693,"04/20":4.4662995,"04/21":4.456998,"04/22":4.459152,"04/23":4.46037,"04/24":4.434419,"04/25":4.4263535,"04/26":4.415851,"04/27":4.407083,"04/28":4.398313,"04/29":4.402478,"04/30":4.4006433,"05/01":4.4006433,"05/02":4.365505,"05/03":4.3561673,"05/04":4.346366,"05/05":4.346366,"05/06":4.3492117,"05/07":4.3494716,"05/08":4.309418,"05/09":4.2999525,"05/10":4.290324,"05/11":4.281049,"05/12":4.2712607,"05/13":4.272751,"05/14":4.273433,"05/15":4.2463293,"05/16":4.236714,"05/17":4.2237515,"05/18":4.210364,"05/19":4.198018,"05/20":4.198018,"05/21":4.1993494,"05/22":4.1691318,"05/23":4.1536994,"05/24":4.145368,"05/25":4.145368,"05/26":4.125326,"05/27":4.129307,"05/28":4.127639,"05/29":4.10932,"05/30":4.0969825,"05/31":4.0795956,"06/01":4.059566,"06/02":4.013922,"06/03":4.018225,"06/04":4.0113196,"06/05":4.0081453,"06/06":3.9558322,"06/07":3.9491239,"06/08":4.0289054,"06/09":4.0688863,"06/10":4.0703125,"06/11":4.071605,"06/12":4.075199,"06/13":4.0589967,"06/14":4.0501466,"06/15":4.043974,"06/16":4.0522013,"06/17":4.0522013,"06/18":4.0553308,"06/19":4.028383,"06/20":4.0188675,"06/21":3.9890351,"06/22":4.0008564,"06/23":4.015252,"06/24":4.019173,"06/25":4.019314,"06/26":4.020401,"06/27":4.015671,"06/28":3.9778078,"06/29":3.9778078,"06/30":3.9978921,"07/01":3.9982104,"07/02":3.9994943,"07/03":4.0135937,"07/04":3.9949353,"07/05":3.9705534,"07/06":4.0184994,"07/07":4.0184994,"07/08":4.0198593,"07/09":4.0214515,"07/10":4.0225344,"07/11":3.969993,"07/12":3.9809194,"07/13":3.9128504,"07/14":3.8927755,"07/15":3.8936126,"07/16":3.8936126,"07/17":3.8308873,"07/18":3.7842724,"07/19":3.779917,"07/20":3.7645233,"07/21":3.7824879,"07/22":3.7838275,"07/23":3.784213,"07/24":3.751624,"07/25":3.7716374,"07/26":3.7664585,"07/27":3.7567005,"07/28":3.8374527,"07/29":3.8392684,"07/30":3.8405945,"07/31":3.799897,"08/01":3.7669723,"08/02":3.7428207,"08/03":3.7993817,"08/04":3.841627,"08/05":3.841627,"08/06":3.841627,"08/07":3.8060734,"08/08":3.809167,"08/09":3.7968097,"08/10":3.7803416,"08/11":3.8112247,"08/12":3.8112247,"08/13":3.8112247,"08/14":3.8045316,"08/15":3.8045316,"08/16":3.8045316,"08/17":3.833894,"08/18":3.7716012,"08/19":3.7716012,"08/20":3.7716012,"08/21":3.7494988,"08/22":3.746417,"08/23":3.702271,"08/24":3.7135577,"08/25":3.7197142,"08/26":3.7197142,"08/27":3.7197142,"08/28":3.6576903,"08/29":3.580993,"08/30":3.5748682,"08/31":3.5600686,"09/01":3.5498676,"09/02":3.5498676,"09/03":3.5498676,"09/04":3.5228496,"09/05":3.5228496,"09/06":3.519794,"09/07":3.4628015,"09/08":3.4394262,"09/09":3.4394262,"09/10":3.4394262,"09/11":3.459243,"09/12":3.459243,"09/13":3.435367,"09/14":3.38869,"09/15":3.4658506,"09/16":3.4658506,"09/17":3.4658506,"09/18":3.400856,"09/19":3.400856,"09/20":3.3674083,"09/21":3.3552525,"09/22":3.358797,"09/23":3.358797,"09/24":3.358797,"09/25":3.3339975,"09/26":3.3339975,"09/27":3.3117473,"09/28":3.3694322,"09/29":3.3694322,"09/30":3.3694322,"10/01":3.3694322,"10/02":3.3694322,"10/03":3.2743719,"10/04":3.2763891,"10/05":3.2345257,"10/06":3.4567032,"10/07":3.4567032,"10/08":3.4567032,"10/09":3.5045145,"10/10":3.4821265,"10/11":3.4089727,"10/12":3.3755102,"10/13":3.3420944,"10/14":3.3420944,"10/15":3.3420944,"10/16":3.3102334,"10/17":3.261253,"10/18":3.3092215,"10/19":3.3208497,"10/20":3.3314695,"10/21":4.0323124,"10/22":4.0323124,"10/23":4.0322022,"10/24":4.0322022,"10/25":4.031946,"10/26":4.0319047,"10/27":4.0318704,"10/28":4.0318704,"10/29":4.0318704,"10/30":4.0316763,"10/31":4.0163894,"11/01":3.9984505,"11/02":3.9853394,"11/03":3.9870465,"11/04":3.9817727,"11/05":3.9817727,"11/06":3.981573,"11/07":3.965721,"11/08":3.9656096,"11/09":3.9550247,"11/10":3.9500754,"11/11":3.9448013,"11/12":3.9448013,"11/13":3.9447505,"11/14":3.9289296,"11/15":3.9239225,"11/16":3.920396,"11/17":3.9151146,"11/18":3.9098396,"11/19":3.9098396,"11/20":3.9098396,"11/21":3.8936684,"11/22":3.8880491,"11/23":3.88805,"11/24":3.8768406,"11/25":3.871231,"11/26":3.871231,"11/27":3.871231,"11/28":3.853996,"11/29":3.8487332,"11/30":3.8434677,"12/01":3.8382084,"12/02":3.8329513,"12/03":3.8329513,"12/04":3.8329487,"12/05":3.8171885,"12/06":3.8119278,"12/07":3.8070242,"12/08":3.8014228,"12/09":3.795821,"12/10":3.795821,"12/11":3.7958229,"12/12":3.779047,"12/13":3.773433,"12/14":3.7679489,"12/15":3.7624006,"12/16":3.7567976,"12/17":3.7567976,"12/18":3.756934,"12/19":3.73913,"12/20":3.7332246,"12/21":3.7273827,"12/22":3.7219467,"12/23":3.7163427,"12/24":3.7163427,"12/25":3.7163427,"12/26":3.698742,"12/27":3.692773,"12/28":3.6870441,"12/29":3.6815794,"12/30":3.6752803,"12/31":3.6752803},"2022":{"10/21":5.433998,"10/22":5.433998,"10/23":5.4629993,"10/24":5.4629993,"10/25":5.5370045,"10/26":5.550003,"10/27":5.560999,"10/28":5.560999,"10/29":5.560999,"10/30":5.628996,"10/31":5.6425724,"11/01":5.5867414,"11/02":5.589678,"11/03":5.615921,"11/04":5.6001,"11/05":5.6001,"11/06":5.6979613,"11/07":5.6644554,"11/08":5.735325,"11/09":5.73062,"11/10":5.7368035,"11/11":5.7209806,"11/12":5.7209806,"11/13":5.7678723,"11/14":5.7204103,"11/15":5.819311,"11/16":5.8436584,"11/17":5.861719,"11/18":5.8458934,"11/19":5.8458934,"11/20":5.8438973,"11/21":5.838237,"11/22":5.7974615,"11/23":5.7924843,"11/24":5.7060084,"11/25":5.689179,"11/26":5.689179,"11/27":5.689179,"11/28":5.737143,"11/29":5.8158784,"11/30":5.785167,"12/01":5.729605,"12/02":5.7138333,"12/03":5.7138333,"12/04":5.729737,"12/05":5.6764894,"12/06":5.7014794,"12/07":5.706647,"12/08":5.7206435,"12/09":5.703838,"12/10":5.703838,"12/11":5.719734,"12/12":5.591906,"12/13":5.6505766,"12/14":5.8362894,"12/15":5.8631496,"12/16":5.84634,"12/17":5.84634,"12/18":5.931676,"12/19":5.909826,"12/20":5.9147873,"12/21":5.949473,"12/22":6.000079,"12/23":5.9832673,"12/24":5.9832673,"12/25":5.9832673,"12/26":6.021849,"12/27":5.997071,"12/28":6.0515156,"12/29":6.0753055,"12/30":6.0564084,"12/31":6.0564084},"2023":{"01/01":6.1078887,"01/02":6.048398,"01/03":6.0632715,"01/04":5.965389,"01/05":5.9475694,"01/06":5.9308047,"01/07":5.9308047,"01/08":6.0168242,"01/09":5.9961843,"01/10":6.0001745,"01/11":5.8964744,"01/12":5.879734,"01/13":5.8629985,"01/14":5.8629985,"01/15":6.0210385,"01/16":5.999362,