{"0":{"01/01":14.789717,"01/02":14.874419,"01/03":14.826948,"01/04":14.68667,"01/05":14.68667,"01/06":14.568268,"01/07":14.576188,"01/08":14.750913,"01/09":14.810419,"01/10":14.722377,"01/11":14.748606,"01/12":14.748606,"01/13":14.687927,"01/14":14.711596,"01/15":14.563452,"01/16":14.540157,"01/17":15.206532,"01/18":15.437599,"01/19":15.483173,"01/20":15.52611,"01/21":15.477328,"01/22":15.500864,"01/23":15.563616,"01/24":15.397287,"01/25":16.35682,"01/26":16.35682,"01/27":16.306738,"01/28":16.318155,"01/29":16.064774,"01/30":16.547226,"01/31":15.858695,"02/01":15.714849,"02/02":15.352342,"02/03":15.348539,"02/04":15.401924,"02/05":15.427379,"02/06":14.960783,"02/07":15.209534,"02/08":15.689048,"02/09":15.565831,"02/10":15.543037,"02/11":15.47559,"02/12":15.800234,"02/13":15.333218,"02/14":15.301428,"02/15":15.04994,"02/16":14.977118,"02/17":14.977953,"02/18":14.977953,"02/19":14.977953,"02/20":14.403292,"02/21":14.826018,"02/22":14.348337,"02/23":14.458113,"02/24":14.441547,"02/25":14.434086,"02/26":14.656708,"02/27":14.735155,"02/28":15.099088,"02/29":15.237151,"03/01":14.439875,"03/02":14.439875,"03/03":14.439871,"03/04":14.3012,"03/05":14.464481,"03/06":14.298693,"03/07":14.3697405,"03/08":14.3697405,"03/09":14.3697405,"03/10":14.366872,"03/11":14.741627,"03/12":14.79825,"03/13":15.276356,"03/14":15.088055,"03/15":15.506088,"03/16":15.506088,"03/17":15.534145,"03/18":15.582619,"03/19":16.276644,"03/20":16.274149,"03/21":15.764034,"03/22":15.520863,"03/23":15.520863,"03/24":15.642866,"03/25":15.641482,"03/26":15.862469,"03/27":15.905164,"03/28":15.317703,"03/29":15.317703,"03/30":15.317703,"03/31":15.317405,"04/01":15.317405,"04/02":14.608549,"04/03":14.509754,"04/04":14.392311,"04/05":13.923552,"04/06":13.923552,"04/07":13.852966,"04/08":13.555773,"04/09":13.554235,"04/10":13.267595,"04/11":13.328989,"04/12":14.035732,"04/13":14.035732,"04/14":14.035732,"04/15":14.741621,"04/16":15.04908,"04/17":15.170708,"04/18":15.746604,"04/19":15.259585,"04/20":15.259585,"04/21":15.3764,"04/22":15.154023,"04/23":14.926332,"04/24":14.82241,"04/25":14.2772455,"04/26":14.071082,"04/27":14.071082,"04/28":14.161321,"04/29":13.553454,"04/30":13.338201,"05/01":13.338201,"05/02":13.030514,"05/03":13.211547,"05/04":13.211547,"05/05":13.206661,"05/06":13.300564,"05/07":13.56978,"05/08":13.342894,"05/09":14.097717,"05/10":13.839945,"05/11":13.839945,"05/12":13.839945,"05/13":13.669701,"05/14":13.521344,"05/15":13.620764,"05/16":13.130265,"05/17":12.747177,"05/18":12.747177,"05/19":12.817203,"05/20":12.644617,"05/21":12.698397,"05/22":12.48708,"05/23":12.625426,"05/24":11.96601,"05/25":11.96601,"05/26":12.009922,"05/27":11.95882,"05/28":11.860476,"05/29":12.329521,"05/30":12.625931,"05/31":12.619455,"06/01":12.619455,"06/02":12.614502,"06/03":10.760246,"06/04":13.701696,"06/05":11.882852,"06/06":11.357077,"06/07":10.310953,"06/08":10.310953,"06/09":10.383561,"06/10":10.402496,"06/11":10.376584,"06/12":10.196838,"06/13":9.969432,"06/14":9.75072,"06/15":9.75072,"06/16":9.815867,"06/17":9.779563,"06/18":9.520673,"06/19":9.231255,"06/20":9.1428585,"06/21":9.409765,"06/22":9.409765,"06/23":9.366462,"06/24":9.0304165,"06/25":8.749065,"06/26":8.80973,"06/27":8.456424,"06/28":8.301382,"06/29":8.301382,"06/30":8.301382,"07/01":7.7433915,"07/02":7.862139,"07/03":7.1663494,"07/04":6.810543,"07/05":6.8387465,"07/06":6.8387465,"07/07":6.8387465,"07/08":6.5668526,"07/09":6.2698774,"07/10":6.4496617,"07/11":6.2644997,"07/12":5.975433,"07/13":5.975433,"07/14":5.9839587,"07/15":5.7318,"07/16":5.7290335,"07/17":5.714241,"07/18":5.362436,"07/19":5.6043587,"07/20":5.6043587,"07/21":5.6401668,"07/22":5.360943,"07/23":5.4142065,"07/24":5.402757,"07/25":5.367546,"07/26":4.665302,"07/27":4.665302,"07/28":4.633521,"07/29":4.544013,"07/30":4.5780525,"07/31":4.4155307,"08/01":4.5153055,"08/02":4.901429,"08/03":4.901429,"08/04":4.9126477,"08/05":6.1377606,"08/06":6.2400937,"08/07":5.481587,"08/08":5.5651665,"08/09":5.160333,"08/10":5.160333,"08/11":5.1796484,"08/12":5.1137834,"08/13":5.744215,"08/14":5.6014547,"08/15":5.6014547,"08/16":4.6178,"08/17":4.6178,"08/18":4.6504025,"08/19":4.723194,"08/20":4.3382454,"08/21":4.278624,"08/22":4.149285,"08/23":4.378512,"08/24":4.378512,"08/25":4.3848333,"08/26":4.0706186,"08/27":3.9406207,"08/28":3.9175386,"08/29":3.74921,"08/30":3.5860543,"08/31":3.5860543,"09/01":3.586443,"09/02":3.166214,"09/03":3.0510178,"09/04":3.1629424,"09/05":3.1612148,"09/06":3.6622157,"09/07":3.6622157,"09/08":3.6622157,"09/09":3.6832743,"09/10":3.5377977,"09/11":3.7225347,"09/12":3.2322032,"09/13":3.321285,"09/14":3.321285,"09/15":3.3170655,"09/16":3.272407,"09/17":3.214545,"09/18":3.218846,"09/19":2.940978,"09/20":2.2885945,"09/21":2.2885945,"09/22":2.2837281,"09/23":1.9881176,"09/24":2.0896728,"09/25":1.9279137,"09/26":1.572191,"09/27":1.7814586,"09/28":1.7814586,"09/29":1.7836846,"09/30":2.239176,"10/01":2.0429473,"10/02":2.0429473,"10/03":2.816915,"10/04":3.3018665,"10/05":3.3018665,"10/06":3.3076231,"10/07":3.971397,"10/08":3.562646,"10/09":3.4849172,"10/10":3.0907311,"10/11":3.2188754,"10/12":3.2188754,"10/13":3.2194207,"10/14":3.00261,"10/15":3.0162656,"10/16":3.2396789,"10/17":3.7398036,"10/18":3.6328087,"10/19":3.6328087,"10/20":3.6458302,"10/21":3.79346,"10/22":4.426605,"10/23":4.484323,"10/24":4.4822593,"10/25":4.674745,"10/26":4.674745,"10/27":4.6858478,"10/28":4.5397835,"10/29":4.0104623,"10/30":3.9686291,"10/31":4.4857397,"11/01":4.4857397,"11/02":4.4857397,"11/03":4.4820814,"11/04":4.5447135,"11/05":3.9891703,"11/06":3.673905,"11/07":3.986112,"11/08":4.1512637,"11/09":4.1512637,"11/10":4.1699634,"11/11":3.5850506,"11/12":4.261551,"11/13":4.9966645,"11/14":4.8847966,"11/15":4.8847966,"11/16":4.8847966,"11/17":4.917122,"11/18":5.0471663,"11/19":4.941465,"11/20":4.954225,"11/21":5.181445,"11/22":4.2686453,"11/23":4.2686453,"11/24":4.2507114,"11/25":3.65117,"11/26":3.8103113,"11/27":3.7609048,"11/28":4.262321,"11/29":3.9556565,"11/30":3.9556565,"12/01":3.9556565,"12/02":3.8300786,"12/03":3.4029288,"12/04":3.352175,"12/05":3.033839,"12/06":3.0334103,"12/07":3.0334103,"12/08":3.0334103,"12/09":2.889501,"12/10":2.836321,"12/11":2.8384452,"12/12":2.9526055,"12/13":2.6314113,"12/14":2.6314113,"12/15":2.6314113,"12/16":2.6314113,"12/17":3.1436832,"12/18":3.526082,"12/19":3.7613454,"12/20":4.725719,"12/21":4.725719,"12/22":4.725719,"12/23":4.2681527,"12/24":4.394883,"12/25":4.394883,"12/26":9.860482,"12/27":9.864949,"12/28":9.864949,"12/29":9.859696,"12/30":9.881725,"12/31":9.8686},"2023":{"12/26":21.124,"12/27":21.251001,"12/28":21.251001,"12/29":21.235243,"12/30":21.832167,"12/31":21.482212},"2024":{"01/01":21.766424,"01/02":23.270214,"01/03":22.33061,"01/04":22.050055,"01/05":22.050055,"01/06":19.771658,"01/07":19.951134,"01/08":20.558685,"01/09":20.230461,"01/10":19.115454,"01/11":19.167912,"01/12":19.167912,"01/13":17.056154,"01/14":18.033966,"01/15":18.191067,"01/16":18.580256,"01/17":19.438805,"01/18":19.900938,"01/19":19.992088,"01/20":21.026007,"01/21":19.833958,"01/22":20.442148,"01/23":20.576952,"01/24":19.767794,"01/25":21.686855,"01/26":21.686855,"01/27":20.400269,"01/28":20.724226,"01/29":21.22462,"01/30":22.762371,"01/31":22.584192,"02/01":22.296501,"02/02":21.571486,"02/03":21.496744,"02/04":22.48144,"02/05":22.11542,"02/06":21.07681,"02/07":21.217825,"02/08":22.176853,"02/09":21.93042,"02/10":21.479391,"02/11":19.909378,"02/12":20.704899,"02/13":20.044474,"02/14":19.259892,"02/15":18.756916,"02/16":18.611269,"02/17":18.638412,"02/18":18.638412,"02/19":18.638412,"02/20":18.030712,"02/21":18.132322,"02/22":17.17696,"02/23":17.396511,"02/24":16.642084,"02/25":16.204584,"02/26":16.649826,"02/27":16.967848,"02/28":15.906493,"02/29":15.237151,"03/01":14.588066,"03/02":14.588066,"03/03":14.293972,"03/04":14.016629,"03/05":15.782132,"03/06":15.997527,"03/07":16.349628,"03/08":16.349628,"03/09":16.349628,"03/10":16.173449,"03/11":16.892082,"03/12":17.302721,"03/13":17.884295,"03/14":17.507692,"03/15":18.34376,"03/16":18.34376,"03/17":19.34656,"03/18":20.65588,