{"0":{"01/01":6.541414,"01/02":6.472503,"01/03":6.4453855,"01/04":6.425578,"01/05":6.407856,"01/06":6.387019,"01/07":6.387019,"01/08":6.387019,"01/09":6.3339167,"01/10":6.316234,"01/11":6.299589,"01/12":6.28399,"01/13":6.2673655,"01/14":6.2673655,"01/15":6.2673655,"01/16":6.219571,"01/17":6.2029567,"01/18":6.1853175,"01/19":6.1687136,"01/20":6.1500473,"01/21":6.1500473,"01/22":6.1500473,"01/23":6.094069,"01/24":6.078531,"01/25":6.0619698,"01/26":6.0619698,"01/27":6.0278077,"01/28":6.0278077,"01/29":6.0278077,"01/30":5.970933,"01/31":5.954406,"02/01":5.9358053,"02/02":5.9141192,"02/03":5.8945093,"02/04":5.8945093,"02/05":5.8945093,"02/06":5.8377776,"02/07":5.818186,"02/08":5.8006744,"02/09":5.7728667,"02/10":5.7563915,"02/11":5.7563915,"02/12":5.7563915,"02/13":5.698778,"02/14":5.6782184,"02/15":5.660743,"02/16":5.644303,"02/17":5.625821,"02/18":5.625821,"02/19":5.625821,"02/20":5.5704036,"02/21":5.5550184,"02/22":5.535541,"02/23":5.5201654,"02/24":5.5047946,"02/25":5.5047946,"02/26":5.5047946,"02/27":5.4484797,"02/28":5.4331293,"03/01":5.417784,"03/02":5.3983574,"03/03":5.380975,"03/04":5.380975,"03/05":5.380975,"03/06":5.322747,"03/07":5.322747,"03/08":5.283971,"03/09":5.265605,"03/10":5.2441926,"03/11":5.2441926,"03/12":5.2441926,"03/13":5.172881,"03/14":5.14744,"03/15":5.125057,"03/16":5.111838,"03/17":5.0935316,"03/18":5.0935316,"03/19":5.0935316,"03/20":5.0335975,"03/21":5.011263,"03/22":5.011263,"03/23":4.9574943,"03/24":4.934187,"03/25":4.934187,"03/26":4.934187,"03/27":4.8784695,"03/28":4.8825245,"03/29":4.904804,"03/30":4.904804,"03/31":4.8015885,"04/01":4.8015885,"04/02":4.8015885,"04/03":4.696564,"04/04":4.696564,"04/05":4.6481633,"04/06":4.6330457,"04/07":4.6330457,"04/08":4.6330457,"04/09":4.6330457,"04/10":4.5384107,"04/11":4.5152893,"04/12":4.4971905,"04/13":4.4720755,"04/14":4.4720755,"04/15":4.4720755,"04/16":4.4720755,"04/17":4.3977876,"04/18":4.376727,"04/19":4.360693,"04/20":4.3436513,"04/21":4.326615,"04/22":4.326615,"04/23":4.326615,"04/24":4.2745566,"04/25":4.2565413,"04/26":4.241536,"04/27":4.2235417,"04/28":4.2065444,"04/29":4.2065444,"04/30":4.2065444,"05/01":4.2065444,"05/02":4.133643,"05/03":4.1136875,"05/04":4.094729,"05/05":4.094729,"05/06":4.094729,"05/07":4.094729,"05/08":4.017995,"05/09":3.997087,"05/10":3.977184,"05/11":3.9582846,"05/12":3.9383962,"05/13":3.9383962,"05/14":3.9383962,"05/15":3.8817513,"05/16":3.8628867,"05/17":3.8390598,"05/18":3.6914015,"05/19":3.637995,"05/20":3.637995,"05/21":3.637995,"05/22":3.5520585,"05/23":3.654807,"05/24":3.637995,"05/25":3.637995,"05/26":3.4711976,"05/27":3.4711976,"05/28":3.4711976,"05/29":3.465287,"05/30":3.3983357,"05/31":3.3786516,"06/01":3.358,"06/02":3.2852972,"06/03":3.2852972,"06/04":3.2852972,"06/05":3.4554315,"06/06":3.4347491,"06/07":3.4160464,"06/08":3.496821,"06/09":3.3796365,"06/10":3.3796365,"06/11":3.3796365,"06/12":3.3265507,"06/13":3.0814817,"06/14":3.1147418,"06/15":3.1206124,"06/16":3.1000638,"06/17":3.1000638,"06/18":3.1000638,"06/19":3.04335,"06/20":3.1225724,"06/21":3.1421497,"06/22":3.1206124,"06/23":3.078544,"06/24":3.078544,"06/25":3.078544,"06/26":3.021854,"06/27":3.0081801,"06/28":2.9408422,"06/29":2.9408422,"06/30":2.8541167,"07/01":2.8541167,"07/02":2.8541167,"07/03":2.844377,"07/04":2.7908657,"07/05":2.7704482,"07/06":2.7772532,"07/07":2.7772532,"07/08":2.7772532,"07/09":2.7772532,"07/10":2.7772532,"07/11":2.7315826,"07/12":2.7140963,"07/13":2.6471422,"07/14":2.6500554,"07/15":2.6500554,"07/16":2.6500554,"07/17":2.5028517,"07/18":2.5754356,"07/19":2.5115583,"07/20":2.4922197,"07/21":2.4970515,"07/22":2.4970515,"07/23":2.4970515,"07/24":2.440999,"07/25":2.4448678,"07/26":2.5396154,"07/27":2.4294128,"07/28":2.5018835,"07/29":2.5018835,"07/30":2.5018835,"07/31":2.313667,"08/01":1.7712486,"08/02":1.9957546,"08/03":1.7407483,"08/04":1.7207458,"08/05":1.7207458,"08/06":1.7207458,"08/07":1.5334843,"08/08":1.5135632,"08/09":1.7026577,"08/10":1.5382351,"08/11":0.59718215,"08/12":0.59718215,"08/13":0.59718215,"08/14":1.1516095,"08/15":1.1516095,"08/16":1.1516095,"08/17":1.288336,"08/18":1.1657381,"08/19":4.282868,"08/20":4.282868,"08/21":4.281085,"08/22":4.2627845,"08/23":4.2632723,"08/24":4.3113174,"08/25":4.3190203,"08/26":4.311483,"08/27":4.311483,"08/28":4.316924,"08/29":4.2841177,"08/30":4.2803917,"08/31":4.2810597,"09/01":4.2538896,"09/02":4.2464013,"09/03":4.2464013,"09/04":4.2540097,"09/05":4.2294135,"09/06":4.2027016,"09/07":4.2116036,"09/08":4.208188,"09/09":4.201224,"09/10":4.201224,"09/11":4.193911,"09/12":4.163752,"09/13":4.165844,"09/14":4.168256,"09/15":4.154363,"09/16":4.148501,"09/17":4.148501,"09/18":4.1546025,"09/19":4.1327085,"09/20":4.134878,"09/21":4.1287594,"09/22":4.1168814,"09/23":4.1094146,"09/24":4.1094146,"09/25":4.114142,"09/26":4.0881376,"09/27":4.084985,"09/28":4.087704,"09/29":4.0845,"09/30":4.0695686,"10/01":4.0695686,"10/02":4.0695686,"10/03":4.0336103,"10/04":4.019369,"10/05":4.020617,"10/06":3.9862804,"10/07":3.9783363,"10/08":3.9783363,"10/09":3.976404,"10/10":3.955196,"10/11":3.9535167,"10/12":3.9561446,"10/13":3.951629,"10/14":3.943678,"10/15":3.943678,"10/16":3.948102,"10/17":3.9353788,"10/18":3.9314818,"10/19":3.9225564,"10/20":3.8998163,"10/21":3.8907936,"10/22":3.8907936,"10/23":3.899702,"10/24":3.899702,"10/25":3.8681908,"10/26":3.8736804,"10/27":3.8551755,"10/28":3.8456054,"10/29":3.8456054,"10/30":3.8341415,"10/31":3.804414,"11/01":3.7915523,"11/02":3.7977362,"11/03":3.790169,"11/04":3.7800777,"11/05":3.7800777,"11/06":3.7860327,"11/07":3.7595255,"11/08":3.7673974,"11/09":3.7578447,"11/10":3.7549036,"11/11":3.7452924,"11/12":3.7452924,"11/13":3.744185,"11/14":3.7164574,"11/15":3.6975133,"11/16":3.693022,"11/17":3.6942596,"11/18":3.6851993,"11/19":3.6851993,"11/20":3.6835,"11/21":3.6268263,"11/22":3.6338053,"11/23":3.6382108,"11/24":3.6199465,"11/25":3.6109316,"11/26":3.6109316,"11/27":3.6109316,"11/28":3.5798485,"11/29":3.5732331,"11/30":3.5564268,"12/01":3.5551026,"12/02":3.5466354,"12/03":3.5466354,"12/04":3.5294836,"12/05":3.5068111,"12/06":3.4978514,"12/07":3.487845,"12/08":3.4799461,"12/09":3.4704735,"12/10":3.4704735,"12/11":3.4704735,"12/12":3.4425921,"12/13":3.4326065,"12/14":3.424198,"12/15":3.4152708,"12/16":3.4073932,"12/17":3.4073932,"12/18":3.4073932,"12/19":3.380628,"12/20":3.3711908,"12/21":3.3617518,"12/22":3.350747,"12/23":3.3402715,"12/24":3.3402715,"12/25":3.3402715,"12/26":3.3125305,"12/27":3.3041596,"12/28":3.2937024,"12/29":3.2832487,"12/30":3.270707,"12/31":3.270707},"2022":{"08/19":7.3999977,"08/20":7.3999977,"08/21":7.337999,"08/22":6.6139984,"08/23":6.636,"08/24":7.1081223,"08/25":7.6284313,"08/26":7.6133566,"08/27":7.6133566,"08/28":7.7864294,"08/29":7.408147,"08/30":7.5380254,"08/31":7.5600142,"09/01":7.0274,"09/02":7.012424,"09/03":7.012424,"09/04":7.293281,"09/05":7.263885,"09/06":6.544474,"09/07":7.205637,"09/08":7.3165317,"09/09":7.3026032,"09/10":7.3026032,"09/11":7.039018,"09/12":6.706653,"09/13":6.991394,"09/14":7.2263217,"09/15":6.88045,"09/16":6.868725,"09/17":6.868725,"09/18":7.0991783,"09/19":7.055391,"09/20":7.308948,"09/21":7.237573,"09/22":7.01148,"09/23":6.9965463,"09/24":6.9965463,"09/25":7.1669927,"09/26":7.0482073,"09/27":7.0616636,"09/28":7.086858,"09/29":7.0804486,"09/30":7.0505867,"10/01":7.0505867,"10/02":7.0505867,"10/03":6.932564,"10/04":7.123878,"10/05":7.1666617,"10/06":6.496918,"10/07":6.48103,"10/08":6.48103,"10/09":6.397494,"10/10":6.375007,"10/11":6.5601225,"10/12":6.6852846,"10/13":6.744113,"10/14":6.728211,"10/15":6.728211,"10/16":6.8931675,"10/17":7.2624,"10/18":7.407151,"10/19":7.408801,"10/20":6.923185,"10/21":6.9051394,"10/22":6.9051394,"10/23":7.2068763,"10/24":7.2068763,"10/25":7.1559577,"10/26":7.330542,"10/27":7.2814674,"10/28":7.262327,"10/29":7.262327,"10/30":6.8826084,"10/31":6.712709,"11/01":6.567853,"11/02":7.133158,"11/03":7.239568,"11/04":7.2193856,"11/05":7.2193856,"11/06":7.400579,"11/07":7.349414,"11/08":7.5780306,"11/09":7.8166595,"11/10":7.94599,"11/11":7.926768,"11/12":7.926768,"11/13":7.8980865,"11/14":7.8426313,