"Month (MM)","Day (DD)","2023","Average Across Years"
12,26,0.22100449,0.22100449
12,27,0.22100449,0.22100449
12,28,0.22100449,0.22100449
12,29,0.2039658,0.2039658
12,30,0.2039658,0.2039658
12,31,0.2039658,0.2039658
