{"0":{"01/01":22.106874,"01/02":21.81101,"01/03":21.701134,"01/04":22.318075,"01/05":22.49036,"01/06":22.924656,"01/07":22.924656,"01/08":22.909384,"01/09":22.131493,"01/10":22.746124,"01/11":22.810173,"01/12":22.931591,"01/13":22.602592,"01/14":22.602592,"01/15":22.644514,"01/16":22.831589,"01/17":22.27689,"01/18":21.913881,"01/19":22.102016,"01/20":22.364574,"01/21":22.364574,"01/22":22.364574,"01/23":22.058989,"01/24":22.05529,"01/25":22.782034,"01/26":22.782034,"01/27":23.727856,"01/28":23.727856,"01/29":23.772217,"01/30":23.579628,"01/31":23.572882,"02/01":23.486275,"02/02":23.357883,"02/03":22.559849,"02/04":22.559849,"02/05":22.551493,"02/06":22.904457,"02/07":23.121132,"02/08":22.689457,"02/09":22.548359,"02/10":22.669704,"02/11":22.669704,"02/12":22.642956,"02/13":22.914482,"02/14":22.401299,"02/15":22.075516,"02/16":22.048922,"02/17":22.3499,"02/18":22.3499,"02/19":22.3499,"02/20":22.71917,"02/21":22.7522,"02/22":23.76398,"02/23":23.943714,"02/24":24.102509,"02/25":24.102509,"02/26":24.075375,"02/27":24.332584,"02/28":24.637482,"02/29":17.244125,"03/01":24.257805,"03/02":24.7694,"03/03":23.829727,"03/04":23.861664,"03/05":23.851994,"03/06":23.471725,"03/07":23.497389,"03/08":23.35673,"03/09":23.963322,"03/10":24.61671,"03/11":24.561012,"03/12":24.522102,"03/13":25.344742,"03/14":25.79584,"03/15":26.062874,"03/16":26.018055,"03/17":25.58294,"03/18":25.58294,"03/19":25.51324,"03/20":25.92775,"03/21":25.55996,"03/22":25.6053,"03/23":25.68671,"03/24":26.20524,"03/25":26.20524,"03/26":26.208239,"03/27":26.091904,"03/28":26.302082,"03/29":25.828632,"03/30":25.828632,"03/31":24.773329,"04/01":24.773329,"04/02":24.893927,"04/03":24.716198,"04/04":24.727673,"04/05":24.19278,"04/06":24.060875,"04/07":24.060875,"04/08":24.124393,"04/09":24.124393,"04/10":24.107475,"04/11":23.73901,"04/12":23.387152,"04/13":23.322914,"04/14":23.322914,"04/15":23.220667,"04/16":23.185333,"04/17":23.58276,"04/18":23.69497,"04/19":23.930614,"04/20":23.889164,"04/21":23.968037,"04/22":24.034252,"04/23":24.053146,"04/24":23.679047,"04/25":23.586641,"04/26":23.35264,"04/27":22.960022,"04/28":22.412184,"04/29":22.490074,"04/30":22.49803,"05/01":22.49803,"05/02":22.220907,"05/03":22.336185,"05/04":21.794971,"05/05":21.794971,"05/06":21.758476,"05/07":21.708296,"05/08":21.574085,"05/09":21.496487,"05/10":21.370651,"05/11":21.42609,"05/12":21.347998,"05/13":21.362461,"05/14":21.400198,"05/15":21.07691,"05/16":21.326685,"05/17":21.663929,"05/18":21.898243,"05/19":21.66005,"05/20":21.66005,"05/21":21.720997,"05/22":21.550093,"05/23":21.498783,"05/24":21.808115,"05/25":21.808115,"05/26":21.029697,"05/27":21.039158,"05/28":20.99039,"05/29":20.536257,"05/30":20.323324,"05/31":20.462898,"06/01":20.595936,"06/02":20.303598,"06/03":20.638466,"06/04":20.08521,"06/05":20.009302,"06/06":19.949463,"06/07":19.642576,"06/08":20.052687,"06/09":20.225039,"06/10":20.236046,"06/11":20.232367,"06/12":20.121548,"06/13":19.748137,"06/14":19.686712,"06/15":19.829094,"06/16":19.265066,"06/17":19.265066,"06/18":19.31727,"06/19":19.460373,"06/20":19.338594,"06/21":19.365522,"06/22":19.725769,"06/23":20.166735,"06/24":20.19817,"06/25":20.286596,"06/26":20.185375,"06/27":19.877068,"06/28":19.350906,"06/29":19.350906,"06/30":18.596172,"07/01":18.684189,"07/02":18.672462,"07/03":18.450336,"07/04":18.418022,"07/05":18.411375,"07/06":18.023003,"07/07":18.023003,"07/08":18.035107,"07/09":18.103724,"07/10":18.059935,"07/11":18.14947,"07/12":18.364208,"07/13":18.335573,"07/14":17.852425,"07/15":17.944223,"07/16":17.944223,"07/17":17.524939,"07/18":17.52817,"07/19":17.021435,"07/20":16.614191,"07/21":17.205662,"07/22":17.278603,"07/23":17.240377,"07/24":17.460817,"07/25":17.421505,"07/26":17.409662,"07/27":17.60971,"07/28":17.514124,"07/29":17.548437,"07/30":17.538647,"07/31":17.149376,"08/01":17.1918,"08/02":18.016867,"08/03":18.362259,"08/04":18.042976,"08/05":18.042976,"08/06":18.042976,"08/07":17.71557,"08/08":17.777222,"08/09":17.411444,"08/10":17.832802,"08/11":18.057285,"08/12":18.057285,"08/13":18.057285,"08/14":18.156351,"08/15":18.156351,"08/16":18.156351,"08/17":18.312706,"08/18":18.536592,"08/19":18.536592,"08/20":18.536592,"08/21":18.205683,"08/22":18.033026,"08/23":17.766737,"08/24":17.87981,"08/25":18.30832,"08/26":18.30832,"08/27":18.30832,"08/28":18.108963,"08/29":17.998228,"08/30":17.884758,"08/31":18.208805,"09/01":17.609798,"09/02":17.609798,"09/03":17.609798,"09/04":17.250072,"09/05":17.179068,"09/06":17.105194,"09/07":16.714312,"09/08":16.24297,"09/09":16.24297,"09/10":16.24297,"09/11":15.713213,"09/12":16.219992,"09/13":16.007452,"09/14":15.780569,"09/15":15.550052,"09/16":15.550052,"09/17":15.550052,"09/18":15.674376,"09/19":15.674376,"09/20":16.345102,"09/21":16.95612,"09/22":17.020016,"09/23":17.020016,"09/24":17.020016,"09/25":16.988653,"09/26":17.024841,"09/27":16.778343,"09/28":17.44748,"09/29":17.44748,"09/30":17.44748,"10/01":17.44748,"10/02":17.44748,"10/03":17.149982,"10/04":17.735907,"10/05":17.46581,"10/06":17.070732,"10/07":17.070732,"10/08":17.070732,"10/09":17.562553,"10/10":16.916397,"10/11":16.584232,"10/12":16.627735,"10/13":16.663538,"10/14":16.663538,"10/15":16.663538,"10/16":16.653387,"10/17":16.461784,"10/18":16.954311,"10/19":17.11124,"10/20":17.48661,"10/21":15.095406,"10/22":15.095406,"10/23":15.202739,"10/24":15.202739,"10/25":15.275411,"10/26":15.397405,"10/27":15.282173,"10/28":15.278213,"10/29":15.278213,"10/30":15.252841,"10/31":15.255318,"11/01":15.18359,"11/02":15.161679,"11/03":15.17513,"11/04":15.074132,"11/05":15.074132,"11/06":15.0108595,"11/07":14.826862,"11/08":14.800485,"11/09":14.901859,"11/10":15.152252,"11/11":14.587971,"11/12":14.587971,"11/13":14.577886,"11/14":14.61314,"11/15":14.384881,"11/16":14.345662,"11/17":14.4726095,"11/18":14.542168,"11/19":14.542168,"11/20":14.557976,"11/21":14.814448,"11/22":14.653239,"11/23":14.659112,"11/24":14.203064,"11/25":14.147349,"11/26":14.147349,"11/27":14.147349,"11/28":14.031377,"11/29":13.854831,"11/30":13.558609,"12/01":13.618218,"12/02":13.749557,"12/03":13.749557,"12/04":13.662945,"12/05":13.607741,"12/06":13.701467,"12/07":13.86024,"12/08":13.75496,"12/09":13.972379,"12/10":13.972379,"12/11":13.960156,"12/12":13.976062,"12/13":13.749866,"12/14":13.613156,"12/15":14.092776,"12/16":14.398407,"12/17":14.398407,"12/18":14.397769,"12/19":14.082646,"12/20":14.178294,"12/21":14.552754,"12/22":14.698468,"12/23":15.382282,"12/24":15.382282,"12/25":15.382282,"12/26":14.933604,"12/27":14.683553,"12/28":14.707433,"12/29":14.557553,"12/30":14.738324,"12/31":14.738324},"2022":{"10/21":10.312996,"10/22":10.312996,"10/23":8.9640045,"10/24":8.9640045,"10/25":8.136997,"10/26":6.868,"10/27":8.063002,"10/28":8.051121,"10/29":8.051121,"10/30":8.331088,"10/31":8.085634,"11/01":7.293872,"11/02":8.498865,"11/03":9.294996,"11/04":8.9920025,"11/05":8.9920025,"11/06":9.779818,"11/07":9.356708,"11/08":9.698106,"11/09":9.75071,"11/10":10.821614,"11/11":9.128769,"11/12":9.128769,"11/13":9.259024,"11/14":9.364784,"11/15":10.170525,"11/16":10.690006,"11/17":11.040244,"11/18":11.2489195,"11/19":11.2489195,"11/20":11.002642,"11/21":12.183358,"11/22":11.703253,"11/23":11.607993,"11/24":10.199823,"11/25":10.032682,"11/26":10.032682,"11/27":10.032682,"11/28":10.137728,"11/29":10.813224,"11/30":10.576912,"12/01":11.63978,"12/02":12.033792,"12/03":12.033792,"12/04":13.977366,"12/05":14.363,"12/06":15.162964,"12/07":15.5454645,"12/08":15.613595,"12/09":16.265854,"12/10":16.265854,"12/11":16.746626,"12/12":16.101696,"12/13":15.691547,"12/14":16.708174,"12/15":19.455662,"12/16":20.372555,"12/17":20.372555,"12/18":20.47086,"12/19":19.549772,"12/20":17.921537,"12/21":19.772787,"12/22":20.679203,"12/23":22.730646,"12/24":22.730646,"12/25":22.730646,"12/26":22.05105,"12/27":22.395119,"12/28":23.125183,"12/29":22.813047,"12/30":23.355356,"12/31":23.355356},"2023":{"01/01":23.293278,"01/02":22.142166,"01/03":21.439798,"01/04":23.915684,"01/05":24.260254,"01/06":25.128845,"01/07":25.128845,"01/08":23.96011,"01/09":22.764292,"01/10":24.348442,