{"0":{"01/01":5.4110327,"01/02":5.403812,"01/03":5.2740064,"01/04":5.2256713,"01/05":5.2390356,"01/06":5.424454,"01/07":5.424454,"01/08":5.424454,"01/09":5.148631,"01/10":4.9672537,"01/11":4.8181167,"01/12":4.7467623,"01/13":4.7111216,"01/14":4.7111216,"01/15":4.7111216,"01/16":4.8221927,"01/17":4.8364763,"01/18":4.779365,"01/19":4.6012926,"01/20":4.840564,"01/21":4.840564,"01/22":4.840564,"01/23":4.804859,"01/24":4.801796,"01/25":4.8221927,"01/26":4.8221927,"01/27":5.0675983,"01/28":5.0675983,"01/29":5.0675983,"01/30":5.1404185,"01/31":4.905907,"02/01":4.460284,"02/02":4.4126935,"02/03":4.2843046,"02/04":4.2843046,"02/05":4.2843046,"02/06":4.4319253,"02/07":4.365136,"02/08":4.5586452,"02/09":4.632797,"02/10":4.742682,"02/11":4.742682,"02/12":4.742682,"02/13":4.738612,"02/14":4.728424,"02/15":4.542405,"02/16":4.4694057,"02/17":4.6826262,"02/18":4.6826262,"02/19":4.6826262,"02/20":4.4967694,"02/21":4.618569,"02/22":4.8221927,"02/23":4.6002755,"02/24":4.720277,"02/25":4.720277,"02/26":4.720277,"02/27":4.8293343,"02/28":4.795679,"03/01":4.661265,"03/02":4.6490555,"03/03":4.5251637,"03/04":4.5251637,"03/05":4.5251637,"03/06":4.5008206,"03/07":4.5008206,"03/08":4.7447224,"03/09":4.6663475,"03/10":4.578948,"03/11":4.578948,"03/12":4.578948,"03/13":4.1270294,"03/14":4.084768,"03/15":4.0103846,"03/16":3.9160638,"03/17":3.8739731,"03/18":3.8739731,"03/19":3.8739731,"03/20":3.6720145,"03/21":3.7668936,"03/22":3.7668936,"03/23":3.6690168,"03/24":3.5056312,"03/25":3.5056312,"03/26":3.5056312,"03/27":3.3536732,"03/28":3.3655727,"03/29":3.1991904,"03/30":3.1991904,"03/31":3.2862816,"04/01":3.2862816,"04/02":3.2862816,"04/03":3.231837,"04/04":3.231837,"04/05":2.896527,"04/06":2.580976,"04/07":2.580976,"04/08":2.580976,"04/09":2.580976,"04/10":2.6122446,"04/11":2.6719172,"04/12":2.5926983,"04/13":2.6562579,"04/14":2.6562579,"04/15":2.6562579,"04/16":2.6562579,"04/17":2.6396236,"04/18":2.490196,"04/19":2.4706962,"04/20":2.3908222,"04/21":2.1228771,"04/22":2.1228771,"04/23":2.1228771,"04/24":1.7687538,"04/25":1.6419877,"04/26":1.638155,"04/27":1.572013,"04/28":1.6036382,"04/29":1.6036382,"04/30":1.6036382,"05/01":1.6036382,"05/02":1.506924,"05/03":0.92577565,"05/04":0.8520642,"05/05":0.8520642,"05/06":0.8520642,"05/07":0.8520642,"05/08":0.9182094,"05/09":0.8974103,"05/10":0.8473454,"05/11":0.77846026,"05/12":0.5460899,"05/13":0.5460899,"05/14":0.5460899,"05/15":0.50387615,"05/16":0.3194666,"05/17":0.25503808,"05/18":0.29984877,"05/19":0.37181833,"05/20":0.37181833,"05/21":0.37181833,"05/22":0.20000775,"05/23":0.3054518,"05/24":0.21399309,"05/25":0.21399309,"05/26":0.23077531,"05/27":0.23077531,"05/28":0.23077531,"05/29":0.29237607,"05/30":0.24476925,"05/31":0.10595495,"06/01":0.034357145,"06/02":0.041791454,"06/03":0.041791454,"06/04":0.041791454,"06/05":0.052949425,"06/06":-0.0417654,"06/07":-0.06217076,"06/08":0.086420536,"06/09":0.18882585,"06/10":0.18882585,"06/11":0.18882585,"06/12":0.07153975,"06/13":0.039008997,"06/14":0.0473657,"06/15":0.119905174,"06/16":0.16552787,"06/17":0.16552787,"06/18":0.16552787,"06/19":0.15994045,"06/20":0.18602632,"06/21":0.20653316,"06/22":0.34657177,"06/23":0.31199098,"06/24":0.31199098,"06/25":0.31199098,"06/26":0.23917298,"06/27":0.21212578,"06/28":0.15994045,"06/29":0.15994045,"06/30":0.39333832,"07/01":0.39333832,"07/02":0.39333832,"07/03":0.3484441,"07/04":0.37275496,"07/05":0.3157242,"07/06":0.49918988,"07/07":0.49918988,"07/08":0.49918988,"07/09":0.49918988,"07/10":0.49918988,"07/11":0.1534211,"07/12":0.2261145,"07/13":-0.01299624,"07/14":0.030644834,"07/15":0.030644834,"07/16":0.030644834,"07/17":-0.12518279,"07/18":-0.28329906,"07/19":-0.26483348,"07/20":-0.24543594,"07/21":-0.23711789,"07/22":-0.23711789,"07/23":-0.23711789,"07/24":-0.3285139,"07/25":-0.21216421,"07/26":-0.2602094,"07/27":-0.18718922,"07/28":0.062239293,"07/29":0.062239293,"07/30":0.062239293,"07/31":0.08920563,"08/01":-0.050116066,"08/02":-0.032484267,"08/03":0.14504668,"08/04":0.15528622,"08/05":0.15528622,"08/06":0.15528622,"08/07":0.046444,"08/08":-0.07885503,"08/09":-0.1131433,"08/10":-0.21216421,"08/11":-0.031555172,"08/12":-0.031555172,"08/13":-0.031555172,"08/14":-0.044543214,"08/15":-0.044543214,"08/16":-0.044543214,"08/17":0.1944165,"08/18":0.004639803,"08/19":3.8543203,"08/20":3.8543203,"08/21":3.8570614,"08/22":3.8592975,"08/23":3.8670855,"08/24":4.0682626,"08/25":4.0600653,"08/26":4.0529866,"08/27":4.0529866,"08/28":4.061832,"08/29":4.0436025,"08/30":4.0339355,"08/31":4.0376616,"09/01":4.0240808,"09/02":4.0164533,"09/03":4.0164533,"09/04":4.013463,"09/05":3.9892232,"09/06":3.9779682,"09/07":3.9785662,"09/08":3.9675992,"09/09":3.9605267,"09/10":3.9605267,"09/11":3.9534197,"09/12":3.9316573,"09/13":3.9340677,"09/14":3.9456444,"09/15":3.9270945,"09/16":3.921112,"09/17":3.921112,"09/18":3.9246576,"09/19":3.902911,"09/20":3.9002926,"09/21":3.8994844,"09/22":3.8904934,"09/23":3.8845167,"09/24":3.8845167,"09/25":3.8870187,"09/26":3.8636024,"09/27":3.8537028,"09/28":3.827869,"09/29":3.8208456,"09/30":3.8116608,"10/01":3.8116608,"10/02":3.8116608,"10/03":3.7872415,"10/04":3.774695,"10/05":3.7818563,"10/06":3.7325182,"10/07":3.7244883,"10/08":3.7244883,"10/09":3.718159,"10/10":3.6977973,"10/11":3.6992724,"10/12":3.6995535,"10/13":3.691516,"10/14":3.7070575,"10/15":3.7070575,"10/16":3.705428,"10/17":3.637326,"10/18":3.6437256,"10/19":3.6821806,"10/20":3.712163,"10/21":3.7459333,"10/22":3.7459333,"10/23":3.7459333,"10/24":3.7459333,"10/25":3.572707,"10/26":3.572707,"10/27":3.496073,"10/28":3.5221243,"10/29":3.5221243,"10/30":3.5221243,"10/31":3.6153767,"11/01":3.484916,"11/02":3.4796078,"11/03":3.6773636,"11/04":3.6458144,"11/05":3.6458144,"11/06":3.6458144,"11/07":3.5503335,"11/08":3.5503335,"11/09":3.3910666,"11/10":3.2432637,"11/11":3.0648937,"11/12":3.0648937,"11/13":3.0648937,"11/14":3.0377166,"11/15":2.9573994,"11/16":2.9709458,"11/17":2.964691,"11/18":3.0356295,"11/19":3.0356295,"11/20":3.0356295,"11/21":3.055481,"11/22":2.9850163,"11/23":2.9850163,"11/24":2.8544898,"11/25":2.935016,"11/26":2.935016,"11/27":2.935016,"11/28":2.8301222,"11/29":2.8410077,"11/30":2.8410077,"12/01":2.6509016,"12/02":2.6539896,"12/03":2.6539896,"12/04":2.6539896,"12/05":2.6190028,"12/06":2.6694345,"12/07":2.728223,"12/08":2.7339053,"12/09":2.8099203,"12/10":2.8099203,"12/11":2.8099203,"12/12":2.7524967,"12/13":2.6550157,"12/14":2.546103,"12/15":2.6467834,"12/16":2.6890178,"12/17":2.6890178,"12/18":2.6890178,"12/19":2.686958,"12/20":2.7339053,"12/21":2.6627398,"12/22":2.706033,"12/23":2.729257,"12/24":2.729257,"12/25":2.729257,"12/26":2.7354517,"12/27":2.693659,"12/28":2.6977847,"12/29":2.682318,"12/30":2.7055163,"12/31":2.7055163},"2022":{"08/19":7.704001,"08/20":7.704001,"08/21":7.779999,"08/22":7.840996,"08/23":8.046999,"08/24":8.523112,"08/25":8.456939,"08/26":8.442781,"08/27":8.442781,"08/28":8.656513,"08/29":8.68523,"08/30":8.633779,"08/31":8.721032,"09/01":8.694779,"09/02":8.679524,"09/03":8.679524,"09/04":8.60935,"09/05":8.554447,"09/06":8.487866,"09/07":8.677933,"09/08":8.584569,"09/09":8.570424,"09/10":8.570424,"09/11":8.400174,"09/12":8.379631,"09/13":8.567882,"09/14":8.95225,"09/15":8.648137,"09/16":8.636172,"09/17":8.636172,"09/18":8.717226,"09/19":8.673733,"09/20":8.737787,"09/21":8.797182,"09/22":8.729118,"09/23":8.717165,"09/24":8.717165,"09/25":8.773153,"09/26":8.725418,"09/27":8.647345,"09/28":8.175726,"09/29":8.161679,"09/30":8.14331,"10/01":8.14331,"10/02":8.14331,"10/03":8.178011,"10/04":8.100606,"10/05":8.276274,"10/06":7.3776937,"10/07":7.361634,"10/08":7.361634,"10/09":7.170083,"10/10":7.250548,"10/11":7.511688,"10/12":7.5474334,"10/13":7.5174785,"10/14":7.5485616,"10/15":7.5485616,"10/16":7.5026865,"10/17":7.420206,"10/18":7.3468366,"10/19":7.3643613,"10/20":7.424326,"10/21":7.4918666,"10/22":7.4918666,"10/23":7.4918666,"10/24":7.4918666,"10/25":7.145414,"10/26":7.145414,"10/27":6.992146,"10/28":7.0442486,"10/29":7.0442486,"10/30":7.0442486,"10/31":7.2307534,"11/01":6.969832,"11/02":6.9592156,"11/03":7.3547273,"11/04":7.291629,"11/05":7.291629,