{"0":{"01/01":8.684874,"01/02":8.675352,"01/03":8.663746,"01/04":8.653814,"01/05":8.653814,"01/06":8.654844,"01/07":8.655571,"01/08":8.617281,"01/09":8.60818,"01/10":8.611105,"01/11":8.601166,"01/12":8.601166,"01/13":8.597536,"01/14":8.59676,"01/15":8.5581255,"01/16":8.55189,"01/17":8.542858,"01/18":8.532951,"01/19":8.528548,"01/20":8.529604,"01/21":8.533348,"01/22":8.533762,"01/23":8.494929,"01/24":8.483486,"01/25":8.515976,"01/26":8.515976,"01/27":8.520442,"01/28":8.5219965,"01/29":8.443814,"01/30":8.434265,"01/31":8.4247875,"02/01":8.414859,"02/02":8.405492,"02/03":8.40725,"02/04":8.402908,"02/05":8.37607,"02/06":8.367549,"02/07":8.355452,"02/08":8.3466625,"02/09":8.336777,"02/10":8.339781,"02/11":8.342918,"02/12":8.309214,"02/13":8.298647,"02/14":8.288462,"02/15":8.279143,"02/16":8.269285,"02/17":8.26982,"02/18":8.26982,"02/19":8.26982,"02/20":8.232831,"02/21":8.223303,"02/22":8.213999,"02/23":8.205245,"02/24":8.206669,"02/25":8.206381,"02/26":8.177397,"02/27":8.160761,"02/28":8.150406,"02/29":9.954582,"03/01":8.131368,"03/02":8.131368,"03/03":8.131319,"03/04":8.103056,"03/05":8.0944195,"03/06":8.086416,"03/07":8.077129,"03/08":8.077129,"03/09":8.077129,"03/10":8.077229,"03/11":8.039759,"03/12":8.029995,"03/13":8.023373,"03/14":8.014147,"03/15":8.004919,"03/16":8.004919,"03/17":8.005042,"03/18":8.00919,"03/19":7.9762115,"03/20":7.971884,"03/21":7.961124,"03/22":7.951323,"03/23":7.951323,"03/24":7.956786,"03/25":7.9594574,"03/26":7.929719,"03/27":7.9270897,"03/28":7.9204383,"03/29":7.9204383,"03/30":7.9204383,"03/31":7.888671,"04/01":7.888671,"04/02":7.8898215,"04/03":7.879019,"04/04":7.868981,"04/05":7.8590813,"04/06":7.8590813,"04/07":7.860974,"04/08":7.8290625,"04/09":7.8325276,"04/10":7.813304,"04/11":7.8200035,"04/12":7.800216,"04/13":7.800216,"04/14":7.800216,"04/15":7.771101,"04/16":7.7711034,"04/17":7.7823434,"04/18":7.763597,"04/19":7.7542334,"04/20":7.7542334,"04/21":7.7614627,"04/22":7.733337,"04/23":7.7234197,"04/24":7.724056,"04/25":7.707877,"04/26":7.6979566,"04/27":7.6979566,"04/28":7.7035923,"04/29":7.6776233,"04/30":7.667703,"05/01":7.667703,"05/02":7.647866,"05/03":7.6396046,"05/04":7.6396046,"05/05":7.641964,"05/06":7.612324,"05/07":7.603749,"05/08":7.576723,"05/09":7.572535,"05/10":7.5632124,"05/11":7.5632124,"05/12":7.5632124,"05/13":7.533626,"05/14":7.556382,"05/15":7.554352,"05/16":7.551023,"05/17":7.54053,"05/18":7.54053,"05/19":7.545898,"05/20":7.5523095,"05/21":7.5294766,"05/22":7.5183306,"05/23":7.5272446,"05/24":7.5061655,"05/25":7.5061655,"05/26":7.50957,"05/27":7.479257,"05/28":7.4737387,"05/29":7.464033,"05/30":7.4519725,"05/31":7.4420033,"06/01":7.4420033,"06/02":7.444891,"06/03":7.414258,"06/04":7.4048467,"06/05":7.3833885,"06/06":7.3875318,"06/07":7.375915,"06/08":7.375915,"06/09":7.371463,"06/10":6.9905553,"06/11":6.967805,"06/12":6.952305,"06/13":6.908136,"06/14":6.869212,"06/15":6.869212,"06/16":6.874428,"06/17":6.885396,"06/18":6.8439136,"06/19":6.6878824,"06/20":6.6774893,"06/21":6.408926,"06/22":6.408926,"06/23":6.4066386,"06/24":6.3801265,"06/25":6.3650236,"06/26":6.353368,"06/27":6.3432775,"06/28":6.3326592,"06/29":6.3326592,"06/30":6.3326592,"07/01":6.3002977,"07/02":6.2886343,"07/03":6.2769756,"07/04":6.265853,"07/05":6.255789,"07/06":6.255789,"07/07":6.255789,"07/08":6.249504,"07/09":6.243569,"07/10":6.233759,"07/11":6.2230864,"07/12":6.2124634,"07/13":6.2124634,"07/14":6.2151113,"07/15":6.183388,"07/16":6.183754,"07/17":6.1911545,"07/18":6.12836,"07/19":6.3264604,"07/20":6.3264604,"07/21":6.3317523,"07/22":6.298987,"07/23":6.2915497,"07/24":6.2801704,"07/25":6.27423,"07/26":6.1613646,"07/27":6.1613646,"07/28":6.1644535,"07/29":6.132688,"07/30":5.9845,"07/31":6.1722264,"08/01":6.1700296,"08/02":6.0213547,"08/03":6.0213547,"08/04":6.0290556,"08/05":5.958829,"08/06":5.9319415,"08/07":5.9275413,"08/08":5.9183054,"08/09":5.9077544,"08/10":5.9077544,"08/11":5.9026685,"08/12":5.8611207,"08/13":5.845874,"08/14":5.8465095,"08/15":5.8465095,"08/16":5.8254924,"08/17":5.8254924,"08/18":5.820755,"08/19":5.777762,"08/20":5.7511077,"08/21":5.7770224,"08/22":5.7911825,"08/23":5.596267,"08/24":5.596267,"08/25":5.5950747,"08/26":5.5326605,"08/27":5.522293,"08/28":5.5266204,"08/29":5.5109024,"08/30":5.5005326,"08/31":5.5005326,"09/01":5.50362,"09/02":5.471314,"09/03":5.4600945,"09/04":5.4550347,"09/05":5.457789,"09/06":5.437578,"09/07":5.437578,"09/08":5.437578,"09/09":5.1772404,"09/10":5.16807,"09/11":5.139482,"09/12":5.1253095,"09/13":4.9934034,"09/14":4.9934034,"09/15":4.9937916,"09/16":4.923577,"09/17":4.9149704,"09/18":4.9153147,"09/19":4.8157835,"09/20":4.7955146,"09/21":4.7955146,"09/22":4.798853,"09/23":4.4600844,"09/24":4.3390245,"09/25":4.5345793,"09/26":4.4475665,"09/27":4.4154987,"09/28":4.4154987,"09/29":4.4173717,"09/30":4.415439,"10/01":4.4049,"10/02":4.4049,"10/03":4.4234443,"10/04":4.4942245,"10/05":4.4942245,"10/06":4.4942245,"10/07":4.482162,"10/08":4.4761353,"10/09":4.377361,"10/10":4.3668528,"10/11":4.3568497,"10/12":4.3568497,"10/13":4.3568497,"10/14":4.3268576,"10/15":4.317369,"10/16":4.3288584,"10/17":4.2794433,"10/18":4.2959037,"10/19":4.2959037,"10/20":4.2959037,"10/21":4.29291,"10/22":4.292411,"10/23":4.2834334,"10/24":4.272962,"10/25":4.263488,"10/26":4.263488,"10/27":4.263488,"10/28":4.233603,"10/29":4.223649,"10/30":4.223649,"10/31":4.209718,"11/01":4.209718,"11/02":4.209718,"11/03":4.209718,"11/04":4.169456,"11/05":4.159028,"11/06":4.103481,"11/07":3.824502,"11/08":3.7310054,"11/09":3.7310054,"11/10":3.7310054,"11/11":3.7016997,"11/12":3.6914515,"11/13":3.681695,"11/14":3.6719422,"11/15":3.6719422,"11/16":3.6719422,"11/17":3.6719422,"11/18":3.6324794,"11/19":3.6329625,"11/20":3.6329625,"11/21":3.612039,"11/22":3.7559397,"11/23":3.7559397,"11/24":3.7559397,"11/25":3.6885245,"11/26":3.8848813,"11/27":3.9596894,"11/28":3.9498312,"11/29":3.90258,"11/30":3.90258,"12/01":3.90258,"12/02":3.7510471,"12/03":3.7407799,"12/04":3.6203082,"12/05":3.5736325,"12/06":3.71049,"12/07":3.71049,"12/08":3.71049,"12/09":3.5100703,"12/10":3.5003753,"12/11":3.490688,"12/12":3.481005,"12/13":3.4868135,"12/14":3.4868135,"12/15":3.4868135,"12/16":3.4868135,"12/17":3.4321518,"12/18":3.5760603,"12/19":3.704633,"12/20":3.5818896,"12/21":3.5818896,"12/22":3.5818896,"12/23":3.4495544,"12/24":3.5052226,"12/25":3.5052226,"12/26":5.810678,"12/27":5.814135,"12/28":5.814135,"12/29":5.8078594,"12/30":5.808823,"12/31":5.8091016},"2023":{"12/26":10.439997,"12/27":10.746002,"12/28":10.746002,"12/29":10.727174,"12/30":10.805161,"12/31":10.82716},"2024":{"01/01":10.798439,"01/02":10.801499,"01/03":10.511482,"01/04":10.491618,"01/05":10.491618,"01/06":10.552552,"01/07":10.594502,"01/08":10.537193,"01/09":10.534406,"01/10":10.638404,"01/11":10.618527,"01/12":10.618527,"01/13":10.408991,"01/14":10.361098,"01/15":10.309899,"01/16":10.478619,"01/17":10.478839,"01/18":10.459025,"01/19":10.450218,"01/20":10.510003,"01/21":10.709307,"01/22":10.730233,"01/23":10.6678705,"01/24":10.568399,"01/25":10.63338,"01/26":10.63338,"01/27":10.855529,"01/28":10.928246,"01/29":10.9250965,"01/30":10.922145,"01/31":10.922182,"02/01":10.902326,"02/02":10.883592,"02/03":10.961126,"02/04":10.765303,"02/05":10.742075,"02/06":10.762107,"02/07":10.612311,"02/08":10.594733,"02/09":10.574963,"02/10":10.7189245,"02/11":10.860907,"02/12":10.591234,"02/13":10.537745,"02/14":10.502139,"02/15":10.483502,"02/16":10.463786,"02/17":10.490568,"02/18":10.490568,"02/19":10.490568,"02/20":10.480315,"02/21":10.476471,"02/22":10.457863,"02/23":10.440355,"02/24":10.509686,"02/25":10.49582,"02/26":10.437852,"02/27":10.05691,"02/28":9.973084,"02/29":9.954582,"03/01":9.935007,"03/02":9.935007,"03/03":9.932046,"03/04":9.875521,"03/05":9.893632,"03/06":9.949298,"03/07":9.927855,"03/08":9.927855,"03/09":9.927855,"03/10":9.933782,"03/11":9.889393,"03/12":9.869866,"03/13":10.001477,"03/14":9.983026,"03/15":9.964569,"03/16":9.964569,"03/17":9.971477,"03/18":10.19155,"03/19":10.385598,"03/20":10.584029,"03/21":10.501409,"03/22":10.481807,"03/23":10.481807,"03/24":10.710487,