{"0":{"01/01":27.66136,"01/02":27.637117,"01/03":27.485476,"01/04":27.180735,"01/05":27.180735,"01/06":27.180735,"01/07":27.180735,"01/08":28.599913,"01/09":28.834772,"01/10":28.43177,"01/11":28.24989,"01/12":28.24989,"01/13":28.24989,"01/14":28.24989,"01/15":25.50693,"01/16":25.809887,"01/17":27.947905,"01/18":27.882551,"01/19":26.28269,"01/20":26.28269,"01/21":26.28269,"01/22":26.28269,"01/23":27.572079,"01/24":26.1467,"01/25":27.93893,"01/26":27.93893,"01/27":27.93893,"01/28":27.93893,"01/29":26.76787,"01/30":27.508396,"01/31":26.045845,"02/01":25.691006,"02/02":24.970152,"02/03":24.970152,"02/04":24.970152,"02/05":25.24964,"02/06":24.34828,"02/07":24.56055,"02/08":25.530367,"02/09":25.161243,"02/10":25.161243,"02/11":25.161243,"02/12":26.147947,"02/13":25.142841,"02/14":24.644445,"02/15":24.08365,"02/16":23.921082,"02/17":23.921082,"02/18":23.921082,"02/19":23.921082,"02/20":22.593344,"02/21":23.33817,"02/22":22.426437,"02/23":22.678148,"02/24":22.678148,"02/25":22.678148,"02/26":23.118164,"02/27":23.214386,"02/28":24.315594,"02/29":23.465765,"03/01":22.32441,"03/02":22.32441,"03/03":22.32441,"03/04":22.159405,"03/05":22.219038,"03/06":22.085823,"03/07":22.186293,"03/08":22.186293,"03/09":22.186293,"03/10":22.186293,"03/11":23.12173,"03/12":23.234608,"03/13":24.34464,"03/14":23.949955,"03/15":24.70653,"03/16":24.70653,"03/17":24.70653,"03/18":24.70653,"03/19":25.902918,"03/20":25.739271,"03/21":24.530188,"03/22":24.105364,"03/23":24.105364,"03/24":24.105364,"03/25":24.105364,"03/26":24.683397,"03/27":24.55448,"03/28":23.521908,"03/29":23.521908,"03/30":23.521908,"03/31":23.51712,"04/01":23.51712,"04/02":22.271696,"04/03":22.1337,"04/04":22.009996,"04/05":20.982327,"04/06":20.982327,"04/07":20.982327,"04/08":20.35062,"04/09":20.35062,"04/10":19.807472,"04/11":19.807472,"04/12":21.160257,"04/13":21.160257,"04/14":21.160257,"04/15":22.505136,"04/16":22.908405,"04/17":22.908405,"04/18":23.830954,"04/19":22.923786,"04/20":22.923786,"04/21":22.923786,"04/22":22.45697,"04/23":21.914478,"04/24":21.66937,"04/25":20.955965,"04/26":20.78092,"04/27":20.78092,"04/28":20.78092,"04/29":19.825464,"04/30":19.560677,"05/01":19.560677,"05/02":19.094568,"05/03":19.52711,"05/04":19.52711,"05/05":19.52711,"05/06":19.75803,"05/07":20.075605,"05/08":19.796238,"05/09":21.43333,"05/10":20.8495,"05/11":20.8495,"05/12":20.8495,"05/13":20.541487,"05/14":19.892962,"05/15":19.831083,"05/16":18.752327,"05/17":18.107578,"05/18":18.107578,"05/19":18.107578,"05/20":18.107578,"05/21":18.14691,"05/22":17.827484,"05/23":17.827484,"05/24":16.508366,"05/25":16.508366,"05/26":16.508366,"05/27":16.543453,"05/28":16.465864,"05/29":17.377995,"05/30":17.972265,"05/31":17.94938,"06/01":17.94938,"06/02":17.94938,"06/03":14.684488,"06/04":20.371037,"06/05":16.606249,"06/06":15.191425,"06/07":13.219191,"06/08":13.219191,"06/09":13.219191,"06/10":13.21518,"06/11":13.351864,"06/12":13.120898,"06/13":12.918832,"06/14":12.426709,"06/15":12.426709,"06/16":12.426709,"06/17":12.426709,"06/18":11.958477,"06/19":11.616935,"06/20":11.251285,"06/21":11.641327,"06/22":11.641327,"06/23":11.641327,"06/24":10.758183,"06/25":10.282767,"06/26":10.201865,"06/27":9.508175,"06/28":9.237433,"06/29":9.237433,"06/30":9.237433,"07/01":8.13384,"07/02":8.344863,"07/03":7.0119457,"07/04":6.4055715,"07/05":6.4738894,"07/06":6.4738894,"07/07":6.4738894,"07/08":5.970227,"07/09":5.414709,"07/10":5.7595806,"07/11":5.4678264,"07/12":4.972751,"07/13":4.972751,"07/14":4.972751,"07/15":4.405418,"07/16":4.405418,"07/17":4.405418,"07/18":3.791853,"07/19":4.3329067,"07/20":4.3329067,"07/21":4.3329067,"07/22":3.8644595,"07/23":3.9490135,"07/24":3.9507,"07/25":3.9507,"07/26":2.4018257,"07/27":2.4018257,"07/28":2.4018257,"07/29":2.3099337,"07/30":2.3533945,"07/31":2.0352445,"08/01":2.2002068,"08/02":2.9616432,"08/03":2.9616432,"08/04":2.9616432,"08/05":5.3460116,"08/06":5.667687,"08/07":4.199246,"08/08":4.349958,"08/09":3.613305,"08/10":3.613305,"08/11":3.613305,"08/12":3.5133526,"08/13":4.760892,"08/14":4.4882865,"08/15":4.4882865,"08/16":2.7454126,"08/17":2.7454126,"08/18":2.7454126,"08/19":2.8836675,"08/20":2.2280242,"08/21":2.1511476,"08/22":1.928542,"08/23":2.3058374,"08/24":2.3058374,"08/25":2.3058374,"08/26":1.8253148,"08/27":1.529,"08/28":1.4878441,"08/29":1.1942828,"08/30":0.8490177,"08/31":0.8490177,"09/01":0.8490177,"09/02":0.15844953,"09/03":-0.07590498,"09/04":0.1403815,"09/05":0.1403815,"09/06":1.3927547,"09/07":1.3927547,"09/08":1.3927547,"09/09":1.4338257,"09/10":1.1317683,"09/11":1.58796,"09/12":0.3110889,"09/13":0.56547195,"09/14":0.56547195,"09/15":0.56547195,"09/16":0.44206738,"09/17":0.33000794,"09/18":0.33000794,"09/19":-0.09544653,"09/20":-1.4189743,"09/21":-1.4189743,"09/22":-1.4189743,"09/23":-2.101457,"09/24":-1.8840609,"09/25":-2.191443,"09/26":-2.8943403,"09/27":-2.4700942,"09/28":-2.4700942,"09/29":-2.4700942,"09/30":-1.5542608,"10/01":-1.9172232,"10/02":-1.9172232,"10/03":-0.4024671,"10/04":0.61856914,"10/05":0.61856914,"10/06":0.61856914,"10/07":1.8569963,"10/08":1.0989408,"10/09":0.91596687,"10/10":0.20953517,"10/11":0.41995028,"10/12":0.41995028,"10/13":0.41995028,"10/14":0.0,"10/15":0.0,"10/16":0.0,"10/17":0.0,"10/18":0.0,"10/19":0.0,"10/20":0.0,"10/21":0.0,"10/22":0.0,"10/23":0.0,"10/24":0.0,"10/25":0.0,"10/26":0.0,"10/27":0.0,"10/28":0.0,"10/29":0.0,"10/30":0.0,"10/31":0.0,"11/01":0.0,"11/02":0.0,"11/03":0.0,"11/04":0.0,"11/05":0.0,"11/06":0.0,"11/07":0.0,"11/08":0.0,"11/09":0.0,"11/10":0.0,"11/11":0.0,"11/12":0.0,"11/13":0.0,"11/14":0.0,"11/15":0.0,"11/16":0.0,"11/17":0.0,"11/18":0.0,"11/19":0.0,"11/20":0.0,"11/21":0.0,"11/22":0.0,"11/23":0.0,"11/24":0.0,"11/25":0.0,"11/26":0.0,"11/27":0.0,"11/28":0.0,"11/29":0.0,"11/30":0.0,"12/01":0.0,"12/02":0.0,"12/03":0.0,"12/04":0.0,"12/05":0.0,"12/06":0.0,"12/07":0.0,"12/08":0.0,"12/09":0.0,"12/10":0.0,"12/11":0.0,"12/12":0.0,"12/13":0.0,"12/14":0.0,"12/15":0.0,"12/16":0.0,"12/17":0.0,"12/18":0.0,"12/19":0.0,"12/20":0.0,"12/21":0.0,"12/22":0.0,"12/23":0.0,"12/24":0.0,"12/25":0.0,"12/26":13.846003,"12/27":13.846003,"12/28":13.836426,"12/29":13.83068,"12/30":13.83068,"12/31":13.83068},"2023":{"12/26":27.692005,"12/27":27.692005,"12/28":27.672852,"12/29":27.66136,"12/30":27.66136,"12/31":27.66136},"2024":{"01/01":27.66136,"01/02":27.637117,"01/03":27.485476,"01/04":27.180735,"01/05":27.180735,"01/06":27.180735,"01/07":27.180735,"01/08":28.599913,"01/09":28.834772,"01/10":28.43177,"01/11":28.24989,"01/12":28.24989,"01/13":28.24989,"01/14":28.24989,"01/15":25.50693,"01/16":25.809887,"01/17":27.947905,"01/18":27.882551,"01/19":26.28269,"01/20":26.28269,"01/21":26.28269,"01/22":26.28269,"01/23":27.572079,"01/24":26.1467,"01/25":27.93893,"01/26":27.93893,"01/27":27.93893,"01/28":27.93893,"01/29":26.76787,"01/30":27.508396,"01/31":26.045845,"02/01":25.691006,"02/02":24.970152,"02/03":24.970152,"02/04":24.970152,"02/05":25.24964,"02/06":24.34828,"02/07":24.56055,"02/08":25.530367,"02/09":25.161243,"02/10":25.161243,"02/11":25.161243,"02/12":26.147947,"02/13":25.142841,"02/14":24.644445,"02/15":24.08365,"02/16":23.921082,"02/17":23.921082,"02/18":23.921082,"02/19":23.921082,"02/20":22.593344,"02/21":23.33817,"02/22":22.426437,"02/23":22.678148,"02/24":22.678148,"02/25":22.678148,"02/26":23.118164,"02/27":23.214386,"02/28":24.315594,"02/29":23.465765,"03/01":22.32441,"03/02":22.32441,"03/03":22.32441,"03/04":22.159405,"03/05":22.219038,"03/06":22.085823,"03/07":22.186293,"03/08":22.186293,"03/09":22.186293,"03/10":22.186293,"03/11":23.12173,"03/12":23.234608,"03/13":24.34464,"03/14":23.949955,"03/15":24.70653,"03/16":24.70653,"03/17":24.70653,"03/18":24.70653,"03/19":25.902918,"03/20":25.739271,"03/21":24.530188,"03/22":24.105364,"03/23":24.105364,"03/24":24.105364,"03/25":24.105364,"03/26":24.683397,"03/27":24.55448,"03/28":23.521908,"03/29":23.521908,"03/30":23.521908,"03/31":23.51712,"04/01":23.51712,"04/02":22.271696,"04/03":22.1337,"04/04":22.009996,"04/05":20.982327,"04/06":20.982327,"04/07":20.982327,"04/08":20.35062,"04/09":20.35062,"04/10":19.807472,