{"0":{"01/01":20.165493,"01/02":20.143875,"01/03":20.1739,"01/04":19.89829,"01/05":19.89829,"01/06":19.89829,"01/07":19.89829,"01/08":20.220753,"01/09":20.385643,"01/10":20.29291,"01/11":20.345884,"01/12":20.345884,"01/13":20.345884,"01/14":20.345884,"01/15":20.015568,"01/16":19.937765,"01/17":21.32457,"01/18":21.794,"01/19":21.88659,"01/20":21.88659,"01/21":21.88659,"01/22":21.88659,"01/23":22.012747,"01/24":21.716333,"01/25":23.666618,"01/26":23.666618,"01/27":23.666618,"01/28":23.666618,"01/29":23.061647,"01/30":23.979006,"01/31":22.45384,"02/01":22.166456,"02/02":21.44221,"02/03":21.44221,"02/04":21.44221,"02/05":21.545322,"02/06":20.628395,"02/07":21.164425,"02/08":22.12303,"02/09":21.876705,"02/10":21.876705,"02/11":21.876705,"02/12":22.523712,"02/13":21.552692,"02/14":21.545322,"02/15":21.032707,"02/16":20.884272,"02/17":20.884272,"02/18":20.884272,"02/19":20.884272,"02/20":19.67991,"02/21":20.587267,"02/22":19.612051,"02/23":19.836164,"02/24":19.836164,"02/25":19.836164,"02/26":20.29532,"02/27":20.45077,"02/28":21.256058,"02/29":20.555824,"03/01":19.876781,"03/02":19.876781,"03/03":19.876781,"03/04":19.58589,"03/05":19.912647,"03/06":19.55497,"03/07":19.694214,"03/08":19.694214,"03/09":19.694214,"03/10":19.694214,"03/11":20.467663,"03/12":20.571548,"03/13":21.573578,"03/14":21.18519,"03/15":22.047422,"03/16":22.047422,"03/17":22.047422,"03/18":22.047422,"03/19":23.411509,"03/20":23.30394,"03/21":22.155283,"03/22":21.673227,"03/23":21.673227,"03/24":21.673227,"03/25":21.673227,"03/26":22.2124,"03/27":22.252153,"03/28":21.144892,"03/29":21.144892,"03/30":21.144892,"03/31":21.141237,"04/01":21.141237,"04/02":19.893515,"04/03":19.710897,"04/04":19.576376,"04/05":18.634933,"04/06":18.634933,"04/07":18.634933,"04/08":17.981924,"04/09":17.981924,"04/10":17.39792,"04/11":17.39792,"04/12":18.809591,"04/13":18.809591,"04/14":18.809591,"04/15":20.219551,"04/16":20.592098,"04/17":20.592098,"04/18":21.706476,"04/19":20.76408,"04/20":20.76408,"04/21":20.76408,"04/22":20.338661,"04/23":19.903082,"04/24":19.56448,"04/25":18.666555,"04/26":18.272043,"04/27":18.272043,"04/28":18.272043,"04/29":17.18627,"04/30":16.776567,"05/01":16.776567,"05/02":16.190937,"05/03":16.535505,"05/04":16.535505,"05/05":16.535505,"05/06":16.807196,"05/07":17.279987,"05/08":16.966265,"05/09":18.57528,"05/10":18.07461,"05/11":18.07461,"05/12":18.07461,"05/13":17.743946,"05/14":17.055077,"05/15":16.962856,"05/16":15.962351,"05/17":15.248807,"05/18":15.248807,"05/19":15.248807,"05/20":15.248807,"05/21":15.290801,"05/22":15.011812,"05/23":15.011812,"05/24":13.784199,"05/25":13.784199,"05/26":13.784199,"05/27":13.803578,"05/28":13.678781,"05/29":14.556001,"05/30":15.138462,"05/31":15.126329,"06/01":15.126329,"06/02":15.126329,"06/03":11.749677,"06/04":17.29944,"06/05":13.725014,"06/06":12.427771,"06/07":10.502959,"06/08":10.502959,"06/09":10.502959,"06/10":10.4958515,"06/11":10.458293,"06/12":10.328566,"06/13":9.977413,"06/14":9.572537,"06/15":9.572537,"06/16":9.572537,"06/17":9.572537,"06/18":9.127046,"06/19":8.646859,"06/20":8.3209505,"06/21":8.811043,"06/22":8.811043,"06/23":8.811043,"06/24":8.09504,"06/25":7.50744,"06/26":7.515132,"06/27":6.873936,"06/28":6.5925593,"06/29":6.5925593,"06/30":6.5925593,"07/01":5.579896,"07/02":5.795405,"07/03":4.5326557,"07/04":3.8869228,"07/05":3.9381084,"07/06":3.9381084,"07/07":3.9381084,"07/08":3.4472046,"07/09":2.9062867,"07/10":3.2899292,"07/11":3.0050159,"07/12":2.4756877,"07/13":2.4756877,"07/14":2.4756877,"07/15":1.9742575,"07/16":1.9742575,"07/17":1.9742575,"07/18":1.3912777,"07/19":1.8360722,"07/20":1.8360722,"07/21":1.8360722,"07/22":1.3408586,"07/23":1.4058169,"07/24":1.4186473,"07/25":1.4186473,"07/26":0.12490294,"07/27":0.12490294,"07/28":0.12490294,"07/29":-0.0656575,"07/30":0.0,"07/31":0.0,"08/01":0.0,"08/02":0.0,"08/03":0.0,"08/04":0.0,"08/05":0.0,"08/06":0.0,"08/07":0.0,"08/08":0.0,"08/09":0.0,"08/10":0.0,"08/11":0.0,"08/12":0.0,"08/13":0.0,"08/14":0.0,"08/15":0.0,"08/16":0.0,"08/17":0.0,"08/18":0.0,"08/19":0.0,"08/20":0.0,"08/21":0.0,"08/22":0.0,"08/23":0.0,"08/24":0.0,"08/25":0.0,"08/26":0.0,"08/27":0.0,"08/28":0.0,"08/29":0.0,"08/30":0.0,"08/31":0.0,"09/01":0.0,"09/02":0.0,"09/03":0.0,"09/04":0.0,"09/05":0.0,"09/06":0.0,"09/07":0.0,"09/08":0.0,"09/09":0.0,"09/10":0.0,"09/11":0.0,"09/12":0.0,"09/13":0.0,"09/14":0.0,"09/15":0.0,"09/16":0.0,"09/17":0.0,"09/18":0.0,"09/19":0.0,"09/20":0.0,"09/21":0.0,"09/22":0.0,"09/23":0.0,"09/24":0.0,"09/25":0.0,"09/26":0.0,"09/27":0.0,"09/28":0.0,"09/29":0.0,"09/30":0.0,"10/01":0.0,"10/02":0.0,"10/03":0.0,"10/04":0.0,"10/05":0.0,"10/06":0.0,"10/07":0.0,"10/08":0.0,"10/09":0.0,"10/10":0.0,"10/11":0.0,"10/12":0.0,"10/13":0.0,"10/14":0.0,"10/15":0.0,"10/16":0.0,"10/17":0.0,"10/18":0.0,"10/19":0.0,"10/20":0.0,"10/21":0.0,"10/22":0.0,"10/23":0.0,"10/24":0.0,"10/25":0.0,"10/26":0.0,"10/27":0.0,"10/28":0.0,"10/29":0.0,"10/30":0.0,"10/31":0.0,"11/01":0.0,"11/02":0.0,"11/03":0.0,"11/04":0.0,"11/05":0.0,"11/06":0.0,"11/07":0.0,"11/08":0.0,"11/09":0.0,"11/10":0.0,"11/11":0.0,"11/12":0.0,"11/13":0.0,"11/14":0.0,"11/15":0.0,"11/16":0.0,"11/17":0.0,"11/18":0.0,"11/19":0.0,"11/20":0.0,"11/21":0.0,"11/22":0.0,"11/23":0.0,"11/24":0.0,"11/25":0.0,"11/26":0.0,"11/27":0.0,"11/28":0.0,"11/29":0.0,"11/30":0.0,"12/01":0.0,"12/02":0.0,"12/03":0.0,"12/04":0.0,"12/05":0.0,"12/06":0.0,"12/07":0.0,"12/08":0.0,"12/09":0.0,"12/10":0.0,"12/11":0.0,"12/12":0.0,"12/13":0.0,"12/14":0.0,"12/15":0.0,"12/16":0.0,"12/17":0.0,"12/18":0.0,"12/19":0.0,"12/20":0.0,"12/21":0.0,"12/22":0.0,"12/23":0.0,"12/24":0.0,"12/25":0.0,"12/26":10.123,"12/27":10.123,"12/28":10.123,"12/29":10.115186,"12/30":10.115186,"12/31":10.115186},"2023":{"12/26":20.246,"12/27":20.246,"12/28":20.246,"12/29":20.230371,"12/30":20.230371,"12/31":20.230371},"2024":{"01/01":20.165493,"01/02":20.143875,"01/03":20.1739,"01/04":19.89829,"01/05":19.89829,"01/06":19.89829,"01/07":19.89829,"01/08":20.220753,"01/09":20.385643,"01/10":20.29291,"01/11":20.345884,"01/12":20.345884,"01/13":20.345884,"01/14":20.345884,"01/15":20.015568,"01/16":19.937765,"01/17":21.32457,"01/18":21.794,"01/19":21.88659,"01/20":21.88659,"01/21":21.88659,"01/22":21.88659,"01/23":22.012747,"01/24":21.716333,"01/25":23.666618,"01/26":23.666618,"01/27":23.666618,"01/28":23.666618,"01/29":23.061647,"01/30":23.979006,"01/31":22.45384,"02/01":22.166456,"02/02":21.44221,"02/03":21.44221,"02/04":21.44221,"02/05":21.545322,"02/06":20.628395,"02/07":21.164425,"02/08":22.12303,"02/09":21.876705,"02/10":21.876705,"02/11":21.876705,"02/12":22.523712,"02/13":21.552692,"02/14":21.545322,"02/15":21.032707,"02/16":20.884272,"02/17":20.884272,"02/18":20.884272,"02/19":20.884272,"02/20":19.67991,"02/21":20.587267,"02/22":19.612051,"02/23":19.836164,"02/24":19.836164,"02/25":19.836164,"02/26":20.29532,"02/27":20.45077,"02/28":21.256058,"02/29":20.555824,"03/01":19.876781,"03/02":19.876781,"03/03":19.876781,"03/04":19.58589,"03/05":19.912647,"03/06":19.55497,"03/07":19.694214,"03/08":19.694214,"03/09":19.694214,"03/10":19.694214,"03/11":20.467663,"03/12":20.571548,"03/13":21.573578,"03/14":21.18519,"03/15":22.047422,"03/16":22.047422,"03/17":22.047422,"03/18":22.047422,"03/19":23.411509,"03/20":23.30394,"03/21":22.155283,"03/22":21.673227,"03/23":21.673227,"03/24":21.673227,"03/25":21.673227,"03/26":22.2124,"03/27":22.252153,"03/28":21.144892,"03/29":21.144892,"03/30":21.144892,"03/31":21.141237,"04/01":21.141237,"04/02":19.893515,"04/03":19.710897,"04/04":19.576376,"04/05":18.634933,"04/06":18.634933,"04/07":18.634933,"04/08":17.981924,"04/09":17.981924,"04/10":17.39792,"04/11":17.39792,"04/12":18.809591,"04/13":18.809591,"04/14":18.809591,"04/15":20.219551,"04/16":20.592098,"04/17":20.592098,"04/18":21.706476,"04/19":20.76408,"04/20":20.76408,"04/21":20.76408,"04/22":20.338661,"04/23":19.903082,"04/24":19.56448,"04/25":18.666555,"04/26":18.272043,"04/27":18.272043,"04/28":18.272043,"04/29":17.18627,"04/30":16.776567,"05/01":16.776567,"05/02":16.190937,"05/03":16.535505,"05/04":16.535505,"05/05":16.535505,