{"0":{"01/01":8.047354,"01/02":8.02877,"01/03":8.01988,"01/04":8.011532,"01/05":7.808458,"01/06":7.7894354,"01/07":7.817957,"01/08":7.6414404,"01/09":7.581069,"01/10":7.5300055,"01/11":7.4806857,"01/12":7.5603642,"01/13":7.51494,"01/14":7.454447,"01/15":7.285751,"01/16":7.2063403,"01/17":7.231736,"01/18":7.2735014,"01/19":7.212989,"01/20":7.2160234,"01/21":7.2830887,"01/22":7.3815765,"01/23":7.293871,"01/24":7.2633324,"01/25":7.1703405,"01/26":7.1703405,"01/27":7.0539484,"01/28":7.202944,"01/29":7.079069,"01/30":7.178294,"01/31":7.087448,"02/01":6.645159,"02/02":6.0749416,"02/03":6.216268,"02/04":6.291684,"02/05":6.5481987,"02/06":6.1098595,"02/07":6.0082173,"02/08":5.9726386,"02/09":5.9170923,"02/10":5.934844,"02/11":6.088913,"02/12":6.124779,"02/13":6.136696,"02/14":6.1679044,"02/15":5.979731,"02/16":6.1520133,"02/17":6.2352324,"02/18":6.165841,"02/19":6.165841,"02/20":5.9932685,"02/21":5.917671,"02/22":5.919247,"02/23":6.036806,"02/24":6.1340303,"02/25":6.274843,"02/26":6.2563477,"02/27":6.3970604,"02/28":6.364611,"02/29":8.232616,"03/01":6.2946243,"03/02":6.238347,"03/03":6.2376685,"03/04":6.042597,"03/05":6.0195684,"03/06":5.9146185,"03/07":5.8238072,"03/08":5.8238072,"03/09":5.6518497,"03/10":5.964489,"03/11":5.8637214,"03/12":5.762289,"03/13":5.7399483,"03/14":5.7451715,"03/15":5.7749805,"03/16":5.640137,"03/17":5.6616974,"03/18":5.7171955,"03/19":5.8659687,"03/20":5.7785664,"03/21":5.6494374,"03/22":5.73196,"03/23":5.2997026,"03/24":5.1762915,"03/25":5.2391844,"03/26":5.2770824,"03/27":5.17382,"03/28":4.9496913,"03/29":4.9496913,"03/30":4.9496913,"03/31":4.9300084,"04/01":4.9300084,"04/02":5.225101,"04/03":5.2277803,"04/04":5.20853,"04/05":5.284279,"04/06":5.284279,"04/07":5.280852,"04/08":5.41203,"04/09":5.4196873,"04/10":5.2918463,"04/11":5.298299,"04/12":5.5553617,"04/13":5.5553617,"04/14":5.5553617,"04/15":5.475014,"04/16":5.5473666,"04/17":5.551785,"04/18":5.5191,"04/19":5.6632056,"04/20":5.6632056,"04/21":5.70339,"04/22":5.570563,"04/23":5.475983,"04/24":5.587001,"04/25":5.584346,"04/26":5.5964236,"04/27":5.5964236,"04/28":5.581968,"04/29":5.545238,"04/30":5.569956,"05/01":5.569956,"05/02":5.4526052,"05/03":5.335744,"05/04":5.335744,"05/05":5.3467155,"05/06":5.093791,"05/07":5.161253,"05/08":5.1327786,"05/09":5.0868692,"05/10":4.999427,"05/11":4.999427,"05/12":4.999427,"05/13":4.921872,"05/14":4.894681,"05/15":4.8051896,"05/16":4.742779,"05/17":4.8097415,"05/18":4.8097415,"05/19":4.800124,"05/20":4.808161,"05/21":4.715764,"05/22":4.536087,"05/23":4.545581,"05/24":4.474995,"05/25":4.474995,"05/26":4.4782286,"05/27":4.4006634,"05/28":4.431987,"05/29":4.48262,"05/30":4.468407,"05/31":4.4393153,"06/01":4.4393153,"06/02":4.440301,"06/03":4.242088,"06/04":4.629005,"06/05":4.5213485,"06/06":4.354506,"06/07":4.3188715,"06/08":4.3188715,"06/09":4.28547,"06/10":4.2508683,"06/11":4.1615696,"06/12":4.139309,"06/13":4.0385146,"06/14":3.9677482,"06/15":3.9677482,"06/16":3.983573,"06/17":3.9805107,"06/18":3.8905218,"06/19":3.7473276,"06/20":3.7099347,"06/21":3.61831,"06/22":3.61831,"06/23":3.6244318,"06/24":3.5692954,"06/25":3.591542,"06/26":3.621577,"06/27":3.6139905,"06/28":3.673722,"06/29":3.673722,"06/30":3.673722,"07/01":3.6722,"07/02":3.6322005,"07/03":3.5902321,"07/04":3.6124713,"07/05":3.655484,"07/06":3.655484,"07/07":3.655484,"07/08":3.6068654,"07/09":3.582217,"07/10":3.5428977,"07/11":3.5688226,"07/12":3.57288,"07/13":3.57288,"07/14":3.5815802,"07/15":3.532632,"07/16":3.5316968,"07/17":3.5360906,"07/18":3.441764,"07/19":3.4012759,"07/20":3.4012759,"07/21":3.4072113,"07/22":3.353559,"07/23":3.396174,"07/24":3.3550227,"07/25":3.339692,"07/26":3.267301,"07/27":3.267301,"07/28":3.2599022,"07/29":3.2125793,"07/30":3.3136845,"07/31":3.3012195,"08/01":3.2949638,"08/02":3.22782,"08/03":3.22782,"08/04":3.2417362,"08/05":3.0354755,"08/06":3.0160298,"08/07":2.9669771,"08/08":2.996898,"08/09":3.0161605,"08/10":3.0161605,"08/11":3.0018353,"08/12":2.9488277,"08/13":2.9497778,"08/14":2.8673646,"08/15":2.8673646,"08/16":2.8492327,"08/17":2.8492327,"08/18":2.8318021,"08/19":2.702221,"08/20":2.5986648,"08/21":2.5663233,"08/22":2.5638824,"08/23":2.5720696,"08/24":2.5720696,"08/25":2.5632133,"08/26":2.5516891,"08/27":2.5832822,"08/28":2.598011,"08/29":2.5986414,"08/30":2.6043994,"08/31":2.6043994,"09/01":2.6032374,"09/02":2.6156116,"09/03":2.5661244,"09/04":2.4832394,"09/05":2.4970992,"09/06":2.4903257,"09/07":2.4903257,"09/08":2.4903257,"09/09":2.4464622,"09/10":2.393431,"09/11":2.2838507,"09/12":2.2228851,"09/13":2.1527393,"09/14":2.1527393,"09/15":2.153248,"09/16":2.029422,"09/17":2.0759153,"09/18":2.070884,"09/19":1.9734554,"09/20":1.9725049,"09/21":1.9725049,"09/22":1.9712294,"09/23":1.9142594,"09/24":1.8527511,"09/25":1.706432,"09/26":1.6000576,"09/27":1.7782264,"09/28":1.7782264,"09/29":1.781559,"09/30":1.6933527,"10/01":1.5884075,"10/02":1.5884075,"10/03":1.723947,"10/04":1.9766545,"10/05":1.9766545,"10/06":1.9922131,"10/07":2.005365,"10/08":1.883898,"10/09":1.7571347,"10/10":1.7948375,"10/11":1.8358283,"10/12":1.8358283,"10/13":1.8488728,"10/14":1.7642062,"10/15":1.7226783,"10/16":1.7043501,"10/17":1.7688841,"10/18":1.8680588,"10/19":1.8680588,"10/20":1.8663182,"10/21":1.8496115,"10/22":1.8186114,"10/23":1.7778124,"10/24":1.7933993,"10/25":1.8814259,"10/26":1.8814259,"10/27":1.8781691,"10/28":1.9479166,"10/29":1.8806131,"10/30":1.8673058,"10/31":1.8321946,"11/01":1.8321946,"11/02":1.8321946,"11/03":1.8279811,"11/04":1.748012,"11/05":1.748012,"11/06":1.7715889,"11/07":1.7749927,"11/08":1.7300951,"11/09":1.7300951,"11/10":1.7331271,"11/11":1.6765699,"11/12":1.7159014,"11/13":1.7776511,"11/14":1.953695,"11/15":1.953695,"11/16":1.953695,"11/17":1.9442985,"11/18":1.8772368,"11/19":1.8619275,"11/20":1.8644669,"11/21":1.9441509,"11/22":1.9646025,"11/23":1.9646025,"11/24":1.9718361,"11/25":1.8837383,"11/26":1.8926477,"11/27":1.8397058,"11/28":1.8515432,"11/29":1.7071054,"11/30":1.7071054,"12/01":1.7026871,"12/02":1.5065291,"12/03":1.4930822,"12/04":1.3457744,"12/05":1.319752,"12/06":1.5021262,"12/07":1.5021262,"12/08":1.498131,"12/09":1.3552133,"12/10":1.3218459,"12/11":1.3748164,"12/12":1.390702,"12/13":1.2874404,"12/14":1.2874404,"12/15":1.2955087,"12/16":1.2967161,"12/17":1.3517439,"12/18":1.320307,"12/19":1.4967105,"12/20":1.552494,"12/21":1.552494,"12/22":1.5397198,"12/23":1.4998065,"12/24":1.5398865,"12/25":1.5398865,"12/26":4.7982607,"12/27":4.79934,"12/28":4.794147,"12/29":4.798432,"12/30":4.800391,"12/31":4.8044524},"2023":{"12/26":11.233997,"12/27":11.288004,"12/28":11.272426,"12/29":11.27354,"12/30":11.424516,"12/31":11.617495},"2024":{"01/01":11.373272,"01/02":11.406415,"01/03":11.423352,"01/04":11.406656,"01/05":11.406656,"01/06":11.509533,"01/07":11.754254,"01/08":11.525297,"01/09":11.459891,"01/10":11.313201,"01/11":11.214561,"01/12":11.214561,"01/13":10.590256,"01/14":10.584283,"01/15":10.353868,"01/16":10.697987,"01/17":10.620324,"01/18":10.703855,"01/19":10.621424,"01/20":10.84382,"01/21":11.186351,"01/22":11.421652,"01/23":11.196576,"01/24":11.273573,"01/25":11.087589,"01/26":11.087589,"01/27":11.389236,"01/28":11.301209,"01/29":10.929636,"01/30":10.885159,"01/31":10.569845,"02/01":9.685266,"02/02":9.388206,"02/03":9.394049,"02/04":9.384313,"02/05":9.60777,"02/06":9.799524,"02/07":9.270826,"02/08":9.199669,"02/09":9.348449,"02/10":9.318276,"02/11":9.320225,"02/12":9.317902,"02/13":9.175537,"02/14":9.3040495,"02/15":8.927703,"02/16":8.961526,"02/17":9.047869,"02/18":9.047869,"02/19":9.047869,"02/20":8.767021,"02/21":8.476872,"02/22":8.480024,"02/23":8.502061,"02/24":8.584288,"02/25":8.523344,"02/26":8.455147,"02/27":8.357195,"02/28":8.206466,"02/29":8.232616,"03/01":8.066492,"03/02":8.066492,"03/03":8.025948,"03/04":7.921763,"03/05":8.041248,"03/06":8.342808,"03/07":8.245793,"03/08":8.245793,"03/09":8.245793,"03/10":8.320826,"03/11":8.26941,"03/12":8.555344,"03/13":8.719316,"03/14":8.729762,"03/15":8.789381,"03/16":8.789381,"03/17":9.023132,"03/18":9.19051,"03/19":9.822939,"03/20":10.046786,"03/21":9.764499,"03/22":9.9295435,