{"0":{"01/01":4.8600006,"01/02":4.8600006,"01/03":4.8600006,"01/04":4.8600006,"01/05":4.8600006,"01/06":4.8600006,"01/07":4.8600006,"01/08":4.8600006,"01/09":4.8600006,"01/10":4.8600006,"01/11":4.8600006,"01/12":4.8600006,"01/13":4.8600006,"01/14":4.8600006,"01/15":4.809694,"01/16":4.792932,"01/17":4.7751374,"01/18":4.7583866,"01/19":4.7416415,"01/20":4.7416415,"01/21":4.7416415,"01/22":4.7416415,"01/23":4.6851788,"01/24":4.6715956,"01/25":4.65697,"01/26":4.65697,"01/27":4.65697,"01/28":4.65697,"01/29":4.601633,"01/30":4.5870266,"01/31":4.573469,"02/01":4.5651255,"02/02":4.548442,"02/03":4.548442,"02/04":4.548442,"02/05":4.498433,"02/06":4.481781,"02/07":4.4672084,"02/08":4.451598,"02/09":4.4359922,"02/10":4.4359922,"02/11":4.4359922,"02/12":4.389203,"02/13":4.373616,"02/14":4.3580337,"02/15":4.341426,"02/16":4.3258533,"02/17":4.3258533,"02/18":4.3258533,"02/19":4.3258533,"02/20":4.2636085,"02/21":4.2480683,"02/22":4.2325234,"02/23":4.2180204,"02/24":4.2180204,"02/25":4.2180204,"02/26":4.1714263,"02/27":4.1559043,"02/28":4.1403866,"02/29":4.125909,"03/01":4.1124706,"03/02":4.1124706,"03/03":4.1124706,"03/04":4.0701075,"03/05":4.0546155,"03/06":4.0380945,"03/07":4.022622,"03/08":4.022622,"03/09":4.022622,"03/10":4.022622,"03/11":3.9586744,"03/12":3.9432254,"03/13":3.9267397,"03/14":3.9112904,"03/15":3.8958457,"03/16":3.8958457,"03/17":3.8958457,"03/18":3.8958457,"03/19":3.8351521,"03/20":3.81973,"03/21":3.8043125,"03/22":3.787871,"03/23":3.787871,"03/24":3.787871,"03/25":3.787871,"03/26":3.724221,"03/27":3.707805,"03/28":3.6924205,"03/29":3.6924205,"03/30":3.6924205,"03/31":3.6401598,"04/01":3.6401598,"04/02":3.6166027,"04/03":3.6002204,"04/04":3.5828285,"04/05":3.5654328,"04/06":3.5654328,"04/07":3.5654328,"04/08":3.5132902,"04/09":3.5132902,"04/10":3.4795833,"04/11":3.4795833,"04/12":3.4448767,"04/13":3.4448767,"04/14":3.4448767,"04/15":3.3928554,"04/16":3.3755233,"04/17":3.3755233,"04/18":3.341906,"04/19":3.3256106,"04/20":3.3256106,"04/21":3.3256106,"04/22":3.2727005,"04/23":3.2554088,"04/24":3.2381325,"04/25":3.2198348,"04/26":3.2025704,"04/27":3.2025704,"04/28":3.2025704,"04/29":3.1497765,"04/30":3.1325355,"05/01":3.1325355,"05/02":3.0980513,"05/03":3.0808277,"05/04":3.0808277,"05/05":3.0808277,"05/06":3.032213,"05/07":3.016015,"05/08":2.9998221,"05/09":2.9826312,"05/10":2.9623992,"05/11":2.9623992,"05/12":2.9623992,"05/13":2.908849,"05/14":2.8916788,"05/15":2.8735132,"05/16":2.856355,"05/17":2.839212,"05/18":2.839212,"05/19":2.839212,"05/20":2.839212,"05/21":2.7666435,"05/22":2.748522,"05/23":2.748522,"05/24":2.712289,"05/25":2.712289,"05/26":2.712289,"05/27":2.658989,"05/28":2.6419115,"05/29":2.6248302,"05/30":2.6077645,"05/31":2.5906947,"06/01":2.5906947,"06/02":2.5906947,"06/03":2.5395286,"06/04":2.522491,"06/05":2.506453,"06/06":2.4894168,"06/07":2.4733987,"06/08":2.4733987,"06/09":2.4733987,"06/10":2.4233513,"06/11":2.4063427,"06/12":2.3893495,"06/13":2.3723521,"06/14":2.356361,"06/15":2.356361,"06/16":2.356361,"06/17":2.356361,"06/18":2.2864704,"06/19":2.2675192,"06/20":2.2495735,"06/21":2.2326226,"06/22":2.2326226,"06/23":2.2326226,"06/24":2.1788313,"06/25":2.1619039,"06/26":2.144982,"06/27":2.1270792,"06/28":2.110169,"06/29":2.110169,"06/30":2.110169,"07/01":2.0545175,"07/02":2.0366464,"07/03":2.0187817,"07/04":2.0009136,"07/05":1.9840544,"07/06":1.9840544,"07/07":1.9840544,"07/08":1.934484,"07/09":1.9176373,"07/10":1.9008058,"07/11":1.8839703,"07/12":1.866159,"07/13":1.866159,"07/14":1.866159,"07/15":1.816703,"07/16":1.816703,"07/17":1.816703,"07/18":1.7663059,"07/19":1.7495148,"07/20":1.7495148,"07/21":1.7495148,"07/22":1.7051108,"07/23":1.6873524,"07/24":1.6705968,"07/25":1.6705968,"07/26":1.6361063,"07/27":1.6361063,"07/28":1.6361063,"07/29":1.5858879,"07/30":1.5691563,"07/31":1.5524396,"08/01":1.535719,"08/02":1.5190134,"08/03":1.5190134,"08/04":1.5190134,"08/05":1.470877,"08/06":1.4541833,"08/07":1.4394603,"08/08":1.4208217,"08/09":1.4031625,"08/10":1.4031625,"08/11":1.4031625,"08/12":1.3512214,"08/13":1.3335958,"08/14":1.3169472,"08/15":1.3169472,"08/16":1.2817166,"08/17":1.2817166,"08/18":1.2817166,"08/19":1.2298998,"08/20":1.2123071,"08/21":1.1947297,"08/22":1.1771492,"08/23":1.159584,"08/24":1.159584,"08/25":1.159584,"08/26":1.1078827,"08/27":1.0913175,"08/28":1.0737729,"08/29":1.0572189,"08/30":1.0396861,"08/31":1.0396861,"09/01":1.0396861,"09/02":0.9861688,"09/03":0.9686699,"09/04":0.9511678,"09/05":0.9511678,"09/06":0.9171636,"09/07":0.9171636,"09/08":0.9171636,"09/09":0.8657191,"09/10":0.84825265,"09/11":0.8317724,"09/12":0.8143177,"09/13":0.7968783,"09/14":0.7968783,"09/15":0.7968783,"09/16":0.74458706,"09/17":0.72716254,"09/18":0.72716254,"09/19":0.6913819,"09/20":0.6730079,"09/21":0.6730079,"09/22":0.6730079,"09/23":0.61987823,"09/24":0.60153955,"09/25":0.58319837,"09/26":0.5658388,"09/27":0.5484853,"09/28":0.5484853,"09/29":0.5484853,"09/30":0.4964422,"10/01":0.47430143,"10/02":0.47430143,"10/03":0.4377276,"10/04":0.4184923,"10/05":0.4184923,"10/06":0.4184923,"10/07":0.3675456,"10/08":0.35026044,"10/09":0.33393338,"10/10":0.31569877,"10/11":0.29938295,"10/12":0.29938295,"10/13":0.29938295,"10/14":0.24856618,"10/15":0.23323159,"10/16":0.21695173,"10/17":0.20066802,"10/18":0.18439873,"10/19":0.18439873,"10/20":0.18439873,"10/21":0.13464677,"10/22":0.11838979,"10/23":0.10214721,"10/24":0.084944196,"10/25":0.067756206,"10/26":0.067756206,"10/27":0.067756206,"10/28":0.016218549,"10/29":0.0,"10/30":0.0,"10/31":0.0,"11/01":0.0,"11/02":0.0,"11/03":0.0,"11/04":0.0,"11/05":0.0,"11/06":0.0,"11/07":0.0,"11/08":0.0,"11/09":0.0,"11/10":0.0,"11/11":0.0,"11/12":0.0,"11/13":0.0,"11/14":0.0,"11/15":0.0,"11/16":0.0,"11/17":0.0,"11/18":0.0,"11/19":0.0,"11/20":0.0,"11/21":0.0,"11/22":0.0,"11/23":0.0,"11/24":0.0,"11/25":0.0,"11/26":0.0,"11/27":0.0,"11/28":0.0,"11/29":0.0,"11/30":0.0,"12/01":0.0,"12/02":0.0,"12/03":0.0,"12/04":0.0,"12/05":0.0,"12/06":0.0,"12/07":0.0,"12/08":0.0,"12/09":0.0,"12/10":0.0,"12/11":0.0,"12/12":0.0,"12/13":0.0,"12/14":0.0,"12/15":0.0,"12/16":0.0,"12/17":0.0,"12/18":0.0,"12/19":0.0,"12/20":0.0,"12/21":0.0,"12/22":0.0,"12/23":0.0,"12/24":0.0,"12/25":0.0,"12/26":2.4300003,"12/27":2.4300003,"12/28":2.4300003,"12/29":2.4300003,"12/30":2.4300003,"12/31":2.4300003},"2023":{"12/26":4.8600006,"12/27":4.8600006,"12/28":4.8600006,"12/29":4.8600006,"12/30":4.8600006,"12/31":4.8600006},"2024":{"01/01":4.8600006,"01/02":4.8600006,"01/03":4.8600006,"01/04":4.8600006,"01/05":4.8600006,"01/06":4.8600006,"01/07":4.8600006,"01/08":4.8600006,"01/09":4.8600006,"01/10":4.8600006,"01/11":4.8600006,"01/12":4.8600006,"01/13":4.8600006,"01/14":4.8600006,"01/15":4.809694,"01/16":4.792932,"01/17":4.7751374,"01/18":4.7583866,"01/19":4.7416415,"01/20":4.7416415,"01/21":4.7416415,"01/22":4.7416415,"01/23":4.6851788,"01/24":4.6715956,"01/25":4.65697,"01/26":4.65697,"01/27":4.65697,"01/28":4.65697,"01/29":4.601633,"01/30":4.5870266,"01/31":4.573469,"02/01":4.5651255,"02/02":4.548442,"02/03":4.548442,"02/04":4.548442,"02/05":4.498433,"02/06":4.481781,"02/07":4.4672084,"02/08":4.451598,"02/09":4.4359922,"02/10":4.4359922,"02/11":4.4359922,"02/12":4.389203,"02/13":4.373616,"02/14":4.3580337,"02/15":4.341426,"02/16":4.3258533,"02/17":4.3258533,"02/18":4.3258533,"02/19":4.3258533,"02/20":4.2636085,"02/21":4.2480683,"02/22":4.2325234,"02/23":4.2180204,"02/24":4.2180204,"02/25":4.2180204,"02/26":4.1714263,"02/27":4.1559043,"02/28":4.1403866,"02/29":4.125909,"03/01":4.1124706,"03/02":4.1124706,"03/03":4.1124706,"03/04":4.0701075,"03/05":4.0546155,"03/06":4.0380945,"03/07":4.022622,"03/08":4.022622,"03/09":4.022622,"03/10":4.022622,"03/11":3.9586744,"03/12":3.9432254,"03/13":3.9267397,"03/14":3.9112904,"03/15":3.8958457,"03/16":3.8958457,"03/17":3.8958457,"03/18":3.8958457,"03/19":3.8351521,"03/20":3.81973,"03/21":3.8043125,"03/22":3.787871,"03/23":3.787871,"03/24":3.787871,"03/25":3.787871,"03/26":3.724221,"03/27":3.707805,"03/28":3.6924205,"03/29":3.6924205,"03/30":3.6924205,"03/31":3.6401598,"04/01":3.6401598,"04/02":3.6166027,"04/03":3.6002204,