{"0":{"01/01":15.81473,"01/02":15.9317875,"01/03":15.776197,"01/04":15.626377,"01/05":15.626377,"01/06":15.454779,"01/07":15.465979,"01/08":16.169939,"01/09":16.252811,"01/10":15.991536,"01/11":15.904773,"01/12":15.904773,"01/13":15.806753,"01/14":15.844324,"01/15":14.569054,"01/16":14.733109,"01/17":15.725111,"01/18":15.69412,"01/19":14.935474,"01/20":14.981026,"01/21":14.927609,"01/22":14.956437,"01/23":15.569228,"01/24":14.86659,"01/25":15.715665,"01/26":15.715665,"01/27":15.6580515,"01/28":15.66525,"01/29":15.160583,"01/30":15.541187,"01/31":14.916813,"02/01":14.745745,"02/02":14.398224,"02/03":14.393745,"02/04":14.450894,"02/05":14.559162,"02/06":14.113113,"02/07":14.197182,"02/08":14.664443,"02/09":14.486597,"02/10":14.459098,"02/11":14.393778,"02/12":14.866719,"02/13":14.402788,"02/14":14.1397,"02/15":13.875107,"02/16":13.798404,"02/17":13.79953,"02/18":13.79953,"02/19":13.79953,"02/20":13.185647,"02/21":13.51787,"02/22":13.088557,"02/23":13.207081,"02/24":13.192537,"02/25":13.187309,"02/26":13.392026,"02/27":13.438972,"02/28":13.936213,"02/29":12.969069,"03/01":13.025261,"03/02":13.025261,"03/03":13.027936,"03/04":12.952612,"03/05":12.971225,"03/06":12.911612,"03/07":12.959493,"03/08":12.959493,"03/09":12.959493,"03/10":12.958181,"03/11":13.39283,"03/12":13.447869,"03/13":13.958794,"03/14":13.775607,"03/15":14.126759,"03/16":14.126759,"03/17":14.146677,"03/18":14.186056,"03/19":14.769202,"03/20":14.735426,"03/21":14.212864,"03/22":14.007162,"03/23":14.007162,"03/24":14.125239,"03/25":14.122997,"03/26":14.352926,"03/27":14.311903,"03/28":13.783203,"03/29":13.783203,"03/30":13.783203,"03/31":13.781587,"04/01":13.781587,"04/02":13.109148,"04/03":13.03116,"04/04":12.92919,"04/05":12.438807,"04/06":12.438807,"04/07":12.398203,"04/08":12.109696,"04/09":12.108651,"04/10":11.853464,"04/11":11.8906975,"04/12":12.539196,"04/13":12.539196,"04/14":12.539196,"04/15":13.183905,"04/16":13.48278,"04/17":13.587975,"04/18":14.04516,"04/19":13.595596,"04/20":13.595596,"04/21":13.704825,"04/22":13.470641,"04/23":13.198492,"04/24":13.138643,"04/25":12.709993,"04/26":12.622258,"04/27":12.622258,"04/28":12.707067,"04/29":12.188855,"04/30":12.0554085,"05/01":12.0554085,"05/02":11.820498,"05/03":12.03849,"05/04":12.03849,"05/05":12.03705,"05/06":12.105117,"05/07":12.285992,"05/08":12.087219,"05/09":12.826607,"05/10":12.538487,"05/11":12.538487,"05/12":12.538487,"05/13":12.386482,"05/14":12.260034,"05/15":12.37196,"05/16":11.856218,"05/17":11.523922,"05/18":11.523922,"05/19":11.588138,"05/20":11.427007,"05/21":11.477509,"05/22":11.250871,"05/23":11.379334,"05/24":10.6994915,"05/25":10.6994915,"05/26":10.74044,"05/27":10.699884,"05/28":10.632892,"05/29":11.102314,"05/30":11.38868,"05/31":11.376965,"06/01":11.376965,"06/02":11.372595,"06/03":9.652297,"06/04":12.542419,"06/05":10.696577,"06/06":10.125903,"06/07":9.097944,"06/08":9.097944,"06/09":9.169692,"06/10":9.190782,"06/11":9.260792,"06/12":9.035265,"06/13":8.894449,"06/14":8.639366,"06/15":8.639366,"06/16":8.702625,"06/17":8.669833,"06/18":8.409664,"06/19":8.20385,"06/20":8.097048,"06/21":8.30097,"06/22":8.30097,"06/23":8.262522,"06/24":7.8480234,"06/25":7.6349044,"06/26":7.6454897,"06/27":7.278553,"06/28":7.1353407,"06/29":7.1353407,"06/30":7.1353407,"07/01":6.5515785,"07/02":6.6632023,"07/03":5.9581375,"07/04":5.637387,"07/05":5.673524,"07/06":5.673524,"07/07":5.673524,"07/08":5.4010935,"07/09":5.111127,"07/10":5.264712,"07/11":5.0842752,"07/12":4.824907,"07/13":4.824907,"07/14":4.830602,"07/15":4.552022,"07/16":4.5498357,"07/17":4.5365367,"07/18":4.185302,"07/19":4.4673796,"07/20":4.4673796,"07/21":4.4981065,"07/22":4.2451687,"07/23":4.3047395,"07/24":4.2887316,"07/25":4.25766,"07/26":3.4522734,"07/27":3.4522734,"07/28":3.4276786,"07/29":3.3898523,"07/30":3.4109678,"07/31":3.2427893,"08/01":3.3149421,"08/02":3.7049625,"08/03":3.7049625,"08/04":3.7125456,"08/05":4.9318676,"08/06":5.081279,"08/07":4.3369317,"08/08":4.3987694,"08/09":4.0246315,"08/10":4.0246315,"08/11":4.036989,"08/12":3.9784226,"08/13":4.6266923,"08/14":4.4896054,"08/15":4.4896054,"08/16":3.5959613,"08/17":3.5959613,"08/18":3.6208146,"08/19":3.6816063,"08/20":3.3442185,"08/21":3.3103948,"08/22":3.178607,"08/23":3.3722675,"08/24":3.3722675,"08/25":3.377143,"08/26":3.117813,"08/27":2.9668968,"08/28":2.945994,"08/29":2.7986841,"08/30":2.624574,"08/31":2.624574,"09/01":2.6213503,"09/02":2.2738864,"09/03":2.1496603,"09/04":2.2593775,"09/05":2.259579,"09/06":2.8976378,"09/07":2.8976378,"09/08":2.8976378,"09/09":2.9234397,"09/10":2.7743852,"09/11":3.0134783,"09/12":2.3601868,"09/13":2.492102,"09/14":2.492102,"09/15":2.4887834,"09/16":2.4397476,"09/17":2.3874454,"09/18":2.3910296,"09/19":2.1556315,"09/20":1.4666958,"09/21":1.4666958,"09/22":1.4633697,"09/23":1.1093168,"09/24":1.2207499,"09/25":1.0656735,"09/26":0.7249296,"09/27":0.9398667,"09/28":0.9398667,"09/29":0.9430503,"09/30":1.4111104,"10/01":1.2153066,"10/02":1.2153066,"10/03":1.9848439,"10/04":2.503558,"10/05":2.503558,"10/06":2.5047443,"10/07":3.1429179,"10/08":2.7509117,"10/09":2.6591356,"10/10":2.300146,"10/11":2.4086626,"10/12":2.4086626,"10/13":2.4088683,"10/14":2.1889038,"10/15":2.2105424,"10/16":2.4243596,"10/17":2.9257858,"10/18":2.8907375,"10/19":2.8907375,"10/20":2.9011836,"10/21":3.138802,"10/22":3.8084493,"10/23":3.8647077,"10/24":3.9144287,"10/25":4.132526,"10/26":4.132526,"10/27":4.1447105,"10/28":3.9985914,"10/29":3.49713,"10/30":3.4578826,"10/31":3.989073,"11/01":3.989073,"11/02":3.989073,"11/03":3.9847667,"11/04":4.0706472,"11/05":3.5320303,"11/06":3.1527226,"11/07":3.4871013,"11/08":3.6673424,"11/09":3.6673424,"11/10":3.6846163,"11/11":3.0858872,"11/12":3.7872777,"11/13":4.5447445,"11/14":4.489522,"11/15":4.489522,"11/16":4.489522,"11/17":4.5186567,"11/18":4.68112,"11/19":4.549693,"11/20":4.5597043,"11/21":4.79279,"11/22":3.8115597,"11/23":3.8115597,"11/24":3.7948656,"11/25":3.176911,"11/26":3.3370762,"11/27":3.2937896,"11/28":3.8008368,"11/29":3.4866173,"11/30":3.4866173,"12/01":3.4866173,"12/02":3.3590484,"12/03":2.92656,"12/04":2.913116,"12/05":2.5842524,"12/06":2.5825949,"12/07":2.5825949,"12/08":2.5825949,"12/09":2.4551716,"12/10":2.4003386,"12/11":2.4011636,"12/12":2.5163245,"12/13":2.2279322,"12/14":2.2279322,"12/15":2.2279322,"12/16":2.2279322,"12/17":2.729818,"12/18":3.097273,"12/19":3.2899547,"12/20":4.24956,"12/21":4.24956,"12/22":4.24956,"12/23":3.7912867,"12/24":3.923986,"12/25":3.923986,"12/26":10.514531,"12/27":10.5196085,"12/28":10.513398,"12/29":10.509673,"12/30":10.548701,"12/31":10.526212},"2023":{"12/26":24.084997,"12/27":24.197998,"12/28":24.179369,"12/29":24.168194,"12/30":24.997995,"12/31":24.528109},"2024":{"01/01":24.88402,"01/02":26.510597,"01/03":25.351929,"01/04":25.052288,"01/05":25.052288,"01/06":22.46867,"01/07":22.661898,"01/08":24.333792,"01/09":24.087666,"01/10":22.532791,"01/11":22.359264,"01/12":22.359264,"01/13":20.159698,"01/14":21.102797,"01/15":19.068031,"01/16":19.85398,"01/17":21.344694,"01/18":21.282713,"01/19":19.765419,"01/20":20.794931,"01/21":19.56664,"01/22":20.261883,"01/23":21.465816,"01/24":19.524815,"01/25":21.222965,"01/26":21.222965,"01/27":19.781183,"01/28":19.985579,"01/29":20.106424,"01/30":21.452112,"01/31":21.532785,"02/01":21.19065,"02/02":20.495607,"02/03":20.406546,"02/04":21.467436,"02/05":21.255526,"02/06":20.193008,"02/07":20.027506,"02/08":20.962029,"02/09":20.606337,"02/10":20.040781,"02/11":18.419556,"02/12":19.514145,"02/13":18.896084,"02/14":17.619213,"02/15":17.090027,"02/16":16.93662,"02/17":16.978342,"02/18":16.978342,"02/19":16.978342,"02/20":16.253035,"02/21":16.153778,"02/22":15.295152,"02/23":15.5322,"02/24":14.6463995,"02/25":14.151619,"02/26":14.561052,"02/27":14.841647,"02/28":13.746649,"02/29":12.969069,"03/01":11.924747,"03/02":11.924747,"03/03":11.680464,"03/04":11.529817,"03/05":13.018059,"03/06":13.580385,"03/07":13.837485,"03/08":13.837485,"03/09":13.837485,"03/10":13.647063,"03/11":14.477593,"03/12":14.817069,"03/13":15.424761,"03/14":15.058388,"03/15":15.76069,"03/16":15.76069,