{"0":{"01/01":5.4130816,"01/02":5.3922215,"01/03":5.350648,"01/04":5.307967,"01/05":5.3343363,"01/06":5.417306,"01/07":5.417306,"01/08":5.42259,"01/09":5.2623,"01/10":5.149499,"01/11":5.099125,"01/12":5.045535,"01/13":4.9664035,"01/14":4.9664035,"01/15":4.974415,"01/16":5.0290794,"01/17":5.051649,"01/18":5.0069866,"01/19":4.9076924,"01/20":5.049316,"01/21":5.049316,"01/22":5.049316,"01/23":5.0530467,"01/24":5.0444784,"01/25":5.0394983,"01/26":5.0394983,"01/27":5.2093754,"01/28":5.2093754,"01/29":5.2173176,"01/30":5.274245,"01/31":5.1370277,"02/01":4.94983,"02/02":4.9339952,"02/03":4.8994007,"02/04":4.8994007,"02/05":4.896235,"02/06":4.9575143,"02/07":4.9282866,"02/08":5.060412,"02/09":5.0815377,"02/10":5.083141,"02/11":5.083141,"02/12":5.087059,"02/13":5.0701923,"02/14":5.066279,"02/15":5.0117087,"02/16":4.946451,"02/17":5.0100603,"02/18":5.0100603,"02/19":5.0100603,"02/20":4.945123,"02/21":4.9960036,"02/22":5.0898495,"02/23":4.9532833,"02/24":5.014313,"02/25":5.014313,"02/26":5.018723,"02/27":5.1233916,"02/28":5.0889516,"02/29":0.20357578,"03/01":5.032816,"03/02":5.0548563,"03/03":5.037653,"03/04":5.042542,"03/05":5.0447245,"03/06":5.007803,"03/07":5.014929,"03/08":5.1660156,"03/09":5.148709,"03/10":5.1125,"03/11":5.1229286,"03/12":5.1187334,"03/13":4.875964,"03/14":4.7536583,"03/15":4.7433696,"03/16":4.697063,"03/17":4.655082,"03/18":4.655082,"03/19":4.645086,"03/20":4.5110765,"03/21":4.581348,"03/22":4.572553,"03/23":4.494387,"03/24":4.3843856,"03/25":4.3843856,"03/26":4.385503,"03/27":4.357295,"03/28":4.409748,"03/29":4.3222485,"03/30":4.3222485,"03/31":4.3894844,"04/01":4.3894844,"04/02":4.3712506,"04/03":4.3751035,"04/04":4.377965,"04/05":4.2143707,"04/06":3.9947324,"04/07":3.9947324,"04/08":3.984826,"04/09":3.984826,"04/10":3.958982,"04/11":3.9641507,"04/12":3.957435,"04/13":3.989482,"04/14":3.989482,"04/15":3.989482,"04/16":3.989482,"04/17":3.9936204,"04/18":3.9047914,"04/19":3.908917,"04/20":3.8764503,"04/21":3.7582517,"04/22":3.7582517,"04/23":3.7582517,"04/24":3.596699,"04/25":3.5600235,"04/26":3.5681705,"04/27":3.5188231,"04/28":3.5584946,"04/29":3.5584946,"04/30":3.5584946,"05/01":3.5584946,"05/02":3.511709,"05/03":3.189499,"05/04":3.1624067,"05/05":3.1624067,"05/06":3.1624067,"05/07":3.1624067,"05/08":3.2301939,"05/09":3.2161205,"05/10":3.1849847,"05/11":3.138849,"05/12":3.0238566,"05/13":3.0238566,"05/14":3.0238566,"05/15":3.0078998,"05/16":2.8775942,"05/17":2.8547845,"05/18":2.884044,"05/19":2.9511225,"05/20":2.9511225,"05/21":2.9511225,"05/22":2.8567655,"05/23":2.9357073,"05/24":2.8602357,"05/25":2.8602357,"05/26":2.8860316,"05/27":2.8860316,"05/28":2.8860316,"05/29":2.9312315,"05/30":2.9063861,"05/31":2.8156526,"06/01":2.8017974,"06/02":2.8116927,"06/03":2.8116927,"06/04":2.8116927,"06/05":2.8280323,"06/06":2.759781,"06/07":2.7400331,"06/08":2.884044,"06/09":2.9680424,"06/10":2.9680424,"06/11":2.9680424,"06/12":2.8691642,"06/13":2.8285234,"06/14":2.8394206,"06/15":2.915823,"06/16":2.9665515,"06/17":2.9665515,"06/18":2.9665515,"06/19":2.9784985,"06/20":2.979496,"06/21":2.9964337,"06/22":3.0827925,"06/23":3.0642984,"06/24":3.0642984,"06/25":3.0642984,"06/26":3.0069013,"06/27":2.9929457,"06/28":2.964558,"06/29":2.964558,"06/30":3.1448607,"07/01":3.1448607,"07/02":3.1448607,"07/03":3.1283295,"07/04":3.1353421,"07/05":3.08779,"07/06":3.2186317,"07/07":3.2186317,"07/08":3.2186317,"07/09":3.2186317,"07/10":3.2186317,"07/11":2.980992,"07/12":3.0373335,"07/13":2.8785877,"07/14":2.915823,"07/15":2.915823,"07/16":2.915823,"07/17":2.8092196,"07/18":2.730165,"07/19":2.7434883,"07/20":2.7474382,"07/21":2.7652173,"07/22":2.7652173,"07/23":2.7652173,"07/24":2.7074776,"07/25":2.7834985,"07/26":2.7444768,"07/27":2.7924013,"07/28":2.9426692,"07/29":2.9426692,"07/30":2.9426692,"07/31":2.9561,"08/01":2.8880148,"08/02":2.8929803,"08/03":3.0093975,"08/04":3.0074005,"08/05":3.0074005,"08/06":3.0074005,"08/07":2.9675486,"08/08":2.8875177,"08/09":2.8721395,"08/10":2.8102107,"08/11":2.904894,"08/12":2.904894,"08/13":2.904894,"08/14":2.8909922,"08/15":2.8909922,"08/16":2.8909922,"08/17":3.031841,"08/18":2.9108577,"08/19":2.9108577,"08/20":2.9108577,"08/21":2.8790846,"08/22":2.8488383,"08/23":2.742994,"08/24":2.694666,"08/25":2.722271,"08/26":2.722271,"08/27":2.722271,"08/28":2.6193922,"08/29":2.6002364,"08/30":2.587968,"08/31":2.542862,"09/01":2.5443335,"09/02":2.5443335,"09/03":2.5443335,"09/04":2.6066186,"09/05":2.6012197,"09/06":2.6154616,"09/07":2.4953892,"09/08":2.5311058,"09/09":2.5311058,"09/10":2.5311058,"09/11":2.5830595,"09/12":2.6174245,"09/13":2.5340478,"09/14":2.325773,"09/15":2.4655755,"09/16":2.4655755,"09/17":2.4655755,"09/18":2.451419,"09/19":2.451419,"09/20":2.401184,"09/21":2.3744013,"09/22":2.3778086,"09/23":2.3778086,"09/24":2.3778086,"09/25":2.347646,"09/26":2.3622382,"09/27":2.3992374,"09/28":2.633644,"09/29":2.633644,"09/30":2.633644,"10/01":2.633644,"10/02":2.633644,"10/03":2.557563,"10/04":2.6154616,"10/05":2.555109,"10/06":2.882061,"10/07":2.882061,"10/08":2.882061,"10/09":2.9660532,"10/10":2.9039042,"10/11":2.759781,"10/12":2.724242,"10/13":2.7993255,"10/14":2.7993255,"10/15":2.7993255,"10/16":2.8037744,"10/17":2.7755935,"10/18":2.8260489,"10/19":2.8567655,"10/20":2.8607323,"10/21":4.1124883,"10/22":4.1124883,"10/23":4.1122727,"10/24":4.1122727,"10/25":4.1130347,"10/26":4.1126866,"10/27":4.113192,"10/28":4.10963,"10/29":4.10963,"10/30":4.1097074,"10/31":4.0942583,"11/01":4.088276,"11/02":4.08451,"11/03":4.080141,"11/04":4.075863,"11/05":4.075863,"11/06":4.0768485,"11/07":4.085876,"11/08":4.0867753,"11/09":4.0528684,"11/10":4.0237393,"11/11":3.9533002,"11/12":3.9533002,"11/13":3.9542665,"11/14":3.9368515,"11/15":3.8960617,"11/16":3.834102,"11/17":3.8326702,"11/18":3.8497112,"11/19":3.8497112,"11/20":3.8481016,"11/21":3.8446338,"11/22":3.7768173,"11/23":3.776951,"11/24":3.6507237,"11/25":3.6994789,"11/26":3.6994789,"11/27":3.6994789,"11/28":3.6363566,"11/29":3.6245213,"11/30":3.6178074,"12/01":3.516372,"12/02":3.525055,"12/03":3.525055,"12/04":3.5259342,"12/05":3.5055904,"12/06":3.552739,"12/07":3.6113808,"12/08":3.6011314,"12/09":3.6951857,"12/10":3.6951857,"12/11":3.6956158,"12/12":3.6407547,"12/13":3.5690596,"12/14":3.4794645,"12/15":3.567538,"12/16":3.6151798,"12/17":3.6151798,"12/18":3.6169376,"12/19":3.606206,"12/20":3.6349869,"12/21":3.5608466,"12/22":3.5997536,"12/23":3.6269624,"12/24":3.6269624,"12/25":3.6269624,"12/26":3.6323318,"12/27":3.6033556,"12/28":3.588704,"12/29":3.59249,"12/30":3.6112268,"12/31":3.6112268},"2022":{"10/21":6.616001,"10/22":6.616001,"10/23":6.5309997,"10/24":6.5309997,"10/25":6.780997,"10/26":6.6819954,"10/27":6.821003,"10/28":6.810317,"10/29":6.810317,"10/30":6.8293123,"10/31":6.8323154,"11/01":6.8301535,"11/02":6.9931226,"11/03":7.0870566,"11/04":7.074223,"11/05":7.074223,"11/06":7.2270527,"11/07":7.4074893,"11/08":7.5163884,"11/09":7.5051126,"11/10":7.22108,"11/11":7.009763,"11/12":7.009763,"11/13":7.145134,"11/14":7.0928884,"11/15":7.3881564,"11/16":7.221575,"11/17":7.325222,"11/18":7.376344,"11/19":7.376344,"11/20":7.2056603,"11/21":7.164335,"11/22":7.0159435,"11/23":7.0317917,"11/24":6.476195,"11/25":6.6224604,"11/26":6.6224604,"11/27":6.6224604,"11/28":6.4311543,"11/29":6.4604974,"11/30":6.3144603,"12/01":5.9218516,"12/02":5.9478993,"12/03":5.9478993,"12/04":6.1337705,"12/05":6.167496,"12/06":6.4815803,"12/07":6.6834955,"12/08":6.5506353,"12/09":6.8327985,"12/10":6.8327985,"12/11":6.8851643,"12/12":6.76007,"12/13":6.6497955,"12/14":6.8610306,"12/15":7.414732,"12/16":7.5576577,"12/17":7.5576577,"12/18":7.686778,"12/19":7.6706266,"12/20":7.7881064,"12/21":7.4986725,"12/22":7.5199,"12/23":7.6015253,"12/24":7.6015253,"12/25":7.6015253,"12/26":7.59681,"12/27":7.509881,"12/28":7.452671,"12/29":7.634195,"12/30":7.690406,"12/31":7.690406},"2023":{"01/01":7.5051446,"01/02":7.398985,"01/03":7.269351,"01/04":7.1868315,"01/05":7.23957,"01/06":7.4055095,"01/07":7.4055095,"01/08":7.673589,"01/09":7.454893,"01/10":7.377053,"01/11":7.3786364,"01/12":7.2714562,"01/13":7.113193,"01/14":7.113193,