{"0":{"10/01":-0.5370045,"10/02":-0.5370045,"10/03":-0.5370045,"10/04":-0.5370045,"10/05":-0.5370045,"10/06":-0.53401643,"10/07":-0.5230778,"10/08":-0.5350125,"10/09":-0.5389964,"10/10":-0.551923,"10/11":-0.551923,"10/12":-0.551923,"10/13":-0.58671224,"10/14":-0.5996264,"10/15":-0.61253726,"10/16":-0.62247145,"10/17":-0.7870201,"10/18":-0.7870201,"10/19":-0.7870201,"10/20":-0.73454595,"10/21":-0.73454595,"10/22":-0.73454595,"10/23":-0.63438237,"10/24":-0.52904546,"10/25":-0.52904546,"10/26":-0.52904546,"10/27":-0.9737085,"10/28":-0.96581924,"10/29":-1.0397259,"10/30":-0.87403667,"10/31":-0.56385076,"11/01":-0.56385076,"11/02":-0.56385076,"11/03":-0.54396635,"11/04":-0.42448327,"11/05":-0.42448327,"11/06":-0.17363809,"11/07":-0.051251587,"11/08":-0.051251587,"11/09":-0.051251587,"11/10":-0.12452054,"11/11":-0.30771458,"11/12":-0.48824394,"11/13":-0.48027712,"11/14":-0.48027712,"11/15":-0.48027712,"11/16":-0.48027712,"11/17":-0.79691947,"11/18":-0.6681206,"11/19":-0.90761244,"11/20":-1.1125284,"11/21":-0.6899413,"11/22":-0.6899413,"11/23":-0.6899413,"11/24":-0.29971883,"11/25":-0.24272043,"11/26":-1.0977776,"11/27":-1.005253,"11/28":-1.0997472,"11/29":-1.0997472,"11/30":-1.0997472,"12/01":-0.93524706,"12/02":-0.5847222,"12/03":-0.25973046,"12/04":-0.25973046,"12/05":-0.7781099,"12/06":-0.7781099,"12/07":-0.7781099,"12/08":0.12179406,"12/09":0.22369415,"12/10":0.6170766,"12/11":0.25804105,"12/12":-0.30871513,"12/13":-0.30871513,"12/14":-0.30871513,"12/15":-0.32369268,"12/16":0.084524535,"12/17":0.33187258,"12/18":0.28533304,"12/19":-0.31870067,"12/20":-0.31870067,"12/21":-0.31870067,"12/22":-0.9579287,"12/23":-0.93129486,"12/24":-0.83252764,"12/25":-0.83252764,"12/26":-0.57180417,"12/27":-0.57180417,"12/28":-0.57180417,"12/29":-0.3166999,"12/30":-0.1315403,"12/31":-0.1315403},"2025":{"10/01":-0.5370045,"10/02":-0.5370045,"10/03":-0.5370045,"10/04":-0.5370045,"10/05":-0.5370045,"10/06":-0.53401643,"10/07":-0.5230778,"10/08":-0.5350125,"10/09":-0.5389964,"10/10":-0.551923,"10/11":-0.551923,"10/12":-0.551923,"10/13":-0.58671224,"10/14":-0.5996264,"10/15":-0.61253726,"10/16":-0.62247145,"10/17":-0.7870201,"10/18":-0.7870201,"10/19":-0.7870201,"10/20":-0.73454595,"10/21":-0.73454595,"10/22":-0.73454595,"10/23":-0.63438237,"10/24":-0.52904546,"10/25":-0.52904546,"10/26":-0.52904546,"10/27":-0.9737085,"10/28":-0.96581924,"10/29":-1.0397259,"10/30":-0.87403667,"10/31":-0.56385076,"11/01":-0.56385076,"11/02":-0.56385076,"11/03":-0.54396635,"11/04":-0.42448327,"11/05":-0.42448327,"11/06":-0.17363809,"11/07":-0.051251587,"11/08":-0.051251587,"11/09":-0.051251587,"11/10":-0.12452054,"11/11":-0.30771458,"11/12":-0.48824394,"11/13":-0.48027712,"11/14":-0.48027712,"11/15":-0.48027712,"11/16":-0.48027712,"11/17":-0.79691947,"11/18":-0.6681206,"11/19":-0.90761244,"11/20":-1.1125284,"11/21":-0.6899413,"11/22":-0.6899413,"11/23":-0.6899413,"11/24":-0.29971883,"11/25":-0.24272043,"11/26":-1.0977776,"11/27":-1.005253,"11/28":-1.0997472,"11/29":-1.0997472,"11/30":-1.0997472,"12/01":-0.93524706,"12/02":-0.5847222,"12/03":-0.25973046,"12/04":-0.25973046,"12/05":-0.7781099,"12/06":-0.7781099,"12/07":-0.7781099,"12/08":0.12179406,"12/09":0.22369415,"12/10":0.6170766,"12/11":0.25804105,"12/12":-0.30871513,"12/13":-0.30871513,"12/14":-0.30871513,"12/15":-0.32369268,"12/16":0.084524535,"12/17":0.33187258,"12/18":0.28533304,"12/19":-0.31870067,"12/20":-0.31870067,"12/21":-0.31870067,"12/22":-0.9579287,"12/23":-0.93129486,"12/24":-0.83252764,"12/25":-0.83252764,"12/26":-0.57180417,"12/27":-0.57180417,"12/28":-0.57180417,"12/29":-0.3166999,"12/30":-0.1315403,"12/31":-0.1315403}}