{"0":{"01/01":5.53024,"01/02":5.5133667,"01/03":5.4943976,"01/04":5.478591,"01/05":5.478591,"01/06":5.478591,"01/07":5.478591,"01/08":5.3670316,"01/09":5.334446,"01/10":5.241022,"01/11":5.1477637,"01/12":5.1477637,"01/13":5.1477637,"01/14":5.1477637,"01/15":4.8210793,"01/16":4.788841,"01/17":4.8450184,"01/18":4.924187,"01/19":4.8460608,"01/20":4.8460608,"01/21":4.8460608,"01/22":4.8460608,"01/23":4.6818423,"01/24":4.614433,"01/25":4.43958,"01/26":4.43958,"01/27":4.43958,"01/28":4.43958,"01/29":4.215922,"01/30":4.149121,"01/31":3.9870765,"02/01":3.1551592,"02/02":2.8757856,"02/03":2.8757856,"02/04":2.8757856,"02/05":2.9319391,"02/06":2.8677673,"02/07":2.697709,"02/08":2.6308324,"02/09":2.7706625,"02/10":2.7706625,"02/11":2.7706625,"02/12":2.6807294,"02/13":2.7196872,"02/14":2.7746687,"02/15":2.4208043,"02/16":2.452607,"02/17":2.452607,"02/18":2.452607,"02/19":2.452607,"02/20":2.2660825,"02/21":2.1305788,"02/22":2.133546,"02/23":2.1542938,"02/24":2.1542938,"02/25":2.1542938,"02/26":2.0900993,"02/27":2.133546,"02/28":2.075296,"02/29":2.0999644,"03/01":1.9432533,"03/02":1.9432533,"03/03":1.9432533,"03/04":1.8449347,"03/05":1.7703427,"03/06":1.7575955,"03/07":1.5833565,"03/08":1.5833565,"03/09":1.5833565,"03/10":1.5833565,"03/11":1.3775896,"03/12":1.4555107,"03/13":1.5189095,"03/14":1.5286644,"03/15":1.5843351,"03/16":1.5843351,"03/17":1.5843351,"03/18":1.5843351,"03/19":1.8380597,"03/20":1.8685173,"03/21":1.6312605,"03/22":1.7840754,"03/23":1.7840754,"03/24":1.7840754,"03/25":1.7840754,"03/26":1.8272619,"03/27":1.621486,"03/28":1.1784785,"03/29":1.1784785,"03/30":1.1784785,"03/31":1.1387408,"04/01":1.1387408,"04/02":1.5941119,"04/03":1.607797,"04/04":1.5579591,"04/05":1.6958598,"04/06":1.6958598,"04/07":1.6958598,"04/08":1.9403064,"04/09":1.9403064,"04/10":1.7076105,"04/11":1.7076105,"04/12":2.17505,"04/13":2.17505,"04/14":2.17505,"04/15":2.0289466,"04/16":2.1216874,"04/17":2.1216874,"04/18":2.0624723,"04/19":2.3235486,"04/20":2.3235486,"04/21":2.3235486,"04/22":2.0841794,"04/23":1.9137359,"04/24":2.0309117,"04/25":2.074308,"04/26":2.09602,"04/27":2.09602,"04/28":2.09602,"04/29":1.9698298,"04/30":2.014161,"05/01":2.014161,"05/02":1.8036985,"05/03":1.5941119,"05/04":1.5941119,"05/05":1.5941119,"05/06":1.1736251,"05/07":1.2842493,"05/08":1.3153405,"05/09":1.2444378,"05/10":1.086464,"05/11":1.086464,"05/12":1.086464,"05/13":0.946354,"05/14":0.78834504,"05/15":0.6183667,"05/16":0.4805077,"05/17":0.60015744,"05/18":0.60015744,"05/19":0.60015744,"05/20":0.60015744,"05/21":0.4203114,"05/22":0.12610286,"05/23":0.12610286,"05/24":0.0,"05/25":0.0,"05/26":0.0,"05/27":0.0,"05/28":0.0,"05/29":0.0,"05/30":0.0,"05/31":0.0,"06/01":0.0,"06/02":0.0,"06/03":0.0,"06/04":0.0,"06/05":0.0,"06/06":0.0,"06/07":0.0,"06/08":0.0,"06/09":0.0,"06/10":0.0,"06/11":0.0,"06/12":0.0,"06/13":0.0,"06/14":0.0,"06/15":0.0,"06/16":0.0,"06/17":0.0,"06/18":0.0,"06/19":0.0,"06/20":0.0,"06/21":0.0,"06/22":0.0,"06/23":0.0,"06/24":0.0,"06/25":0.0,"06/26":0.0,"06/27":0.0,"06/28":0.0,"06/29":0.0,"06/30":0.0,"07/01":0.0,"07/02":0.0,"07/03":0.0,"07/04":0.0,"07/05":0.0,"07/06":0.0,"07/07":0.0,"07/08":0.0,"07/09":0.0,"07/10":0.0,"07/11":0.0,"07/12":0.0,"07/13":0.0,"07/14":0.0,"07/15":0.0,"07/16":0.0,"07/17":0.0,"07/18":0.0,"07/19":0.0,"07/20":0.0,"07/21":0.0,"07/22":0.0,"07/23":0.0,"07/24":0.0,"07/25":0.0,"07/26":0.0,"07/27":0.0,"07/28":0.0,"07/29":0.0,"07/30":0.0,"07/31":0.0,"08/01":0.0,"08/02":0.0,"08/03":0.0,"08/04":0.0,"08/05":0.0,"08/06":0.0,"08/07":0.0,"08/08":0.0,"08/09":0.0,"08/10":0.0,"08/11":0.0,"08/12":0.0,"08/13":0.0,"08/14":0.0,"08/15":0.0,"08/16":0.0,"08/17":0.0,"08/18":0.0,"08/19":0.0,"08/20":0.0,"08/21":0.0,"08/22":0.0,"08/23":0.0,"08/24":0.0,"08/25":0.0,"08/26":0.0,"08/27":0.0,"08/28":0.0,"08/29":0.0,"08/30":0.0,"08/31":0.0,"09/01":0.0,"09/02":0.0,"09/03":0.0,"09/04":0.0,"09/05":0.0,"09/06":0.0,"09/07":0.0,"09/08":0.0,"09/09":0.0,"09/10":0.0,"09/11":0.0,"09/12":0.0,"09/13":0.0,"09/14":0.0,"09/15":0.0,"09/16":0.0,"09/17":0.0,"09/18":0.0,"09/19":0.0,"09/20":0.0,"09/21":0.0,"09/22":0.0,"09/23":0.0,"09/24":0.0,"09/25":0.0,"09/26":0.0,"09/27":0.0,"09/28":0.0,"09/29":0.0,"09/30":0.0,"10/01":0.0,"10/02":0.0,"10/03":0.0,"10/04":0.0,"10/05":0.0,"10/06":0.0,"10/07":0.0,"10/08":0.0,"10/09":0.0,"10/10":0.0,"10/11":0.0,"10/12":0.0,"10/13":0.0,"10/14":0.0,"10/15":0.0,"10/16":0.0,"10/17":0.0,"10/18":0.0,"10/19":0.0,"10/20":0.0,"10/21":0.0,"10/22":0.0,"10/23":0.0,"10/24":0.0,"10/25":0.0,"10/26":0.0,"10/27":0.0,"10/28":0.0,"10/29":0.0,"10/30":0.0,"10/31":0.0,"11/01":0.0,"11/02":0.0,"11/03":0.0,"11/04":0.0,"11/05":0.0,"11/06":0.0,"11/07":0.0,"11/08":0.0,"11/09":0.0,"11/10":0.0,"11/11":0.0,"11/12":0.0,"11/13":0.0,"11/14":0.0,"11/15":0.0,"11/16":0.0,"11/17":0.0,"11/18":0.0,"11/19":0.0,"11/20":0.0,"11/21":0.0,"11/22":0.0,"11/23":0.0,"11/24":0.0,"11/25":0.0,"11/26":0.0,"11/27":0.0,"11/28":0.0,"11/29":0.0,"11/30":0.0,"12/01":0.0,"12/02":0.0,"12/03":0.0,"12/04":0.0,"12/05":0.0,"12/06":0.0,"12/07":0.0,"12/08":0.0,"12/09":0.0,"12/10":0.0,"12/11":0.0,"12/12":0.0,"12/13":0.0,"12/14":0.0,"12/15":0.0,"12/16":0.0,"12/17":0.0,"12/18":0.0,"12/19":0.0,"12/20":0.0,"12/21":0.0,"12/22":0.0,"12/23":0.0,"12/24":0.0,"12/25":0.0,"12/26":2.8009987,"12/27":2.8009987,"12/28":2.7936077,"12/29":2.7941363,"12/30":2.7941363,"12/31":2.7941363},"2023":{"12/26":5.6019974,"12/27":5.6019974,"12/28":5.5872154,"12/29":5.5882726,"12/30":5.5882726,"12/31":5.5882726},"2024":{"01/01":5.53024,"01/02":5.5133667,"01/03":5.4943976,"01/04":5.478591,"01/05":5.478591,"01/06":5.478591,"01/07":5.478591,"01/08":5.3670316,"01/09":5.334446,"01/10":5.241022,"01/11":5.1477637,"01/12":5.1477637,"01/13":5.1477637,"01/14":5.1477637,"01/15":4.8210793,"01/16":4.788841,"01/17":4.8450184,"01/18":4.924187,"01/19":4.8460608,"01/20":4.8460608,"01/21":4.8460608,"01/22":4.8460608,"01/23":4.6818423,"01/24":4.614433,"01/25":4.43958,"01/26":4.43958,"01/27":4.43958,"01/28":4.43958,"01/29":4.215922,"01/30":4.149121,"01/31":3.9870765,"02/01":3.1551592,"02/02":2.8757856,"02/03":2.8757856,"02/04":2.8757856,"02/05":2.9319391,"02/06":2.8677673,"02/07":2.697709,"02/08":2.6308324,"02/09":2.7706625,"02/10":2.7706625,"02/11":2.7706625,"02/12":2.6807294,"02/13":2.7196872,"02/14":2.7746687,"02/15":2.4208043,"02/16":2.452607,"02/17":2.452607,"02/18":2.452607,"02/19":2.452607,"02/20":2.2660825,"02/21":2.1305788,"02/22":2.133546,"02/23":2.1542938,"02/24":2.1542938,"02/25":2.1542938,"02/26":2.0900993,"02/27":2.133546,"02/28":2.075296,"02/29":2.0999644,"03/01":1.9432533,"03/02":1.9432533,"03/03":1.9432533,"03/04":1.8449347,"03/05":1.7703427,"03/06":1.7575955,"03/07":1.5833565,"03/08":1.5833565,"03/09":1.5833565,"03/10":1.5833565,"03/11":1.3775896,"03/12":1.4555107,"03/13":1.5189095,"03/14":1.5286644,"03/15":1.5843351,"03/16":1.5843351,"03/17":1.5843351,"03/18":1.5843351,"03/19":1.8380597,"03/20":1.8685173,"03/21":1.6312605,"03/22":1.7840754,"03/23":1.7840754,"03/24":1.7840754,"03/25":1.7840754,"03/26":1.8272619,"03/27":1.621486,"03/28":1.1784785,"03/29":1.1784785,"03/30":1.1784785,"03/31":1.1387408,"04/01":1.1387408,"04/02":1.5941119,"04/03":1.607797,"04/04":1.5579591,"04/05":1.6958598,"04/06":1.6958598,"04/07":1.6958598,"04/08":1.9403064,"04/09":1.9403064,"04/10":1.7076105,"04/11":1.7076105,"04/12":2.17505,"04/13":2.17505,"04/14":2.17505,"04/15":2.0289466,"04/16":2.1216874,"04/17":2.1216874,"04/18":2.0624723,"04/19":2.3235486,"04/20":2.3235486,"04/21":2.3235486,"04/22":2.0841794,"04/23":1.9137359,"04/24":2.0309117,"04/25":2.074308,"04/26":2.09602,"04/27":2.09602,"04/28":2.09602,"04/29":1.9698298,"04/30":2.014161,"05/01":2.014161,"05/02":1.8036985,"05/03":1.5941119,"05/04":1.5941119,"05/05":1.5941119,"05/06":1.1736251,"05/07":1.2842493,"05/08":1.3153405,"05/09":1.2444378,"05/10":1.086464,"05/11":1.086464,"05/12":1.086464,"05/13":0.946354,"05/14":0.78834504,"05/15":0.6183667,"05/16":0.4805077,"05/17":0.60015744,"05/18":0.60015744,"05/19":0.60015744,"05/20":0.60015744,"05/21":0.4203114,"05/22":0.12610286,"05/23":0.12610286,"05/24":0.0,"05/25":0.0,"05/26":0.0,"05/27":0.0,"05/28":0.0,