{"0":{"01/01":26.227064,"01/02":25.114199,"01/03":24.531445,"01/04":27.057545,"01/05":27.156593,"01/06":27.969597,"01/07":27.969597,"01/08":27.100752,"01/09":25.82325,"01/10":27.208208,"01/11":27.964317,"01/12":28.020735,"01/13":27.328278,"01/14":27.328278,"01/15":29.310575,"01/16":29.131145,"01/17":25.9232,"01/18":24.768654,"01/19":26.330044,"01/20":27.017834,"01/21":27.017834,"01/22":27.017834,"01/23":24.239342,"01/24":26.21338,"01/25":27.75534,"01/26":27.75534,"01/27":29.56941,"01/28":29.56941,"01/29":31.978657,"01/30":30.667366,"01/31":31.610165,"02/01":32.36406,"02/02":32.972065,"02/03":31.543732,"02/04":31.543732,"02/05":31.49333,"02/06":32.734585,"02/07":33.503296,"02/08":31.844719,"02/09":31.849695,"02/10":31.96649,"02/11":31.96649,"02/12":30.675117,"02/13":32.062458,"02/14":32.071148,"02/15":32.210888,"02/16":32.75405,"02/17":33.47519,"02/18":33.47519,"02/19":33.47519,"02/20":34.735806,"02/21":34.160057,"02/22":37.364483,"02/23":37.774715,"02/24":38.1551,"02/25":38.1551,"02/26":37.814754,"02/27":38.566647,"02/28":37.627384,"03/01":38.85373,"03/02":39.67598,"03/03":37.729412,"03/04":38.379963,"03/05":38.29243,"03/06":37.796654,"03/07":37.844128,"03/08":37.307808,"03/09":38.39976,"03/10":39.72876,"03/11":38.92185,"03/12":38.304394,"03/13":37.702873,"03/14":39.431416,"03/15":38.972916,"03/16":38.809002,"03/17":37.84898,"03/18":37.84898,"03/19":36.527897,"03/20":37.80537,"03/21":39.00933,"03/22":39.741875,"03/23":39.937477,"03/24":41.0224,"03/25":41.0224,"03/26":40.97916,"03/27":40.88342,"03/28":40.99948,"03/29":39.830273,"03/30":39.830273,"03/31":37.869034,"04/01":37.869034,"04/02":37.869034,"04/03":37.562916,"04/04":37.562916,"04/05":36.655422,"04/06":36.24613,"04/07":36.24613,"04/08":36.24613,"04/09":36.24613,"04/10":35.972836,"04/11":35.313076,"04/12":34.786934,"04/13":34.594826,"04/14":34.594826,"04/15":34.594826,"04/16":34.594826,"04/17":35.43888,"04/18":35.70735,"04/19":36.107998,"04/20":35.94719,"04/21":36.200058,"04/22":36.200058,"04/23":36.200058,"04/24":35.40406,"04/25":35.142128,"04/26":34.728577,"04/27":34.00077,"04/28":32.821808,"04/29":32.821808,"04/30":32.821808,"05/01":32.821808,"05/02":32.233047,"05/03":32.474842,"05/04":31.506618,"05/05":31.506618,"05/06":31.506618,"05/07":31.506618,"05/08":31.586237,"05/09":31.571064,"05/10":31.145128,"05/11":31.458635,"05/12":31.34893,"05/13":31.34893,"05/14":31.34893,"05/15":30.321321,"05/16":30.769377,"05/17":31.343885,"05/18":32.148827,"05/19":31.673544,"05/20":31.673544,"05/21":31.673544,"05/22":31.040958,"05/23":30.929434,"05/24":31.437191,"05/25":31.437191,"05/26":29.656174,"05/27":29.656174,"05/28":29.656174,"05/29":28.741879,"05/30":28.543673,"05/31":29.067106,"06/01":29.430677,"06/02":28.82061,"06/03":28.82061,"06/04":28.82061,"06/05":28.325615,"06/06":28.213875,"06/07":27.391989,"06/08":28.102316,"06/09":28.391806,"06/10":28.391806,"06/11":28.391806,"06/12":28.145477,"06/13":27.313808,"06/14":26.996166,"06/15":27.509436,"06/16":26.540804,"06/17":26.540804,"06/18":26.540804,"06/19":27.143581,"06/20":26.749298,"06/21":26.73991,"06/22":27.298424,"06/23":27.9467,"06/24":27.9467,"06/25":27.9467,"06/26":27.755697,"06/27":26.91377,"06/28":26.031815,"06/29":26.031815,"06/30":24.628872,"07/01":24.628872,"07/02":24.628872,"07/03":23.807375,"07/04":23.829767,"07/05":23.789463,"07/06":22.868603,"07/07":22.868603,"07/08":22.868603,"07/09":22.868603,"07/10":22.868603,"07/11":23.206917,"07/12":23.51365,"07/13":23.639679,"07/14":22.835533,"07/15":22.835533,"07/16":22.835533,"07/17":21.998287,"07/18":21.853891,"07/19":21.17024,"07/20":20.354408,"07/21":21.578,"07/22":21.578,"07/23":21.578,"07/24":21.782368,"07/25":21.534828,"07/26":20.934795,"07/27":21.224943,"07/28":20.774788,"07/29":20.774788,"07/30":20.774788,"07/31":20.091566,"08/01":20.422152,"08/02":21.601755,"08/03":22.377739,"08/04":21.633072,"08/05":21.633072,"08/06":21.633072,"08/07":21.07167,"08/08":21.165945,"08/09":20.78012,"08/10":21.183107,"08/11":21.875582,"08/12":21.875582,"08/13":21.875582,"08/14":22.02982,"08/15":22.02982,"08/16":22.02982,"08/17":22.143026,"08/18":22.422598,"08/19":17.1348,"08/20":17.1348,"08/21":17.100561,"08/22":17.097809,"08/23":17.086079,"08/24":16.881058,"08/25":16.942175,"08/26":17.06002,"08/27":17.06002,"08/28":17.037296,"08/29":16.921972,"08/30":17.564064,"08/31":17.584568,"09/01":16.436102,"09/02":16.887,"09/03":16.887,"09/04":16.86084,"09/05":16.849632,"09/06":16.624086,"09/07":16.616325,"09/08":16.636658,"09/09":16.425747,"09/10":16.425747,"09/11":16.415617,"09/12":16.37171,"09/13":16.249033,"09/14":16.240288,"09/15":16.232763,"09/16":16.42447,"09/17":16.42447,"09/18":16.42553,"09/19":16.306015,"09/20":15.927947,"09/21":16.21167,"09/22":16.346771,"09/23":17.148968,"09/24":17.148968,"09/25":17.15049,"09/26":18.061958,"09/27":18.01551,"09/28":18.407051,"09/29":18.366356,"09/30":17.479328,"10/01":17.479328,"10/02":17.479328,"10/03":18.126411,"10/04":16.979847,"10/05":16.970997,"10/06":16.817814,"10/07":16.905807,"10/08":16.905807,"10/09":16.928076,"10/10":17.235624,"10/11":18.16378,"10/12":17.618954,"10/13":17.993023,"10/14":17.608059,"10/15":17.608059,"10/16":17.608582,"10/17":17.29603,"10/18":16.612955,"10/19":16.590534,"10/20":16.440588,"10/21":16.661266,"10/22":16.661266,"10/23":16.714924,"10/24":16.714924,"10/25":16.396873,"10/26":16.473408,"10/27":15.996822,"10/28":15.841709,"10/29":15.841709,"10/30":15.805054,"10/31":15.114474,"11/01":14.601017,"11/02":14.839285,"11/03":14.963345,"11/04":14.7840805,"11/05":14.7840805,"11/06":14.746407,"11/07":14.614494,"11/08":14.60058,"11/09":14.78665,"11/10":15.201221,"11/11":14.550882,"11/12":14.550882,"11/13":14.535122,"11/14":14.472861,"11/15":14.144578,"11/16":14.301924,"11/17":14.443768,"11/18":14.7008095,"11/19":14.7008095,"11/20":14.703997,"11/21":15.109863,"11/22":14.848981,"11/23":14.850821,"11/24":14.106314,"11/25":14.011776,"11/26":14.011776,"11/27":14.011776,"11/28":13.927337,"11/29":13.828068,"11/30":13.255241,"12/01":13.032761,"12/02":13.3435955,"12/03":13.3435955,"12/04":13.372715,"12/05":13.288807,"12/06":13.439541,"12/07":13.702642,"12/08":13.601144,"12/09":13.773611,"12/10":13.773611,"12/11":13.790193,"12/12":13.820137,"12/13":13.535015,"12/14":13.4025545,"12/15":14.205814,"12/16":14.778685,"12/17":14.778685,"12/18":14.777674,"12/19":14.199235,"12/20":14.266415,"12/21":14.758712,"12/22":14.998589,"12/23":16.280884,"12/24":16.280884,"12/25":16.280884,"12/26":15.645687,"12/27":15.348486,"12/28":15.476356,"12/29":15.214139,"12/30":15.625542,"12/31":15.625542},"2022":{"08/19":11.847,"08/20":11.847,"08/21":12.635002,"08/22":12.705002,"08/23":13.017998,"08/24":12.258563,"08/25":11.334657,"08/26":11.570349,"08/27":11.570349,"08/28":12.055642,"08/29":12.121119,"08/30":13.45398,"08/31":12.924696,"09/01":11.726623,"09/02":12.628418,"09/03":12.628418,"09/04":13.393721,"09/05":13.631926,"09/06":13.38263,"09/07":14.251395,"09/08":15.187851,"09/09":14.766029,"09/10":14.766029,"09/11":15.786456,"09/12":14.706813,"09/13":14.922627,"09/14":15.278514,"09/15":15.619514,"09/16":16.00293,"09/17":16.00293,"09/18":15.7742605,"09/19":15.535232,"09/20":13.806059,"09/21":13.361385,"09/22":13.4823265,"09/23":15.086721,"09/24":15.086721,"09/25":15.003559,"09/26":16.808823,"09/27":17.39409,"09/28":16.997864,"09/29":16.916471,"09/30":15.142417,"10/01":15.142417,"10/02":15.142417,"10/03":17.18466,"10/04":13.903931,"10/05":14.252475,"10/06":14.531218,"10/07":14.707203,"10/08":14.707203,"10/09":13.759324,"10/10":15.643846,"10/11":18.36519,"10/12":17.31008,"10/13":17.805792,"10/14":17.035866,"10/15":17.035866,"10/16":16.937885,"10/17":16.932766,"10/18":14.790105,"10/19":14.484487,"10/20":13.620123,"10/21":14.061481,"10/22":14.061481,"10/23":12.323914,"10/24":12.323914,"10/25":10.7976265,"10/26":9.461005,"10/27":9.854974,"10/28":9.544747,"10/29":9.544747,"10/30":10.222884,"10/31":8.618563,"11/01":7.0459223,"11/02":8.81743,"11/03":9.826697,"11/04":9.468167,"11/05":9.468167,"11/06":10.317912,"11/07":10.132867,"11/08":10.490171,"11/09":10.871577,"11/10":12.103755,