{"0":{"01/01":7.5051446,"01/02":7.398985,"01/03":7.269351,"01/04":7.1868315,"01/05":7.23957,"01/06":7.4055095,"01/07":7.4055095,"01/08":7.673589,"01/09":7.454893,"01/10":7.377053,"01/11":7.3786364,"01/12":7.2714562,"01/13":7.113193,"01/14":7.113193,"01/15":7.482539,"01/16":7.591869,"01/17":7.570828,"01/18":7.348889,"01/19":7.2082424,"01/20":7.491489,"01/21":7.491489,"01/22":7.491489,"01/23":7.671462,"01/24":7.7101464,"01/25":7.868219,"01/26":7.868219,"01/27":8.207973,"01/28":8.207973,"01/29":8.482725,"01/30":8.674894,"01/31":8.550323,"02/01":8.998216,"02/02":9.226906,"02/03":9.157717,"02/04":9.157717,"02/05":9.075847,"02/06":9.263162,"02/07":9.366234,"02/08":9.656452,"02/09":9.513009,"02/10":9.516215,"02/11":9.516215,"02/12":9.612052,"02/13":9.524454,"02/14":9.402441,"02/15":9.664604,"02/16":9.486703,"02/17":9.613921,"02/18":9.613921,"02/19":9.613921,"02/20":9.67509,"02/21":9.822266,"02/22":9.985917,"02/23":9.660215,"02/24":9.782275,"02/25":9.782275,"02/26":9.882839,"02/27":10.045875,"02/28":9.987689,"03/01":10.033682,"03/02":10.077763,"03/03":10.043356,"03/04":10.043356,"03/05":10.043356,"03/06":9.9692545,"03/07":9.9692545,"03/08":10.270583,"03/09":10.236066,"03/10":10.163852,"03/11":10.163852,"03/12":10.163852,"03/13":9.686652,"03/14":9.443744,"03/15":9.430992,"03/16":9.338607,"03/17":9.254852,"03/18":9.254852,"03/19":9.254852,"03/20":8.98645,"03/21":9.1004095,"03/22":9.1004095,"03/23":8.944293,"03/24":8.724595,"03/25":8.724595,"03/26":8.724595,"03/27":8.6564455,"03/28":8.727746,"03/29":8.553862,"03/30":8.553862,"03/31":8.683701,"04/01":8.683701,"04/02":8.683701,"04/03":8.689989,"04/04":8.689989,"04/05":8.373245,"04/06":7.935167,"04/07":7.935167,"04/08":7.935167,"04/09":7.935167,"04/10":7.883495,"04/11":7.8938293,"04/12":7.8804026,"04/13":7.944475,"04/14":7.944475,"04/15":7.944475,"04/16":7.944475,"04/17":7.95275,"04/18":7.7751493,"04/19":7.7833977,"04/20":7.7184844,"04/21":7.482163,"04/22":7.482163,"04/23":7.482163,"04/24":7.15916,"04/25":7.0858335,"04/26":7.102122,"04/27":7.0034585,"04/28":7.082777,"04/29":7.082777,"04/30":7.082777,"05/01":7.082777,"05/02":6.989235,"05/03":6.3450203,"05/04":6.290854,"05/05":6.290854,"05/06":6.290854,"05/07":6.290854,"05/08":6.426385,"05/09":6.3982472,"05/10":6.3359957,"05/11":6.243754,"05/12":6.013842,"05/13":6.013842,"05/14":6.013842,"05/15":5.9819384,"05/16":5.7214103,"05/17":5.675806,"05/18":5.734306,"05/19":5.86842,"05/20":5.86842,"05/21":5.86842,"05/22":5.679766,"05/23":5.8375998,"05/24":5.6867046,"05/25":5.6867046,"05/26":5.73828,"05/27":5.73828,"05/28":5.73828,"05/29":5.8286505,"05/30":5.778976,"05/31":5.597567,"06/01":5.569865,"06/02":5.589649,"06/03":5.589649,"06/04":5.589649,"06/05":5.6223183,"06/06":5.4858594,"06/07":5.4463763,"06/08":5.734306,"06/09":5.902249,"06/10":5.902249,"06/11":5.902249,"06/12":5.704556,"06/13":5.6233,"06/14":5.6450877,"06/15":5.7978435,"06/16":5.8992686,"06/17":5.8992686,"06/18":5.8992686,"06/19":5.923155,"06/20":5.925149,"06/21":5.959014,"06/22":6.131676,"06/23":6.0947,"06/24":6.0947,"06/25":6.0947,"06/26":5.979942,"06/27":5.9520397,"06/28":5.8952823,"06/29":5.8952823,"06/30":6.2557726,"07/01":6.2557726,"07/02":6.2557726,"07/03":6.2227206,"07/04":6.236741,"07/05":6.1416683,"07/06":6.403268,"07/07":6.403268,"07/08":6.403268,"07/09":6.403268,"07/10":6.403268,"07/11":5.92814,"07/12":6.0407867,"07/13":5.7233973,"07/14":5.7978435,"07/15":5.7978435,"07/16":5.7978435,"07/17":5.584705,"07/18":5.426646,"07/19":5.4532843,"07/20":5.461181,"07/21":5.4967284,"07/22":5.4967284,"07/23":5.4967284,"07/24":5.381286,"07/25":5.5332794,"07/26":5.4552608,"07/27":5.551079,"07/28":5.8515186,"07/29":5.8515186,"07/30":5.8515186,"07/31":5.878372,"08/01":5.7422447,"08/02":5.752173,"08/03":5.984933,"08/04":5.9809403,"08/05":5.9809403,"08/06":5.9809403,"08/07":5.901262,"08/08":5.7412515,"08/09":5.7105045,"08/10":5.5866866,"08/11":5.775993,"08/12":5.775993,"08/13":5.775993,"08/14":5.7481976,"08/15":5.7481976,"08/16":5.7481976,"08/17":6.029806,"08/18":5.787916,"08/19":5.787916,"08/20":5.787916,"08/21":5.7243905,"08/22":5.663917,"08/23":5.4522963,"08/24":5.3556705,"08/25":5.4108634,"08/26":5.4108634,"08/27":5.4108634,"08/28":5.2051716,"08/29":5.166872,"08/30":5.142343,"08/31":5.0521593,"09/01":5.055102,"09/02":5.055102,"09/03":5.055102,"09/04":5.179632,"09/05":5.168838,"09/06":5.197313,"09/07":4.957245,"09/08":5.028655,"09/09":5.028655,"09/10":5.028655,"09/11":5.1325293,"09/12":5.201237,"09/13":5.0345373,"09/14":4.6181207,"09/15":4.8976364,"09/16":4.8976364,"09/17":4.8976364,"09/18":4.869333,"09/19":4.869333,"09/20":4.7688947,"09/21":4.7153463,"09/22":4.722159,"09/23":4.722159,"09/24":4.722159,"09/25":4.661853,"09/26":4.6910276,"09/27":4.7650023,"09/28":5.233666,"09/29":5.233666,"09/30":5.233666,"10/01":5.233666,"10/02":5.233666,"10/03":5.0815525,"10/04":5.197313,"10/05":5.0766463,"10/06":5.7303414,"10/07":5.7303414,"10/08":5.7303414,"10/09":5.898272,"10/10":5.774014,"10/11":5.4858594,"10/12":5.414804,"10/13":5.564923,"10/14":5.564923,"10/15":5.564923,"10/16":5.5738177,"10/17":5.517474,"10/18":5.6183524,"10/19":5.679766,"10/20":5.6876974,"10/21":6.1518493,"10/22":6.1518493,"10/23":6.1515126,"10/24":6.1515126,"10/25":6.1526937,"10/26":6.152157,"10/27":6.152937,"10/28":6.1475935,"10/29":6.1475935,"10/30":6.147713,"10/31":6.124547,"11/01":6.1155767,"11/02":6.109955,"11/03":6.1034184,"11/04":6.097002,"11/05":6.097002,"11/06":6.098503,"11/07":6.112069,"11/08":6.1134357,"11/09":6.0625896,"11/10":6.018864,"11/11":5.9132056,"11/12":5.9132056,"11/13":5.9146767,"11/14":5.8885536,"11/15":5.8274355,"11/16":5.734499,"11/17":5.7323694,"11/18":5.7579303,"11/19":5.7579303,"11/20":5.75549,"11/21":5.7502823,"11/22":5.648567,"11/23":5.6487703,"11/24":5.459401,"11/25":5.5325336,"11/26":5.5325336,"11/27":5.5325336,"11/28":5.43785,"11/29":5.420108,"11/30":5.410016,"12/01":5.2578497,"12/02":5.270873,"12/03":5.270873,"12/04":5.2722216,"12/05":5.241721,"12/06":5.3124714,"12/07":5.400439,"12/08":5.385048,"12/09":5.5261297,"12/10":5.5261297,"12/11":5.5267825,"12/12":5.4444976,"12/13":5.3369718,"12/14":5.202656,"12/15":5.3348117,"12/16":5.406275,"12/17":5.406275,"12/18":5.4089313,"12/19":5.392836,"12/20":5.4360123,"12/21":5.3247914,"12/22":5.3831367,"12/23":5.4239497,"12/24":5.4239497,"12/25":5.4239497,"12/26":5.432001,"12/27":5.3885365,"12/28":5.366557,"12/29":5.372263,"12/30":5.400368,"12/31":5.400368},"2022":{"10/21":6.616001,"10/22":6.616001,"10/23":6.5309997,"10/24":6.5309997,"10/25":6.780997,"10/26":6.6819954,"10/27":6.821003,"10/28":6.810317,"10/29":6.810317,"10/30":6.8293123,"10/31":6.8323154,"11/01":6.8301535,"11/02":6.9931226,"11/03":7.0870566,"11/04":7.074223,"11/05":7.074223,"11/06":7.2270527,"11/07":7.4074893,"11/08":7.5163884,"11/09":7.5051126,"11/10":7.22108,"11/11":7.009763,"11/12":7.009763,"11/13":7.145134,"11/14":7.0928884,"11/15":7.3881564,"11/16":7.221575,"11/17":7.325222,"11/18":7.376344,"11/19":7.376344,"11/20":7.2056603,"11/21":7.164335,"11/22":7.0159435,"11/23":7.0317917,"11/24":6.476195,"11/25":6.6224604,"11/26":6.6224604,"11/27":6.6224604,"11/28":6.4311543,"11/29":6.4604974,"11/30":6.3144603,"12/01":5.9218516,"12/02":5.9478993,"12/03":5.9478993,"12/04":6.1337705,"12/05":6.167496,"12/06":6.4815803,"12/07":6.6834955,"12/08":6.5506353,"12/09":6.8327985,"12/10":6.8327985,"12/11":6.8851643,"12/12":6.76007,"12/13":6.6497955,"12/14":6.8610306,"12/15":7.414732,"12/16":7.5576577,"12/17":7.5576577,"12/18":7.686778,"12/19":7.6706266,"12/20":7.7881064,"12/21":7.4986725,"12/22":7.5199,"12/23":7.6015253,"12/24":7.6015253,"12/25":7.6015253,"12/26":7.59681,"12/27":7.509881,"12/28":7.452671,"12/29":7.634195,"12/30":7.690406,"12/31":7.690406},"2023":{"01/01":7.5051446,"01/02":7.398985,"01/03":7.269351,"01/04":7.1868315,"01/05":7.23957,"01/06":7.4055095,"01/07":7.4055095,"01/08":7.673589,"01/09":7.454893,"01/10":7.377053,"01/11":7.3786364,"01/12":7.2714562,"01/13":7.113193,"01/14":7.113193,"01/15":7.482539,"01/16":7.591869,"01/17":7.570828,"01/18":7.348889,"01/19":7.2082424,"01/20":7.491489,"01/21":7.491489,"01/22":7.491489,