{"0":{"01/01":6.047001,"01/02":6.0709953,"01/03":6.0960007,"01/04":6.0960007,"01/05":6.0960007,"01/06":6.1499977,"01/07":6.1699963,"01/08":6.189003,"01/09":6.201,"01/10":6.2160015,"01/11":6.2160015,"01/12":6.2160015,"01/13":6.274004,"01/14":6.2940025,"01/15":6.2639976,"01/16":6.2659883,"01/17":6.269927,"01/18":6.2529373,"01/19":6.2359533,"01/20":6.2888894,"01/21":6.3078747,"01/22":6.3278503,"01/23":6.2874985,"01/24":6.29268,"01/25":6.2778277,"01/26":6.2778277,"01/27":6.3347187,"01/28":6.355678,"01/29":6.319392,"01/30":6.3254914,"01/31":6.331652,"02/01":6.3231683,"02/02":6.3062043,"02/03":6.363036,"02/04":6.382975,"02/05":6.3540144,"02/06":6.361972,"02/07":6.369056,"02/08":6.3531613,"02/09":6.3372717,"02/10":6.3940425,"02/11":6.411965,"02/12":6.3851967,"02/13":6.3932037,"02/14":6.39523,"02/15":6.3782973,"02/16":6.362421,"02/17":6.4181356,"02/18":6.4181356,"02/19":6.4181356,"02/20":6.4093375,"02/21":6.4113693,"02/22":6.395501,"02/23":6.3806973,"02/24":6.43735,"02/25":6.4592156,"02/26":6.41162,"02/27":6.4305286,"02/28":6.4295707,"02/29":6.414775,"03/01":6.4010406,"03/02":6.4010406,"03/03":6.457636,"03/04":6.414319,"03/05":6.4341927,"03/06":6.4351583,"03/07":6.437181,"03/08":6.437181,"03/09":6.437181,"03/10":6.48877,"03/11":6.4411473,"03/12":6.4411917,"03/13":6.442156,"03/14":6.426332,"03/15":6.410513,"03/16":6.410513,"03/17":6.48878,"03/18":6.505628,"03/19":6.4602385,"03/20":6.4632444,"03/21":6.4622846,"03/22":6.445421,"03/23":6.445421,"03/24":6.511732,"03/25":6.544392,"03/26":6.5037866,"03/27":6.513632,"03/28":6.4988217,"03/29":6.4988217,"03/30":6.4988217,"03/31":6.5963645,"04/01":6.5963645,"04/02":6.610668,"04/03":6.6550756,"04/04":6.6835966,"04/05":6.6656795,"04/06":6.6656795,"04/07":6.7229657,"04/08":6.6800885,"04/09":6.704772,"04/10":6.6700263,"04/11":6.715417,"04/12":6.679625,"04/13":6.679625,"04/14":6.679625,"04/15":6.625977,"04/16":6.700775,"04/17":6.7165422,"04/18":6.6818385,"04/19":6.6650167,"04/20":6.6650167,"04/21":6.733992,"04/22":6.6793365,"04/23":6.6614738,"04/24":6.6967993,"04/25":6.6946173,"04/26":6.6767716,"04/27":6.6767716,"04/28":6.725982,"04/29":6.685158,"04/30":6.667326,"05/01":6.667326,"05/02":6.63166,"05/03":6.613846,"05/04":6.613846,"05/05":6.7131352,"05/06":6.6834416,"05/07":6.6843495,"05/08":6.6813307,"05/09":6.6635265,"05/10":6.6425705,"05/11":6.6425705,"05/12":6.6425705,"05/13":6.587106,"05/14":6.569322,"05/15":6.550508,"05/16":6.532737,"05/17":6.51498,"05/18":6.51498,"05/19":6.51498,"05/20":6.51498,"05/21":6.4398184,"05/22":6.421049,"05/23":6.421049,"05/24":6.3835206,"05/25":6.3835206,"05/26":6.3835206,"05/27":6.328316,"05/28":6.3106275,"05/29":6.2929363,"05/30":6.2752604,"05/31":6.2575803,"06/01":6.2575803,"06/02":6.2575803,"06/03":6.2045856,"06/04":6.1869392,"06/05":6.1703277,"06/06":6.152683,"06/07":6.1360917,"06/08":6.1360917,"06/09":6.1360917,"06/10":6.0842557,"06/11":6.0666394,"06/12":6.0490384,"06/13":6.0314336,"06/14":6.014871,"06/15":6.014871,"06/16":6.014871,"06/17":6.014871,"06/18":5.942482,"06/19":5.922854,"06/20":5.9042664,"06/21":5.8867097,"06/22":5.8867097,"06/23":5.8867097,"06/24":5.830996,"06/25":5.8134637,"06/26":5.795937,"06/27":5.7773943,"06/28":5.7598796,"06/29":5.7598796,"06/30":5.7598796,"07/01":5.7022386,"07/02":5.6837287,"07/03":5.6652255,"07/04":5.646719,"07/05":5.629257,"07/06":5.629257,"07/07":5.629257,"07/08":5.5779147,"07/09":5.5604663,"07/10":5.543033,"07/11":5.5255957,"07/12":5.507148,"07/13":5.507148,"07/14":5.507148,"07/15":5.455924,"07/16":5.455924,"07/17":5.455924,"07/18":5.4037256,"07/19":5.3863344,"07/20":5.3863344,"07/21":5.3863344,"07/22":5.340343,"07/23":5.32195,"07/24":5.3045955,"07/25":5.3045955,"07/26":5.2688723,"07/27":5.2688723,"07/28":5.2688723,"07/29":5.216859,"07/30":5.199529,"07/31":5.182215,"08/01":5.164897,"08/02":5.147594,"08/03":5.147594,"08/04":5.147594,"08/05":5.0977373,"08/06":5.0804467,"08/07":5.0651975,"08/08":5.0458927,"08/09":5.0276027,"08/10":5.0276027,"08/11":5.0276027,"08/12":4.973805,"08/13":4.9555492,"08/14":4.938306,"08/15":4.938306,"08/16":4.901816,"08/17":4.901816,"08/18":4.901816,"08/19":4.848147,"08/20":4.829925,"08/21":4.81172,"08/22":4.793511,"08/23":4.7753177,"08/24":4.7753177,"08/25":4.7753177,"08/26":4.7217684,"08/27":4.7046113,"08/28":4.6864395,"08/29":4.669294,"08/30":4.6511345,"08/31":4.6511345,"09/01":4.6511345,"09/02":4.595704,"09/03":4.57758,"09/04":4.559452,"09/05":4.559452,"09/06":4.5242324,"09/07":4.5242324,"09/08":4.5242324,"09/09":4.470949,"09/10":4.4528584,"09/11":4.435789,"09/12":4.417711,"09/13":4.3996477,"09/14":4.3996477,"09/15":4.3996477,"09/16":4.3454876,"09/17":4.3274403,"09/18":4.3274403,"09/19":4.290381,"09/20":4.27135,"09/21":4.27135,"09/22":4.27135,"09/23":4.2163215,"09/24":4.197327,"09/25":4.1783304,"09/26":4.1603503,"09/27":4.1423764,"09/28":4.1423764,"09/29":4.1423764,"09/30":4.0884733,"10/01":4.0655413,"10/02":4.0655413,"10/03":4.0276604,"10/04":4.007737,"10/05":4.007737,"10/06":4.007737,"10/07":3.9549696,"10/08":3.9370666,"10/09":3.920156,"10/10":3.9012697,"10/11":3.8843706,"10/12":3.8843706,"10/13":3.8843706,"10/14":3.8317375,"10/15":3.8158548,"10/16":3.798993,"10/17":3.7821274,"10/18":3.7652767,"10/19":3.7652767,"10/20":3.7652767,"10/21":3.7137463,"10/22":3.6969082,"10/23":3.6800852,"10/24":3.6622672,"10/25":3.644465,"10/26":3.644465,"10/27":3.644465,"10/28":3.5910852,"10/29":3.574287,"10/30":3.574287,"10/31":3.5397277,"11/01":3.5397277,"11/02":3.5397277,"11/03":3.5397277,"11/04":3.4706786,"11/05":3.4539194,"11/06":3.4332292,"11/07":3.4145193,"11/08":3.396802,"11/09":3.396802,"11/10":3.396802,"11/11":3.3426924,"11/12":3.3249903,"11/13":3.3063195,"11/14":3.28863,"11/15":3.28863,"11/16":3.28863,"11/17":3.28863,"11/18":3.215013,"11/19":3.197364,"11/20":3.197364,"11/21":3.1601121,"11/22":3.1434534,"11/23":3.1434534,"11/24":3.1434534,"11/25":3.0886288,"11/26":3.0700433,"11/27":3.0524437,"11/28":3.033862,"11/29":3.0172534,"11/30":3.0172534,"12/01":3.0172534,"12/02":2.9615853,"12/03":2.9420686,"12/04":2.9254804,"12/05":2.9079301,"12/06":2.8884337,"12/07":2.8884337,"12/08":2.8884337,"12/09":2.8329048,"12/10":2.8153768,"12/11":2.7978642,"12/12":2.7813222,"12/13":2.7647948,"12/14":2.7647948,"12/15":2.7647948,"12/16":2.7647948,"12/17":2.6919131,"12/18":2.6734705,"12/19":2.6569686,"12/20":2.63951,"12/21":2.63951,"12/22":2.63951,"12/23":2.5852194,"12/24":2.5735958,"12/25":2.5735958,"12/26":4.2287536,"12/27":4.2290254,"12/28":4.2290254,"12/29":4.2290254,"12/30":4.2299714,"12/31":4.2303047},"2023":{"12/26":5.9119987,"12/27":5.929003,"12/28":5.929003,"12/29":5.929003,"12/30":5.9869957,"12/31":6.007004},"2024":{"01/01":6.047001,"01/02":6.0709953,"01/03":6.0960007,"01/04":6.0960007,"01/05":6.0960007,"01/06":6.1499977,"01/07":6.1699963,"01/08":6.189003,"01/09":6.201,"01/10":6.2160015,"01/11":6.2160015,"01/12":6.2160015,"01/13":6.274004,"01/14":6.2940025,"01/15":6.2639976,"01/16":6.2659883,"01/17":6.269927,"01/18":6.2529373,"01/19":6.2359533,"01/20":6.2888894,"01/21":6.3078747,"01/22":6.3278503,"01/23":6.2874985,"01/24":6.29268,"01/25":6.2778277,"01/26":6.2778277,"01/27":6.3347187,"01/28":6.355678,"01/29":6.319392,"01/30":6.3254914,"01/31":6.331652,"02/01":6.3231683,"02/02":6.3062043,"02/03":6.363036,"02/04":6.382975,"02/05":6.3540144,"02/06":6.361972,"02/07":6.369056,"02/08":6.3531613,"02/09":6.3372717,"02/10":6.3940425,"02/11":6.411965,"02/12":6.3851967,"02/13":6.3932037,"02/14":6.39523,"02/15":6.3782973,"02/16":6.362421,"02/17":6.4181356,"02/18":6.4181356,"02/19":6.4181356,"02/20":6.4093375,"02/21":6.4113693,"02/22":6.395501,"02/23":6.3806973,"02/24":6.43735,"02/25":6.4592156,"02/26":6.41162,"02/27":6.4305286,"02/28":6.4295707,"02/29":6.414775,"03/01":6.4010406,"03/02":6.4010406,"03/03":6.457636,"03/04":6.414319,"03/05":6.4341927,"03/06":6.4351583,"03/07":6.437181,"03/08":6.437181,"03/09":6.437181,"03/10":6.48877,"03/11":6.4411473,"03/12":6.4411917,"03/13":6.442156,"03/14":6.426332,"03/15":6.410513,"03/16":6.410513,"03/17":6.48878,"03/18":6.505628,"03/19":6.4602385,"03/20":6.4632444,"03/21":6.4622846,"03/22":6.445421,"03/23":6.445421,