"Month (MM)","Day (DD)","2023","Average Across Years"
12,26,1.086998,1.086998
12,27,1.086998,1.086998
12,28,1.086998,1.086998
12,29,1.069812,1.069812
12,30,1.069812,1.069812
12,31,1.069812,1.069812
