{"0":{"01/01":7.823502,"01/02":7.753793,"01/03":7.7253046,"01/04":7.704212,"01/05":7.686285,"01/06":7.666263,"01/07":7.666263,"01/08":7.666263,"01/09":7.6125464,"01/10":7.593606,"01/11":7.576768,"01/12":7.5609894,"01/13":7.5441623,"01/14":7.5441623,"01/15":7.5441623,"01/16":7.4947743,"01/17":7.4779677,"01/18":7.459074,"01/19":7.4422793,"01/20":7.4233985,"01/21":7.4233985,"01/22":7.4233985,"01/23":7.366775,"01/24":7.351058,"01/25":7.334307,"01/26":7.334307,"01/27":7.297665,"01/28":7.297665,"01/29":7.297665,"01/30":7.240138,"01/31":7.223411,"02/01":7.205643,"02/02":7.1837087,"02/03":7.163873,"02/04":7.163873,"02/05":7.163873,"02/06":7.103356,"02/07":7.0845942,"02/08":7.0658293,"02/09":7.046037,"02/10":7.029371,"02/11":7.029371,"02/12":7.029371,"02/13":6.970048,"02/14":6.9502916,"02/15":6.931583,"02/16":6.9149523,"02/17":6.8962564,"02/18":6.8962564,"02/19":6.8962564,"02/20":6.841226,"02/21":6.8246245,"02/22":6.8059597,"02/23":6.7893677,"02/24":6.7727814,"02/25":6.7727814,"02/26":6.7727814,"02/27":6.716852,"02/28":6.701324,"03/01":6.684775,"03/02":6.667185,"03/03":6.649601,"03/04":6.649601,"03/05":6.649601,"03/06":6.5896735,"03/07":6.5896735,"03/08":6.5514717,"03/09":6.5318694,"03/10":6.51021,"03/11":6.51021,"03/12":6.51021,"03/13":6.4370413,"03/14":6.4112964,"03/15":6.388654,"03/16":6.3752823,"03/17":6.355745,"03/18":6.355745,"03/19":6.355745,"03/20":6.2951093,"03/21":6.2714987,"03/22":6.2714987,"03/23":6.21711,"03/24":6.192508,"03/25":6.192508,"03/26":6.192508,"03/27":6.137175,"03/28":6.141277,"03/29":6.1638136,"03/30":6.1638136,"03/31":6.059408,"04/01":6.059408,"04/02":6.059408,"04/03":5.95113,"04/04":5.95113,"04/05":5.901152,"04/06":5.885861,"04/07":5.885861,"04/08":5.885861,"04/09":5.885861,"04/10":5.7901506,"04/11":5.766754,"04/12":5.74744,"04/13":5.7220273,"04/14":5.7220273,"04/15":5.7220273,"04/16":5.7220273,"04/17":5.646899,"04/18":5.6266127,"04/19":5.60937,"04/20":5.5921426,"04/21":5.5749116,"04/22":5.5749116,"04/23":5.5749116,"04/24":5.5222473,"04/25":5.504035,"04/26":5.488858,"04/27":5.469645,"04/28":5.4524536,"04/29":5.4524536,"04/30":5.4524536,"05/01":5.4524536,"05/02":5.3787184,"05/03":5.3595357,"05/04":5.3393598,"05/05":5.3393598,"05/06":5.3393598,"05/07":5.3393598,"05/08":5.2617483,"05/09":5.2406015,"05/10":5.220471,"05/11":5.201355,"05/12":5.18123,"05/13":5.18123,"05/14":5.18123,"05/15":5.1239467,"05/16":5.104857,"05/17":5.080767,"05/18":5.0546694,"05/19":5.0316067,"05/20":5.0316067,"05/21":5.0316067,"05/22":4.971468,"05/23":4.944432,"05/24":4.9274206,"05/25":4.9274206,"05/26":4.8914022,"05/27":4.8914022,"05/28":4.8914022,"05/29":4.8334246,"05/30":4.8204403,"05/31":4.80047,"06/01":4.780498,"06/02":4.7585545,"06/03":4.7585545,"06/04":4.7585545,"06/05":4.6997256,"06/06":4.678804,"06/07":4.6608815,"06/08":4.641959,"06/09":4.626043,"06/10":4.626043,"06/11":4.626043,"06/12":4.5723295,"06/13":4.5534487,"06/14":4.5375495,"06/15":4.517687,"06/16":4.496838,"06/17":4.496838,"06/18":4.496838,"06/19":4.4412813,"06/20":4.4224477,"06/21":4.409565,"06/22":4.4640946,"06/23":4.416502,"06/24":4.416502,"06/25":4.416502,"06/26":4.346181,"06/27":4.3155036,"06/28":4.3125415,"06/29":4.3125415,"06/30":4.643953,"07/01":4.643953,"07/02":4.643953,"07/03":4.594205,"07/04":4.609125,"07/05":4.5008044,"07/06":4.760543,"07/07":4.760543,"07/08":4.760543,"07/09":4.760543,"07/10":4.760543,"07/11":4.300667,"07/12":4.3907332,"07/13":4.0372987,"07/14":4.068798,"07/15":4.068798,"07/16":4.068798,"07/17":3.9311507,"07/18":3.6598704,"07/19":3.624717,"07/20":3.504798,"07/21":3.7126405,"07/22":3.7126405,"07/23":3.7126405,"07/24":3.624717,"07/25":3.7977803,"07/26":3.5242772,"07/27":3.784071,"07/28":4.077653,"07/29":4.077653,"07/30":4.077653,"07/31":3.9655285,"08/01":3.9223118,"08/02":4.0707607,"08/03":4.457151,"08/04":4.2917647,"08/05":4.2917647,"08/06":4.2917647,"08/07":4.0796247,"08/08":3.8781488,"08/09":3.7537231,"08/10":3.7644935,"08/11":4.028451,"08/12":4.028451,"08/13":4.028451,"08/14":3.9635608,"08/15":3.9635608,"08/16":3.9635608,"08/17":4.273975,"08/18":4.031397,"08/19":4.888199,"08/20":4.888199,"08/21":4.889672,"08/22":4.890186,"08/23":4.8931675,"08/24":4.9034004,"08/25":4.8931303,"08/26":4.8857183,"08/27":4.8857183,"08/28":4.8887277,"08/29":4.8664904,"08/30":4.859542,"08/31":4.859743,"09/01":4.8478737,"09/02":4.841502,"09/03":4.841502,"09/04":4.8413105,"09/05":4.816992,"09/06":4.8082705,"09/07":4.806223,"09/08":4.8004265,"09/09":4.792977,"09/10":4.792977,"09/11":4.7927876,"09/12":4.7702494,"09/13":4.766588,"09/14":4.769247,"09/15":4.757484,"09/16":4.751626,"09/17":4.751626,"09/18":4.7541165,"09/19":4.732279,"09/20":4.7283554,"09/21":4.723747,"09/22":4.715827,"09/23":4.707855,"09/24":4.707855,"09/25":4.706284,"09/26":4.68402,"09/27":4.681241,"09/28":4.672505,"09/29":4.6677556,"09/30":4.652463,"10/01":4.652463,"10/02":4.652463,"10/03":4.6205554,"10/04":4.5957074,"10/05":4.5993314,"10/06":4.5730057,"10/07":4.5682917,"10/08":4.5682917,"10/09":4.5666223,"10/10":4.5472894,"10/11":4.544016,"10/12":4.543785,"10/13":4.537139,"10/14":4.5297923,"10/15":4.5297923,"10/16":4.529436,"10/17":4.5064545,"10/18":4.4959087,"10/19":4.486435,"10/20":4.4771833,"10/21":4.4683065,"10/22":4.4683065,"10/23":4.4662957,"10/24":4.4662957,"10/25":4.4349966,"10/26":4.4335976,"10/27":4.416829,"10/28":4.40748,"10/29":4.40748,"10/30":4.4076657,"10/31":4.3828497,"11/01":4.3725224,"11/02":4.366951,"11/03":4.3591046,"11/04":4.3491907,"11/05":4.3491907,"11/06":4.3523684,"11/07":4.328102,"11/08":4.3309264,"11/09":4.3144255,"11/10":4.3051176,"11/11":4.2956896,"11/12":4.2956896,"11/13":4.302389,"11/14":4.2745442,"11/15":4.279401,"11/16":4.273178,"11/17":4.268956,"11/18":4.259961,"11/19":4.259961,"11/20":4.2553196,"11/21":4.226462,"11/22":4.220326,"11/23":4.2187653,"11/24":4.1974473,"11/25":4.1884995,"11/26":4.1884995,"11/27":4.1884995,"11/28":4.1634517,"11/29":4.159866,"11/30":4.1513,"12/01":4.1486626,"12/02":4.139683,"12/03":4.139683,"12/04":4.163306,"12/05":4.149523,"12/06":4.14046,"12/07":4.1308713,"12/08":4.122348,"12/09":4.112766,"12/10":4.112766,"12/11":4.112766,"12/12":4.0845623,"12/13":4.0744615,"12/14":4.0664883,"12/15":4.0574527,"12/16":4.050016,"12/17":4.050016,"12/18":4.050016,"12/19":4.0234723,"12/20":4.0139256,"12/21":4.0043817,"12/22":3.9927182,"12/23":3.9821215,"12/24":3.9821215,"12/25":3.9821215,"12/26":3.953524,"12/27":3.9450614,"12/28":3.9350078,"12/29":3.924433,"12/30":3.911751,"12/31":3.911751},"2022":{"08/19":5.745001,"08/20":5.745001,"08/21":5.9109974,"08/22":5.9630013,"08/23":6.225996,"08/24":6.1732955,"08/25":5.8924127,"08/26":5.8775887,"08/27":5.8775887,"08/28":6.1595707,"08/29":6.2038345,"08/30":6.1860356,"08/31":6.2020283,"09/01":6.32031,"09/02":6.3075676,"09/03":6.3075676,"09/04":6.293582,"09/05":6.289628,"09/06":6.329428,"09/07":6.6848307,"09/08":6.6472316,"09/09":6.632332,"09/10":6.632332,"09/11":6.621358,"09/12":6.5338583,"09/13":6.649847,"09/14":7.096832,"09/15":6.7690525,"09/16":6.757336,"09/17":6.757336,"09/18":6.885956,"09/19":6.84228,"09/20":6.824865,"09/21":6.798404,"09/22":6.6770983,"09/23":6.6611547,"09/24":6.6611547,"09/25":6.573477,"09/26":6.5885267,"09/27":6.632872,"09/28":5.957917,"09/29":5.9484186,"09/30":5.917833,"10/01":5.917833,"10/02":5.917833,"10/03":6.0741158,"10/04":5.9004264,"10/05":6.1679077,"10/06":5.379558,"10/07":5.370129,"10/08":5.370129,"10/09":5.1087337,"10/10":5.319322,"10/11":5.6941366,"10/12":5.719905,"10/13":5.6755266,"10/14":5.660834,"10/15":5.660834,"10/16":5.627069,"10/17":5.730651,"10/18":5.561952,"10/19":5.430082,"10/20":5.30817,"10/21":5.2904162,"10/22":5.2904162,"10/23":4.9719825,"10/24":4.9719825,"10/25":4.9987106,"10/26":4.59322,"10/27":4.862236,"10/28":4.843537,"10/29":4.843537,"10/30":4.886147,"10/31":4.964005,"11/01":4.7254496,"11/02":5.2583146,"11/03":5.4572816,"11/04":5.4374537,"11/05":5.4374537,"11/06":5.7115974,"11/07":5.8007717,"11/08":5.991686,"11/09":6.100305,"11/10":5.9965754,"11/11":5.9777193,"11/12":5.9777193,"11/13":6.3583064,"11/14":6.302616,"11/15":6.916002,"11/16":7.0273705,"11/17":7.2078156,"11/18":7.189826,