{"0":{"01/01":26.876541,"01/02":26.85245,"01/03":26.701738,"01/04":26.398869,"01/05":26.398869,"01/06":26.398869,"01/07":26.398869,"01/08":27.809324,"01/09":28.04274,"01/10":27.642216,"01/11":27.461452,"01/12":27.461452,"01/13":27.461452,"01/14":27.461452,"01/15":24.735355,"01/16":25.03645,"01/17":27.161325,"01/18":27.09637,"01/19":25.506346,"01/20":25.506346,"01/21":25.506346,"01/22":25.506346,"01/23":26.78781,"01/24":25.371193,"01/25":27.152405,"01/26":27.152405,"01/27":27.152405,"01/28":27.152405,"01/29":25.98854,"01/30":26.724518,"01/31":25.270956,"02/01":24.9183,"02/02":24.201878,"02/03":24.201878,"02/04":24.201878,"02/05":24.479647,"02/06":23.583828,"02/07":23.794796,"02/08":24.75865,"02/09":24.391794,"02/10":24.391794,"02/11":24.391794,"02/12":25.372433,"02/13":24.373507,"02/14":23.878172,"02/15":23.320826,"02/16":23.159256,"02/17":23.159256,"02/18":23.159256,"02/19":23.159256,"02/20":21.83968,"02/21":22.579927,"02/22":21.6738,"02/23":21.923964,"02/24":21.923964,"02/25":21.923964,"02/26":22.361275,"02/27":22.456907,"02/28":23.551344,"02/29":22.70674,"03/01":21.572401,"03/02":21.572401,"03/03":21.572401,"03/04":21.408411,"03/05":21.467678,"03/06":21.335281,"03/07":21.435133,"03/08":21.435133,"03/09":21.435133,"03/10":21.435133,"03/11":22.364819,"03/12":22.477001,"03/13":23.580214,"03/14":23.187954,"03/15":23.939877,"03/16":23.939877,"03/17":23.939877,"03/18":23.939877,"03/19":25.12891,"03/20":24.966269,"03/21":23.764616,"03/22":23.342405,"03/23":23.342405,"03/24":23.342405,"03/25":23.342405,"03/26":23.916887,"03/27":23.788761,"03/28":22.762535,"03/29":22.762535,"03/30":22.762535,"03/31":22.75778,"04/01":22.75778,"04/02":21.52001,"04/03":21.38286,"04/04":21.259918,"04/05":20.238567,"04/06":20.238567,"04/07":20.238567,"04/08":19.610744,"04/09":19.610744,"04/10":19.070936,"04/11":19.070936,"04/12":20.415405,"04/13":20.415405,"04/14":20.415405,"04/15":21.752016,"04/16":22.152805,"04/17":22.152805,"04/18":23.069683,"04/19":22.16809,"04/20":22.16809,"04/21":22.16809,"04/22":21.704145,"04/23":21.16499,"04/24":20.921389,"04/25":20.21237,"04/26":20.0384,"04/27":20.0384,"04/28":20.0384,"04/29":19.088816,"04/30":18.825657,"05/01":18.825657,"05/02":18.362413,"05/03":18.792297,"05/04":18.792297,"05/05":18.792297,"05/06":19.021797,"05/07":19.337421,"05/08":19.059772,"05/09":20.6868,"05/10":20.10656,"05/11":20.10656,"05/12":20.10656,"05/13":19.800438,"05/14":19.155901,"05/15":19.0944,"05/16":18.02228,"05/17":17.381493,"05/18":17.381493,"05/19":17.381493,"05/20":17.381493,"05/21":17.420582,"05/22":17.10312,"05/23":17.10312,"05/24":15.792112,"05/25":15.792112,"05/26":15.792112,"05/27":15.826984,"05/28":15.74987,"05/29":16.656395,"05/30":17.247011,"05/31":17.22427,"06/01":17.22427,"06/02":17.22427,"06/03":13.979445,"06/04":19.631035,"06/05":15.889393,"06/06":14.483268,"06/07":12.523157,"06/08":12.523157,"06/09":12.523157,"06/10":12.519171,"06/11":12.655014,"06/12":12.425468,"06/13":12.224646,"06/14":11.735549,"06/15":11.735549,"06/16":11.735549,"06/17":11.735549,"06/18":11.270194,"06/19":10.930751,"06/20":10.5673485,"06/21":10.954993,"06/22":10.954993,"06/23":10.954993,"06/24":10.077279,"06/25":9.604785,"06/26":9.524381,"06/27":8.834956,"06/28":8.56588,"06/29":8.56588,"06/30":8.56588,"07/01":7.4690695,"07/02":7.678795,"07/03":6.3540726,"07/04":5.751426,"07/05":5.819323,"07/06":5.819323,"07/07":5.819323,"07/08":5.3187575,"07/09":4.766655,"07/10":5.109406,"07/11":4.8194456,"07/12":4.327414,"07/13":4.327414,"07/14":4.327414,"07/15":3.7635686,"07/16":3.7635686,"07/17":3.7635686,"07/18":3.1537755,"07/19":3.6915033,"07/20":3.6915033,"07/21":3.6915033,"07/22":3.225936,"07/23":3.30997,"07/24":3.3116462,"07/25":3.3116462,"07/26":1.7722938,"07/27":1.7722938,"07/28":1.7722938,"07/29":1.6809666,"07/30":1.7241602,"07/31":1.4079661,"08/01":1.5719143,"08/02":2.3286695,"08/03":2.3286695,"08/04":2.3286695,"08/05":4.6983795,"08/06":5.0180774,"08/07":3.5586638,"08/08":3.7084494,"08/09":2.9763253,"08/10":2.9763253,"08/11":2.9763253,"08/12":2.8769872,"08/13":4.116857,"08/14":3.845928,"08/15":3.845928,"08/16":2.1137683,"08/17":2.1137683,"08/18":2.1137683,"08/19":2.2511733,"08/20":1.5995607,"08/21":1.5231568,"08/22":1.3019197,"08/23":1.6768956,"08/24":1.6768956,"08/25":1.6768956,"08/26":1.199327,"08/27":0.9048339,"08/28":0.863931,"08/29":0.5721744,"08/30":0.22903186,"08/31":0.22903186,"09/01":0.22903186,"09/02":-0.45729092,"09/03":-0.6902047,"09/04":-0.47524786,"09/05":-0.47524786,"09/06":0.76942617,"09/07":0.76942617,"09/08":0.76942617,"09/09":0.81024474,"09/10":0.5100443,"09/11":0.96343136,"09/12":-0.3055899,"09/13":-0.05277077,"09/14":-0.05277077,"09/15":-0.05277077,"09/16":-0.17541666,"09/17":-0.28678718,"09/18":-0.28678718,"09/19":-0.70962614,"09/20":-2.0250173,"09/21":-2.0250173,"09/22":-2.0250173,"09/23":-2.7033045,"09/24":-2.4872446,"09/25":-2.792737,"09/26":-3.4913132,"09/27":-3.0696752,"09/28":-3.0696752,"09/29":-3.0696752,"09/30":-2.1594722,"10/01":-2.520203,"10/02":-2.520203,"10/03":-1.0147592,"10/04":0.0,"10/05":0.0,"10/06":0.0,"10/07":0.0,"10/08":0.0,"10/09":0.0,"10/10":0.0,"10/11":0.0,"10/12":0.0,"10/13":0.0,"10/14":0.0,"10/15":0.0,"10/16":0.0,"10/17":0.0,"10/18":0.0,"10/19":0.0,"10/20":0.0,"10/21":0.0,"10/22":0.0,"10/23":0.0,"10/24":0.0,"10/25":0.0,"10/26":0.0,"10/27":0.0,"10/28":0.0,"10/29":0.0,"10/30":0.0,"10/31":0.0,"11/01":0.0,"11/02":0.0,"11/03":0.0,"11/04":0.0,"11/05":0.0,"11/06":0.0,"11/07":0.0,"11/08":0.0,"11/09":0.0,"11/10":0.0,"11/11":0.0,"11/12":0.0,"11/13":0.0,"11/14":0.0,"11/15":0.0,"11/16":0.0,"11/17":0.0,"11/18":0.0,"11/19":0.0,"11/20":0.0,"11/21":0.0,"11/22":0.0,"11/23":0.0,"11/24":0.0,"11/25":0.0,"11/26":0.0,"11/27":0.0,"11/28":0.0,"11/29":0.0,"11/30":0.0,"12/01":0.0,"12/02":0.0,"12/03":0.0,"12/04":0.0,"12/05":0.0,"12/06":0.0,"12/07":0.0,"12/08":0.0,"12/09":0.0,"12/10":0.0,"12/11":0.0,"12/12":0.0,"12/13":0.0,"12/14":0.0,"12/15":0.0,"12/16":0.0,"12/17":0.0,"12/18":0.0,"12/19":0.0,"12/20":0.0,"12/21":0.0,"12/22":0.0,"12/23":0.0,"12/24":0.0,"12/25":0.0,"12/26":13.453497,"12/27":13.453497,"12/28":13.443981,"12/29":13.438271,"12/30":13.438271,"12/31":13.438271},"2023":{"12/26":26.906994,"12/27":26.906994,"12/28":26.887962,"12/29":26.876541,"12/30":26.876541,"12/31":26.876541},"2024":{"01/01":26.876541,"01/02":26.85245,"01/03":26.701738,"01/04":26.398869,"01/05":26.398869,"01/06":26.398869,"01/07":26.398869,"01/08":27.809324,"01/09":28.04274,"01/10":27.642216,"01/11":27.461452,"01/12":27.461452,"01/13":27.461452,"01/14":27.461452,"01/15":24.735355,"01/16":25.03645,"01/17":27.161325,"01/18":27.09637,"01/19":25.506346,"01/20":25.506346,"01/21":25.506346,"01/22":25.506346,"01/23":26.78781,"01/24":25.371193,"01/25":27.152405,"01/26":27.152405,"01/27":27.152405,"01/28":27.152405,"01/29":25.98854,"01/30":26.724518,"01/31":25.270956,"02/01":24.9183,"02/02":24.201878,"02/03":24.201878,"02/04":24.201878,"02/05":24.479647,"02/06":23.583828,"02/07":23.794796,"02/08":24.75865,"02/09":24.391794,"02/10":24.391794,"02/11":24.391794,"02/12":25.372433,"02/13":24.373507,"02/14":23.878172,"02/15":23.320826,"02/16":23.159256,"02/17":23.159256,"02/18":23.159256,"02/19":23.159256,"02/20":21.83968,"02/21":22.579927,"02/22":21.6738,"02/23":21.923964,"02/24":21.923964,"02/25":21.923964,"02/26":22.361275,"02/27":22.456907,"02/28":23.551344,"02/29":22.70674,"03/01":21.572401,"03/02":21.572401,"03/03":21.572401,"03/04":21.408411,"03/05":21.467678,"03/06":21.335281,"03/07":21.435133,"03/08":21.435133,"03/09":21.435133,"03/10":21.435133,"03/11":22.364819,"03/12":22.477001,"03/13":23.580214,"03/14":23.187954,"03/15":23.939877,"03/16":23.939877,"03/17":23.939877,"03/18":23.939877,"03/19":25.12891,"03/20":24.966269,"03/21":23.764616,"03/22":23.342405,"03/23":23.342405,"03/24":23.342405,"03/25":23.342405,"03/26":23.916887,"03/27":23.788761,"03/28":22.762535,"03/29":22.762535,"03/30":22.762535,"03/31":22.75778,"04/01":22.75778,"04/02":21.52001,"04/03":21.38286,"04/04":21.259918,"04/05":20.238567,"04/06":20.238567,"04/07":20.238567,"04/08":19.610744,"04/09":19.610744,"04/10":19.070936,