"Month (MM)","Day (DD)","2023","Average Across Years"
12,26,1.7619991,1.7619991
12,27,1.7619991,1.7619991
12,28,1.7619991,1.7619991
12,29,1.7477545,1.7477545
12,30,1.7477545,1.7477545
12,31,1.7477545,1.7477545
