{"0":{"01/01":6.7881093,"01/02":6.757852,"01/03":6.683849,"01/04":6.6203537,"01/05":6.5953975,"01/06":6.746385,"01/07":6.746385,"01/08":6.746385,"01/09":6.5288877,"01/10":6.34227,"01/11":6.212032,"01/12":6.1645684,"01/13":6.104775,"01/14":6.104775,"01/15":6.104775,"01/16":6.170756,"01/17":6.170756,"01/18":6.10787,"01/19":5.969981,"01/20":6.1759114,"01/21":6.1759114,"01/22":6.1759114,"01/23":6.090353,"01/24":6.092416,"01/25":6.0955005,"01/26":6.0955005,"01/27":6.2450833,"01/28":6.2450833,"01/29":6.2450833,"01/30":6.3257217,"01/31":6.1573486,"02/01":5.7689395,"02/02":5.715726,"02/03":5.660529,"02/04":5.660529,"02/05":5.660529,"02/06":5.7474446,"02/07":5.703457,"02/08":5.8508997,"02/09":5.9145093,"02/10":6.025502,"02/11":6.025502,"02/12":6.025502,"02/13":6.0049324,"02/14":6.017271,"02/15":5.8703923,"02/16":5.799655,"02/17":5.974088,"02/18":5.974088,"02/19":5.974088,"02/20":5.817076,"02/21":5.910407,"02/22":6.067696,"02/23":5.9042497,"02/24":5.982312,"02/25":5.982312,"02/26":5.982312,"02/27":6.0594587,"02/28":6.069758,"03/01":5.967923,"03/02":5.963817,"03/03":5.8621855,"03/04":5.8621855,"03/05":5.8621855,"03/06":5.8221974,"03/07":5.8221974,"03/08":6.0193315,"03/09":5.964836,"03/10":5.9237523,"03/11":5.9237523,"03/12":5.9237523,"03/13":5.515647,"03/14":5.464726,"03/15":5.4118176,"03/16":5.2980504,"03/17":5.310235,"03/18":5.310235,"03/19":5.310235,"03/20":5.0985355,"03/21":5.1744103,"03/22":5.1744103,"03/23":5.0823717,"03/24":4.962256,"03/25":4.962256,"03/26":4.962256,"03/27":4.8856883,"03/28":4.897768,"03/29":4.7720475,"03/30":4.7720475,"03/31":4.6857233,"04/01":4.6857233,"04/02":4.6857233,"04/03":4.6125574,"04/04":4.6125574,"04/05":4.2960353,"04/06":4.077498,"04/07":4.077498,"04/08":4.077498,"04/09":4.077498,"04/10":3.9992418,"04/11":3.9843957,"04/12":3.9052901,"04/13":3.9675817,"04/14":3.9675817,"04/15":3.9675817,"04/16":3.9675817,"04/17":3.9883592,"04/18":3.8618422,"04/19":3.8134923,"04/20":3.7553308,"04/21":3.46846,"04/22":3.46846,"04/23":3.46846,"04/24":3.0518012,"04/25":2.9120388,"04/26":2.899442,"04/27":2.836494,"04/28":2.843269,"04/29":2.843269,"04/30":2.843269,"05/01":2.843269,"05/02":2.7417374,"05/03":2.1863947,"05/04":2.0442152,"05/05":2.0442152,"05/06":2.0442152,"05/07":2.0442152,"05/08":2.0737596,"05/09":2.0499318,"05/10":2.0175397,"05/11":1.9471024,"05/12":1.7344941,"05/13":1.7344941,"05/14":1.7344941,"05/15":1.6502688,"05/16":1.4727992,"05/17":1.4031208,"05/18":1.467147,"05/19":1.4878807,"05/20":1.4878807,"05/21":1.4878807,"05/22":1.3617309,"05/23":1.4614954,"05/24":1.3833635,"05/25":1.3833635,"05/26":1.3786631,"05/27":1.3786631,"05/28":1.3786631,"05/29":1.4341809,"05/30":1.3814797,"05/31":1.2800014,"06/01":1.1946497,"06/02":1.2133948,"06/03":1.2133948,"06/04":1.2133948,"06/05":1.2040169,"06/06":1.1131804,"06/07":1.0841804,"06/08":1.2762415,"06/09":1.3758377,"06/10":1.3758377,"06/11":1.3758377,"06/12":1.2706112,"06/13":1.2190187,"06/14":1.2358943,"06/15":1.3138078,"06/16":1.3175616,"06/17":1.3175616,"06/18":1.3175616,"06/19":1.3222563,"06/20":1.3438721,"06/21":1.3890064,"06/22":1.4888246,"06/23":1.4727992,"06/24":1.4727992,"06/25":1.4727992,"06/26":1.3777213,"06/27":1.3391753,"06/28":1.3185023,"06/29":1.3185023,"06/30":1.5265399,"07/01":1.5265399,"07/02":1.5265399,"07/03":1.4822268,"07/04":1.4944792,"07/05":1.4097083,"07/06":1.590731,"07/07":1.590731,"07/08":1.590731,"07/09":1.590731,"07/10":1.590731,"07/11":1.2987779,"07/12":1.3777213,"07/13":1.1028934,"07/14":1.1459382,"07/15":1.1459382,"07/16":1.1459382,"07/17":0.97489506,"07/18":0.7653878,"07/19":0.78304327,"07/20":0.8025672,"07/21":0.8314059,"07/22":0.8314059,"07/23":0.8314059,"07/24":0.73101634,"07/25":0.8621167,"07/26":0.78862834,"07/27":0.8807387,"07/28":1.1740355,"07/29":1.1740355,"07/30":1.1740355,"07/31":1.1918346,"08/01":1.0813802,"08/02":1.077635,"08/03":1.310986,"08/04":1.2903246,"08/05":1.2903246,"08/06":1.2903246,"08/07":1.2115172,"08/08":1.0692273,"08/09":1.0318421,"08/10":0.95251137,"08/11":1.1318952,"08/12":1.1318952,"08/13":1.1318952,"08/14":1.1141173,"08/15":1.1141173,"08/16":1.1141173,"08/17":1.3354111,"08/18":1.1141173,"08/19":1.1141173,"08/20":1.1141173,"08/21":1.0505358,"08/22":0.99915826,"08/23":0.81373346,"08/24":0.73101634,"08/25":0.79234326,"08/26":0.79234326,"08/27":0.79234326,"08/28":0.6085951,"08/29":0.5308446,"08/30":0.5622993,"08/31":0.46799427,"09/01":0.45875403,"09/02":0.45875403,"09/03":0.45875403,"09/04":0.5068059,"09/05":0.496633,"09/06":0.55119747,"09/07":0.35819063,"09/08":0.46429443,"09/09":0.46429443,"09/10":0.46429443,"09/11":0.6132243,"09/12":4.611242,"09/13":4.622151,"09/14":4.6323047,"09/15":4.611836,"09/16":4.604214,"09/17":4.604214,"09/18":4.608683,"09/19":4.5868926,"09/20":4.586933,"09/21":4.5842314,"09/22":4.5724583,"09/23":4.5740943,"09/24":4.5740943,"09/25":4.5761533,"09/26":4.521852,"09/27":4.238902,"09/28":4.348157,"09/29":4.353533,"09/30":4.444062,"10/01":4.444062,"10/02":4.444062,"10/03":4.6159515,"10/04":4.372896,"10/05":4.3789725,"10/06":4.503342,"10/07":4.583637,"10/08":4.583637,"10/09":4.5782323,"10/10":4.643607,"10/11":4.541694,"10/12":4.533244,"10/13":4.5076475,"10/14":4.617902,"10/15":4.617902,"10/16":4.61743,"10/17":4.3331757,"10/18":4.3390307,"10/19":4.416583,"10/20":4.4667253,"10/21":4.551291,"10/22":4.551291,"10/23":4.549747,"10/24":4.549747,"10/25":4.3057637,"10/26":4.3023276,"10/27":4.208949,"10/28":4.2281594,"10/29":4.2281594,"10/30":4.229312,"10/31":4.298903,"11/01":4.1923776,"11/02":4.1964726,"11/03":4.3960633,"11/04":4.390132,"11/05":4.390132,"11/06":4.396126,"11/07":4.301393,"11/08":4.3058167,"11/09":4.173426,"11/10":4.02246,"11/11":3.845754,"11/12":3.845754,"11/13":3.8506153,"11/14":3.8167396,"11/15":3.7608023,"11/16":3.7534323,"11/17":3.7424831,"11/18":3.8002865,"11/19":3.8002865,"11/20":3.794921,"11/21":3.81103,"11/22":3.7179825,"11/23":3.7186844,"11/24":3.591603,"11/25":3.6605422,"11/26":3.6605422,"11/27":3.6605422,"11/28":3.5719125,"11/29":3.584082,"11/30":3.568199,"12/01":3.381064,"12/02":3.3571343,"12/03":3.3571343,"12/04":3.3625135,"12/05":3.352346,"12/06":3.3935323,"12/07":3.4556975,"12/08":3.4473343,"12/09":3.5017648,"12/10":3.5017648,"12/11":3.5017648,"12/12":3.4515183,"12/13":3.3539064,"12/14":3.2685993,"12/15":3.3434887,"12/16":3.3940547,"12/17":3.3940547,"12/18":3.3940547,"12/19":3.386228,"12/20":3.4107602,"12/21":3.3528626,"12/22":3.3851886,"12/23":3.4107602,"12/24":3.4107602,"12/25":3.4107602,"12/26":3.4138927,"12/27":3.364328,"12/28":3.3904026,"12/29":3.3830993,"12/30":3.3940547,"12/31":3.3940547},"2022":{"09/12":8.649998,"09/13":8.870444,"09/14":9.267349,"09/15":8.914313,"09/16":8.89907,"09/17":8.89907,"09/18":9.011033,"09/19":8.967452,"09/20":9.05475,"09/21":9.146491,"09/22":9.043225,"09/23":9.046497,"09/24":9.046497,"09/25":9.096445,"09/26":8.978685,"09/27":8.333916,"09/28":8.085864,"09/29":8.096616,"09/30":8.277674,"10/01":8.277674,"10/02":8.277674,"10/03":8.7352705,"10/04":8.177941,"10/05":8.347188,"10/06":7.7848487,"10/07":7.9454393,"10/08":7.9454393,"10/09":7.767458,"10/10":8.000642,"10/11":8.072085,"10/12":8.106523,"10/13":8.0487995,"10/14":8.269308,"10/15":8.269308,"10/16":8.255302,"10/17":7.7073107,"10/18":7.6368737,"10/19":7.719986,"10/20":7.8090444,"10/21":7.978175,"10/22":7.978175,"10/23":7.9292107,"10/24":7.9292107,"10/25":7.6496935,"10/26":7.5373,"10/27":7.4532623,"10/28":7.491683,"10/29":7.491683,"10/30":7.529429,"10/31":7.703094,"11/01":7.5012183,"11/02":7.7092576,"11/03":8.224276,"11/04":8.212413,"11/05":8.212413,"11/06":8.378732,"11/07":8.260266,"11/08":8.379563,"11/09":8.191033,"11/10":7.658153,"11/11":7.304741,"11/12":7.304741,"11/13":7.452604,"11/14":7.3848524,"11/15":7.6468186,"11/16":7.6603727,"11/17":7.7232523,"11/18":7.838859,"11/19":7.838859,"11/20":7.6931477,"11/21":7.6897306,"11/22":7.5483975,"11/23":7.5680585,"11/24":7.1566586,"11/25":7.294537,"11/26":7.294537,"11/27":7.294537,"11/28":7.095294,"11/29":7.1956043,"11/30":7.0264587,"12/01":6.507063,"12/02":6.4592037,"12/03":6.4592037,"12/04":6.6389256,"12/05":6.704692,"12/06":6.7870646,"12/07":6.911395,"12/08":6.8946686,