{"0":{"01/01":6.0180726,"01/02":5.9728703,"01/03":5.8196874,"01/04":5.719197,"01/05":5.7715096,"01/06":5.9256043,"01/07":5.9256043,"01/08":5.9256043,"01/09":5.6084666,"01/10":5.412651,"01/11":5.3181276,"01/12":5.238279,"01/13":5.0696435,"01/14":5.0696435,"01/15":5.0696435,"01/16":5.150273,"01/17":5.1875286,"01/18":5.1213155,"01/19":4.8747888,"01/20":5.17821,"01/21":5.17821,"01/22":5.17821,"01/23":5.1958127,"01/24":5.181319,"01/25":5.209273,"01/26":5.209273,"01/27":5.527144,"01/28":5.527144,"01/29":5.527144,"01/30":5.623078,"01/31":5.362773,"02/01":5.0025554,"02/02":4.866555,"02/03":4.757613,"02/04":4.757613,"02/05":4.757613,"02/06":4.8593535,"02/07":4.7945814,"02/08":4.9654303,"02/09":5.0417643,"02/10":5.053127,"02/11":5.053127,"02/12":5.053127,"02/13":5.0139,"02/14":5.0159664,"02/15":4.9015584,"02/16":4.7863703,"02/17":4.862444,"02/18":4.862444,"02/19":4.862444,"02/20":4.7350273,"02/21":4.827477,"02/22":4.9685173,"02/23":4.7956104,"02/24":4.839813,"02/25":4.839813,"02/26":4.839813,"02/27":4.963366,"02/28":4.913912,"03/01":4.8315854,"03/02":4.840843,"03/03":4.7730083,"03/04":4.7730083,"03/05":4.7730083,"03/06":4.745286,"03/07":4.745286,"03/08":4.921121,"03/09":4.9221525,"03/10":4.836734,"03/11":4.836734,"03/12":4.836734,"03/13":4.582325,"03/14":4.4045687,"03/15":4.4025264,"03/16":4.317951,"03/17":4.2813087,"03/18":4.2813087,"03/19":4.2813087,"03/20":4.1502175,"03/21":4.1766186,"03/22":4.1766186,"03/23":4.0853033,"03/24":3.9921315,"03/25":3.9921315,"03/26":3.9921315,"03/27":3.8738859,"03/28":3.8627865,"03/29":3.793183,"03/30":3.793183,"03/31":3.821423,"04/01":3.821423,"04/02":3.821423,"04/03":3.7700121,"04/04":3.7700121,"04/05":3.522756,"04/06":3.3605711,"04/07":3.3605711,"04/08":3.3605711,"04/09":3.3605711,"04/10":3.3315904,"04/11":3.3485804,"04/12":3.351573,"04/13":3.3655665,"04/14":3.3655665,"04/15":3.3655665,"04/16":3.3655665,"04/17":3.3086157,"04/18":3.1978955,"04/19":3.1889257,"04/20":3.1520846,"04/21":2.9999838,"04/22":2.9999838,"04/23":2.9999838,"04/24":2.7761495,"04/25":2.6872718,"04/26":2.6892478,"04/27":2.6488135,"04/28":2.6685328,"04/29":2.6685328,"04/30":2.6685328,"05/01":2.6685328,"05/02":2.5759165,"05/03":2.2393496,"05/04":2.2119732,"05/05":2.2119732,"05/06":2.2119732,"05/07":2.2119732,"05/08":2.2188158,"05/09":2.1943855,"05/10":2.0996923,"05/11":2.0080898,"05/12":1.757525,"05/13":1.757525,"05/14":1.757525,"05/15":1.7333055,"05/16":1.5583386,"05/17":1.4946929,"05/18":1.5438641,"05/19":1.6365701,"05/20":1.6365701,"05/21":1.6365701,"05/22":1.4821572,"05/23":1.6037118,"05/24":1.4792719,"05/25":1.4792719,"05/26":1.5120405,"05/27":1.5120405,"05/28":1.5120405,"05/29":1.5882667,"05/30":1.5274715,"05/31":1.3637809,"06/01":1.3176599,"06/02":1.3474371,"06/03":1.3474371,"06/04":1.3474371,"06/05":1.3628182,"06/06":1.24472,"06/07":1.2245837,"06/08":1.415716,"06/09":1.5322913,"06/10":1.5322913,"06/11":1.5322913,"06/12":1.3810836,"06/13":1.2994082,"06/14":1.3109373,"06/15":1.4166796,"06/16":1.484087,"06/17":1.484087,"06/18":1.484087,"06/19":1.4975792,"06/20":1.5052919,"06/21":1.5139713,"06/22":1.6587979,"06/23":1.5950263,"06/24":1.5950263,"06/25":1.5950263,"06/26":1.5178243,"06/27":1.4869819,"06/28":1.4340097,"06/29":1.4340097,"06/30":1.7187903,"07/01":1.7187903,"07/02":1.7187903,"07/03":1.673305,"07/04":1.6926514,"07/05":1.5834324,"07/06":1.8379978,"07/07":1.8379978,"07/08":1.8379978,"07/09":1.8379978,"07/10":1.8379978,"07/11":1.3397576,"07/12":1.4600066,"07/13":1.1422018,"07/14":1.2102042,"07/15":1.2102042,"07/16":1.2102042,"07/17":1.0322486,"07/18":0.9006274,"07/19":0.96544003,"07/20":1.0064704,"07/21":1.0188799,"07/22":1.0188799,"07/23":1.0188799,"07/24":0.8701497,"07/25":1.0475342,"07/26":0.98451793,"07/27":1.0857593,"07/28":1.3599397,"07/29":1.3599397,"07/30":1.3599397,"07/31":1.4128344,"08/01":1.2811723,"08/02":1.2802112,"08/03":1.5158932,"08/04":1.4917977,"08/05":1.4917977,"08/06":1.4917977,"08/07":1.4195707,"08/08":1.2399184,"08/09":1.2351264,"08/10":1.0762049,"08/11":1.3003696,"08/12":1.3003696,"08/13":1.3003696,"08/14":1.265816,"08/15":1.265816,"08/16":1.265816,"08/17":1.5390433,"08/18":1.3186216,"08/19":1.3186216,"08/20":1.3186216,"08/21":1.2782983,"08/22":1.2427993,"08/23":1.0207921,"08/24":0.96639514,"08/25":1.0389344,"08/26":1.0389344,"08/27":1.0389344,"08/28":0.80355525,"08/29":0.783594,"08/30":0.81877166,"08/31":0.7085791,"09/01":0.7285106,"09/02":0.7285106,"09/03":0.7285106,"09/04":0.8244767,"09/05":0.83018243,"09/06":0.85111505,"09/07":0.62703454,"09/08":0.7408518,"09/09":0.7408518,"09/10":0.7408518,"09/11":0.91587317,"09/12":0.85397387,"09/13":0.67157924,"09/14":0.28430283,"09/15":0.6260859,"09/16":0.6260859,"09/17":0.6260859,"09/18":0.5172515,"09/19":0.5172515,"09/20":0.46151316,"09/21":0.3747131,"09/22":0.43224514,"09/23":0.43224514,"09/24":0.43224514,"09/25":0.38980034,"09/26":0.38696778,"09/27":0.49552006,"09/28":1.0217482,"09/29":1.0217482,"09/30":1.0217482,"10/01":1.0217482,"10/02":1.0217482,"10/03":0.888247,"10/04":0.9387413,"10/05":0.7731452,"10/06":1.652998,"10/07":1.652998,"10/08":1.652998,"10/09":1.8069605,"10/10":1.6414002,"10/11":1.3407105,"10/12":1.3128513,"10/13":1.352249,"10/14":1.352249,"10/15":1.352249,"10/16":1.3695478,"10/17":1.292688,"10/18":1.4012822,"10/19":1.4879467,"10/20":1.4474885,"10/21":3.4012423,"10/22":3.4012423,"10/23":3.4005988,"10/24":3.4005988,"10/25":3.4060178,"10/26":3.4032009,"10/27":3.4057899,"10/28":3.4057899,"10/29":3.4057899,"10/30":3.4059348,"10/31":3.3850658,"11/01":3.3580246,"11/02":3.3399823,"11/03":3.335248,"11/04":3.3273194,"11/05":3.3273194,"11/06":3.331396,"11/07":3.3115501,"11/08":3.3143725,"11/09":3.3008525,"11/10":3.286468,"11/11":3.2790704,"11/12":3.2790704,"11/13":3.283687,"11/14":3.2598858,"11/15":3.264529,"11/16":3.2604802,"11/17":3.2555418,"11/18":3.2475755,"11/19":3.2475755,"11/20":3.2421594,"11/21":3.215649,"11/22":3.209965,"11/23":3.211467,"11/24":3.188854,"11/25":3.1803994,"11/26":3.1803994,"11/27":3.1803994,"11/28":3.1586065,"11/29":3.1553507,"11/30":3.1445584,"12/01":3.1337712,"12/02":3.136405,"12/03":3.136405,"12/04":3.141616,"12/05":3.123384,"12/06":3.1165204,"12/07":3.1091301,"12/08":3.107016,"12/09":3.1725426,"12/10":3.1725426,"12/11":3.1725426,"12/12":3.1291914,"12/13":3.0806406,"12/14":3.0306027,"12/15":3.0690484,"12/16":3.0795898,"12/17":3.0795898,"12/18":3.0795898,"12/19":3.0706265,"12/20":3.0769503,"12/21":3.0506096,"12/22":3.051132,"12/23":3.0553463,"12/24":3.0553463,"12/25":3.0553463,"12/26":3.0337596,"12/27":3.021656,"12/28":3.0127172,"12/29":3.0058823,"12/30":3.0090363,"12/31":3.0090363},"2022":{"10/21":5.3549957,"10/22":5.3549957,"10/23":5.319996,"10/24":5.319996,"10/25":5.5980015,"10/26":5.458002,"10/27":5.586996,"10/28":5.586996,"10/29":5.586996,"10/30":5.593996,"10/31":5.6595025,"11/01":5.599682,"11/02":5.786958,"11/03":5.884999,"11/04":5.8691416,"11/05":5.8691416,"11/06":6.03386,"11/07":6.120019,"11/08":6.2248063,"11/09":6.243018,"11/10":5.9648447,"11/11":5.9500494,"11/12":5.9500494,"11/13":6.1275773,"11/14":6.0799747,"11/15":6.505666,"11/16":6.5200233,"11/17":6.6017556,"11/18":6.585823,"11/19":6.585823,"11/20":6.4084797,"11/21":6.269175,"11/22":6.3309703,"11/23":6.381756,"11/24":6.1686287,"11/25":6.1517196,"11/26":6.1517196,"11/27":6.1517196,"11/28":6.2263765,"11/29":6.2854342,"11/30":6.1354437,"12/01":5.997353,"12/02":6.0026207,"12/03":6.0026207,"12/04":6.1895885,"12/05":6.246768,"12/06":6.233041,"12/07":6.2182603,"12/08":6.214032,"12/09":6.345085,"12/10":6.345085,"12/11":6.345085,"12/12":6.258383,"12/13":6.161281,"12/14":6.0612054,"12/15":6.138097,"12/16":6.1591797,"12/17":6.1591797,"12/18":6.1591797,"12/19":6.141253,"12/20":6.1539006,"12/21":6.101219,"12/22":6.102264,"12/23":6.1106925,"12/24":6.1106925,"12/25":6.1106925,"12/26":6.067519,"12/27":6.043312,"12/28":6.0254345,"12/29":6.0117645,"12/30":6.0180726,"12/31":6.0180726},"2023":{"01/01":6.0180726,"01/02":5.9728703,"01/03":5.8196874,"01/04":5.719197,"01/05":5.7715096,"01/06":5.9256043,"01/07":5.9256043,"01/08":5.9256043,"01/09":5.6084666,"01/10":5.412651,"01/11":5.3181276,"01/12":5.238279,