{"0":{"01/01":7.0009904,"01/02":6.945496,"01/03":6.859525,"01/04":6.7572646,"01/05":6.7384315,"01/06":6.733193,"01/07":6.733193,"01/08":6.8625813,"01/09":6.7619987,"01/10":6.8927674,"01/11":6.7381406,"01/12":6.6754785,"01/13":6.6577315,"01/14":6.6577315,"01/15":6.907216,"01/16":6.926667,"01/17":6.9703245,"01/18":6.9401975,"01/19":6.858784,"01/20":6.847295,"01/21":6.847295,"01/22":6.847295,"01/23":6.85282,"01/24":6.857622,"01/25":6.85493,"01/26":6.85493,"01/27":6.895634,"01/28":6.895634,"01/29":7.044123,"01/30":7.0431895,"01/31":7.0821953,"02/01":7.3511653,"02/02":7.547146,"02/03":7.5534515,"02/04":7.5534515,"02/05":7.4558716,"02/06":7.382175,"02/07":7.437658,"02/08":7.6444016,"02/09":7.6070924,"02/10":7.594494,"02/11":7.594494,"02/12":7.6471987,"02/13":7.7307625,"02/14":7.760193,"02/15":7.8526053,"02/16":7.8108373,"02/17":7.8993406,"02/18":7.8993406,"02/19":7.8993406,"02/20":7.8855615,"02/21":7.8399854,"02/22":8.005972,"02/23":7.9274163,"02/24":7.849505,"02/25":7.849505,"02/26":7.9489975,"02/27":8.021943,"02/28":8.087936,"03/01":8.080556,"03/02":8.077388,"03/03":7.981518,"03/04":7.981518,"03/05":7.981518,"03/06":7.9425936,"03/07":7.9425936,"03/08":7.982572,"03/09":7.9415402,"03/10":7.8081245,"03/11":7.8081245,"03/12":7.8081245,"03/13":7.63842,"03/14":7.5924172,"03/15":7.6687617,"03/16":7.6750393,"03/17":7.5600376,"03/18":7.5600376,"03/19":7.5600376,"03/20":7.4098516,"03/21":7.54959,"03/22":7.54959,"03/23":7.506798,"03/24":7.440064,"03/25":7.440064,"03/26":7.440064,"03/27":7.3068433,"03/28":7.5976496,"03/29":7.507843,"03/30":7.507843,"03/31":7.2310224,"04/01":7.2310224,"04/02":7.2310224,"04/03":7.2974963,"04/04":7.2974963,"04/05":7.1076417,"04/06":6.7793226,"04/07":6.7793226,"04/08":6.7793226,"04/09":6.7793226,"04/10":6.6949916,"04/11":6.634391,"04/12":6.6231046,"04/13":6.6148944,"04/14":6.6148944,"04/15":6.6148944,"04/16":6.6148944,"04/17":6.5697613,"04/18":6.4601707,"04/19":6.407,"04/20":6.3538733,"04/21":6.2294426,"04/22":6.2294426,"04/23":6.2294426,"04/24":5.975379,"04/25":5.8386855,"04/26":5.735646,"04/27":5.6902447,"04/28":5.7033544,"04/29":5.7033544,"04/30":5.7033544,"05/01":5.7033544,"05/02":5.689235,"05/03":5.348507,"05/04":5.5040183,"05/05":5.5040183,"05/06":5.5040183,"05/07":5.5040183,"05/08":5.3976216,"05/09":5.3705444,"05/10":5.3825803,"05/11":5.433727,"05/12":5.2894254,"05/13":5.2894254,"05/14":5.2894254,"05/15":5.1854515,"05/16":5.1495066,"05/17":5.1325374,"05/18":5.1495066,"05/19":4.987066,"05/20":4.987066,"05/21":4.987066,"05/22":4.76664,"05/23":4.854896,"05/24":4.8390155,"05/25":4.8390155,"05/26":4.8152137,"05/27":4.8152137,"05/28":4.8152137,"05/29":4.838022,"05/30":4.82612,"05/31":4.7785287,"06/01":4.7497945,"06/02":4.7428613,"06/03":4.7428613,"06/04":4.7428613,"06/05":4.7220674,"06/06":4.6834755,"06/07":4.7012815,"06/08":4.7398953,"06/09":4.84299,"06/10":4.84299,"06/11":4.84299,"06/12":4.81719,"06/13":4.799345,"06/14":4.799345,"06/15":4.865811,"06/16":4.869787,"06/17":4.869787,"06/18":4.869787,"06/19":4.8519144,"06/20":4.736921,"06/21":4.737912,"06/22":4.8360443,"06/23":4.772584,"06/24":4.772584,"06/25":4.772584,"06/26":4.6993,"06/27":4.680504,"06/28":4.5688415,"06/29":4.5688415,"06/30":4.614273,"07/01":4.614273,"07/02":4.614273,"07/03":4.682485,"07/04":4.6538033,"07/05":4.637984,"07/06":4.7092004,"07/07":4.7092004,"07/08":4.7092004,"07/09":4.7092004,"07/10":4.7092004,"07/11":4.5431857,"07/12":4.5708184,"07/13":4.4741683,"07/14":4.4623485,"07/15":4.4623485,"07/16":4.4623485,"07/17":4.3393493,"07/18":4.1911654,"07/19":4.144149,"07/20":4.122612,"07/21":4.160791,"07/22":4.160791,"07/23":4.160791,"07/24":4.0912976,"07/25":4.147081,"07/26":4.104993,"07/27":4.1402273,"07/28":4.255879,"07/29":4.255879,"07/30":4.255879,"07/31":4.2284126,"08/01":4.135335,"08/02":4.1412077,"08/03":4.1764665,"08/04":4.2078223,"08/05":4.2078223,"08/06":4.2078223,"08/07":4.162752,"08/08":4.130443,"08/09":4.1138015,"08/10":4.096195,"08/11":4.193128,"08/12":4.193128,"08/13":4.193128,"08/14":4.1040134,"08/15":4.1040134,"08/16":4.1040134,"08/17":4.2254763,"08/18":4.171571,"08/19":5.255284,"08/20":5.255284,"08/21":5.256686,"08/22":5.2571726,"08/23":5.2575903,"08/24":5.270075,"08/25":5.263067,"08/26":5.256133,"08/27":5.256133,"08/28":5.2577105,"08/29":5.2381315,"08/30":5.2304726,"08/31":5.2326584,"09/01":5.2177434,"09/02":5.210271,"09/03":5.210271,"09/04":5.2116957,"09/05":5.1880083,"09/06":5.178604,"09/07":5.172764,"09/08":5.164767,"09/09":5.158367,"09/10":5.158367,"09/11":5.158578,"09/12":5.1360064,"09/13":5.131418,"09/14":5.1277695,"09/15":5.1202908,"09/16":5.1144323,"09/17":5.1144323,"09/18":5.1158104,"09/19":5.093955,"09/20":5.0893593,"09/21":5.0855427,"09/22":5.079978,"09/23":5.0725193,"09/24":5.0725193,"09/25":5.073593,"09/26":5.053102,"09/27":5.0503297,"09/28":5.0502043,"09/29":5.046476,"09/30":5.031567,"10/01":5.031567,"10/02":5.031567,"10/03":4.999626,"10/04":4.97862,"10/05":4.980558,"10/06":4.9554186,"10/07":4.9474688,"10/08":4.9474688,"10/09":4.9455605,"10/10":4.924796,"10/11":4.9209976,"10/12":4.9202194,"10/13":4.9153624,"10/14":4.906892,"10/15":4.906892,"10/16":4.907855,"10/17":4.883847,"10/18":4.8746533,"10/19":4.8638024,"10/20":4.855962,"10/21":4.8475056,"10/22":4.8475056,"10/23":4.8477855,"10/24":4.8477855,"10/25":4.8175497,"10/26":4.8178587,"10/27":4.7997627,"10/28":4.790785,"10/29":4.790785,"10/30":4.791728,"10/31":4.7655897,"11/01":4.7560067,"11/02":4.74647,"11/03":4.735651,"11/04":4.725624,"11/05":4.725624,"11/06":4.728212,"11/07":4.7028046,"11/08":4.7038217,"11/09":4.68567,"11/10":4.6774707,"11/11":4.6674423,"11/12":4.6674423,"11/13":4.6681924,"11/14":4.641277,"11/15":4.634739,"11/16":4.6256995,"11/17":4.6122055,"11/18":4.6027327,"11/19":4.6027327,"11/20":4.6027517,"11/21":4.576872,"11/22":4.5688286,"11/23":4.5696754,"11/24":4.550733,"11/25":4.5418077,"11/26":4.5418077,"11/27":4.5418077,"11/28":4.5158157,"11/29":4.5077777,"11/30":4.498093,"12/01":4.486454,"12/02":4.478064,"12/03":4.478064,"12/04":4.479687,"12/05":4.4539194,"12/06":4.445779,"12/07":4.4365883,"12/08":4.4288483,"12/09":4.419945,"12/10":4.419945,"12/11":4.420925,"12/12":4.392606,"12/13":4.3839993,"12/14":4.3785815,"12/15":4.3717337,"12/16":4.3638763,"12/17":4.3638763,"12/18":4.3652563,"12/19":4.339537,"12/20":4.3306456,"12/21":4.3220716,"12/22":4.311799,"12/23":4.3018484,"12/24":4.3018484,"12/25":4.3018484,"12/26":4.274441,"12/27":4.3037395,"12/28":4.314974,"12/29":4.307065,"12/30":4.295531,"12/31":4.295531},"2022":{"08/19":6.338997,"08/20":6.338997,"08/21":6.469002,"08/22":6.5110016,"08/23":6.5460014,"08/24":6.630458,"08/25":6.6904645,"08/26":6.6765976,"08/27":6.6765976,"08/28":6.790593,"08/29":6.799004,"08/30":6.7710705,"08/31":6.9159827,"09/01":6.855173,"09/02":6.840228,"09/03":6.840228,"09/04":6.931138,"09/05":6.9040637,"09/06":6.8320727,"09/07":6.950841,"09/08":6.903951,"09/09":6.8911514,"09/10":6.8911514,"09/11":6.904124,"09/12":6.8483644,"09/13":6.8835816,"09/14":7.002521,"09/15":6.865192,"09/16":6.853475,"09/17":6.853475,"09/18":6.936237,"09/19":6.892527,"09/20":6.924737,"09/21":6.9421186,"09/22":6.947345,"09/23":6.9324274,"09/24":6.9324274,"09/25":6.9932003,"09/26":7.052019,"09/27":7.095348,"09/28":6.9781084,"09/29":6.970652,"09/30":6.9408345,"10/01":6.9408345,"10/02":6.9408345,"10/03":7.0437174,"10/04":7.0160575,"10/05":7.1155076,"10/06":6.6241245,"10/07":6.608225,"10/08":6.608225,"10/09":6.480989,"10/10":6.466482,"10/11":6.588978,"10/12":6.572018,"10/13":6.5892525,"10/14":6.5723114,"10/15":6.5723114,"10/16":6.6328964,"10/17":6.63676,"10/18":6.6068435,"10/19":6.5034456,"10/20":6.5262313,"10/21":6.5093193,"10/22":6.5093193,"10/23":6.5271726,"10/24":6.5271726,"10/25":6.555024,"10/26":6.5738606,"10/27":6.5606804,"10/28":6.542724,"10/29":6.542724,"10/30":6.5992136,"10/31":6.5919123,"11/01":6.567966,"11/02":6.6349187,"11/03":6.6562448,"11/04":6.636191,"11/05":6.636191,"11/06":6.775735,"11/07":6.748714,"11/08":6.80114,"11/09":6.8322716,"11/10":6.8025837,"11/11":6.7825265,"11/12":6.7825265,"11/13":6.820095,"11/14":6.7662644,"11/15":6.8915143,"11/16":6.8705935,"11/17":6.6255116,