{"0":{"01/01":11.373272,"01/02":11.406415,"01/03":11.423352,"01/04":11.406656,"01/05":11.406656,"01/06":11.509533,"01/07":11.754254,"01/08":11.525297,"01/09":11.459891,"01/10":11.313201,"01/11":11.214561,"01/12":11.214561,"01/13":10.590256,"01/14":10.584283,"01/15":10.353868,"01/16":10.697987,"01/17":10.620324,"01/18":10.703855,"01/19":10.621424,"01/20":10.84382,"01/21":11.186351,"01/22":11.421652,"01/23":11.196576,"01/24":11.273573,"01/25":11.087589,"01/26":11.087589,"01/27":11.389236,"01/28":11.301209,"01/29":10.929636,"01/30":10.885159,"01/31":10.569845,"02/01":9.685266,"02/02":9.388206,"02/03":9.394049,"02/04":9.384313,"02/05":9.60777,"02/06":9.799524,"02/07":9.270826,"02/08":9.199669,"02/09":9.348449,"02/10":9.318276,"02/11":9.320225,"02/12":9.317902,"02/13":9.175537,"02/14":9.3040495,"02/15":8.927703,"02/16":8.961526,"02/17":9.047869,"02/18":9.047869,"02/19":9.047869,"02/20":8.767021,"02/21":8.476872,"02/22":8.480024,"02/23":8.502061,"02/24":8.584288,"02/25":8.523344,"02/26":8.455147,"02/27":8.357195,"02/28":8.206466,"02/29":8.232616,"03/01":8.066492,"03/02":8.066492,"03/03":8.025948,"03/04":7.921763,"03/05":8.041248,"03/06":8.342808,"03/07":8.245793,"03/08":8.245793,"03/09":8.245793,"03/10":8.320826,"03/11":8.26941,"03/12":8.555344,"03/13":8.719316,"03/14":8.729762,"03/15":8.789381,"03/16":8.789381,"03/17":9.023132,"03/18":9.19051,"03/19":9.822939,"03/20":10.046786,"03/21":9.764499,"03/22":9.9295435,"03/23":9.9295435,"03/24":9.974841,"03/25":9.970024,"03/26":10.343569,"03/27":10.30053,"03/28":10.174187,"03/29":10.174187,"03/30":10.174187,"03/31":10.130916,"04/01":10.130916,"04/02":10.626773,"04/03":10.641675,"04/04":10.587406,"04/05":10.737568,"04/06":10.737568,"04/07":10.737568,"04/08":11.003748,"04/09":11.003748,"04/10":10.750363,"04/11":10.750363,"04/12":11.259362,"04/13":11.259362,"04/14":11.259362,"04/15":11.100269,"04/16":11.201255,"04/17":11.201255,"04/18":11.136776,"04/19":11.421063,"04/20":11.421063,"04/21":11.421063,"04/22":11.160412,"04/23":10.974815,"04/24":11.102408,"04/25":11.149664,"04/26":11.173306,"04/27":11.173306,"04/28":11.173306,"04/29":11.035896,"04/30":11.084169,"05/01":11.084169,"05/02":10.854995,"05/03":10.626773,"05/04":10.626773,"05/05":10.626773,"05/06":10.168901,"05/07":10.289361,"05/08":10.323217,"05/09":10.24601,"05/10":10.073991,"05/11":10.073991,"05/12":10.073991,"05/13":9.921424,"05/14":9.749367,"05/15":9.564276,"05/16":9.414159,"05/17":9.544447,"05/18":9.544447,"05/19":9.544447,"05/20":9.544447,"05/21":9.348612,"05/22":9.028245,"05/23":9.028245,"05/24":8.89093,"05/25":8.89093,"05/26":8.89093,"05/27":8.735445,"05/28":8.78482,"05/29":8.897116,"05/30":8.903302,"05/31":8.846608,"06/01":8.846608,"06/02":8.846608,"06/03":8.463655,"06/04":9.217751,"06/05":9.003436,"06/06":8.774535,"06/07":8.704605,"06/08":8.704605,"06/09":8.704605,"06/10":8.665575,"06/11":8.507666,"06/12":8.472866,"06/13":8.286957,"06/14":8.146408,"06/15":8.146408,"06/16":8.146408,"06/17":8.146408,"06/18":7.9798684,"06/19":7.7269654,"06/20":7.6392417,"06/21":7.4571714,"06/22":7.4571714,"06/23":7.4571714,"06/24":7.329792,"06/25":7.3969593,"06/26":7.4551697,"06/27":7.4401083,"06/28":7.558692,"06/29":7.558692,"06/30":7.558692,"07/01":7.55567,"07/02":7.4762607,"07/03":7.392942,"07/04":7.4370933,"07/05":7.522485,"07/06":7.522485,"07/07":7.522485,"07/08":7.3949504,"07/09":7.351837,"07/10":7.2817287,"07/11":7.2987514,"07/12":7.306763,"07/13":7.306763,"07/14":7.306763,"07/15":7.213715,"07/16":7.213715,"07/17":7.213715,"07/18":7.0032077,"07/19":6.923607,"07/20":6.923607,"07/21":6.923607,"07/22":6.811377,"07/23":6.901747,"07/24":6.832226,"07/25":6.832226,"07/26":6.6894884,"07/27":6.6894884,"07/28":6.6894884,"07/29":6.609373,"07/30":6.8094,"07/31":6.7816286,"08/01":6.7637777,"08/02":6.6311135,"08/03":6.6311135,"08/04":6.6311135,"08/05":6.2429576,"08/06":6.2537518,"08/07":6.153697,"08/08":6.2223473,"08/09":6.260625,"08/10":6.260625,"08/11":6.260625,"08/12":6.1801705,"08/13":6.1801705,"08/14":5.983461,"08/15":5.983461,"08/16":5.947337,"08/17":5.947337,"08/18":5.947337,"08/19":5.697054,"08/20":5.4827833,"08/21":5.4247537,"08/22":5.422818,"08/23":5.439255,"08/24":5.439255,"08/25":5.439255,"08/26":5.4257216,"08/27":5.489557,"08/28":5.4982605,"08/29":5.5147214,"08/30":5.526338,"08/31":5.526338,"09/01":5.526338,"09/02":5.5466785,"09/03":5.429584,"09/04":5.2404647,"09/05":5.2404647,"09/06":5.226982,"09/07":5.226982,"09/08":5.226982,"09/09":5.1509733,"09/10":5.0529838,"09/11":4.8384423,"09/12":4.708608,"09/13":4.5686383,"09/14":4.5686383,"09/15":4.5686383,"09/16":4.3191504,"09/17":4.3977575,"09/18":4.3977575,"09/19":4.1934347,"09/20":4.191544,"09/21":4.191544,"09/22":4.191544,"09/23":4.0746145,"09/24":3.9485462,"09/25":3.6552558,"09/26":3.444516,"09/27":3.79841,"09/28":3.79841,"09/29":3.79841,"09/30":3.6347024,"10/01":3.407309,"10/02":3.407309,"10/03":3.675817,"10/04":4.176439,"10/05":4.176439,"10/06":4.176439,"10/07":4.1943803,"10/08":3.9485462,"10/09":3.7029328,"10/10":3.7646983,"10/11":3.8452797,"10/12":3.8452797,"10/13":3.8452797,"10/14":3.6851692,"10/15":3.5908258,"10/16":3.5628347,"10/17":3.7122898,"10/18":3.9072149,"10/19":3.9072149,"10/20":3.9072149,"10/21":3.8743632,"10/22":3.8134058,"10/23":3.745039,"10/24":3.7834272,"10/25":3.9569974,"10/26":3.9569974,"10/27":3.9569974,"10/28":4.0981646,"10/29":3.961703,"10/30":3.961703,"10/31":3.8856218,"11/01":3.8856218,"11/02":3.8856218,"11/03":3.8856218,"11/04":3.72445,"11/05":3.72445,"11/06":3.7637608,"11/07":3.7731197,"11/08":3.684233,"11/09":3.684233,"11/10":3.684233,"11/11":3.5731006,"11/12":3.64778,"11/13":3.7806134,"11/14":4.1292696,"11/15":4.1292696,"11/16":4.1292696,"11/17":4.1292696,"11/18":3.9861436,"11/19":3.950419,"11/20":3.950419,"11/21":4.117958,"11/22":4.1585126,"11/23":4.1585126,"11/24":4.1585126,"11/25":3.9701564,"11/26":3.9899013,"11/27":3.890321,"11/28":3.9400873,"11/29":3.6533933,"11/30":3.6533933,"12/01":3.6533933,"12/02":3.2596684,"12/03":3.2383435,"12/04":2.9453588,"12/05":2.8726003,"12/06":3.233712,"12/07":3.233712,"12/08":3.233712,"12/09":2.9776251,"12/10":2.9158792,"12/11":3.0136082,"12/12":3.0366805,"12/13":2.8312082,"12/14":2.8312082,"12/15":2.8312082,"12/16":2.8312082,"12/17":2.9453588,"12/18":2.87813,"12/19":3.218883,"12/20":3.3292563,"12/21":3.3292563,"12/22":3.3292563,"12/23":3.2439036,"12/24":3.291203,"12/25":3.291203,"12/26":7.305781,"12/27":7.3077,"12/28":7.299911,"12/29":7.300468,"12/30":7.305954,"12/31":7.313241},"2023":{"12/26":11.233997,"12/27":11.288004,"12/28":11.272426,"12/29":11.27354,"12/30":11.424516,"12/31":11.617495},"2024":{"01/01":11.373272,"01/02":11.406415,"01/03":11.423352,"01/04":11.406656,"01/05":11.406656,"01/06":11.509533,"01/07":11.754254,"01/08":11.525297,"01/09":11.459891,"01/10":11.313201,"01/11":11.214561,"01/12":11.214561,"01/13":10.590256,"01/14":10.584283,"01/15":10.353868,"01/16":10.697987,"01/17":10.620324,"01/18":10.703855,"01/19":10.621424,"01/20":10.84382,"01/21":11.186351,"01/22":11.421652,"01/23":11.196576,"01/24":11.273573,"01/25":11.087589,"01/26":11.087589,"01/27":11.389236,"01/28":11.301209,"01/29":10.929636,"01/30":10.885159,"01/31":10.569845,"02/01":9.685266,"02/02":9.388206,"02/03":9.394049,"02/04":9.384313,"02/05":9.60777,"02/06":9.799524,"02/07":9.270826,"02/08":9.199669,"02/09":9.348449,"02/10":9.318276,"02/11":9.320225,"02/12":9.317902,"02/13":9.175537,"02/14":9.3040495,"02/15":8.927703,"02/16":8.961526,"02/17":9.047869,"02/18":9.047869,"02/19":9.047869,"02/20":8.767021,"02/21":8.476872,"02/22":8.480024,"02/23":8.502061,"02/24":8.584288,"02/25":8.523344,"02/26":8.455147,"02/27":8.357195,"02/28":8.206466,"02/29":8.232616,"03/01":8.066492,"03/02":8.066492,"03/03":8.025948,"03/04":7.921763,"03/05":8.041248,"03/06":8.342808,"03/07":8.245793,"03/08":8.245793,"03/09":8.245793,"03/10":8.320826,"03/11":8.26941,"03/12":8.555344,"03/13":8.719316,"03/14":8.729762,"03/15":8.789381,"03/16":8.789381,"03/17":9.023132,"03/18":9.19051,"03/19":9.822939,"03/20":10.046786,"03/21":9.764499,"03/22":9.9295435,"03/23":9.9295435,"03/24":9.974841,"03/25":9.970024,