{"0":{"01/01":24.88402,"01/02":26.510597,"01/03":25.351929,"01/04":25.052288,"01/05":25.052288,"01/06":22.46867,"01/07":22.661898,"01/08":24.333792,"01/09":24.087666,"01/10":22.532791,"01/11":22.359264,"01/12":22.359264,"01/13":20.159698,"01/14":21.102797,"01/15":19.068031,"01/16":19.85398,"01/17":21.344694,"01/18":21.282713,"01/19":19.765419,"01/20":20.794931,"01/21":19.56664,"01/22":20.261883,"01/23":21.465816,"01/24":19.524815,"01/25":21.222965,"01/26":21.222965,"01/27":19.781183,"01/28":19.985579,"01/29":20.106424,"01/30":21.452112,"01/31":21.532785,"02/01":21.19065,"02/02":20.495607,"02/03":20.406546,"02/04":21.467436,"02/05":21.255526,"02/06":20.193008,"02/07":20.027506,"02/08":20.962029,"02/09":20.606337,"02/10":20.040781,"02/11":18.419556,"02/12":19.514145,"02/13":18.896084,"02/14":17.619213,"02/15":17.090027,"02/16":16.93662,"02/17":16.978342,"02/18":16.978342,"02/19":16.978342,"02/20":16.253035,"02/21":16.153778,"02/22":15.295152,"02/23":15.5322,"02/24":14.6463995,"02/25":14.151619,"02/26":14.561052,"02/27":14.841647,"02/28":13.746649,"02/29":12.969069,"03/01":11.924747,"03/02":11.924747,"03/03":11.680464,"03/04":11.529817,"03/05":13.018059,"03/06":13.580385,"03/07":13.837485,"03/08":13.837485,"03/09":13.837485,"03/10":13.647063,"03/11":14.477593,"03/12":14.817069,"03/13":15.424761,"03/14":15.058388,"03/15":15.76069,"03/16":15.76069,"03/17":16.833023,"03/18":18.21201,"03/19":19.748375,"03/20":20.577429,"03/21":20.59607,"03/22":20.184668,"03/23":20.184668,"03/24":22.193613,"03/25":22.159595,"03/26":21.88687,"03/27":22.112,"03/28":20.716614,"03/29":20.716614,"03/30":20.716614,"03/31":20.711937,"04/01":20.711937,"04/02":19.494797,"04/03":19.359932,"04/04":19.23904,"04/05":18.234709,"04/06":18.234709,"04/07":18.234709,"04/08":17.61735,"04/09":17.61735,"04/10":17.086536,"04/11":17.086536,"04/12":18.4086,"04/13":18.4086,"04/14":18.4086,"04/15":19.722937,"04/16":20.117046,"04/17":20.117046,"04/18":21.018642,"04/19":20.132076,"04/20":20.132076,"04/21":20.132076,"04/22":19.675863,"04/23":19.145693,"04/24":18.90615,"04/25":18.208948,"04/26":18.037878,"04/27":18.037878,"04/28":18.037878,"04/29":17.10412,"04/30":16.845346,"05/01":16.845346,"05/02":16.389822,"05/03":16.812542,"05/04":16.812542,"05/05":16.812542,"05/06":17.038218,"05/07":17.348581,"05/08":17.075558,"05/09":18.67547,"05/10":18.104902,"05/11":18.104902,"05/12":18.104902,"05/13":17.80388,"05/14":17.170086,"05/15":17.109612,"05/16":16.055357,"05/17":15.42525,"05/18":15.42525,"05/19":15.42525,"05/20":15.42525,"05/21":15.463687,"05/22":15.151516,"05/23":15.151516,"05/24":13.862358,"05/25":13.862358,"05/26":13.862358,"05/27":13.896647,"05/28":13.820819,"05/29":14.712237,"05/30":15.29301,"05/31":15.270645,"06/01":15.270645,"06/02":15.270645,"06/03":12.079901,"06/04":17.637302,"06/05":13.958016,"06/06":12.575326,"06/07":10.647882,"06/08":10.647882,"06/09":10.647882,"06/10":10.643962,"06/11":10.777542,"06/12":10.551822,"06/13":10.354344,"06/14":9.873399,"06/15":9.873399,"06/16":9.873399,"06/17":9.873399,"06/18":9.4158,"06/19":9.082014,"06/20":8.7246685,"06/21":9.105852,"06/22":9.105852,"06/23":9.105852,"06/24":8.242765,"06/25":7.7781463,"06/26":7.6990824,"06/27":7.021147,"06/28":6.756554,"06/29":6.756554,"06/30":6.756554,"07/01":5.678024,"07/02":5.884254,"07/03":4.581609,"07/04":3.9890058,"07/05":4.055772,"07/06":4.055772,"07/07":4.055772,"07/08":3.5635483,"07/09":3.020647,"07/10":3.3576858,"07/11":3.0725577,"07/12":2.588726,"07/13":2.588726,"07/14":2.588726,"07/15":2.0342774,"07/16":2.0342774,"07/17":2.0342774,"07/18":1.4346471,"07/19":1.9634131,"07/20":1.9634131,"07/21":1.9634131,"07/22":1.5056047,"07/23":1.5882384,"07/24":1.5898868,"07/25":1.5898868,"07/26":0.07618871,"07/27":0.07618871,"07/28":0.07618871,"07/29":-0.013616387,"07/30":0.028857293,"07/31":-0.2820672,"08/01":-0.120851316,"08/02":0.62329215,"08/03":0.62329215,"08/04":0.62329215,"08/05":2.9535093,"08/06":3.2678792,"08/07":1.8327876,"08/08":1.9800769,"08/09":1.2601541,"08/10":1.2601541,"08/11":1.2601541,"08/12":1.1624718,"08/13":2.381678,"08/14":2.1152642,"08/15":2.1152642,"08/16":0.41197225,"08/17":0.41197225,"08/18":0.41197225,"08/19":0.54708743,"08/20":-0.0936656,"08/21":-0.1687963,"08/22":-0.38634634,"08/23":-0.017619602,"08/24":-0.017619602,"08/25":-0.017619602,"08/26":-0.4872292,"08/27":-0.7768144,"08/28":-0.8170356,"08/29":-1.1039299,"08/30":-1.4413537,"08/31":-1.4413537,"09/01":-1.4413537,"09/02":-2.1162384,"09/03":-2.3452706,"09/04":-2.133896,"09/05":-2.133896,"09/06":-0.90996546,"09/07":-0.90996546,"09/08":-0.90996546,"09/09":-0.86982715,"09/10":-1.1650245,"09/11":-0.71919346,"09/12":-1.9670657,"09/13":-1.71846,"09/14":-1.71846,"09/15":-1.71846,"09/16":-1.8390619,"09/17":-1.9485763,"09/18":-1.9485763,"09/19":-2.3643682,"09/20":-3.6578376,"09/21":-3.6578376,"09/22":-3.6578376,"09/23":-4.3248205,"09/24":-4.1123614,"09/25":-4.4127626,"09/26":-5.099697,"09/27":-4.685086,"09/28":-4.685086,"09/29":-4.685086,"09/30":-3.7900517,"10/01":-4.1447706,"10/02":-4.1447706,"10/03":-2.664416,"10/04":-1.6665686,"10/05":-1.6665686,"10/06":-1.6665686,"10/07":-0.45626718,"10/08":-1.1971065,"10/09":-1.375925,"10/10":-2.066313,"10/11":-1.8606766,"10/12":-1.8606766,"10/13":-1.8606766,"10/14":-2.2710896,"10/15":-2.2435281,"10/16":-1.8807368,"10/17":-0.9736606,"10/18":-1.0388381,"10/19":-1.0388381,"10/20":-1.0388381,"10/21":-0.598201,"10/22":0.64358443,"10/23":0.6484536,"10/24":0.78419864,"10/25":1.1862605,"10/26":1.1862605,"10/27":1.1862605,"10/28":0.94888353,"10/29":0.007214673,"10/30":0.007214673,"10/31":1.0428843,"11/01":1.0428843,"11/02":1.0428843,"11/03":1.0428843,"11/04":1.2445474,"11/05":0.23131795,"11/06":-0.49436516,"11/07":0.13963266,"11/08":0.47827306,"11/09":0.47827306,"11/10":0.47827306,"11/11":-0.61719555,"11/12":0.6695615,"11/13":2.106077,"11/14":2.00259,"11/15":2.00259,"11/16":2.00259,"11/17":2.00259,"11/18":2.3581648,"11/19":2.0851908,"11/20":2.0851908,"11/21":2.5617492,"11/22":0.7248199,"11/23":0.7248199,"11/24":0.7248199,"11/25":-0.42290658,"11/26":-0.17837672,"11/27":-0.24540348,"11/28":0.7036811,"11/29":0.11552919,"11/30":0.11552919,"12/01":0.11552919,"12/02":-0.123252705,"12/03":-0.93277884,"12/04":-0.95794314,"12/05":-1.5735058,"12/06":-1.5766077,"12/07":-1.5766077,"12/08":-1.5766077,"12/09":-1.8151169,"12/10":-1.9177525,"12/11":-1.9162086,"12/12":-1.700652,"12/13":-2.2404609,"12/14":-2.2404609,"12/15":-2.2404609,"12/16":-2.2404609,"12/17":-1.3010375,"12/18":-0.6132402,"12/19":-0.25258175,"12/20":1.5435951,"12/21":1.5435951,"12/22":1.5435951,"12/23":0.68580496,"12/24":0.93419003,"12/25":0.93419003,"12/26":12.327387,"12/27":12.338136,"12/28":12.328821,"12/29":12.323234,"12/30":12.40462,"12/31":12.357987},"2023":{"12/26":24.084997,"12/27":24.197998,"12/28":24.179369,"12/29":24.168194,"12/30":24.997995,"12/31":24.528109},"2024":{"01/01":24.88402,"01/02":26.510597,"01/03":25.351929,"01/04":25.052288,"01/05":25.052288,"01/06":22.46867,"01/07":22.661898,"01/08":24.333792,"01/09":24.087666,"01/10":22.532791,"01/11":22.359264,"01/12":22.359264,"01/13":20.159698,"01/14":21.102797,"01/15":19.068031,"01/16":19.85398,"01/17":21.344694,"01/18":21.282713,"01/19":19.765419,"01/20":20.794931,"01/21":19.56664,"01/22":20.261883,"01/23":21.465816,"01/24":19.524815,"01/25":21.222965,"01/26":21.222965,"01/27":19.781183,"01/28":19.985579,"01/29":20.106424,"01/30":21.452112,"01/31":21.532785,"02/01":21.19065,"02/02":20.495607,"02/03":20.406546,"02/04":21.467436,"02/05":21.255526,"02/06":20.193008,"02/07":20.027506,"02/08":20.962029,"02/09":20.606337,"02/10":20.040781,"02/11":18.419556,"02/12":19.514145,"02/13":18.896084,"02/14":17.619213,"02/15":17.090027,"02/16":16.93662,"02/17":16.978342,"02/18":16.978342,"02/19":16.978342,"02/20":16.253035,"02/21":16.153778,"02/22":15.295152,"02/23":15.5322,"02/24":14.6463995,"02/25":14.151619,"02/26":14.561052,"02/27":14.841647,"02/28":13.746649,"02/29":12.969069,"03/01":11.924747,"03/02":11.924747,"03/03":11.680464,"03/04":11.529817,"03/05":13.018059,"03/06":13.580385,"03/07":13.837485,"03/08":13.837485,