{"0":{"01/01":6.1078887,"01/02":6.048398,"01/03":6.0632715,"01/04":5.965389,"01/05":5.9475694,"01/06":5.9308047,"01/07":5.9308047,"01/08":6.0168242,"01/09":5.9961843,"01/10":6.0001745,"01/11":5.8964744,"01/12":5.879734,"01/13":5.8629985,"01/14":5.8629985,"01/15":6.0210385,"01/16":5.999362,"01/17":5.9707866,"01/18":6.070444,"01/19":5.9648895,"01/20":5.9481697,"01/21":5.9481697,"01/22":5.9481697,"01/23":6.043781,"01/24":6.0102344,"01/25":6.014163,"01/26":6.014163,"01/27":5.977599,"01/28":5.977599,"01/29":6.084019,"01/30":6.0946317,"01/31":6.1546645,"02/01":6.4352217,"02/02":6.573934,"02/03":6.556107,"02/04":6.556107,"02/05":6.659454,"02/06":6.577602,"02/07":6.6109285,"02/08":6.5066247,"02/09":6.5045524,"02/10":6.485699,"02/11":6.485699,"02/12":6.525031,"02/13":6.4812837,"02/14":6.4006186,"02/15":6.459475,"02/16":6.530021,"02/17":6.5122437,"02/18":6.5122437,"02/19":6.5122437,"02/20":6.5344987,"02/21":6.5990953,"02/22":6.645994,"02/23":6.606569,"02/24":6.58879,"02/25":6.58879,"02/26":6.654507,"02/27":6.632288,"02/28":6.6813,"03/01":6.717626,"03/02":6.699856,"03/03":6.6820827,"03/04":6.743799,"03/05":6.7457514,"03/06":6.7902374,"03/07":6.815692,"03/08":6.7738676,"03/09":6.752972,"03/10":6.7331305,"03/11":6.8613033,"03/12":6.8622737,"03/13":6.801276,"03/14":6.766635,"03/15":6.8541183,"03/16":6.8426356,"03/17":6.823839,"03/18":6.823839,"03/19":6.7837815,"03/20":6.90598,"03/21":6.9093184,"03/22":6.962036,"03/23":6.9067125,"03/24":6.8816876,"03/25":6.8816876,"03/26":6.9207077,"03/27":6.8644032,"03/28":6.866491,"03/29":6.8904657,"03/30":6.8904657,"03/31":6.7883987,"04/01":6.7883987,"04/02":6.7883987,"04/03":6.679257,"04/04":6.679257,"04/05":6.624246,"04/06":6.608687,"04/07":6.608687,"04/08":6.608687,"04/09":6.608687,"04/10":6.5113034,"04/11":6.488535,"04/12":6.4688826,"04/13":6.444061,"04/14":6.444061,"04/15":6.444061,"04/16":6.444061,"04/17":6.368643,"04/18":6.346967,"04/19":6.3304667,"04/20":6.3139606,"04/21":6.2953954,"04/22":6.2953954,"04/23":6.2953954,"04/24":6.2438827,"04/25":6.2263722,"04/26":6.21093,"04/27":6.1934404,"04/28":6.175947,"04/29":6.175947,"04/30":6.175947,"05/01":6.175947,"05/02":6.101937,"05/03":6.081399,"05/04":6.0618963,"05/05":6.0618963,"05/06":6.0618963,"05/07":6.0618963,"05/08":5.983949,"05/09":5.962431,"05/10":5.9429626,"05/11":5.924536,"05/12":5.905092,"05/13":5.905092,"05/14":5.905092,"05/15":5.8478146,"05/16":5.828388,"05/17":5.8038745,"05/18":5.7773175,"05/19":5.752827,"05/20":5.752827,"05/21":5.752827,"05/22":5.6885796,"05/23":5.6580105,"05/24":5.640693,"05/25":5.640693,"05/26":5.601,"05/27":5.601,"05/28":5.601,"05/29":5.5643816,"05/30":5.5369368,"05/31":5.5013795,"06/01":5.4617815,"06/02":5.3715434,"06/03":5.3715434,"06/04":5.3715434,"06/05":5.3674955,"06/06":5.26225,"06/07":5.2491007,"06/08":5.407013,"06/09":5.486147,"06/10":5.486147,"06/11":5.486147,"06/12":5.4871635,"06/13":5.450624,"06/14":5.431353,"06/15":5.4191766,"06/16":5.4354057,"06/17":5.4354057,"06/18":5.4354057,"06/19":5.381679,"06/20":5.361419,"06/21":5.300676,"06/22":5.323953,"06/23":5.352301,"06/24":5.352301,"06/25":5.352301,"06/26":5.3543296,"06/27":5.3441987,"06/28":5.2632527,"06/29":5.2632527,"06/30":5.302702,"07/01":5.302702,"07/02":5.302702,"07/03":5.3279977,"07/04":5.290565,"07/05":5.2420263,"07/06":5.3360977,"07/07":5.3360977,"07/08":5.3360977,"07/09":5.3360977,"07/10":5.3360977,"07/11":5.231927,"07/12":5.2470865,"07/13":5.113837,"07/14":5.074538,"07/15":5.074538,"07/16":5.074538,"07/17":4.9517784,"07/18":4.8503747,"07/19":4.839337,"07/20":4.809266,"07/21":4.844358,"07/22":4.844358,"07/23":4.844358,"07/24":4.783206,"07/25":4.822296,"07/26":4.8032446,"07/27":4.7842093,"07/28":4.941735,"07/29":4.941735,"07/30":4.941735,"07/31":4.8624105,"08/01":4.7982364,"08/02":4.7511625,"08/03":4.861406,"08/04":4.943747,"08/05":4.943747,"08/06":4.943747,"08/07":4.874449,"08/08":4.8804784,"08/09":4.8563924,"08/10":4.8242946,"08/11":4.884489,"08/12":4.884489,"08/13":4.884489,"08/14":4.8714437,"08/15":4.8714437,"08/16":4.8714437,"08/17":4.9286747,"08/18":4.8072586,"08/19":4.8072586,"08/20":4.8072586,"08/21":4.7641783,"08/22":4.758171,"08/23":4.6721263,"08/24":4.6941247,"08/25":4.706125,"08/26":4.706125,"08/27":4.706125,"08/28":4.5852323,"08/29":4.43574,"08/30":4.4238024,"08/31":4.3949556,"09/01":4.3750734,"09/02":4.3750734,"09/03":4.3750734,"09/04":4.322412,"09/05":4.322412,"09/06":4.316456,"09/07":4.2053704,"09/08":4.159809,"09/09":4.159809,"09/10":4.159809,"09/11":4.198436,"09/12":4.198436,"09/13":4.151899,"09/14":4.060919,"09/15":4.211314,"09/16":4.211314,"09/17":4.211314,"09/18":4.084632,"09/19":4.084632,"09/20":4.0194383,"09/21":3.9957457,"09/22":4.0026536,"09/23":4.0026536,"09/24":4.0026536,"09/25":3.9543169,"09/26":3.9543169,"09/27":3.910948,"09/28":4.023383,"09/29":4.023383,"09/30":4.023383,"10/01":4.023383,"10/02":4.023383,"10/03":3.8380992,"10/04":3.8420308,"10/05":3.7604342,"10/06":4.1934853,"10/07":4.1934853,"10/08":4.1934853,"10/09":4.286675,"10/10":4.2430377,"10/11":4.1004524,"10/12":4.0352297,"10/13":3.970098,"10/14":3.970098,"10/15":3.970098,"10/16":3.9079978,"10/17":3.8125293,"10/18":3.906025,"10/19":3.9286897,"10/20":3.9493897,"10/21":4.691694,"10/22":4.691694,"10/23":4.691902,"10/24":4.691902,"10/25":4.6924686,"10/26":4.6925735,"10/27":4.692663,"10/28":4.692663,"10/29":4.692663,"10/30":4.6932445,"10/31":4.6710696,"11/01":4.6441364,"11/02":4.6250076,"11/03":4.627836,"11/04":4.619926,"11/05":4.619926,"11/06":4.6208787,"11/07":4.5972786,"11/08":4.5980177,"11/09":4.5824842,"11/10":4.575329,"11/11":4.567417,"11/12":4.567417,"11/13":4.567939,"11/14":4.544208,"11/15":4.5381465,"11/16":4.5333014,"11/17":4.5258102,"11/18":4.5178976,"11/19":4.5178976,"11/20":4.5178723,"11/21":4.4941607,"11/22":4.4854274,"11/23":4.485366,"11/24":4.4678793,"11/25":4.4594646,"11/26":4.4594646,"11/27":4.4594646,"11/28":4.43488,"11/29":4.4281883,"11/30":4.4201,"12/01":4.4117055,"12/02":4.4038196,"12/03":4.4038196,"12/04":4.4040174,"12/05":4.380302,"12/06":4.372929,"12/07":4.365827,"12/08":4.3578167,"12/09":4.349414,"12/10":4.349414,"12/11":4.3496184,"12/12":4.323469,"12/13":4.3160086,"12/14":4.310354,"12/15":4.302585,"12/16":4.2941804,"12/17":4.2941804,"12/18":4.295465,"12/19":4.269161,"12/20":4.260591,"12/21":4.2524924,"12/22":4.2451897,"12/23":4.2367835,"12/24":4.2367835,"12/25":4.2367835,"12/26":4.211545,"12/27":4.2025046,"12/28":4.1948223,"12/29":4.1871357,"12/30":4.177687,"12/31":4.177687},"2022":{"10/21":5.433998,"10/22":5.433998,"10/23":5.4629993,"10/24":5.4629993,"10/25":5.5370045,"10/26":5.550003,"10/27":5.560999,"10/28":5.560999,"10/29":5.560999,"10/30":5.628996,"10/31":5.6425724,"11/01":5.5867414,"11/02":5.589678,"11/03":5.615921,"11/04":5.6001,"11/05":5.6001,"11/06":5.6979613,"11/07":5.6644554,"11/08":5.735325,"11/09":5.73062,"11/10":5.7368035,"11/11":5.7209806,"11/12":5.7209806,"11/13":5.7678723,"11/14":5.7204103,"11/15":5.819311,"11/16":5.8436584,"11/17":5.861719,"11/18":5.8458934,"11/19":5.8458934,"11/20":5.8438973,"11/21":5.838237,"11/22":5.7974615,"11/23":5.7924843,"11/24":5.7060084,"11/25":5.689179,"11/26":5.689179,"11/27":5.689179,"11/28":5.737143,"11/29":5.8158784,"11/30":5.785167,"12/01":5.729605,"12/02":5.7138333,"12/03":5.7138333,"12/04":5.729737,"12/05":5.6764894,"12/06":5.7014794,"12/07":5.706647,"12/08":5.7206435,"12/09":5.703838,"12/10":5.703838,"12/11":5.719734,"12/12":5.591906,"12/13":5.6505766,"12/14":5.8362894,"12/15":5.8631496,"12/16":5.84634,"12/17":5.84634,"12/18":5.931676,"12/19":5.909826,"12/20":5.9147873,"12/21":5.949473,"12/22":6.000079,"12/23":5.9832673,"12/24":5.9832673,"12/25":5.9832673,"12/26":6.021849,"12/27":5.997071,"12/28":6.0515156,"12/29":6.0753055,"12/30":6.0564084,"12/31":6.0564084},"2023":{"01/01":6.1078887,"01/02":6.048398,"01/03":6.0632715,"01/04":5.965389,"01/05":5.9475694,"01/06":5.9308047,"01/07":5.9308047,"01/08":6.0168242,"01/09":5.9961843,"01/10":6.0001745,"01/11":5.8964744,"01/12":5.879734,"01/13":5.8629985,"01/14":5.8629985,"01/15":6.0210385,"01/16":5.999362,"01/17":5.9707866,"01/18":6.070444,"01/19":5.9648895,