{"0":{"01/01":4.2860928,"01/02":4.2673316,"01/03":4.256921,"01/04":4.23817,"01/05":4.23817,"01/06":4.23817,"01/07":4.23817,"01/08":4.165338,"01/09":4.1455894,"01/10":4.132081,"01/11":4.1133757,"01/12":4.1133757,"01/13":4.1133757,"01/14":4.1133757,"01/15":4.0407176,"01/16":4.0230927,"01/17":4.006502,"01/18":3.9878516,"01/19":3.9857767,"01/20":3.9857767,"01/21":3.9857767,"01/22":3.9857767,"01/23":3.9132962,"01/24":3.888465,"01/25":4.039679,"01/26":4.039679,"01/27":4.039679,"01/28":4.039679,"01/29":3.7923691,"01/30":3.7748284,"01/31":3.7552278,"02/01":3.7366574,"02/02":3.7191358,"02/03":3.7191358,"02/04":3.7191358,"02/05":3.6676176,"02/06":3.6511402,"02/07":3.6336374,"02/08":3.6171808,"02/09":3.5996895,"02/10":3.5996895,"02/11":3.5996895,"02/12":3.5441844,"02/13":3.526718,"02/14":3.5082388,"02/15":3.4907844,"02/16":3.4723182,"02/17":3.4723182,"02/18":3.4723182,"02/19":3.4723182,"02/20":3.4005518,"02/21":3.3831336,"02/22":3.3657312,"02/23":3.3483248,"02/24":3.3483248,"02/25":3.3483248,"02/26":3.2951264,"02/27":3.27673,"02/28":3.2593536,"02/29":3.2419927,"03/01":3.224628,"03/02":3.224628,"03/03":3.224628,"03/04":3.1705453,"03/05":3.1542256,"03/06":3.1368902,"03/07":3.120591,"03/08":3.120591,"03/09":3.120591,"03/10":3.120591,"03/11":3.0503302,"03/12":3.0330298,"03/13":3.0157354,"03/14":2.9994743,"03/15":2.9821908,"03/16":2.9821908,"03/17":2.9821908,"03/18":2.9821908,"03/19":2.9111025,"03/20":2.8948648,"03/21":2.8776262,"03/22":2.8593686,"03/23":2.8593686,"03/24":2.8593686,"03/25":2.8593686,"03/26":2.7854178,"03/27":2.7671928,"03/28":2.749997,"03/29":2.749997,"03/30":2.749997,"03/31":2.6903389,"04/01":2.6903389,"04/02":2.6559947,"04/03":2.6388266,"04/04":2.6206632,"04/05":2.6025062,"04/06":2.6025062,"04/07":2.6025062,"04/08":2.5500727,"04/09":2.5500727,"04/10":2.514814,"04/11":2.514814,"04/12":2.4805872,"04/13":2.4805872,"04/14":2.4805872,"04/15":2.4272716,"04/16":2.4101894,"04/17":2.4101894,"04/18":2.3760324,"04/19":2.3589578,"04/20":2.3589578,"04/21":2.3589578,"04/22":2.3077772,"04/23":2.2897308,"04/24":2.271681,"04/25":2.2536476,"04/26":2.1785612,"04/27":2.1785612,"04/28":2.1785612,"04/29":2.139553,"04/30":2.1205652,"05/01":2.1205652,"05/02":2.0087643,"05/03":1.9708834,"05/04":1.9708834,"05/05":1.9708834,"05/06":1.8355597,"05/07":1.8534462,"05/08":1.8385357,"05/09":1.8097222,"05/10":1.7779524,"05/11":1.7779524,"05/12":1.7779524,"05/13":1.7025703,"05/14":1.6639247,"05/15":1.6094832,"05/16":1.5699278,"05/17":1.5847598,"05/18":1.5847598,"05/19":1.5847598,"05/20":1.5847598,"05/21":1.4820147,"05/22":1.391313,"05/23":1.391313,"05/24":1.3538891,"05/25":1.3538891,"05/26":1.3538891,"05/27":1.2663587,"05/28":1.2732378,"05/29":1.2791337,"05/30":1.256529,"05/31":1.2054619,"06/01":1.2054619,"06/02":1.2054619,"06/03":1.0799941,"06/04":1.2142987,"06/05":1.1828995,"06/06":1.143666,"06/07":1.1289718,"06/08":1.1289718,"06/09":1.1289718,"06/10":1.0966353,"06/11":1.0476888,"06/12":1.0251967,"06/13":0.96362066,"06/14":0.94115657,"06/15":0.94115657,"06/16":0.94115657,"06/17":0.94115657,"06/18":0.8611606,"06/19":0.82997066,"06/20":0.8163335,"06/21":0.7919945,"06/22":0.7919945,"06/23":0.7919945,"06/24":0.7316667,"06/25":0.7345877,"06/26":0.74236864,"06/27":0.73070234,"06/28":0.7248609,"06/29":0.7248609,"06/30":0.7248609,"07/01":0.67142034,"07/02":0.63646954,"07/03":0.59572583,"07/04":0.5714932,"07/05":0.5463022,"07/06":0.5463022,"07/07":0.5463022,"07/08":0.487237,"07/09":0.47079566,"07/10":0.43211243,"07/11":0.4214855,"07/12":0.4079586,"07/13":0.4079586,"07/14":0.4079586,"07/15":0.3423108,"07/16":0.3423108,"07/17":0.3423108,"07/18":0.2661455,"07/19":0.24591918,"07/20":0.24591918,"07/21":0.24591918,"07/22":0.19202222,"07/23":0.17759405,"07/24":0.15259998,"07/25":0.15259998,"07/26":0.079605475,"07/27":0.079605475,"07/28":0.079605475,"07/29":-0.0028694302,"07/30":0.0,"07/31":0.0,"08/01":0.0,"08/02":0.0,"08/03":0.0,"08/04":0.0,"08/05":0.0,"08/06":0.0,"08/07":0.0,"08/08":0.0,"08/09":0.0,"08/10":0.0,"08/11":0.0,"08/12":0.0,"08/13":0.0,"08/14":0.0,"08/15":0.0,"08/16":0.0,"08/17":0.0,"08/18":0.0,"08/19":0.0,"08/20":0.0,"08/21":0.0,"08/22":0.0,"08/23":0.0,"08/24":0.0,"08/25":0.0,"08/26":0.0,"08/27":0.0,"08/28":0.0,"08/29":0.0,"08/30":0.0,"08/31":0.0,"09/01":0.0,"09/02":0.0,"09/03":0.0,"09/04":0.0,"09/05":0.0,"09/06":0.0,"09/07":0.0,"09/08":0.0,"09/09":0.0,"09/10":0.0,"09/11":0.0,"09/12":0.0,"09/13":0.0,"09/14":0.0,"09/15":0.0,"09/16":0.0,"09/17":0.0,"09/18":0.0,"09/19":0.0,"09/20":0.0,"09/21":0.0,"09/22":0.0,"09/23":0.0,"09/24":0.0,"09/25":0.0,"09/26":0.0,"09/27":0.0,"09/28":0.0,"09/29":0.0,"09/30":0.0,"10/01":0.0,"10/02":0.0,"10/03":0.0,"10/04":0.0,"10/05":0.0,"10/06":0.0,"10/07":0.0,"10/08":0.0,"10/09":0.0,"10/10":0.0,"10/11":0.0,"10/12":0.0,"10/13":0.0,"10/14":0.0,"10/15":0.0,"10/16":0.0,"10/17":0.0,"10/18":0.0,"10/19":0.0,"10/20":0.0,"10/21":0.0,"10/22":0.0,"10/23":0.0,"10/24":0.0,"10/25":0.0,"10/26":0.0,"10/27":0.0,"10/28":0.0,"10/29":0.0,"10/30":0.0,"10/31":0.0,"11/01":0.0,"11/02":0.0,"11/03":0.0,"11/04":0.0,"11/05":0.0,"11/06":0.0,"11/07":0.0,"11/08":0.0,"11/09":0.0,"11/10":0.0,"11/11":0.0,"11/12":0.0,"11/13":0.0,"11/14":0.0,"11/15":0.0,"11/16":0.0,"11/17":0.0,"11/18":0.0,"11/19":0.0,"11/20":0.0,"11/21":0.0,"11/22":0.0,"11/23":0.0,"11/24":0.0,"11/25":0.0,"11/26":0.0,"11/27":0.0,"11/28":0.0,"11/29":0.0,"11/30":0.0,"12/01":0.0,"12/02":0.0,"12/03":0.0,"12/04":0.0,"12/05":0.0,"12/06":0.0,"12/07":0.0,"12/08":0.0,"12/09":0.0,"12/10":0.0,"12/11":0.0,"12/12":0.0,"12/13":0.0,"12/14":0.0,"12/15":0.0,"12/16":0.0,"12/17":0.0,"12/18":0.0,"12/19":0.0,"12/20":0.0,"12/21":0.0,"12/22":0.0,"12/23":0.0,"12/24":0.0,"12/25":0.0,"12/26":2.178502,"12/27":2.178502,"12/28":2.178502,"12/29":2.1711981,"12/30":2.1711981,"12/31":2.1711981},"2023":{"12/26":4.357004,"12/27":4.357004,"12/28":4.357004,"12/29":4.3423963,"12/30":4.3423963,"12/31":4.3423963},"2024":{"01/01":4.2860928,"01/02":4.2673316,"01/03":4.256921,"01/04":4.23817,"01/05":4.23817,"01/06":4.23817,"01/07":4.23817,"01/08":4.165338,"01/09":4.1455894,"01/10":4.132081,"01/11":4.1133757,"01/12":4.1133757,"01/13":4.1133757,"01/14":4.1133757,"01/15":4.0407176,"01/16":4.0230927,"01/17":4.006502,"01/18":3.9878516,"01/19":3.9857767,"01/20":3.9857767,"01/21":3.9857767,"01/22":3.9857767,"01/23":3.9132962,"01/24":3.888465,"01/25":4.039679,"01/26":4.039679,"01/27":4.039679,"01/28":4.039679,"01/29":3.7923691,"01/30":3.7748284,"01/31":3.7552278,"02/01":3.7366574,"02/02":3.7191358,"02/03":3.7191358,"02/04":3.7191358,"02/05":3.6676176,"02/06":3.6511402,"02/07":3.6336374,"02/08":3.6171808,"02/09":3.5996895,"02/10":3.5996895,"02/11":3.5996895,"02/12":3.5441844,"02/13":3.526718,"02/14":3.5082388,"02/15":3.4907844,"02/16":3.4723182,"02/17":3.4723182,"02/18":3.4723182,"02/19":3.4723182,"02/20":3.4005518,"02/21":3.3831336,"02/22":3.3657312,"02/23":3.3483248,"02/24":3.3483248,"02/25":3.3483248,"02/26":3.2951264,"02/27":3.27673,"02/28":3.2593536,"02/29":3.2419927,"03/01":3.224628,"03/02":3.224628,"03/03":3.224628,"03/04":3.1705453,"03/05":3.1542256,"03/06":3.1368902,"03/07":3.120591,"03/08":3.120591,"03/09":3.120591,"03/10":3.120591,"03/11":3.0503302,"03/12":3.0330298,"03/13":3.0157354,"03/14":2.9994743,"03/15":2.9821908,"03/16":2.9821908,"03/17":2.9821908,"03/18":2.9821908,"03/19":2.9111025,"03/20":2.8948648,"03/21":2.8776262,"03/22":2.8593686,"03/23":2.8593686,"03/24":2.8593686,"03/25":2.8593686,"03/26":2.7854178,"03/27":2.7671928,"03/28":2.749997,"03/29":2.749997,"03/30":2.749997,"03/31":2.6903389,"04/01":2.6903389,"04/02":2.6559947,"04/03":2.6388266,"04/04":2.6206632,"04/05":2.6025062,"04/06":2.6025062,"04/07":2.6025062,"04/08":2.5500727,"04/09":2.5500727,"04/10":2.514814,"04/11":2.514814,"04/12":2.4805872,"04/13":2.4805872,"04/14":2.4805872,"04/15":2.4272716,"04/16":2.4101894,"04/17":2.4101894,"04/18":2.3760324,"04/19":2.3589578,"04/20":2.3589578,"04/21":2.3589578,"04/22":2.3077772,"04/23":2.2897308,"04/24":2.271681,"04/25":2.2536476,"04/26":2.1785612,"04/27":2.1785612,"04/28":2.1785612,"04/29":2.139553,"04/30":2.1205652,"05/01":2.1205652,"05/02":2.0087643,