{"0":{"01/01":4.4229984,"01/02":4.4229984,"01/03":4.4229984,"01/04":4.4229984,"01/05":4.4229984,"01/06":4.4229984,"01/07":4.4229984,"01/08":4.4229984,"01/09":4.4229984,"01/10":4.4229984,"01/11":4.4229984,"01/12":4.4229984,"01/13":4.4229984,"01/14":4.4229984,"01/15":4.372901,"01/16":4.3562093,"01/17":4.338489,"01/18":4.3218083,"01/19":4.305133,"01/20":4.305133,"01/21":4.305133,"01/22":4.305133,"01/23":4.2489047,"01/24":4.2353783,"01/25":4.2208138,"01/26":4.2208138,"01/27":4.2208138,"01/28":4.2208138,"01/29":4.1657076,"01/30":4.151162,"01/31":4.137661,"02/01":4.129352,"02/02":4.112738,"02/03":4.112738,"02/04":4.112738,"02/05":4.062938,"02/06":4.0463552,"02/07":4.031843,"02/08":4.016298,"02/09":4.000757,"02/10":4.000757,"02/11":4.000757,"02/12":3.9541628,"02/13":3.9386408,"02/14":3.9231234,"02/15":3.906585,"02/16":3.891077,"02/17":3.891077,"02/18":3.891077,"02/19":3.891077,"02/20":3.8290915,"02/21":3.8136165,"02/22":3.7981365,"02/23":3.7836936,"02/24":3.7836936,"02/25":3.7836936,"02/26":3.7372937,"02/27":3.7218363,"02/28":3.7063835,"02/29":3.6919663,"03/01":3.6785839,"03/02":3.6785839,"03/03":3.6785839,"03/04":3.6363974,"03/05":3.62097,"03/06":3.604518,"03/07":3.5891097,"03/08":3.5891097,"03/09":3.5891097,"03/10":3.5891097,"03/11":3.5254285,"03/12":3.5100439,"03/13":3.4936268,"03/14":3.478242,"03/15":3.4628615,"03/16":3.4628615,"03/17":3.4628615,"03/18":3.4628615,"03/19":3.402421,"03/20":3.3870633,"03/21":3.3717098,"03/22":3.355337,"03/23":3.355337,"03/24":3.355337,"03/25":3.355337,"03/26":3.2919524,"03/27":3.2756045,"03/28":3.2602842,"03/29":3.2602842,"03/30":3.2602842,"03/31":3.2082412,"04/01":3.2082412,"04/02":3.1847823,"04/03":3.1684682,"04/04":3.1511488,"04/05":3.1338255,"04/06":3.1338255,"04/07":3.1338255,"04/08":3.0819004,"04/09":3.0819004,"04/10":3.0483341,"04/11":3.0483341,"04/12":3.013772,"04/13":3.013772,"04/14":3.013772,"04/15":2.9619675,"04/16":2.9447076,"04/17":2.9447076,"04/18":2.9112306,"04/19":2.895003,"04/20":2.895003,"04/21":2.895003,"04/22":2.8423133,"04/23":2.8250937,"04/24":2.8078892,"04/25":2.7896678,"04/26":2.7724755,"04/27":2.7724755,"04/28":2.7724755,"04/29":2.7199016,"04/30":2.7027323,"05/01":2.7027323,"05/02":2.6683922,"05/03":2.65124,"05/04":2.65124,"05/05":2.65124,"05/06":2.602828,"05/07":2.5866976,"05/08":2.5705721,"05/09":2.553453,"05/10":2.5333052,"05/11":2.5333052,"05/12":2.5333052,"05/13":2.479978,"05/14":2.4628794,"05/15":2.44479,"05/16":2.427703,"05/17":2.4106314,"05/18":2.4106314,"05/19":2.4106314,"05/20":2.4106314,"05/21":2.3383653,"05/22":2.3203194,"05/23":2.3203194,"05/24":2.2842374,"05/25":2.2842374,"05/26":2.2842374,"05/27":2.2311594,"05/28":2.2141533,"05/29":2.1971433,"05/30":2.1801484,"05/31":2.1631496,"06/01":2.1631496,"06/02":2.1631496,"06/03":2.112197,"06/04":2.0952303,"06/05":2.0792592,"06/06":2.062294,"06/07":2.0463426,"06/08":2.0463426,"06/09":2.0463426,"06/10":1.9965038,"06/11":1.9795662,"06/12":1.9626436,"06/13":1.9457172,"06/14":1.9297926,"06/15":1.9297926,"06/16":1.9297926,"06/17":1.9297926,"06/18":1.8601933,"06/19":1.8413211,"06/20":1.8234501,"06/21":1.8065699,"06/22":1.8065699,"06/23":1.8065699,"06/24":1.753003,"06/25":1.7361461,"06/26":1.7192948,"06/27":1.7014666,"06/28":1.6846267,"06/29":1.6846267,"06/30":1.6846267,"07/01":1.6292071,"07/02":1.6114105,"07/03":1.5936202,"07/04":1.5758265,"07/05":1.5590378,"07/06":1.5590378,"07/07":1.5590378,"07/08":1.5096738,"07/09":1.4928974,"07/10":1.476136,"07/11":1.4593707,"07/12":1.4416336,"07/13":1.4416336,"07/14":1.4416336,"07/15":1.3923836,"07/16":1.3923836,"07/17":1.3923836,"07/18":1.3421967,"07/19":1.3254756,"07/20":1.3254756,"07/21":1.3254756,"07/22":1.2812566,"07/23":1.2635722,"07/24":1.2468864,"07/25":1.2468864,"07/26":1.2125397,"07/27":1.2125397,"07/28":1.2125397,"07/29":1.1625305,"07/30":1.1458687,"07/31":1.1292217,"08/01":1.1125708,"08/02":1.0959347,"08/03":1.0959347,"08/04":1.0959347,"08/05":1.0479989,"08/06":1.0313748,"08/07":1.0167131,"08/08":0.99815226,"08/09":0.9805667,"08/10":0.9805667,"08/11":0.9805667,"08/12":0.928842,"08/13":0.9112899,"08/14":0.89471066,"08/15":0.89471066,"08/16":0.8596268,"08/17":0.8596268,"08/18":0.8596268,"08/19":0.808026,"08/20":0.79050654,"08/21":0.77300245,"08/22":0.7554952,"08/23":0.73800325,"08/24":0.73800325,"08/25":0.73800325,"08/26":0.6865175,"08/27":0.6700213,"08/28":0.6525498,"08/29":0.63606477,"08/30":0.618605,"08/31":0.618605,"09/01":0.618605,"09/02":0.5653107,"09/03":0.54788476,"09/04":0.5304556,"09/05":0.5304556,"09/06":0.49659312,"09/07":0.49659312,"09/08":0.49659312,"09/09":0.445363,"09/10":0.42796934,"09/11":0.41155776,"09/12":0.39417583,"09/13":0.37680912,"09/14":0.37680912,"09/15":0.37680912,"09/16":0.3247358,"09/17":0.30738392,"09/18":0.30738392,"09/19":0.27175233,"09/20":0.25345492,"09/21":0.25345492,"09/22":0.25345492,"09/23":0.20054668,"09/24":0.18228444,"09/25":0.16401967,"09/26":0.1467325,"09/27":0.12945127,"09/28":0.12945127,"09/29":0.12945127,"09/30":0.07762507,"10/01":0.05557656,"10/02":0.05557656,"10/03":0.019155148,"10/04":0.0,"10/05":0.0,"10/06":0.0,"10/07":0.0,"10/08":0.0,"10/09":0.0,"10/10":0.0,"10/11":0.0,"10/12":0.0,"10/13":0.0,"10/14":0.0,"10/15":0.0,"10/16":0.0,"10/17":0.0,"10/18":0.0,"10/19":0.0,"10/20":0.0,"10/21":0.0,"10/22":0.0,"10/23":0.0,"10/24":0.0,"10/25":0.0,"10/26":0.0,"10/27":0.0,"10/28":0.0,"10/29":0.0,"10/30":0.0,"10/31":0.0,"11/01":0.0,"11/02":0.0,"11/03":0.0,"11/04":0.0,"11/05":0.0,"11/06":0.0,"11/07":0.0,"11/08":0.0,"11/09":0.0,"11/10":0.0,"11/11":0.0,"11/12":0.0,"11/13":0.0,"11/14":0.0,"11/15":0.0,"11/16":0.0,"11/17":0.0,"11/18":0.0,"11/19":0.0,"11/20":0.0,"11/21":0.0,"11/22":0.0,"11/23":0.0,"11/24":0.0,"11/25":0.0,"11/26":0.0,"11/27":0.0,"11/28":0.0,"11/29":0.0,"11/30":0.0,"12/01":0.0,"12/02":0.0,"12/03":0.0,"12/04":0.0,"12/05":0.0,"12/06":0.0,"12/07":0.0,"12/08":0.0,"12/09":0.0,"12/10":0.0,"12/11":0.0,"12/12":0.0,"12/13":0.0,"12/14":0.0,"12/15":0.0,"12/16":0.0,"12/17":0.0,"12/18":0.0,"12/19":0.0,"12/20":0.0,"12/21":0.0,"12/22":0.0,"12/23":0.0,"12/24":0.0,"12/25":0.0,"12/26":2.2114992,"12/27":2.2114992,"12/28":2.2114992,"12/29":2.2114992,"12/30":2.2114992,"12/31":2.2114992},"2023":{"12/26":4.4229984,"12/27":4.4229984,"12/28":4.4229984,"12/29":4.4229984,"12/30":4.4229984,"12/31":4.4229984},"2024":{"01/01":4.4229984,"01/02":4.4229984,"01/03":4.4229984,"01/04":4.4229984,"01/05":4.4229984,"01/06":4.4229984,"01/07":4.4229984,"01/08":4.4229984,"01/09":4.4229984,"01/10":4.4229984,"01/11":4.4229984,"01/12":4.4229984,"01/13":4.4229984,"01/14":4.4229984,"01/15":4.372901,"01/16":4.3562093,"01/17":4.338489,"01/18":4.3218083,"01/19":4.305133,"01/20":4.305133,"01/21":4.305133,"01/22":4.305133,"01/23":4.2489047,"01/24":4.2353783,"01/25":4.2208138,"01/26":4.2208138,"01/27":4.2208138,"01/28":4.2208138,"01/29":4.1657076,"01/30":4.151162,"01/31":4.137661,"02/01":4.129352,"02/02":4.112738,"02/03":4.112738,"02/04":4.112738,"02/05":4.062938,"02/06":4.0463552,"02/07":4.031843,"02/08":4.016298,"02/09":4.000757,"02/10":4.000757,"02/11":4.000757,"02/12":3.9541628,"02/13":3.9386408,"02/14":3.9231234,"02/15":3.906585,"02/16":3.891077,"02/17":3.891077,"02/18":3.891077,"02/19":3.891077,"02/20":3.8290915,"02/21":3.8136165,"02/22":3.7981365,"02/23":3.7836936,"02/24":3.7836936,"02/25":3.7836936,"02/26":3.7372937,"02/27":3.7218363,"02/28":3.7063835,"02/29":3.6919663,"03/01":3.6785839,"03/02":3.6785839,"03/03":3.6785839,"03/04":3.6363974,"03/05":3.62097,"03/06":3.604518,"03/07":3.5891097,"03/08":3.5891097,"03/09":3.5891097,"03/10":3.5891097,"03/11":3.5254285,"03/12":3.5100439,"03/13":3.4936268,"03/14":3.478242,"03/15":3.4628615,"03/16":3.4628615,"03/17":3.4628615,"03/18":3.4628615,"03/19":3.402421,"03/20":3.3870633,"03/21":3.3717098,"03/22":3.355337,"03/23":3.355337,"03/24":3.355337,"03/25":3.355337,"03/26":3.2919524,"03/27":3.2756045,"03/28":3.2602842,"03/29":3.2602842,"03/30":3.2602842,"03/31":3.2082412,"04/01":3.2082412,"04/02":3.1847823,"04/03":3.1684682,"04/04":3.1511488,"04/05":3.1338255,"04/06":3.1338255,"04/07":3.1338255,"04/08":3.0819004,"04/09":3.0819004,"04/10":3.0483341,