{"0":{"01/01":4.8123245,"01/02":4.7914777,"01/03":4.7692804,"01/04":4.766178,"01/05":4.7487783,"01/06":4.782537,"01/07":4.782537,"01/08":4.784402,"01/09":4.728503,"01/10":4.7547793,"01/11":4.742024,"01/12":4.662494,"01/13":4.678278,"01/14":4.678278,"01/15":4.6833835,"01/16":4.652257,"01/17":4.64621,"01/18":4.628398,"01/19":4.64109,"01/20":4.6653137,"01/21":4.6653137,"01/22":4.6653137,"01/23":4.6149125,"01/24":4.581979,"01/25":4.5825276,"01/26":4.5825276,"01/27":4.6109433,"01/28":4.6109433,"01/29":4.6140027,"01/30":4.664233,"01/31":4.6273417,"02/01":4.573663,"02/02":4.495196,"02/03":4.500471,"02/04":4.500471,"02/05":4.4991236,"02/06":4.4430127,"02/07":4.418656,"02/08":4.518172,"02/09":4.5296216,"02/10":4.522749,"02/11":4.522749,"02/12":4.523793,"02/13":4.490078,"02/14":4.552335,"02/15":4.487587,"02/16":4.470802,"02/17":4.587146,"02/18":4.587146,"02/19":4.587146,"02/20":4.5240917,"02/21":4.509646,"02/22":4.5158596,"02/23":4.5126824,"02/24":4.488333,"02/25":4.488333,"02/26":4.4900784,"02/27":4.4964137,"02/28":4.4888897,"02/29":0.86949915,"03/01":4.4888754,"03/02":4.4936457,"03/03":4.492054,"03/04":4.4949446,"03/05":4.4954495,"03/06":4.488863,"03/07":4.4898276,"03/08":4.481336,"03/09":4.465421,"03/10":4.4288573,"03/11":4.4352927,"03/12":4.435613,"03/13":4.3092246,"03/14":4.2626195,"03/15":4.277045,"03/16":4.269126,"03/17":4.257516,"03/18":4.257516,"03/19":4.255875,"03/20":4.1531324,"03/21":4.2307267,"03/22":4.2300563,"03/23":4.1894903,"03/24":4.175281,"03/25":4.175281,"03/26":4.1778026,"03/27":4.139505,"03/28":4.2018795,"03/29":4.1618037,"03/30":4.1618037,"03/31":4.0453386,"04/01":4.0453386,"04/02":4.0472617,"04/03":4.0828805,"04/04":4.0820704,"04/05":3.9887187,"04/06":3.8121254,"04/07":3.8121254,"04/08":3.8104029,"04/09":3.8104029,"04/10":3.7677495,"04/11":3.7563179,"04/12":3.7412612,"04/13":3.7708673,"04/14":3.7708673,"04/15":3.7708673,"04/16":3.7708673,"04/17":3.754242,"04/18":3.7142742,"04/19":3.6878333,"04/20":3.6567638,"04/21":3.581306,"04/22":3.581306,"04/23":3.581306,"04/24":3.4726264,"04/25":3.424864,"04/26":3.353639,"04/27":3.346983,"04/28":3.3372657,"04/29":3.3372657,"04/30":3.3372657,"05/01":3.3372657,"05/02":3.292301,"05/03":3.1858034,"05/04":3.149727,"05/05":3.149727,"05/06":3.149727,"05/07":3.149727,"05/08":3.088349,"05/09":3.1020317,"05/10":3.077711,"05/11":3.0832808,"05/12":3.0104382,"05/13":3.0104382,"05/14":3.0104382,"05/15":2.954924,"05/16":2.8985233,"05/17":2.8784108,"05/18":2.887458,"05/19":2.8713744,"05/20":2.8713744,"05/21":2.8713744,"05/22":2.8026202,"05/23":2.8527863,"05/24":2.8216705,"05/25":2.8216705,"05/26":2.808634,"05/27":2.808634,"05/28":2.808634,"05/29":2.8026202,"05/30":2.8016164,"05/31":2.7720602,"06/01":2.7195454,"06/02":2.695074,"06/03":2.695074,"06/04":2.695074,"06/05":2.6676342,"06/06":2.6591566,"06/07":2.6536756,"06/08":2.6860926,"06/09":2.7545435,"06/10":2.7545435,"06/11":2.7545435,"06/12":2.7135518,"06/13":2.7125514,"06/14":2.7065592,"06/15":2.7085547,"06/16":2.7185447,"06/17":2.7185447,"06/18":2.7185447,"06/19":2.6970737,"06/20":2.6746166,"06/21":2.6850932,"06/22":2.733539,"06/23":2.733539,"06/24":2.733539,"06/25":2.733539,"06/26":2.6845934,"06/27":2.6915803,"06/28":2.6133385,"06/29":2.6133385,"06/30":2.6382277,"07/01":2.6382277,"07/02":2.6382277,"07/03":2.6616526,"07/04":2.647697,"07/05":2.6407218,"07/06":2.6746166,"07/07":2.6746166,"07/08":2.6746166,"07/09":2.6746166,"07/10":2.6746166,"07/11":2.6063726,"07/12":2.6282682,"07/13":2.571073,"07/14":2.5507069,"07/15":2.5507069,"07/16":2.5507069,"07/17":2.48625,"07/18":2.421946,"07/19":2.4105895,"07/20":2.3859103,"07/21":2.3878815,"07/22":2.3878815,"07/23":2.3878815,"07/24":2.3538613,"07/25":2.3844283,"07/26":2.3775227,"07/27":2.399233,"07/28":2.4872417,"07/29":2.4872417,"07/30":2.4872417,"07/31":2.450121,"08/01":2.4061441,"08/02":2.4096005,"08/03":2.4506161,"08/04":2.4822876,"08/05":2.4822876,"08/06":2.4822876,"08/07":2.436772,"08/08":2.4466593,"08/09":2.4224408,"08/10":2.3908412,"08/11":2.435787,"08/12":2.435787,"08/13":2.435787,"08/14":2.4318323,"08/15":2.4318323,"08/16":2.4318323,"08/17":2.5125082,"08/18":2.4619946,"08/19":2.4619946,"08/20":2.4619946,"08/21":2.410095,"08/22":2.4150307,"08/23":2.3681552,"08/24":2.349919,"08/25":2.3390822,"08/26":2.3390822,"08/27":2.3390822,"08/28":2.289394,"08/29":2.25648,"08/30":2.2500997,"08/31":2.2397952,"09/01":2.2221394,"09/02":2.2221394,"09/03":2.2221394,"09/04":2.155062,"09/05":2.1692476,"09/06":2.2123365,"09/07":2.1575058,"09/08":2.148217,"09/09":2.148217,"09/10":2.148217,"09/11":2.157016,"09/12":3.6552212,"09/13":3.6573966,"09/14":3.6587532,"09/15":3.6650054,"09/16":3.660024,"09/17":3.660024,"09/18":3.6606824,"09/19":3.6468036,"09/20":3.64234,"09/21":3.6403625,"09/22":3.6350482,"09/23":3.630066,"09/24":3.630066,"09/25":3.6306236,"09/26":3.6173584,"09/27":3.6158733,"09/28":3.6095746,"09/29":3.6305695,"09/30":3.832508,"10/01":3.832508,"10/02":3.832508,"10/03":3.8911965,"10/04":3.8648117,"10/05":3.8657455,"10/06":3.8590949,"10/07":3.8760135,"10/08":3.8760135,"10/09":3.875064,"10/10":3.8758802,"10/11":3.8962414,"10/12":3.896972,"10/13":3.8847167,"10/14":3.8753357,"10/15":3.8753357,"10/16":3.875637,"10/17":3.8408527,"10/18":3.7950122,"10/19":3.8058984,"10/20":3.8604107,"10/21":3.849966,"10/22":3.849966,"10/23":3.8500698,"10/24":3.8500698,"10/25":3.7837398,"10/26":3.7844799,"10/27":3.7341435,"10/28":3.7391622,"10/29":3.7391622,"10/30":3.7398129,"10/31":3.7061882,"11/01":3.6934764,"11/02":3.6849163,"11/03":3.6779692,"11/04":3.679403,"11/05":3.679403,"11/06":3.6807077,"11/07":3.6535041,"11/08":3.6541336,"11/09":3.6220772,"11/10":3.5982668,"11/11":3.5273583,"11/12":3.5273583,"11/13":3.5276845,"11/14":3.5166633,"11/15":3.4933484,"11/16":3.4907205,"11/17":3.4510145,"11/18":3.4627278,"11/19":3.4627278,"11/20":3.4629688,"11/21":3.4699094,"11/22":3.450945,"11/23":3.4511328,"11/24":3.4116294,"11/25":3.3826416,"11/26":3.3826416,"11/27":3.3826416,"11/28":3.3538616,"11/29":3.3620822,"11/30":3.3487542,"12/01":3.330858,"12/02":3.3241665,"12/03":3.3241665,"12/04":3.324683,"12/05":3.3194103,"12/06":3.3102968,"12/07":3.3485768,"12/08":3.3246396,"12/09":3.3182967,"12/10":3.3182967,"12/11":3.3184845,"12/12":3.2993069,"12/13":3.269521,"12/14":3.1904984,"12/15":3.2228725,"12/16":3.2598088,"12/17":3.2598088,"12/18":3.2608662,"12/19":3.243921,"12/20":3.224614,"12/21":3.2228343,"12/22":3.2185295,"12/23":3.2297976,"12/24":3.2297976,"12/25":3.2297976,"12/26":3.2390473,"12/27":3.2147036,"12/28":3.2420928,"12/29":3.214638,"12/30":3.2075894,"12/31":3.2075894},"2022":{"09/12":6.6349983,"09/13":6.6943274,"09/14":6.821412,"09/15":6.734749,"09/16":6.7198043,"09/17":6.7198043,"09/18":6.802812,"09/19":6.761175,"09/20":6.8092084,"09/21":6.861712,"09/22":6.848684,"09/23":6.8337364,"09/24":6.8337364,"09/25":6.8966885,"09/26":6.885078,"09/27":6.948589,"09/28":6.8277106,"09/29":6.890694,"09/30":7.496511,"10/01":7.496511,"10/02":7.496511,"10/03":7.812392,"10/04":7.790406,"10/05":7.8648353,"10/06":7.332651,"10/07":7.3834066,"10/08":7.3834066,"10/09":7.2827864,"10/10":7.256847,"10/11":7.517294,"10/12":7.553614,"10/13":7.5509534,"10/14":7.522811,"10/15":7.522811,"10/16":7.5509825,"10/17":7.4622087,"10/18":7.3081336,"10/19":7.281369,"10/20":7.4643965,"10/21":7.4330616,"10/22":7.4330616,"10/23":7.4431195,"10/24":7.4431195,"10/25":7.3628416,"10/26":7.432083,"10/27":7.305342,"10/28":7.3203983,"10/29":7.3203983,"10/30":7.3805294,"10/31":7.317446,"11/01":7.326744,"11/02":7.303961,"11/03":7.301507,"11/04":7.3058076,"11/05":7.3058076,"11/06":7.419859,"11/07":7.3681626,"11/08":7.4211454,"11/09":7.3933506,"11/10":7.303634,"11/11":7.0909085,"11/12":7.0909085,"11/13":7.119799,"11/14":7.0867352,"11/15":7.1762652,"11/16":7.185649,"11/17":7.101042,"11/18":7.1361814,"11/19":7.1361814,"11/20":7.1560655,"11/21":7.106908,"11/22":7.0663223,"11/23":7.0822196,"11/24":6.888882,"11/25":6.801918,"11/26":6.801918,"11/27":6.801918,"11/28":6.7932854,"11/29":6.8572326,"11/30":6.794261,"12/01":6.6849604,"12/02":6.664886,"12/03":6.664886,"12/04":6.7134185,"12/05":6.7301764,"12/06":6.67505,