{"0":{"01/01":8.651465,"01/02":8.646032,"01/03":8.635765,"01/04":8.626526,"01/05":8.585239,"01/06":8.566158,"01/07":8.566156,"01/08":8.5541115,"01/09":8.575281,"01/10":8.545877,"01/11":8.556748,"01/12":8.586077,"01/13":8.518152,"01/14":8.4558115,"01/15":8.389679,"01/16":8.28656,"01/17":8.291683,"01/18":8.297104,"01/19":8.294707,"01/20":8.25224,"01/21":8.263292,"01/22":8.279421,"01/23":8.262457,"01/24":8.273504,"01/25":8.28545,"01/26":8.28545,"01/27":8.303553,"01/28":8.306526,"01/29":8.262856,"01/30":8.2681875,"01/31":8.251007,"02/01":8.168092,"02/02":8.146605,"02/03":8.248638,"02/04":8.336169,"02/05":8.471411,"02/06":8.413579,"02/07":8.405077,"02/08":8.338303,"02/09":8.275829,"02/10":8.284367,"02/11":8.2856245,"02/12":8.319482,"02/13":8.444327,"02/14":8.503649,"02/15":8.407017,"02/16":8.432628,"02/17":8.462004,"02/18":8.489304,"02/19":8.489304,"02/20":8.428062,"02/21":8.36891,"02/22":8.352798,"02/23":8.373653,"02/24":8.379915,"02/25":8.362466,"02/26":8.393272,"02/27":8.411291,"02/28":8.381443,"02/29":8.16782,"03/01":8.328602,"03/02":8.364651,"03/03":8.364509,"03/04":8.249958,"03/05":8.2601795,"03/06":8.250565,"03/07":8.240023,"03/08":8.240023,"03/09":8.082264,"03/10":8.169811,"03/11":8.145098,"03/12":8.024496,"03/13":8.028397,"03/14":8.02521,"03/15":7.9473777,"03/16":7.949658,"03/17":7.944551,"03/18":7.9631443,"03/19":8.018707,"03/20":7.9548817,"03/21":7.924174,"03/22":7.9076853,"03/23":7.6031785,"03/24":7.646064,"03/25":7.6409163,"03/26":7.6156015,"03/27":7.4878893,"03/28":7.434414,"03/29":7.434414,"03/30":7.434414,"03/31":7.518152,"04/01":7.518152,"04/02":7.437571,"04/03":7.4370766,"04/04":7.462823,"04/05":7.4494205,"04/06":7.374504,"04/07":7.4287443,"04/08":7.71679,"04/09":7.7942686,"04/10":7.7662687,"04/11":7.768687,"04/12":7.813834,"04/13":7.8173943,"04/14":7.8173943,"04/15":7.8189573,"04/16":7.8618746,"04/17":7.8663774,"04/18":7.856668,"04/19":7.9506907,"04/20":7.9506907,"04/21":7.956238,"04/22":7.87986,"04/23":7.8409376,"04/24":7.8218575,"04/25":7.807873,"04/26":7.837571,"04/27":7.837571,"04/28":7.8395004,"04/29":7.7779636,"04/30":7.741293,"05/01":7.741293,"05/02":7.7219048,"05/03":7.7009096,"05/04":7.7009096,"05/05":7.703911,"05/06":7.6438103,"05/07":7.6133633,"05/08":7.6184072,"05/09":7.6168823,"05/10":7.6099224,"05/11":7.6099224,"05/12":7.6099224,"05/13":7.556484,"05/14":7.5568457,"05/15":7.516457,"05/16":7.4723663,"05/17":7.466996,"05/18":7.466996,"05/19":7.469942,"05/20":7.474988,"05/21":7.435384,"05/22":7.429216,"05/23":7.4316807,"05/24":7.414441,"05/25":7.414441,"05/26":7.415525,"05/27":7.365511,"05/28":7.3557544,"05/29":7.373499,"05/30":7.334715,"05/31":7.3202133,"06/01":7.3202133,"06/02":7.321896,"06/03":7.2534723,"06/04":7.4088526,"06/05":7.3831167,"06/06":7.3682156,"06/07":7.3568926,"06/08":7.3568926,"06/09":7.3508782,"06/10":7.2811136,"06/11":7.2684317,"06/12":7.238163,"06/13":7.2038984,"06/14":7.1464376,"06/15":7.1464376,"06/16":7.1501546,"06/17":7.156977,"06/18":7.113631,"06/19":7.067335,"06/20":7.0235004,"06/21":7.0256186,"06/22":7.0256186,"06/23":7.0262933,"06/24":6.990228,"06/25":6.990615,"06/26":6.9984455,"06/27":7.0048027,"06/28":6.9830856,"06/29":6.9830856,"06/30":6.9830856,"07/01":6.968794,"07/02":6.9534492,"07/03":6.9571524,"07/04":6.90536,"07/05":6.8863573,"07/06":6.8863573,"07/07":6.8863573,"07/08":6.8897038,"07/09":6.8542304,"07/10":6.8333397,"07/11":6.806202,"07/12":6.765587,"07/13":6.765587,"07/14":6.765869,"07/15":6.7210755,"07/16":6.7222853,"07/17":6.7267666,"07/18":6.6958447,"07/19":6.6737213,"07/20":6.6737213,"07/21":6.6759357,"07/22":6.648441,"07/23":6.634028,"07/24":6.6277103,"07/25":6.6261845,"07/26":6.5107365,"07/27":6.5107365,"07/28":6.5114565,"07/29":6.4981403,"07/30":6.482835,"07/31":6.49315,"08/01":6.4507165,"08/02":6.432927,"08/03":6.432927,"08/04":6.43874,"08/05":6.356597,"08/06":6.360279,"08/07":6.341723,"08/08":6.3429956,"08/09":6.3419514,"08/10":6.3419514,"08/11":6.340064,"08/12":6.2934103,"08/13":6.2963934,"08/14":6.2890277,"08/15":6.2890277,"08/16":6.275504,"08/17":6.275504,"08/18":6.2724504,"08/19":6.245468,"08/20":6.2225037,"08/21":6.1910872,"08/22":6.1968184,"08/23":6.1569357,"08/24":6.1569357,"08/25":6.156587,"08/26":6.1196704,"08/27":6.101106,"08/28":6.076713,"08/29":6.0472918,"08/30":6.028757,"08/31":6.028757,"09/01":6.0308137,"09/02":6.024559,"09/03":5.975384,"09/04":5.963665,"09/05":5.9658985,"09/06":5.9674435,"09/07":5.9674435,"09/08":5.9674435,"09/09":5.9313536,"09/10":5.9135237,"09/11":5.907845,"09/12":5.877003,"09/13":5.760258,"09/14":5.760258,"09/15":5.7605085,"09/16":5.7166576,"09/17":5.7089267,"09/18":5.7097883,"09/19":5.6042533,"09/20":5.5920506,"09/21":5.5920506,"09/22":5.5943565,"09/23":5.5005274,"09/24":5.445005,"09/25":5.4406576,"09/26":5.367885,"09/27":5.3759723,"09/28":5.3759723,"09/29":5.376826,"09/30":5.353581,"10/01":5.3521433,"10/02":5.3521433,"10/03":5.3481026,"10/04":5.3839827,"10/05":5.3839827,"10/06":5.392065,"10/07":5.3766055,"10/08":5.3700686,"10/09":5.273661,"10/10":5.2421794,"10/11":5.2290235,"10/12":5.2290235,"10/13":5.2303267,"10/14":5.19279,"10/15":5.163731,"10/16":5.1831646,"10/17":5.109087,"10/18":5.12626,"10/19":5.12626,"10/20":5.1283092,"10/21":5.1171937,"10/22":5.1313467,"10/23":5.121116,"10/24":5.102059,"10/25":5.0929766,"10/26":5.0929766,"10/27":5.0949693,"10/28":5.095313,"10/29":5.0822973,"10/30":5.080049,"10/31":4.9985886,"11/01":4.9985886,"11/02":4.9985886,"11/03":5.001159,"11/04":4.997233,"11/05":4.994715,"11/06":4.9768753,"11/07":4.971054,"11/08":4.9282784,"11/09":4.9282784,"11/10":4.930439,"11/11":4.923311,"11/12":4.897178,"11/13":4.8856897,"11/14":4.884184,"11/15":4.884184,"11/16":4.884184,"11/17":4.884975,"11/18":4.853027,"11/19":4.8408566,"11/20":4.839271,"11/21":4.8485374,"11/22":4.901828,"11/23":4.901828,"11/24":4.9048667,"11/25":4.84628,"11/26":4.876991,"11/27":4.939301,"11/28":4.922603,"11/29":4.8169236,"11/30":4.8169236,"12/01":4.817841,"12/02":4.703405,"12/03":4.6883926,"12/04":4.621456,"12/05":4.5995455,"12/06":4.701031,"12/07":4.701031,"12/08":4.703069,"12/09":4.6497345,"12/10":4.6189604,"12/11":4.5803213,"12/12":4.5785356,"12/13":4.5765414,"12/14":4.5765414,"12/15":4.5699553,"12/16":4.569257,"12/17":4.5233855,"12/18":4.5280128,"12/19":4.651465,"12/20":4.614599,"12/21":4.614599,"12/22":4.6168437,"12/23":4.52467,"12/24":4.5326867,"12/25":4.5326867,"12/26":5.9874988,"12/27":5.9876027,"12/28":5.9825206,"12/29":5.9811997,"12/30":5.980413,"12/31":5.9803963},"2023":{"12/26":8.8449955,"12/27":8.912001,"12/28":8.896755,"12/29":8.892405,"12/30":8.919398,"12/31":8.911398},"2024":{"01/01":8.854623,"01/02":8.864203,"01/03":8.876496,"01/04":8.858016,"01/05":8.858016,"01/06":8.920938,"01/07":9.040791,"01/08":8.9710245,"01/09":8.974623,"01/10":8.905897,"01/11":8.927639,"01/12":8.927639,"01/13":8.729978,"01/14":8.764916,"01/15":8.639599,"01/16":8.863417,"01/17":8.814475,"01/18":8.825315,"01/19":8.841591,"01/20":8.8635235,"01/21":9.02103,"01/22":9.101786,"01/23":9.008874,"01/24":8.978874,"01/25":9.002767,"01/26":9.002767,"01/27":9.2249775,"01/28":9.303689,"01/29":9.2007,"01/30":9.15034,"01/31":9.13946,"02/01":8.97363,"02/02":8.803984,"02/03":8.881326,"02/04":8.805969,"02/05":8.939796,"02/06":8.870118,"02/07":8.741873,"02/08":8.608324,"02/09":8.620163,"02/10":8.713263,"02/11":8.794489,"02/12":8.710339,"02/13":8.89896,"02/14":8.993018,"02/15":8.799754,"02/16":8.795437,"02/17":8.86577,"02/18":8.86577,"02/19":8.86577,"02/20":8.789497,"02/21":8.671194,"02/22":8.638971,"02/23":8.626091,"02/24":8.749615,"02/25":8.694276,"02/26":8.651331,"02/27":8.363875,"02/28":8.205206,"02/29":8.16782,"03/01":8.099523,"03/02":8.099523,"03/03":8.166606,"03/04":8.083433,"03/05":7.982614,"03/06":8.045573,"03/07":7.980977,"03/08":7.980977,"03/09":7.980977,"03/10":7.977033,"03/11":7.844288,"03/12":7.8839016,"03/13":7.9201655,"03/14":7.9137936,"03/15":7.758128,"03/16":7.758128,"03/17":7.825836,"03/18":7.8896227,"03/19":8.330884,"03/20":8.477109,"03/21":8.450692,"03/22":8.417715,"03/23":8.417715,"03/24":8.523666,"03/25":8.609024,"03/26":8.586332,"03/27":8.848918,"03/28":8.927908,