{"0":{"01/01":7.6358085,"01/02":7.6164446,"01/03":7.605699,"01/04":7.5863466,"01/05":7.5863466,"01/06":7.5863466,"01/07":7.5863466,"01/08":7.5111747,"01/09":7.490792,"01/10":7.47685,"01/11":7.457544,"01/12":7.457544,"01/13":7.457544,"01/14":7.457544,"01/15":7.3825517,"01/16":7.3643613,"01/17":7.3472376,"01/18":7.327988,"01/19":7.3258457,"01/20":7.3258457,"01/21":7.3258457,"01/22":7.3258457,"01/23":7.2510376,"01/24":7.225409,"01/25":7.3814793,"01/26":7.3814793,"01/27":7.3814793,"01/28":7.3814793,"01/29":7.1262264,"01/30":7.1081223,"01/31":7.087892,"02/01":7.068725,"02/02":7.0506406,"02/03":7.0506406,"02/04":7.0506406,"02/05":6.9974675,"02/06":6.9804616,"02/07":6.962396,"02/08":6.945411,"02/09":6.9273577,"02/10":6.9273577,"02/11":6.9273577,"02/12":6.87007,"02/13":6.8520427,"02/14":6.8329697,"02/15":6.8149543,"02/16":6.7958956,"02/17":6.7958956,"02/18":6.7958956,"02/19":6.7958956,"02/20":6.7218237,"02/21":6.7038465,"02/22":6.685884,"02/23":6.667919,"02/24":6.667919,"02/25":6.667919,"02/26":6.613012,"02/27":6.5940247,"02/28":6.5760903,"02/29":6.5581713,"03/01":6.540249,"03/02":6.540249,"03/03":6.540249,"03/04":6.484429,"03/05":6.4675856,"03/06":6.449693,"03/07":6.432871,"03/08":6.432871,"03/09":6.432871,"03/10":6.432871,"03/11":6.360353,"03/12":6.3424964,"03/13":6.324647,"03/14":6.307863,"03/15":6.2900248,"03/16":6.2900248,"03/17":6.2900248,"03/18":6.2900248,"03/19":6.216653,"03/20":6.1998935,"03/21":6.1821012,"03/22":6.163257,"03/23":6.163257,"03/24":6.163257,"03/25":6.163257,"03/26":6.086931,"03/27":6.068121,"03/28":6.0503726,"03/29":6.0503726,"03/30":6.0503726,"03/31":5.988798,"04/01":5.988798,"04/02":5.953351,"04/03":5.9356313,"04/04":5.9168844,"04/05":5.8981442,"04/06":5.8981442,"04/07":5.8981442,"04/08":5.844027,"04/09":5.844027,"04/10":5.807636,"04/11":5.807636,"04/12":5.7723093,"04/13":5.7723093,"04/14":5.7723093,"04/15":5.7172813,"04/16":5.6996503,"04/17":5.6996503,"04/18":5.6643963,"04/19":5.646773,"04/20":5.646773,"04/21":5.646773,"04/22":5.593949,"04/23":5.5753226,"04/24":5.556693,"04/25":5.53808,"04/26":5.4605823,"04/27":5.4605823,"04/28":5.4605823,"04/29":5.420321,"04/30":5.4007235,"05/01":5.4007235,"05/02":5.2853312,"05/03":5.2462335,"05/04":5.2462335,"05/05":5.2462335,"05/06":5.1065636,"05/07":5.1250243,"05/08":5.109635,"05/09":5.079896,"05/10":5.047106,"05/11":5.047106,"05/12":5.047106,"05/13":4.969302,"05/14":4.929415,"05/15":4.873225,"05/16":4.8323994,"05/17":4.8477077,"05/18":4.8477077,"05/19":4.8477077,"05/20":4.8477077,"05/21":4.741662,"05/22":4.648047,"05/23":4.648047,"05/24":4.6094213,"05/25":4.6094213,"05/26":4.6094213,"05/27":4.519079,"05/28":4.5261793,"05/29":4.5322647,"05/30":4.508934,"05/31":4.4562263,"06/01":4.4562263,"06/02":4.4562263,"06/03":4.3267283,"06/04":4.4653473,"06/05":4.4329395,"06/06":4.3924456,"06/07":4.3772798,"06/08":4.3772798,"06/09":4.3772798,"06/10":4.3439045,"06/11":4.293386,"06/12":4.270171,"06/13":4.2066174,"06/14":4.1834316,"06/15":4.1834316,"06/16":4.1834316,"06/17":4.1834316,"06/18":4.1008663,"06/19":4.0686746,"06/20":4.0545993,"06/21":4.0294785,"06/22":4.0294785,"06/23":4.0294785,"06/24":3.967213,"06/25":3.9702277,"06/26":3.9782586,"06/27":3.9662175,"06/28":3.9601884,"06/29":3.9601884,"06/30":3.9601884,"07/01":3.9050312,"07/02":3.8689578,"07/03":3.8269055,"07/04":3.8018944,"07/05":3.7758944,"07/06":3.7758944,"07/07":3.7758944,"07/08":3.714932,"07/09":3.6979625,"07/10":3.6580367,"07/11":3.6470685,"07/12":3.633107,"07/13":3.633107,"07/14":3.633107,"07/15":3.5653505,"07/16":3.5653505,"07/17":3.5653505,"07/18":3.486739,"07/19":3.4658628,"07/20":3.4658628,"07/21":3.4658628,"07/22":3.4102347,"07/23":3.395343,"07/24":3.3695462,"07/25":3.3695462,"07/26":3.294207,"07/27":3.294207,"07/28":3.294207,"07/29":3.209083,"07/30":3.2120447,"07/31":3.1804097,"08/01":3.1507628,"08/02":3.125088,"08/03":3.125088,"08/04":3.125088,"08/05":3.010676,"08/06":3.0087125,"08/07":2.9771924,"08/08":2.9781785,"08/09":2.9634109,"08/10":2.9634109,"08/11":2.9634109,"08/12":2.9053774,"08/13":2.8886626,"08/14":2.840526,"08/15":2.840526,"08/16":2.8140225,"08/17":2.8140225,"08/18":2.8140225,"08/19":2.7473326,"08/20":2.7149913,"08/21":2.6914937,"08/22":2.6719172,"08/23":2.6611474,"08/24":2.6611474,"08/25":2.6611474,"08/26":2.595634,"08/27":2.5887938,"08/28":2.5702252,"08/29":2.5546062,"08/30":2.53996,"08/31":2.53996,"09/01":2.53996,"09/02":2.498,"09/03":2.4716725,"09/04":2.4414558,"09/05":2.4414558,"09/06":1.2578574,"09/07":1.2578574,"09/08":1.2578574,"09/09":1.1903144,"09/10":1.2131392,"09/11":1.0896437,"09/12":1.0697235,"09/13":0.87851185,"09/14":0.87851185,"09/15":0.87851185,"09/16":0.746412,"09/17":0.60807896,"09/18":0.60807896,"09/19":0.4785631,"09/20":0.48324743,"09/21":0.48324743,"09/22":0.48324743,"09/23":0.501059,"09/24":0.37742943,"09/25":0.30918455,"09/26":0.21771902,"09/27":0.2568981,"09/28":0.2568981,"09/29":0.2568981,"09/30":0.243835,"10/01":0.2074667,"10/02":0.2074667,"10/03":0.2410413,"10/04":0.30171934,"10/05":0.30171934,"10/06":0.30171934,"10/07":0.22052033,"10/08":0.1422496,"10/09":0.07711731,"10/10":0.043652423,"10/11":0.017640628,"10/12":0.017640628,"10/13":0.017640628,"10/14":-0.01671389,"10/15":0.01671062,"10/16":-0.124255426,"10/17":-0.13721938,"10/18":-0.12518279,"10/19":-0.12518279,"10/20":-0.12518279,"10/21":-0.09275876,"10/22":0.0,"10/23":0.0,"10/24":0.0,"10/25":0.0,"10/26":0.0,"10/27":0.0,"10/28":0.0,"10/29":0.0,"10/30":0.0,"10/31":0.0,"11/01":0.0,"11/02":0.0,"11/03":0.0,"11/04":0.0,"11/05":0.0,"11/06":0.0,"11/07":0.0,"11/08":0.0,"11/09":0.0,"11/10":0.0,"11/11":0.0,"11/12":0.0,"11/13":0.0,"11/14":0.0,"11/15":0.0,"11/16":0.0,"11/17":0.0,"11/18":0.0,"11/19":0.0,"11/20":0.0,"11/21":0.0,"11/22":0.0,"11/23":0.0,"11/24":0.0,"11/25":0.0,"11/26":0.0,"11/27":0.0,"11/28":0.0,"11/29":0.0,"11/30":0.0,"12/01":0.0,"12/02":0.0,"12/03":0.0,"12/04":0.0,"12/05":0.0,"12/06":0.0,"12/07":0.0,"12/08":0.0,"12/09":0.0,"12/10":0.0,"12/11":0.0,"12/12":0.0,"12/13":0.0,"12/14":0.0,"12/15":0.0,"12/16":0.0,"12/17":0.0,"12/18":0.0,"12/19":0.0,"12/20":0.0,"12/21":0.0,"12/22":0.0,"12/23":0.0,"12/24":0.0,"12/25":0.0,"12/26":3.854499,"12/27":3.854499,"12/28":3.854499,"12/29":3.8469605,"12/30":3.8469605,"12/31":3.8469605},"2023":{"12/26":7.708998,"12/27":7.708998,"12/28":7.708998,"12/29":7.693921,"12/30":7.693921,"12/31":7.693921},"2024":{"01/01":7.6358085,"01/02":7.6164446,"01/03":7.605699,"01/04":7.5863466,"01/05":7.5863466,"01/06":7.5863466,"01/07":7.5863466,"01/08":7.5111747,"01/09":7.490792,"01/10":7.47685,"01/11":7.457544,"01/12":7.457544,"01/13":7.457544,"01/14":7.457544,"01/15":7.3825517,"01/16":7.3643613,"01/17":7.3472376,"01/18":7.327988,"01/19":7.3258457,"01/20":7.3258457,"01/21":7.3258457,"01/22":7.3258457,"01/23":7.2510376,"01/24":7.225409,"01/25":7.3814793,"01/26":7.3814793,"01/27":7.3814793,"01/28":7.3814793,"01/29":7.1262264,"01/30":7.1081223,"01/31":7.087892,"02/01":7.068725,"02/02":7.0506406,"02/03":7.0506406,"02/04":7.0506406,"02/05":6.9974675,"02/06":6.9804616,"02/07":6.962396,"02/08":6.945411,"02/09":6.9273577,"02/10":6.9273577,"02/11":6.9273577,"02/12":6.87007,"02/13":6.8520427,"02/14":6.8329697,"02/15":6.8149543,"02/16":6.7958956,"02/17":6.7958956,"02/18":6.7958956,"02/19":6.7958956,"02/20":6.7218237,"02/21":6.7038465,"02/22":6.685884,"02/23":6.667919,"02/24":6.667919,"02/25":6.667919,"02/26":6.613012,"02/27":6.5940247,"02/28":6.5760903,"02/29":6.5581713,"03/01":6.540249,"03/02":6.540249,"03/03":6.540249,"03/04":6.484429,"03/05":6.4675856,"03/06":6.449693,"03/07":6.432871,"03/08":6.432871,"03/09":6.432871,"03/10":6.432871,"03/11":6.360353,"03/12":6.3424964,"03/13":6.324647,"03/14":6.307863,"03/15":6.2900248,"03/16":6.2900248,"03/17":6.2900248,"03/18":6.2900248,"03/19":6.216653,"03/20":6.1998935,"03/21":6.1821012,"03/22":6.163257,"03/23":6.163257,"03/24":6.163257,"03/25":6.163257,"03/26":6.086931,"03/27":6.068121,"03/28":6.0503726,"03/29":6.0503726,"03/30":6.0503726,"03/31":5.988798,"04/01":5.988798,"04/02":5.953351,"04/03":5.9356313,"04/04":5.9168844,"04/05":5.8981442,"04/06":5.8981442,"04/07":5.8981442,"04/08":5.844027,