{"0":{"01/01":5.130742,"01/02":5.1775174,"01/03":5.124511,"01/04":5.1110096,"01/05":5.1089296,"01/06":5.21704,"01/07":5.21704,"01/08":5.21704,"01/09":5.0321436,"01/10":5.072596,"01/11":4.9668565,"01/12":4.7983117,"01/13":4.8458166,"01/14":4.8458166,"01/15":4.8458166,"01/16":4.8034706,"01/17":4.8055387,"01/18":4.8003693,"01/19":4.8138003,"01/20":4.876827,"01/21":4.876827,"01/22":4.876827,"01/23":4.7477517,"01/24":4.723001,"01/25":4.7157855,"01/26":4.7157855,"01/27":4.8241224,"01/28":4.8241224,"01/29":4.8241224,"01/30":4.879923,"01/31":4.876827,"02/01":4.746719,"02/02":4.556267,"02/03":4.54394,"02/04":4.54394,"02/05":4.54394,"02/06":4.461814,"02/07":4.401337,"02/08":4.6889963,"02/09":4.7869515,"02/10":4.6694293,"02/11":4.6694293,"02/12":4.6694293,"02/13":4.64986,"02/14":4.7993455,"02/15":4.718882,"02/16":4.7704473,"02/17":4.935793,"02/18":4.935793,"02/19":4.935793,"02/20":4.7910857,"02/21":4.802437,"02/22":4.8065724,"02/23":4.767348,"02/24":4.7106347,"02/25":4.7106347,"02/26":4.7106347,"02/27":4.7343473,"02/28":4.7023892,"03/01":4.690028,"03/02":4.608702,"03/03":4.569626,"03/04":4.569626,"03/05":4.569626,"03/06":4.608702,"03/07":4.608702,"03/08":4.6436853,"03/09":4.641624,"03/10":4.6066422,"03/11":4.6066422,"03/12":4.6066422,"03/13":4.352184,"03/14":4.240729,"03/15":4.2570763,"03/16":4.258099,"03/17":4.204993,"03/18":4.204993,"03/19":4.204993,"03/20":4.093861,"03/21":4.120346,"03/22":4.120346,"03/23":4.1560245,"03/24":4.0775647,"03/25":4.0775647,"03/26":4.0775647,"03/27":4.049063,"03/28":4.15194,"03/29":4.049063,"03/30":4.049063,"03/31":3.8722978,"04/01":3.8722978,"04/02":3.8722978,"04/03":3.9220161,"04/04":3.9220161,"04/05":3.6829858,"04/06":3.3576229,"04/07":3.3576229,"04/08":3.3576229,"04/09":3.3576229,"04/10":3.2773588,"04/11":3.1932096,"04/12":3.17019,"04/13":3.187196,"04/14":3.187196,"04/15":3.187196,"04/16":3.187196,"04/17":3.1111896,"04/18":3.0043652,"04/19":2.9575164,"04/20":2.9176788,"04/21":2.7903943,"04/22":2.7903943,"04/23":2.7903943,"04/24":2.5703878,"04/25":2.431139,"04/26":2.292268,"04/27":2.272602,"04/28":2.2696486,"04/29":2.2696486,"04/30":2.2696486,"05/01":2.2696486,"05/02":2.2303414,"05/03":2.0009797,"05/04":2.0518632,"05/05":2.0518632,"05/06":2.0518632,"05/07":2.0518632,"05/08":1.9355022,"05/09":1.9052293,"05/10":1.8603512,"05/11":1.894497,"05/12":1.7668048,"05/13":1.7668048,"05/14":1.7668048,"05/15":1.7084336,"05/16":1.6588647,"05/17":1.6481843,"05/18":1.6044947,"05/19":1.4891511,"05/20":1.4891511,"05/21":1.4891511,"05/22":1.3393047,"05/23":1.3846922,"05/24":1.3412379,"05/25":1.3412379,"05/26":1.3200033,"05/27":1.3200033,"05/28":1.3200033,"05/29":1.3306149,"05/30":1.309394,"05/31":1.2737083,"06/01":1.2274555,"06/02":1.1668111,"06/03":1.1668111,"06/04":1.1668111,"06/05":1.1052772,"06/06":1.1004666,"06/07":1.0562943,"06/08":1.1542984,"06/09":1.3132491,"06/10":1.3132491,"06/11":1.3132491,"06/12":1.2457567,"06/13":1.240942,"06/14":1.2197493,"06/15":1.2370831,"06/16":1.251537,"06/17":1.251537,"06/18":1.251537,"06/19":1.1985656,"06/20":1.1668111,"06/21":1.1754637,"06/22":1.2708123,"06/23":1.265995,"06/24":1.265995,"06/25":1.265995,"06/26":1.2380477,"06/27":1.22842,"06/28":1.1139191,"06/29":1.1139191,"06/30":1.1648846,"07/01":1.1648846,"07/02":1.1648846,"07/03":1.214937,"07/04":1.2158921,"07/05":1.1860541,"07/06":1.2419068,"07/07":1.2419068,"07/08":1.2419068,"07/09":1.2419068,"07/10":1.2419068,"07/11":1.1235343,"07/12":1.1514183,"07/13":1.042857,"07/14":1.0150329,"07/15":1.0150329,"07/16":1.0150329,"07/17":0.9048563,"07/18":0.778675,"07/19":0.7481389,"07/20":0.72715205,"07/21":0.75195146,"07/22":0.75195146,"07/23":0.75195146,"07/24":0.6890215,"07/25":0.7147569,"07/26":0.6709119,"07/27":0.69282967,"07/28":0.8321646,"07/29":0.8321646,"07/30":0.8321646,"07/31":0.784402,"08/01":0.738595,"08/02":0.738595,"08/03":0.78058696,"08/04":0.82738906,"08/05":0.82738906,"08/06":0.82738906,"08/07":0.8101953,"08/08":0.7719928,"08/09":0.7300171,"08/10":0.690921,"08/11":0.80255246,"08/12":0.80255246,"08/13":0.80255246,"08/14":0.782499,"08/15":0.782499,"08/16":0.782499,"08/17":0.92016506,"08/18":0.9048563,"08/19":3.1684258,"08/20":3.1684258,"08/21":3.171407,"08/22":3.1715207,"08/23":3.1732278,"08/24":3.2487369,"08/25":3.2474904,"08/26":3.240599,"08/27":3.240599,"08/28":3.2430465,"08/29":3.2253234,"08/30":3.2171557,"08/31":3.219635,"09/01":3.2060275,"09/02":3.1986005,"09/03":3.1986005,"09/04":3.2020097,"09/05":3.1777008,"09/06":3.1667094,"09/07":3.162488,"09/08":3.1555681,"09/09":3.1486745,"09/10":3.1486745,"09/11":3.1481698,"09/12":3.1268597,"09/13":3.1212807,"09/14":3.1192086,"09/15":3.1112761,"09/16":3.1054468,"09/17":3.1054468,"09/18":3.1080406,"09/19":3.086317,"09/20":3.08156,"09/21":3.0787244,"09/22":3.072429,"09/23":3.0644908,"09/24":3.0644908,"09/25":3.0668635,"09/26":3.0602565,"09/27":3.0555532,"09/28":3.0522337,"09/29":3.0485275,"09/30":3.033708,"10/01":3.033708,"10/02":3.033708,"10/03":3.0044036,"10/04":2.9845974,"10/05":2.987063,"10/06":2.9562573,"10/07":2.9483576,"10/08":2.9483576,"10/09":2.9449604,"10/10":2.924045,"10/11":2.921436,"10/12":2.919625,"10/13":2.914179,"10/14":2.9057584,"10/15":2.9057584,"10/16":2.9067147,"10/17":2.883282,"10/18":2.874504,"10/19":2.8636625,"10/20":2.8552568,"10/21":2.8468535,"10/22":2.8468535,"10/23":2.8468535,"10/24":2.8468535,"10/25":2.8148477,"10/26":2.8148477,"10/27":2.797025,"10/28":2.7881157,"10/29":2.7881157,"10/30":2.7881157,"10/31":2.761411,"11/01":2.7525187,"11/02":2.7415347,"11/03":2.730032,"11/04":2.7201037,"11/05":2.7201037,"11/06":2.7201037,"11/07":2.694513,"11/08":2.694513,"11/09":2.675727,"11/10":2.6673808,"11/11":2.657998,"11/12":2.657998,"11/13":2.657998,"11/14":2.6314247,"11/15":2.622055,"11/16":2.6132047,"11/17":2.6043572,"11/18":2.5955179,"11/19":2.5955179,"11/20":2.5955179,"11/21":2.5695276,"11/22":2.5612152,"11/23":2.5612152,"11/24":2.5446026,"11/25":2.5368176,"11/26":2.5368176,"11/27":2.5368176,"11/28":2.5098474,"11/29":2.5036292,"11/30":2.5316272,"12/01":2.5373373,"12/02":2.5171053,"12/03":2.5171053,"12/04":2.5171053,"12/05":2.5041482,"12/06":2.505186,"12/07":2.5394108,"12/08":2.6043572,"12/09":2.5877175,"12/10":2.5877175,"12/11":2.5877175,"12/12":2.614763,"12/13":2.5819967,"12/14":2.5015585,"12/15":2.55239,"12/16":2.614763,"12/17":2.614763,"12/18":2.614763,"12/19":2.6048782,"12/20":2.573685,"12/21":2.5664115,"12/22":2.5555048,"12/23":2.58044,"12/24":2.58044,"12/25":2.58044,"12/26":2.6126835,"12/27":2.581481,"12/28":2.606962,"12/29":2.5643308,"12/30":2.565371,"12/31":2.565371},"2022":{"08/19":5.4319954,"08/20":5.4319954,"08/21":5.5669975,"08/22":5.5720043,"08/23":5.646,"08/24":5.8332295,"08/25":5.904969,"08/26":5.891186,"08/27":5.891186,"08/28":5.98731,"08/29":6.021115,"08/30":5.997202,"08/31":6.09026,"09/01":6.06967,"09/02":6.0548162,"09/03":6.0548162,"09/04":6.1788597,"09/05":6.1340146,"09/06":6.0440054,"09/07":6.1451163,"09/08":6.14825,"09/09":6.134463,"09/10":6.134463,"09/11":6.11648,"09/12":6.105922,"09/13":6.103251,"09/14":6.2055073,"09/15":6.103032,"09/16":6.0913734,"09/17":6.0913734,"09/18":6.1822295,"09/19":6.1387825,"09/20":6.164052,"09/21":6.186574,"09/22":6.158948,"09/23":6.1430717,"09/24":6.1430717,"09/25":6.2238803,"09/26":6.2528744,"09/27":6.2950015,"09/28":6.1843023,"09/29":6.17689,"09/30":6.147251,"10/01":6.147251,"10/02":6.147251,"10/03":6.264762,"10/04":6.234495,"10/05":6.314173,"10/06":5.8024106,"10/07":5.786611,"10/08":5.786611,"10/09":5.6572056,"10/10":5.638974,"10/11":5.785495,"10/12":5.792228,"10/13":5.811431,"10/14":5.7945895,"10/15":5.7945895,"10/16":5.829401,"10/17":5.826687,"10/18":5.8147626,"10/19":5.727325,"10/20":5.7105136,"10/21":5.693707,"10/22":5.693707,"10/23":5.693707,"10/24":5.693707,"10/25":5.6296954,"10/26":5.6296954,"10/27":5.59405,"10/28":5.5762315,"10/29":5.5762315,"10/30":5.5762315,"10/31":5.522822,"11/01":5.5050373,"11/02":5.4830694,"11/03":5.460064,"11/04":5.4402075,"11/05":5.4402075,"11/06":5.4402075,"11/07":5.389026,"11/08":5.389026,"11/09":5.351454,"11/10":5.3347616,"11/11":5.315996,"11/12":5.315996,"11/13":5.315996,"11/14":5.2628493,