{"0":{"01/01":5.3341317,"01/02":5.3084,"01/03":5.3001995,"01/04":5.291992,"01/05":5.2835064,"01/06":5.2750235,"01/07":5.2750235,"01/08":5.276157,"01/09":5.2510095,"01/10":5.242815,"01/11":5.2346435,"01/12":5.226166,"01/13":5.218221,"01/14":5.218221,"01/15":5.219406,"01/16":5.194296,"01/17":5.186122,"01/18":5.1779666,"01/19":5.1698036,"01/20":5.161865,"01/21":5.161865,"01/22":5.161865,"01/23":5.1366687,"01/24":5.128002,"01/25":5.1187983,"01/26":5.1187983,"01/27":5.1008263,"01/28":5.1008263,"01/29":5.1021433,"01/30":5.074977,"01/31":5.0663385,"02/01":5.05768,"02/02":5.0490255,"02/03":5.040052,"02/04":5.040052,"02/05":5.041024,"02/06":5.016015,"02/07":5.0078855,"02/08":4.9997597,"02/09":4.99113,"02/10":4.9816327,"02/11":4.9816327,"02/12":4.9826927,"02/13":4.955086,"02/14":4.947014,"02/15":4.938398,"02/16":4.9297905,"02/17":4.9208317,"02/18":4.9208317,"02/19":4.9208317,"02/20":4.895399,"02/21":4.8862743,"02/22":4.877685,"02/23":4.869075,"02/24":4.859604,"02/25":4.859604,"02/26":4.8607335,"02/27":4.8327003,"02/28":4.825158,"02/29":2.6984751,"03/01":4.8174887,"03/02":4.8085465,"03/03":4.799613,"03/04":4.800758,"03/05":4.801119,"03/06":4.773614,"03/07":4.773976,"03/08":4.75506,"03/09":4.7461357,"03/10":4.7361584,"03/11":4.737692,"03/12":4.7381043,"03/13":4.705398,"03/14":4.695821,"03/15":4.6846714,"03/16":4.6789045,"03/17":4.6699886,"03/18":4.6699886,"03/19":4.6716166,"03/20":4.6421084,"03/21":4.630455,"03/22":4.630859,"03/23":4.603101,"03/24":4.5910616,"03/25":4.5910616,"03/26":4.592742,"03/27":4.56491,"03/28":4.5668926,"03/29":4.5789285,"03/30":4.5789285,"03/31":4.528791,"04/01":4.528791,"04/02":4.5299134,"04/03":4.478074,"04/04":4.478492,"04/05":4.452293,"04/06":4.444989,"04/07":4.444989,"04/08":4.4462523,"04/09":4.4462523,"04/10":4.3980556,"04/11":4.3865924,"04/12":4.3775663,"04/13":4.365587,"04/14":4.365587,"04/15":4.366895,"04/16":4.36733,"04/17":4.3288045,"04/18":4.3192406,"04/19":4.31135,"04/20":4.3030276,"04/21":4.293671,"04/22":4.294958,"04/23":4.295401,"04/24":4.269845,"04/25":4.2614746,"04/26":4.254148,"04/27":4.2453184,"04/28":4.2364874,"04/29":4.237854,"04/30":4.2383323,"05/01":4.2383323,"05/02":4.2023907,"05/03":4.192986,"05/04":4.183128,"05/05":4.183128,"05/06":4.184507,"05/07":4.184973,"05/08":4.1460066,"05/09":4.1355834,"05/10":4.1262217,"05/11":4.1168957,"05/12":4.107055,"05/13":4.108506,"05/14":4.109006,"05/15":4.080469,"05/16":4.0711017,"05/17":4.0591564,"05/18":4.0457,"05/19":4.0332904,"05/20":4.0332904,"05/21":4.0353007,"05/22":4.0037193,"05/23":3.988215,"05/24":3.981478,"05/25":3.981478,"05/26":3.9639184,"05/27":3.9654253,"05/28":3.9659421,"05/29":3.937514,"05/30":3.9312966,"05/31":3.9214683,"06/01":3.911145,"06/02":3.899803,"06/03":3.90134,"06/04":3.9018412,"06/05":3.8729177,"06/06":3.8625941,"06/07":3.8538172,"06/08":3.8440297,"06/09":3.8363032,"06/10":3.8378165,"06/11":3.8383267,"06/12":3.812077,"06/13":3.8028078,"06/14":3.795082,"06/15":3.7847905,"06/16":3.7739878,"06/17":3.7739878,"06/18":3.776132,"06/19":3.747356,"06/20":3.7386513,"06/21":3.7283778,"06/22":3.7170715,"06/23":3.7083364,"06/24":3.7099905,"06/25":3.7105203,"06/26":3.682823,"06/27":3.6766787,"06/28":3.668513,"06/29":3.668513,"06/30":3.649008,"07/01":3.650724,"07/02":3.6512644,"07/03":3.6215267,"07/04":3.6061723,"07/05":3.5964606,"07/06":3.58672,"07/07":3.58672,"07/08":3.5883515,"07/09":3.5889013,"07/10":3.5893962,"07/11":3.5428035,"07/12":3.5341692,"07/13":3.5234203,"07/14":3.5121644,"07/15":3.5138173,"07/16":3.5138173,"07/17":3.4856853,"07/18":3.4776347,"07/19":3.4684756,"07/20":3.4582543,"07/21":3.4490597,"07/22":3.4507391,"07/23":3.4513354,"07/24":3.423829,"07/25":3.4146345,"07/26":3.406609,"07/27":3.3964,"07/28":3.386701,"07/29":3.3884094,"07/30":3.3889844,"07/31":3.3619418,"08/01":3.3522546,"08/02":3.3415506,"08/03":3.3308501,"08/04":3.3206599,"08/05":3.3206599,"08/06":3.3206599,"08/07":3.2921581,"08/08":3.2840238,"08/09":3.275887,"08/10":3.266231,"08/11":3.2591174,"08/12":3.2591174,"08/13":3.2591174,"08/14":3.2301736,"08/15":3.2301736,"08/16":3.2301736,"08/17":3.2027788,"08/18":3.1941643,"08/19":3.1941643,"08/20":3.1941643,"08/21":3.1647837,"08/22":3.1556747,"08/23":3.1455557,"08/24":3.1359422,"08/25":3.1253242,"08/26":3.1253242,"08/27":3.1253242,"08/28":3.0960248,"08/29":3.085418,"08/30":3.0763364,"08/31":3.0662472,"09/01":3.0556576,"09/02":3.0556576,"09/03":3.0556576,"09/04":3.0259254,"09/05":3.0163598,"09/06":3.0062938,"09/07":2.9967353,"09/08":2.987679,"09/09":2.987679,"09/10":2.987679,"09/11":2.959532,"09/12":2.9504933,"09/13":2.942961,"09/14":2.9334204,"09/15":2.9213812,"09/16":2.9213812,"09/17":2.9213812,"09/18":2.8917994,"09/19":2.8917994,"09/20":2.8727684,"09/21":2.8637545,"09/22":2.852744,"09/23":2.852744,"09/24":2.852744,"09/25":2.8237443,"09/26":2.8142467,"09/27":2.8072531,"09/28":2.7957714,"09/29":2.7957714,"09/30":2.7957714,"10/01":2.7957714,"10/02":2.7957714,"10/03":2.741905,"10/04":2.7314441,"10/05":2.7209873,"10/06":2.7115314,"10/07":2.7115314,"10/08":2.7115314,"10/09":2.684668,"10/10":2.675225,"10/11":2.6662831,"10/12":2.656842,"10/13":2.6474092,"10/14":2.6474092,"10/15":2.6474092,"10/16":2.6186292,"10/17":2.6087136,"10/18":2.5988019,"10/19":2.5883977,"10/20":2.580968,"10/21":3.7809792,"10/22":3.7809792,"10/23":3.781168,"10/24":3.781168,"10/25":3.781311,"10/26":3.7813842,"10/27":3.7814636,"10/28":3.7814636,"10/29":3.7814636,"10/30":3.7817123,"10/31":3.782161,"11/01":3.782239,"11/02":3.7823327,"11/03":3.7824342,"11/04":3.7824342,"11/05":3.7824342,"11/06":3.782728,"11/07":3.7828233,"11/08":3.7829258,"11/09":3.7830312,"11/10":3.7831275,"11/11":3.7831275,"11/12":3.7831275,"11/13":3.7834675,"11/14":3.7841797,"11/15":3.7794425,"11/16":3.7749374,"11/17":3.770438,"11/18":3.7661736,"11/19":3.7661736,"11/20":3.7665527,"11/21":3.753889,"11/22":3.749398,"11/23":3.7495282,"11/24":3.7407837,"11/25":3.7361624,"11/26":3.7361624,"11/27":3.7361624,"11/28":3.7235668,"11/29":3.7229939,"11/30":3.7178125,"12/01":3.7126334,"12/02":3.707306,"12/03":3.707306,"12/04":3.7077484,"12/05":3.6922722,"12/06":3.6878026,"12/07":3.6826384,"12/08":3.6774654,"12/09":3.672142,"12/10":3.672142,"12/11":3.672612,"12/12":3.657509,"12/13":3.6527004,"12/14":3.6475468,"12/15":3.6420317,"12/16":3.6370678,"12/17":3.6370678,"12/18":3.6375563,"12/19":3.6196506,"12/20":3.6137905,"12/21":3.6079414,"12/22":3.6020887,"12/23":3.5960658,"12/24":3.5960658,"12/25":3.5960658,"12/26":3.5787106,"12/27":3.5728652,"12/28":3.5670216,"12/29":3.5615475,"12/30":3.5555313,"12/31":3.5555313},"2022":{"10/21":6.1810017,"10/22":6.1810017,"10/23":6.2370014,"10/24":6.2370014,"10/25":6.275997,"10/26":6.295004,"10/27":6.3150024,"10/28":6.3150024,"10/29":6.3150024,"10/30":6.3739967,"10/31":6.396062,"11/01":6.4130664,"11/02":6.4330645,"11/03":6.4540653,"11/04":6.4540653,"11/05":6.4540653,"11/06":6.512068,"11/07":6.530064,"11/08":6.549071,"11/09":6.568068,"11/10":6.5850635,"11/11":6.5850635,"11/12":6.5850635,"11/13":6.643066,"11/14":6.645202,"11/15":6.669274,"11/16":6.674394,"11/17":6.679524,"11/18":6.6667314,"11/19":6.6667314,"11/20":6.7247057,"11/21":6.7062974,"11/22":6.711419,"11/23":6.7304077,"11/24":6.7237363,"11/25":6.7098722,"11/26":6.7098722,"11/27":6.7098722,"11/28":6.7473316,"11/29":6.764162,"11/30":6.768137,"12/01":6.772111,"12/02":6.756129,"12/03":6.756129,"12/04":6.814004,"12/05":6.786093,"12/06":6.791186,"12/07":6.795162,"12/08":6.79813,"12/09":6.7821608,"12/10":6.7821608,"12/11":6.8399763,"12/12":6.8131294,"12/13":6.817167,"12/14":6.821126,"12/15":6.823022,"12/16":6.80813,"12/17":6.80813,"12/18":6.8648896,"12/19":6.830558,"12/20":6.831386,"12/21":6.8332186,"12/22":6.834056,"12/23":6.815987,"12/24":6.815987,"12/25":6.815987,"12/26":6.8393807,"12/27":6.840206,"12/28":6.8410316,"12/29":6.843924,"12/30":6.8258753,"12/31":6.8258753},"2023":{"01/01":6.8844924,"01/02":6.851351,"01/03":6.85423,"01/04":6.856133,"01/05":6.839162,"01/06":6.822196,"01/07":6.822196,"01/08":6.8986044,"01/09":6.8675485,"01/10":6.869428,"01/11":6.8723106,"01/12":6.8553557,"01/13":6.839466,"01/14":6.839466,"01/15":6.915791,