{"0":{"01/01":6.5660267,"01/02":6.539281,"01/03":6.5307426,"01/04":6.522749,"01/05":6.513839,"01/06":6.505457,"01/07":6.505457,"01/08":6.5050254,"01/09":6.4797397,"01/10":6.471265,"01/11":6.4633193,"01/12":6.4549494,"01/13":6.4465814,"01/14":6.4465814,"01/15":6.4458294,"01/16":6.4200644,"01/17":6.411746,"01/18":6.402422,"01/19":6.394369,"01/20":6.386009,"01/21":6.386009,"01/22":6.386009,"01/23":6.35882,"01/24":6.3499794,"01/25":6.3410306,"01/26":6.3410306,"01/27":6.3227487,"01/28":6.3227487,"01/29":6.322456,"01/30":6.2946205,"01/31":6.285618,"02/01":6.276758,"02/02":6.2681847,"02/03":6.2592716,"02/04":6.2592716,"02/05":6.259609,"02/06":6.2343206,"02/07":6.22558,"02/08":6.2169175,"02/09":6.208061,"02/10":6.198634,"02/11":6.198634,"02/12":6.1987476,"02/13":6.170524,"02/14":6.1614704,"02/15":6.1527824,"02/16":6.1436567,"02/17":6.1347685,"02/18":6.1347685,"02/19":6.1347685,"02/20":6.108386,"02/21":6.099338,"02/22":6.0902452,"02/23":6.0807285,"02/24":6.0718393,"02/25":6.0718393,"02/26":6.072178,"02/27":6.0436172,"02/28":6.0361505,"02/29":5.3716407,"03/01":6.029149,"03/02":6.020264,"03/03":6.0113773,"03/04":6.011783,"03/05":6.011796,"03/06":5.984809,"03/07":5.9850035,"03/08":5.9640913,"03/09":5.953644,"03/10":5.9437227,"03/11":5.944747,"03/12":5.9447556,"03/13":5.9113684,"03/14":5.9003015,"03/15":5.8897634,"03/16":5.8840218,"03/17":5.874624,"03/18":5.874624,"03/19":5.8742757,"03/20":5.8462048,"03/21":5.8344774,"03/22":5.83502,"03/23":5.8073583,"03/24":5.7948456,"03/25":5.7948456,"03/26":5.79525,"03/27":5.767948,"03/28":5.770809,"03/29":5.7828226,"03/30":5.7828226,"03/31":5.7323613,"04/01":5.7323613,"04/02":5.7333565,"04/03":5.67876,"04/04":5.678035,"04/05":5.650876,"04/06":5.64307,"04/07":5.64307,"04/08":5.6431065,"04/09":5.6431065,"04/10":5.594854,"04/11":5.5834255,"04/12":5.571796,"04/13":5.5593557,"04/14":5.5593557,"04/15":5.56007,"04/16":5.5599613,"04/17":5.5221424,"04/18":5.5109844,"04/19":5.502092,"04/20":5.493822,"04/21":5.48452,"04/22":5.4856277,"04/23":5.4862766,"04/24":5.460372,"04/25":5.451971,"04/26":5.4427843,"04/27":5.434016,"04/28":5.4252462,"04/29":5.4274344,"04/30":5.4264474,"05/01":5.4264474,"05/02":5.3903685,"05/03":5.380584,"05/04":5.3707824,"05/05":5.3707824,"05/06":5.372374,"05/07":5.372523,"05/08":5.3328314,"05/09":5.322772,"05/10":5.3130693,"05/11":5.303794,"05/12":5.294006,"05/13":5.294857,"05/14":5.2952523,"05/15":5.267418,"05/16":5.2577286,"05/17":5.2450156,"05/18":5.231628,"05/19":5.219282,"05/20":5.219282,"05/21":5.22006,"05/22":5.188947,"05/23":5.173515,"05/24":5.1650176,"05/25":5.1650176,"05/26":5.1449757,"05/27":5.1473927,"05/28":5.146368,"05/29":5.127976,"05/30":5.115041,"05/31":5.0974245,"06/01":5.0773945,"06/02":5.0317507,"06/03":5.0344133,"06/04":5.030196,"06/05":5.027491,"06/06":4.9748187,"06/07":4.9681377,"06/08":5.0479193,"06/09":5.0879,"06/10":5.0887566,"06/11":5.0895443,"06/12":5.0919733,"06/13":5.0749283,"06/14":5.065749,"06/15":5.0595765,"06/16":5.067804,"06/17":5.067804,"06/18":5.069838,"06/19":5.0427804,"06/20":5.0330005,"06/21":5.0028224,"06/22":5.014643,"06/23":5.0290394,"06/24":5.03166,"06/25":5.031755,"06/26":5.0328236,"06/27":5.0279574,"06/28":4.989033,"06/29":4.989033,"06/30":5.0091176,"07/01":5.009336,"07/02":5.0102215,"07/03":5.02395,"07/04":5.0051646,"07/05":4.9806747,"07/06":5.0286207,"07/07":5.0286207,"07/08":5.029574,"07/09":5.030696,"07/10":5.0314636,"07/11":4.9787416,"07/12":4.988749,"07/13":4.92068,"07/14":4.900605,"07/15":4.9011993,"07/16":4.9011993,"07/17":4.8384743,"07/18":4.790341,"07/19":4.7856183,"07/20":4.7702246,"07/21":4.788189,"07/22":4.789152,"07/23":4.7894306,"07/24":4.7572,"07/25":4.777213,"07/26":4.7707634,"07/27":4.7610054,"07/28":4.8417573,"07/29":4.843091,"07/30":4.8440685,"07/31":4.803396,"08/01":4.7721863,"08/02":4.748671,"08/03":4.8052793,"08/04":4.847561,"08/05":4.8527584,"08/06":4.8528967,"08/07":4.818292,"08/08":4.82145,"08/09":4.8097467,"08/10":4.7932262,"08/11":4.8242083,"08/12":4.8262343,"08/13":4.8269186,"08/14":4.819629,"08/15":4.819629,"08/16":4.820284,"08/17":4.8497667,"08/18":4.7872195,"08/19":4.7893066,"08/20":4.7924414,"08/21":4.7716703,"08/22":4.7688985,"08/23":4.7253695,"08/24":4.736729,"08/25":4.7429256,"08/26":4.746209,"08/27":4.747511,"08/28":4.685616,"08/29":4.608095,"08/30":4.602643,"08/31":4.587723,"09/01":4.5774393,"09/02":4.5789766,"09/03":4.582799,"09/04":4.556611,"09/05":4.556611,"09/06":4.554721,"09/07":4.4971385,"09/08":4.473521,"09/09":4.475359,"09/10":4.475956,"09/11":4.497106,"09/12":4.49749,"09/13":4.477645,"09/14":4.430377,"09/15":4.508514,"09/16":4.511867,"09/17":4.5131626,"09/18":4.447266,"09/19":4.451428,"09/20":4.4189615,"09/21":4.4066195,"09/22":4.4102182,"09/23":4.4210005,"09/24":4.4245,"09/25":4.3981524,"09/26":4.404691,"09/27":4.3827977,"09/28":4.441655,"09/29":4.441655,"09/30":4.4432573,"10/01":4.4450707,"10/02":4.4450707,"10/03":4.3482375,"10/04":4.3456187,"10/05":4.302915,"10/06":4.529552,"10/07":4.529552,"10/08":4.529552,"10/09":4.578323,"10/10":4.5554852,"10/11":4.4808636,"10/12":4.446729,"10/13":4.4126425,"10/14":4.4126425,"10/15":4.4126425,"10/16":4.380142,"10/17":4.3301787,"10/18":4.37911,"10/19":4.3909717,"10/20":4.401805,"10/21":4.745869,"10/22":4.745869,"10/23":4.745563,"10/24":4.745563,"10/25":4.744807,"10/26":4.744677,"10/27":4.7445693,"10/28":4.7445693,"10/29":4.7445693,"10/30":4.7439156,"10/31":4.728231,"11/01":4.710306,"11/02":4.6969123,"11/03":4.6984777,"11/04":4.6932044,"11/05":4.6932044,"11/06":4.692345,"11/07":4.676399,"11/08":4.675812,"11/09":4.665046,"11/10":4.659956,"11/11":4.6546817,"11/12":4.6546817,"11/13":4.654316,"11/14":4.6384954,"11/15":4.632726,"11/16":4.6289663,"11/17":4.6234584,"11/18":4.618183,"11/19":4.618183,"11/20":4.6181965,"11/21":4.6017385,"11/22":4.596279,"11/23":4.5963135,"11/24":4.5854573,"11/25":4.5798473,"11/26":4.5798473,"11/27":4.5798473,"11/28":4.5619464,"11/29":4.556051,"11/30":4.550885,"12/01":4.5458922,"12/02":4.5406346,"12/03":4.5406346,"12/04":4.5405254,"12/05":4.5248055,"12/06":4.519272,"12/07":4.514236,"12/08":4.508428,"12/09":4.502826,"12/10":4.502826,"12/11":4.502722,"12/12":4.486465,"12/13":4.4803452,"12/14":4.473509,"12/15":4.467669,"12/16":4.462066,"12/17":4.462066,"12/18":4.461634,"12/19":4.4436193,"12/20":4.4375625,"12/21":4.431371,"12/22":4.4254875,"12/23":4.4198833,"12/24":4.4198833,"12/25":4.4198833,"12/26":4.401671,"12/27":4.3957486,"12/28":4.3895407,"12/29":4.3838067,"12/30":4.3775077,"12/31":4.3775077},"2022":{"10/21":5.433998,"10/22":5.433998,"10/23":5.4629993,"10/24":5.4629993,"10/25":5.5370045,"10/26":5.550003,"10/27":5.560999,"10/28":5.560999,"10/29":5.560999,"10/30":5.628996,"10/31":5.6425724,"11/01":5.5867414,"11/02":5.589678,"11/03":5.615921,"11/04":5.6001,"11/05":5.6001,"11/06":5.6979613,"11/07":5.6644554,"11/08":5.735325,"11/09":5.73062,"11/10":5.7368035,"11/11":5.7209806,"11/12":5.7209806,"11/13":5.7678723,"11/14":5.7204103,"11/15":5.819311,"11/16":5.8436584,"11/17":5.861719,"11/18":5.8458934,"11/19":5.8458934,"11/20":5.8438973,"11/21":5.838237,"11/22":5.7974615,"11/23":5.7924843,"11/24":5.7060084,"11/25":5.689179,"11/26":5.689179,"11/27":5.689179,"11/28":5.737143,"11/29":5.8158784,"11/30":5.785167,"12/01":5.729605,"12/02":5.7138333,"12/03":5.7138333,"12/04":5.729737,"12/05":5.6764894,"12/06":5.7014794,"12/07":5.706647,"12/08":5.7206435,"12/09":5.703838,"12/10":5.703838,"12/11":5.719734,"12/12":5.591906,"12/13":5.6505766,"12/14":5.8362894,"12/15":5.8631496,"12/16":5.84634,"12/17":5.84634,"12/18":5.931676,"12/19":5.909826,"12/20":5.9147873,"12/21":5.949473,"12/22":6.000079,"12/23":5.9832673,"12/24":5.9832673,"12/25":5.9832673,"12/26":6.021849,"12/27":5.997071,"12/28":6.0515156,"12/29":6.0753055,"12/30":6.0564084,"12/31":6.0564084},"2023":{"01/01":6.1078887,"01/02":6.048398,"01/03":6.0632715,"01/04":5.965389,"01/05":5.9475694,"01/06":5.9308047,"01/07":5.9308047,"01/08":6.0168242,"01/09":5.9961843,"01/10":6.0001745,"01/11":5.8964744,"01/12":5.879734,"01/13":5.8629985,"01/14":5.8629985,"01/15":6.0210385,"01/16":5.999362,"01/17":5.9707866,"01/18":6.070444,