{"0":{"01/01":20.67815,"01/02":20.65644,"01/03":20.686594,"01/04":20.40981,"01/05":20.40981,"01/06":20.40981,"01/07":20.40981,"01/08":20.733646,"01/09":20.899239,"01/10":20.80611,"01/11":20.859312,"01/12":20.859312,"01/13":20.859312,"01/14":20.859312,"01/15":20.527584,"01/16":20.449451,"01/17":21.842173,"01/18":22.313606,"01/19":22.40659,"01/20":22.40659,"01/21":22.40659,"01/22":22.40659,"01/23":22.533285,"01/24":22.235607,"01/25":24.194212,"01/26":24.194212,"01/27":24.194212,"01/28":24.194212,"01/29":23.58666,"01/30":24.50793,"01/31":22.97626,"02/01":22.687649,"02/02":21.960314,"02/03":21.960314,"02/04":21.960314,"02/05":22.063866,"02/06":21.143026,"02/07":21.681345,"02/08":22.644037,"02/09":22.396664,"02/10":22.396664,"02/11":22.396664,"02/12":23.04643,"02/13":22.071268,"02/14":22.063866,"02/15":21.549065,"02/16":21.399996,"02/17":21.399996,"02/18":21.399996,"02/19":21.399996,"02/20":20.190495,"02/21":21.101723,"02/22":20.122347,"02/23":20.347416,"02/24":20.347416,"02/25":20.347416,"02/26":20.80853,"02/27":20.964643,"02/28":21.773369,"02/29":21.070147,"03/01":20.388206,"03/02":20.388206,"03/03":20.388206,"03/04":20.096075,"03/05":20.424225,"03/06":20.065022,"03/07":20.20486,"03/08":20.20486,"03/09":20.20486,"03/10":20.20486,"03/11":20.98161,"03/12":21.085938,"03/13":22.092243,"03/14":21.702196,"03/15":22.568108,"03/16":22.568108,"03/17":22.568108,"03/18":22.568108,"03/19":23.938015,"03/20":23.829985,"03/21":22.676428,"03/22":22.192316,"03/23":22.192316,"03/24":22.192316,"03/25":22.192316,"03/26":22.73379,"03/27":22.773712,"03/28":21.661728,"03/29":21.661728,"03/30":21.661728,"03/31":21.658056,"04/01":21.658056,"04/02":20.405012,"04/03":20.221615,"04/04":20.08652,"04/05":19.141062,"04/06":19.141062,"04/07":19.141062,"04/08":18.485266,"04/09":18.485266,"04/10":17.898771,"04/11":17.898771,"04/12":19.316463,"04/13":19.316463,"04/14":19.316463,"04/15":20.732439,"04/16":21.106575,"04/17":21.106575,"04/18":22.225708,"04/19":21.279291,"04/20":21.279291,"04/21":21.279291,"04/22":20.852057,"04/23":20.41462,"04/24":20.074574,"04/25":19.172817,"04/26":18.776623,"04/27":18.776623,"04/28":18.776623,"04/29":17.686216,"04/30":17.274767,"05/01":17.274767,"05/02":16.686636,"05/03":17.032677,"05/04":17.032677,"05/05":17.032677,"05/06":17.305525,"05/07":17.780334,"05/08":17.465273,"05/09":19.081152,"05/10":18.578346,"05/11":18.578346,"05/12":18.578346,"05/13":18.246271,"05/14":17.554464,"05/15":17.46185,"05/16":16.457077,"05/17":15.740488,"05/18":15.740488,"05/19":15.740488,"05/20":15.740488,"05/21":15.782661,"05/22":15.502482,"05/23":15.502482,"05/24":14.269631,"05/25":14.269631,"05/26":14.269631,"05/27":14.289094,"05/28":14.163764,"05/29":15.044726,"05/30":15.629672,"05/31":15.617488,"06/01":15.617488,"06/02":15.617488,"06/03":12.226429,"06/04":17.799871,"06/05":14.210195,"06/06":12.907416,"06/07":10.974394,"06/08":10.974394,"06/09":10.974394,"06/10":10.967255,"06/11":10.929537,"06/12":10.799255,"06/13":10.446606,"06/14":10.040003,"06/15":10.040003,"06/16":10.040003,"06/17":10.040003,"06/18":9.59261,"06/19":9.110374,"06/20":8.783075,"06/21":9.275259,"06/22":9.275259,"06/23":9.275259,"06/24":8.556202,"06/25":7.966095,"06/26":7.9738193,"06/27":7.329888,"06/28":7.047311,"06/29":7.047311,"06/30":7.047311,"07/01":6.0303273,"07/02":6.2467556,"07/03":4.978619,"07/04":4.3301315,"07/05":4.3815355,"07/06":4.3815355,"07/07":4.3815355,"07/08":3.888537,"07/09":3.3453114,"07/10":3.7305906,"07/11":3.4444618,"07/12":2.9128754,"07/13":2.9128754,"07/14":2.9128754,"07/15":2.409306,"07/16":2.409306,"07/17":2.409306,"07/18":1.823839,"07/19":2.2705312,"07/20":2.2705312,"07/21":2.2705312,"07/22":1.7732048,"07/23":1.8384403,"07/24":1.8513254,"07/25":1.8513254,"07/26":0.5520616,"07/27":0.5520616,"07/28":0.5520616,"07/29":0.3606882,"07/30":0.42662582,"07/31":0.1351637,"08/01":0.3606882,"08/02":1.0856984,"08/03":1.0856984,"08/04":1.0856984,"08/05":3.3939848,"08/06":3.6246662,"08/07":2.1814005,"08/08":2.3806484,"08/09":1.6139221,"08/10":1.6139221,"08/11":1.6139221,"08/12":1.5122745,"08/13":2.669638,"08/14":2.3962793,"08/15":2.3962793,"08/16":0.5503849,"08/17":0.5503849,"08/18":0.5503849,"08/19":0.7097122,"08/20":-0.009104799,"08/21":-0.13562629,"08/22":-0.33425513,"08/23":0.09532475,"08/24":0.09532475,"08/25":0.09532475,"08/26":-0.4558474,"08/27":-0.7014069,"08/28":-0.73324525,"08/29":-1.0537107,"08/30":-1.3648611,"08/31":-1.3648611,"09/01":-1.3648611,"09/02":-2.1639822,"09/03":-2.3814683,"09/04":-2.1734908,"09/05":-2.1734908,"09/06":-1.2269005,"09/07":-1.2269005,"09/08":-1.2269005,"09/09":-1.2010443,"09/10":-1.4887741,"09/11":-1.1533271,"09/12":-2.0830617,"09/13":-1.9176428,"09/14":-1.9176428,"09/15":-1.9176428,"09/16":-2.0354047,"09/17":-2.1552582,"09/18":-2.1552582,"09/19":-2.6380496,"09/20":-3.84511,"09/21":-3.84511,"09/22":-3.84511,"09/23":-4.3939886,"09/24":-4.1998196,"09/25":-4.4983273,"09/26":-5.191877,"09/27":-4.7942286,"09/28":-4.7942286,"09/29":-4.7942286,"09/30":-3.9338458,"10/01":-4.2909336,"10/02":-4.2909336,"10/03":-2.8245165,"10/04":-1.9056908,"10/05":-1.9056908,"10/06":-1.9056908,"10/07":-0.6679196,"10/08":-1.4260509,"10/09":-1.5786972,"10/10":-2.3285718,"10/11":-2.0894141,"10/12":-2.0894141,"10/13":-2.0894141,"10/14":-2.483162,"10/15":-2.4800153,"10/16":-2.1156018,"10/17":-1.2293274,"10/18":-1.425245,"10/19":-1.425245,"10/20":-1.425245,"10/21":-1.1557577,"10/22":0.0,"10/23":0.0,"10/24":0.0,"10/25":0.0,"10/26":0.0,"10/27":0.0,"10/28":0.0,"10/29":0.0,"10/30":0.0,"10/31":0.0,"11/01":0.0,"11/02":0.0,"11/03":0.0,"11/04":0.0,"11/05":0.0,"11/06":0.0,"11/07":0.0,"11/08":0.0,"11/09":0.0,"11/10":0.0,"11/11":0.0,"11/12":0.0,"11/13":0.0,"11/14":0.0,"11/15":0.0,"11/16":0.0,"11/17":0.0,"11/18":0.0,"11/19":0.0,"11/20":0.0,"11/21":0.0,"11/22":0.0,"11/23":0.0,"11/24":0.0,"11/25":0.0,"11/26":0.0,"11/27":0.0,"11/28":0.0,"11/29":0.0,"11/30":0.0,"12/01":0.0,"12/02":0.0,"12/03":0.0,"12/04":0.0,"12/05":0.0,"12/06":0.0,"12/07":0.0,"12/08":0.0,"12/09":0.0,"12/10":0.0,"12/11":0.0,"12/12":0.0,"12/13":0.0,"12/14":0.0,"12/15":0.0,"12/16":0.0,"12/17":0.0,"12/18":0.0,"12/19":0.0,"12/20":0.0,"12/21":0.0,"12/22":0.0,"12/23":0.0,"12/24":0.0,"12/25":0.0,"12/26":10.3795,"12/27":10.3795,"12/28":10.3795,"12/29":10.371653,"12/30":10.371653,"12/31":10.371653},"2023":{"12/26":20.759,"12/27":20.759,"12/28":20.759,"12/29":20.743305,"12/30":20.743305,"12/31":20.743305},"2024":{"01/01":20.67815,"01/02":20.65644,"01/03":20.686594,"01/04":20.40981,"01/05":20.40981,"01/06":20.40981,"01/07":20.40981,"01/08":20.733646,"01/09":20.899239,"01/10":20.80611,"01/11":20.859312,"01/12":20.859312,"01/13":20.859312,"01/14":20.859312,"01/15":20.527584,"01/16":20.449451,"01/17":21.842173,"01/18":22.313606,"01/19":22.40659,"01/20":22.40659,"01/21":22.40659,"01/22":22.40659,"01/23":22.533285,"01/24":22.235607,"01/25":24.194212,"01/26":24.194212,"01/27":24.194212,"01/28":24.194212,"01/29":23.58666,"01/30":24.50793,"01/31":22.97626,"02/01":22.687649,"02/02":21.960314,"02/03":21.960314,"02/04":21.960314,"02/05":22.063866,"02/06":21.143026,"02/07":21.681345,"02/08":22.644037,"02/09":22.396664,"02/10":22.396664,"02/11":22.396664,"02/12":23.04643,"02/13":22.071268,"02/14":22.063866,"02/15":21.549065,"02/16":21.399996,"02/17":21.399996,"02/18":21.399996,"02/19":21.399996,"02/20":20.190495,"02/21":21.101723,"02/22":20.122347,"02/23":20.347416,"02/24":20.347416,"02/25":20.347416,"02/26":20.80853,"02/27":20.964643,"02/28":21.773369,"02/29":21.070147,"03/01":20.388206,"03/02":20.388206,"03/03":20.388206,"03/04":20.096075,"03/05":20.424225,"03/06":20.065022,"03/07":20.20486,"03/08":20.20486,"03/09":20.20486,"03/10":20.20486,"03/11":20.98161,"03/12":21.085938,"03/13":22.092243,"03/14":21.702196,"03/15":22.568108,"03/16":22.568108,"03/17":22.568108,"03/18":22.568108,"03/19":23.938015,"03/20":23.829985,"03/21":22.676428,"03/22":22.192316,"03/23":22.192316,"03/24":22.192316,"03/25":22.192316,"03/26":22.73379,"03/27":22.773712,"03/28":21.661728,"03/29":21.661728,"03/30":21.661728,"03/31":21.658056,"04/01":21.658056,"04/02":20.405012,"04/03":20.221615,