{"0":{"01/01":6.9298725,"01/02":6.900758,"01/03":6.907541,"01/04":6.9123516,"01/05":6.8955426,"01/06":6.878728,"01/07":6.878728,"01/08":6.960311,"01/09":6.9314876,"01/10":6.935229,"01/11":6.939047,"01/12":6.922251,"01/13":6.905452,"01/14":6.905452,"01/15":6.985971,"01/16":6.9541492,"01/17":6.9559965,"01/18":6.9610033,"01/19":6.967965,"01/20":6.9522266,"01/21":6.9522266,"01/22":6.9522266,"01/23":6.979272,"01/24":6.977069,"01/25":6.976878,"01/26":6.976878,"01/27":6.941246,"01/28":6.941246,"01/29":7.0206075,"01/30":6.989752,"01/31":6.99152,"02/01":6.9932294,"02/02":6.9960446,"02/03":6.9782505,"02/04":6.9782505,"02/05":7.037941,"02/06":7.00816,"02/07":7.0099926,"02/08":7.0128026,"02/09":7.0145836,"02/10":6.9957495,"02/11":6.9957495,"02/12":7.055372,"02/13":7.017457,"02/14":7.0211725,"02/15":7.023919,"02/16":7.0276327,"02/17":7.009875,"02/18":7.009875,"02/19":7.009875,"02/20":7.0355167,"02/21":7.0413847,"02/22":7.044056,"02/23":7.0487385,"02/24":7.029953,"02/25":7.029953,"02/26":7.089435,"02/27":7.053533,"02/28":7.055223,"03/01":7.0783496,"03/02":7.0606127,"03/03":7.042881,"03/04":7.102291,"03/05":7.1227455,"03/06":7.088967,"03/07":7.109411,"03/08":7.0739717,"03/09":7.056257,"03/10":7.038547,"03/11":7.122214,"03/12":7.1436176,"03/13":7.109869,"03/14":7.1154985,"03/15":7.1205,"03/16":7.1069665,"03/17":7.086151,"03/18":7.086151,"03/19":7.1658335,"03/20":7.1248174,"03/21":7.119208,"03/22":7.1366906,"03/23":7.079498,"03/24":7.0545697,"03/25":7.0545697,"03/26":7.133154,"03/27":6.995804,"03/28":7.192802,"03/29":7.2177505,"03/30":7.2177505,"03/31":7.203013,"04/01":7.203013,"04/02":7.245653,"04/03":7.227844,"04/04":8.109781,"04/05":8.096883,"04/06":8.081193,"04/07":8.081193,"04/08":8.029915,"04/09":8.029915,"04/10":7.93279,"04/11":7.9077597,"04/12":7.8869076,"04/13":7.8608456,"04/14":7.8608456,"04/15":7.8608456,"04/16":7.8608456,"04/17":7.7837973,"04/18":7.7629924,"04/19":7.7453094,"04/20":7.7276316,"04/21":7.708929,"04/22":7.708929,"04/23":7.708929,"04/24":7.654921,"04/25":7.637283,"04/26":7.6217184,"04/27":7.6040816,"04/28":7.585423,"04/29":7.585423,"04/30":7.585423,"05/01":7.585423,"05/02":7.5087667,"05/03":7.4890947,"05/04":7.4684033,"05/05":7.4684033,"05/06":7.4684033,"05/07":7.4684033,"05/08":7.3877773,"05/09":7.3660903,"05/10":7.34648,"05/11":7.3268766,"05/12":7.306239,"05/13":7.306239,"05/14":7.306239,"05/15":7.2485166,"05/16":7.228949,"05/17":7.2052655,"05/18":7.1774807,"05/19":7.1558795,"05/20":7.1558795,"05/21":7.1558795,"05/22":7.095243,"05/23":7.0675054,"05/24":7.0490317,"05/25":7.0490317,"05/26":7.0110664,"05/27":7.0110664,"05/28":7.0110664,"05/29":6.952636,"05/30":6.938294,"05/31":6.9178147,"06/01":6.8973427,"06/02":6.8748302,"06/03":6.8748302,"06/04":6.8748302,"06/05":6.8165474,"06/06":6.794069,"06/07":6.7756886,"06/08":6.758328,"06/09":6.742005,"06/10":6.742005,"06/11":6.742005,"06/12":6.6879406,"06/13":6.6675563,"06/14":6.6522713,"06/15":6.6247725,"06/16":6.603394,"06/17":6.603394,"06/18":6.603394,"06/19":6.545407,"06/20":6.527113,"06/21":6.5057726,"06/22":6.4844418,"06/23":6.4661593,"06/24":6.4661593,"06/25":6.4661593,"06/26":6.410352,"06/27":6.3971705,"06/28":6.3789277,"06/29":6.3789277,"06/30":6.339408,"07/01":6.339408,"07/02":6.339408,"07/03":6.280695,"07/04":6.2513723,"07/05":6.2301426,"07/06":6.211947,"07/07":6.211947,"07/08":6.211947,"07/09":6.211947,"07/10":6.211947,"07/11":6.1180615,"07/12":6.0999136,"07/13":6.078745,"07/14":6.0575843,"07/15":6.0575843,"07/16":6.0575843,"07/17":6.002205,"07/18":5.9830804,"07/19":5.9639716,"07/20":5.9438634,"07/21":5.9257755,"07/22":5.9257755,"07/23":5.9257755,"07/24":5.870524,"07/25":5.851456,"07/26":5.8334,"07/27":5.8133316,"07/28":5.795288,"07/29":5.795288,"07/30":5.795288,"07/31":5.739179,"08/01":5.7201586,"08/02":5.700143,"08/03":5.679133,"08/04":5.6591234,"08/05":5.6591234,"08/06":5.6591234,"08/07":5.594177,"08/08":5.578198,"08/09":5.5612245,"08/10":5.541269,"08/11":5.527303,"08/12":5.527303,"08/13":5.527303,"08/14":5.4694834,"08/15":5.4694834,"08/16":5.4694834,"08/17":5.4147162,"08/18":5.395812,"08/19":5.395812,"08/20":5.395812,"08/21":5.3381357,"08/22":5.3202543,"08/23":5.3003893,"08/24":5.281517,"08/25":5.261667,"08/26":5.261667,"08/27":5.261667,"08/28":5.2041373,"08/29":5.184316,"08/30":5.165495,"08/31":5.14668,"09/01":5.12589,"09/02":5.12589,"09/03":5.12589,"09/04":5.0665283,"09/05":5.0477486,"09/06":5.0279865,"09/07":5.009221,"09/08":4.9914412,"09/09":4.9914412,"09/10":4.9914412,"09/11":4.936182,"09/12":5.6672163,"09/13":5.6699896,"09/14":5.665349,"09/15":5.6586046,"09/16":5.6511545,"09/17":5.6511545,"09/18":5.6516013,"09/19":5.630851,"09/20":5.6247697,"09/21":5.617485,"09/22":5.6102195,"09/23":5.6022415,"09/24":5.6022415,"09/25":5.602735,"09/26":5.5826883,"09/27":5.576432,"09/28":5.568662,"09/29":5.5612206,"09/30":5.553249,"10/01":5.553249,"10/02":5.553249,"10/03":5.5303354,"10/04":5.527355,"10/05":5.5275726,"10/06":5.5123653,"10/07":5.505455,"10/08":5.505455,"10/09":5.5060253,"10/10":5.4844418,"10/11":5.476136,"10/12":5.4678392,"10/13":5.459556,"10/14":5.4515934,"10/15":5.4515934,"10/16":5.4522247,"10/17":5.4275,"10/18":5.4192324,"10/19":5.4115324,"10/20":5.404277,"10/21":5.395795,"10/22":5.395795,"10/23":5.396431,"10/24":5.396431,"10/25":5.3624344,"10/26":5.3626614,"10/27":5.345401,"10/28":5.3369226,"10/29":5.3369226,"10/30":5.337657,"10/31":5.3124757,"11/01":5.3048067,"11/02":5.2971153,"11/03":5.289453,"11/04":5.2820415,"11/05":5.2820415,"11/06":5.282809,"11/07":5.2603207,"11/08":5.2605743,"11/09":5.2454944,"11/10":5.23833,"11/11":5.2303944,"11/12":5.2303944,"11/13":5.2312183,"11/14":5.207947,"11/15":5.2005997,"11/16":5.192965,"11/17":5.1858478,"11/18":5.178447,"11/19":5.178447,"11/20":5.179318,"11/21":5.1558213,"11/22":5.147666,"11/23":5.147949,"11/24":5.1313534,"11/25":5.1234303,"11/26":5.1234303,"11/27":5.1234303,"11/28":5.0993624,"11/29":5.0912395,"11/30":5.0836377,"12/01":5.076018,"12/02":5.068101,"12/03":5.068101,"12/04":5.0690594,"12/05":5.0461435,"12/06":5.0385704,"12/07":5.0310173,"12/08":5.022944,"12/09":5.015033,"12/10":5.015033,"12/11":5.016037,"12/12":4.9910293,"12/13":4.983376,"12/14":4.975317,"12/15":4.9672093,"12/16":4.958256,"12/17":4.958256,"12/18":4.959263,"12/19":4.932727,"12/20":4.9241953,"12/21":4.915637,"12/22":4.907059,"12/23":4.8981147,"12/24":4.8981147,"12/25":4.8981147,"12/26":4.8728848,"12/27":4.864325,"12/28":4.856244,"12/29":4.848292,"12/30":4.83935,"12/31":4.83935},"2022":{"09/12":6.4159966,"09/13":6.4373183,"09/14":6.4477444,"09/15":6.4579,"09/16":6.443001,"09/17":6.443001,"09/18":6.500984,"09/19":6.4594827,"09/20":6.4846845,"09/21":6.489771,"09/22":6.4968553,"09/23":6.480899,"09/24":6.480899,"09/25":6.53883,"09/26":6.5173726,"09/27":6.5185914,"09/28":6.525602,"09/29":6.510719,"09/30":6.4947753,"10/01":6.4947753,"10/02":6.4947753,"10/03":6.5547037,"10/04":6.5702515,"10/05":6.5921936,"10/06":6.5813217,"10/07":6.5675006,"10/08":6.5675006,"10/09":6.623326,"10/10":6.5987067,"10/11":6.5996494,"10/12":6.6015816,"10/13":6.6045184,"10/14":6.5885925,"10/15":6.5885925,"10/16":6.6463456,"10/17":6.616371,"10/18":6.6192946,"10/19":6.626259,"10/20":6.6263328,"10/21":6.6093683,"10/22":6.6093683,"10/23":6.6640797,"10/24":6.6640797,"10/25":6.634924,"10/26":6.65381,"10/27":6.6377144,"10/28":6.620758,"10/29":6.620758,"10/30":6.6803827,"10/31":6.649389,"11/01":6.6553497,"11/02":6.65932,"11/03":6.6652775,"11/04":6.650455,"11/05":6.650455,"11/06":6.709013,"11/07":6.684321,"11/08":6.7031794,"11/09":6.6923213,"11/10":6.695355,"11/11":6.679484,"11/12":6.679484,"11/13":6.7389855,"11/14":6.6924424,"11/15":6.7182035,"11/16":6.7231493,"11/17":6.7281594,"11/18":6.713358,"11/19":6.713358,"11/20":6.7727904,"11/21":6.745022,"11/22":6.7479196,"11/23":6.766727,"11/24":6.753691,"11/25":6.7378445,"11/26":6.7378445,"11/27":6.7378445,"11/28":6.7702537,"11/29":6.774124,"11/30":6.778071,"12/01":6.7810254,"12/02":6.765191,"12/03":6.765191,"12/04":6.8244953,"12/05":6.7968225,"12/06":6.801741,"12/07":6.807647,"12/08":6.8125057,"12/09":6.796684,"12/10":6.796684,"12/11":6.855927,"12/12":6.823076,