{"0":{"01/01":6.8844924,"01/02":6.851351,"01/03":6.85423,"01/04":6.856133,"01/05":6.839162,"01/06":6.822196,"01/07":6.822196,"01/08":6.8986044,"01/09":6.8675485,"01/10":6.869428,"01/11":6.8723106,"01/12":6.8553557,"01/13":6.839466,"01/14":6.839466,"01/15":6.915791,"01/16":6.8847704,"01/17":6.8866453,"01/18":6.889511,"01/19":6.891395,"01/20":6.875519,"01/21":6.875519,"01/22":6.875519,"01/23":6.8998265,"01/24":6.901628,"01/25":6.9014,"01/26":6.9014,"01/27":6.8654556,"01/28":6.8654556,"01/29":6.943577,"01/30":6.907391,"01/31":6.9092,"02/01":6.9100084,"02/02":6.910817,"02/03":6.89287,"02/04":6.89287,"02/05":6.9481864,"02/06":6.9162693,"02/07":6.917144,"02/08":6.918029,"02/09":6.918844,"02/10":6.8998494,"02/11":6.8998494,"02/12":6.958068,"02/13":6.9209037,"02/14":6.9237514,"02/15":6.924556,"02/16":6.9253793,"02/17":6.907461,"02/18":6.907461,"02/19":6.907461,"02/20":6.9296083,"02/21":6.9293566,"02/22":6.930169,"02/23":6.929994,"02/24":6.911053,"02/25":6.911053,"02/26":6.9691234,"02/27":6.931963,"02/28":6.9338946,"03/01":6.954443,"03/02":6.9365587,"03/03":6.9186916,"03/04":6.9757185,"03/05":6.993421,"03/06":6.9553757,"03/07":6.9730597,"03/08":6.935229,"03/09":6.91738,"03/10":6.897425,"03/11":6.9720626,"03/12":6.991701,"03/13":6.943213,"03/14":6.941928,"03/15":6.9374824,"03/16":6.9259486,"03/17":6.9081173,"03/18":6.9081173,"03/19":6.9846144,"03/20":6.9424806,"03/21":6.9369903,"03/22":6.9556165,"03/23":6.9000998,"03/24":6.8760214,"03/25":6.8760214,"03/26":6.953381,"03/27":6.916432,"03/28":6.938169,"03/29":6.96224,"03/30":6.96224,"03/31":6.9105825,"04/01":6.9105825,"04/02":6.9604545,"04/03":6.8745165,"04/04":6.893078,"04/05":6.8584,"04/06":6.843792,"04/07":6.843792,"04/08":6.8994493,"04/09":6.8994493,"04/10":6.801419,"04/11":6.7785006,"04/12":6.75872,"04/13":6.7347784,"04/14":6.7347784,"04/15":6.7347784,"04/16":6.7347784,"04/17":6.657835,"04/18":6.637059,"04/19":6.62044,"04/20":6.6038265,"04/21":6.585149,"04/22":6.585149,"04/23":6.585149,"04/24":6.53329,"04/25":6.515666,"04/26":6.5001216,"04/27":6.482518,"04/28":6.46491,"04/29":6.46491,"04/30":6.46491,"05/01":6.46491,"05/02":6.391452,"05/03":6.3718143,"05/04":6.352184,"05/05":6.352184,"05/06":6.352184,"05/07":6.352184,"05/08":6.2737255,"05/09":6.252065,"05/10":6.2324696,"05/11":6.2139225,"05/12":6.1943507,"05/13":6.1943507,"05/14":6.1943507,"05/15":6.1366982,"05/16":6.1171446,"05/17":6.09247,"05/18":6.0657396,"05/19":6.041089,"05/20":6.041089,"05/21":6.041089,"05/22":5.9774485,"05/23":5.9466786,"05/24":5.9313006,"05/25":5.9313006,"05/26":5.8964643,"05/27":5.8964643,"05/28":5.8964643,"05/29":5.8391347,"05/30":5.825836,"05/31":5.805383,"06/01":5.784928,"06/02":5.762454,"06/03":5.762454,"06/04":5.762454,"06/05":5.7042475,"06/06":5.6828194,"06/07":5.664454,"06/08":5.645084,"06/09":5.629793,"06/10":5.629793,"06/11":5.629793,"06/12":5.57682,"06/13":5.557482,"06/14":5.541198,"06/15":5.520854,"06/16":5.4995008,"06/17":5.4995008,"06/18":5.4995008,"06/19":5.441583,"06/20":5.4233108,"06/21":5.4019966,"06/22":5.3796754,"06/23":5.3624306,"06/24":5.3624306,"06/25":5.3624306,"06/26":5.306692,"06/27":5.293527,"06/28":5.27632,"06/29":5.27632,"06/30":5.237861,"07/01":5.237861,"07/02":5.237861,"07/03":5.178207,"07/04":5.146898,"07/05":5.1267056,"07/06":5.107523,"07/07":5.107523,"07/08":5.107523,"07/09":5.107523,"07/10":5.107523,"07/11":5.0147667,"07/12":4.9966426,"07/13":4.9755006,"07/14":4.9533596,"07/15":4.9533596,"07/16":4.9533596,"07/17":4.8980527,"07/18":4.8789625,"07/19":4.8598695,"07/20":4.839788,"07/21":4.821724,"07/22":4.821724,"07/23":4.821724,"07/24":4.766556,"07/25":4.7485075,"07/26":4.7304745,"07/27":4.7104425,"07/28":4.691411,"07/29":4.691411,"07/30":4.691411,"07/31":4.638383,"08/01":4.619387,"08/02":4.598397,"08/03":4.5774145,"08/04":4.5574317,"08/05":4.5574317,"08/06":4.5574317,"08/07":4.501542,"08/08":4.4855914,"08/09":4.4696364,"08/10":4.4507017,"08/11":4.4367523,"08/12":4.4367523,"08/13":4.4367523,"08/14":4.3799953,"08/15":4.3799953,"08/16":4.3799953,"08/17":4.326277,"08/18":4.3093843,"08/19":4.3093843,"08/20":4.3093843,"08/21":4.251772,"08/22":4.23391,"08/23":4.2140675,"08/24":4.1952157,"08/25":4.174395,"08/26":4.174395,"08/27":4.174395,"08/28":4.116941,"08/29":4.0961423,"08/30":4.0783334,"08/31":4.05855,"09/01":4.037784,"09/02":4.037784,"09/03":4.037784,"09/04":3.979482,"09/05":3.9607246,"09/06":3.940986,"09/07":3.9222424,"09/08":3.9044838,"09/09":3.9044838,"09/10":3.9044838,"09/11":3.8492901,"09/12":3.8315659,"09/13":3.8167953,"09/14":3.7980874,"09/15":3.7744794,"09/16":3.7744794,"09/17":3.7744794,"09/18":3.7164721,"09/19":3.7164721,"09/20":3.6791537,"09/21":3.6614778,"09/22":3.6398876,"09/23":3.6398876,"09/24":3.6398876,"09/25":3.5830212,"09/26":3.5643973,"09/27":3.5506837,"09/28":3.5281684,"09/29":3.5281684,"09/30":3.5281684,"10/01":3.5281684,"10/02":3.5281684,"10/03":3.422541,"10/04":3.402028,"10/05":3.3815234,"10/06":3.362981,"10/07":3.362981,"10/08":3.362981,"10/09":3.3103042,"10/10":3.2917874,"10/11":3.274253,"10/12":3.2557397,"10/13":3.2372425,"10/14":3.2372425,"10/15":3.2372425,"10/16":3.1808078,"10/17":3.161364,"10/18":3.1419277,"10/19":3.1215258,"10/20":3.1069567,"10/21":4.643979,"10/22":4.643979,"10/23":4.644804,"10/24":4.644804,"10/25":4.6453958,"10/26":4.645689,"10/27":4.646001,"10/28":4.646001,"10/29":4.646001,"10/30":4.646943,"10/31":4.6478186,"11/01":4.6480994,"11/02":4.6484327,"11/03":4.648787,"11/04":4.648787,"11/05":4.648787,"11/06":4.6497855,"11/07":4.6501017,"11/08":4.650439,"11/09":4.650779,"11/10":4.6510863,"11/11":4.6510863,"11/12":4.6510863,"11/13":4.652154,"11/14":4.653222,"11/15":4.64649,"11/16":4.6399145,"11/17":4.6333466,"11/18":4.6269503,"11/19":4.6269503,"11/20":4.6280746,"11/21":4.6092706,"11/22":4.6027155,"11/23":4.603092,"11/24":4.590167,"11/25":4.5832353,"11/26":4.5832353,"11/27":4.5832353,"11/28":4.5650764,"11/29":4.564399,"11/30":4.5568175,"12/01":4.549239,"12/02":4.5412483,"12/03":4.5412483,"12/04":4.5424643,"12/05":4.519431,"12/06":4.5129075,"12/07":4.5053515,"12/08":4.497772,"12/09":4.4897876,"12/10":4.4897876,"12/11":4.491043,"12/12":4.4685698,"12/13":4.461537,"12/14":4.453996,"12/15":4.445904,"12/16":4.4384575,"12/17":4.4384575,"12/18":4.439731,"12/19":4.4130616,"12/20":4.4044514,"12/21":4.395867,"12/22":4.387268,"12/23":4.3782334,"12/24":4.3782334,"12/25":4.3782334,"12/26":4.3529377,"12/27":4.344349,"12/28":4.3357635,"12/29":4.3277407,"12/30":4.318716,"12/31":4.318716},"2022":{"10/21":6.1810017,"10/22":6.1810017,"10/23":6.2370014,"10/24":6.2370014,"10/25":6.275997,"10/26":6.295004,"10/27":6.3150024,"10/28":6.3150024,"10/29":6.3150024,"10/30":6.3739967,"10/31":6.396062,"11/01":6.4130664,"11/02":6.4330645,"11/03":6.4540653,"11/04":6.4540653,"11/05":6.4540653,"11/06":6.512068,"11/07":6.530064,"11/08":6.549071,"11/09":6.568068,"11/10":6.5850635,"11/11":6.5850635,"11/12":6.5850635,"11/13":6.643066,"11/14":6.645202,"11/15":6.669274,"11/16":6.674394,"11/17":6.679524,"11/18":6.6667314,"11/19":6.6667314,"11/20":6.7247057,"11/21":6.7062974,"11/22":6.711419,"11/23":6.7304077,"11/24":6.7237363,"11/25":6.7098722,"11/26":6.7098722,"11/27":6.7098722,"11/28":6.7473316,"11/29":6.764162,"11/30":6.768137,"12/01":6.772111,"12/02":6.756129,"12/03":6.756129,"12/04":6.814004,"12/05":6.786093,"12/06":6.791186,"12/07":6.795162,"12/08":6.79813,"12/09":6.7821608,"12/10":6.7821608,"12/11":6.8399763,"12/12":6.8131294,"12/13":6.817167,"12/14":6.821126,"12/15":6.823022,"12/16":6.80813,"12/17":6.80813,"12/18":6.8648896,"12/19":6.830558,"12/20":6.831386,"12/21":6.8332186,"12/22":6.834056,"12/23":6.815987,"12/24":6.815987,"12/25":6.815987,"12/26":6.8393807,"12/27":6.840206,"12/28":6.8410316,"12/29":6.843924,"12/30":6.8258753,"12/31":6.8258753},"2023":{"01/01":6.8844924,"01/02":6.851351,"01/03":6.85423,"01/04":6.856133,"01/05":6.839162,"01/06":6.822196,"01/07":6.822196,"01/08":6.8986044,"01/09":6.8675485,"01/10":6.869428,"01/11":6.8723106,"01/12":6.8553557,"01/13":6.839466,"01/14":6.839466,"01/15":6.915791,"01/16":6.8847704,"01/17":6.8866453,"01/18":6.889511,"01/19":6.891395,"01/20":6.875519,