{"0":{"01/01":5.472819,"01/02":5.4184957,"01/03":5.40179,"01/04":5.3851004,"01/05":5.368406,"01/06":5.3517165,"01/07":5.3517165,"01/08":5.3517165,"01/09":5.30169,"01/10":5.290236,"01/11":5.2735715,"01/12":5.256912,"01/13":5.240258,"01/14":5.240258,"01/15":5.240258,"01/16":5.1892967,"01/17":5.1726737,"01/18":5.1550064,"01/19":5.1383843,"01/20":5.1217775,"01/21":5.1217775,"01/22":5.1217775,"01/23":5.0698924,"01/24":5.052259,"01/25":5.0346417,"01/26":5.0346417,"01/27":4.998378,"01/28":4.998378,"01/29":4.998378,"01/30":4.9445415,"01/31":4.9269505,"02/01":4.9083395,"02/02":4.8917956,"02/03":4.8742323,"02/04":4.8742323,"02/05":4.8742323,"02/06":4.8236246,"02/07":4.8071074,"02/08":4.790595,"02/09":4.7720327,"02/10":4.753467,"02/11":4.753467,"02/12":4.753467,"02/13":4.69886,"02/14":4.6813517,"02/15":4.6638584,"02/16":4.6463614,"02/17":4.62887,"02/18":4.62887,"02/19":4.62887,"02/20":4.576451,"02/21":4.5579543,"02/22":4.539474,"02/23":4.520991,"02/24":4.503551,"02/25":4.503551,"02/26":4.503551,"02/27":4.4481783,"02/28":4.432805,"03/01":4.416411,"03/02":4.3989964,"03/03":4.3815975,"03/04":4.3815975,"03/05":4.3815975,"03/06":4.327368,"03/07":4.327368,"03/08":4.290567,"03/09":4.2732043,"03/10":4.2538023,"03/11":4.2538023,"03/12":4.2538023,"03/13":4.1905227,"03/14":4.171151,"03/15":4.148726,"03/16":4.1375213,"03/17":4.1191797,"03/18":4.1191797,"03/19":4.1191797,"03/20":4.061167,"03/21":4.0377703,"03/22":4.0377703,"03/23":3.9838974,"03/24":3.9595284,"03/25":3.9595284,"03/26":3.9595284,"03/27":3.9057364,"03/28":3.907768,"03/29":3.931106,"03/30":3.931106,"03/31":3.8307357,"04/01":3.8307357,"04/02":3.8307357,"04/03":3.7285342,"04/04":3.7285342,"04/05":3.6780148,"04/06":3.6638784,"04/07":3.6638784,"04/08":3.6638784,"04/09":3.6638784,"04/10":3.5680594,"04/11":3.5458927,"04/12":3.5267603,"04/13":3.5025957,"04/14":3.5025957,"04/15":3.5025957,"04/16":3.5025957,"04/17":3.4291818,"04/18":3.4080803,"04/19":3.3920062,"04/20":3.375937,"04/21":3.358868,"04/22":3.358868,"04/23":3.358868,"04/24":3.307713,"04/25":3.2906663,"04/26":3.2766354,"04/27":3.2576025,"04/28":3.2405722,"04/29":3.2405722,"04/30":3.2405722,"05/01":3.2405722,"05/02":3.1695228,"05/03":3.1505291,"05/04":3.1315424,"05/05":3.1315424,"05/06":3.1315424,"05/07":3.1315424,"05/08":3.0556562,"05/09":3.034707,"05/10":3.0157535,"05/11":2.9978147,"05/12":2.9788842,"05/13":2.9788842,"05/14":2.9788842,"05/15":2.9231217,"05/16":2.9042091,"05/17":2.8803434,"05/18":2.854489,"05/19":2.8296518,"05/20":2.8296518,"05/21":2.8296518,"05/22":2.7680984,"05/23":2.7393305,"05/24":2.7234635,"05/25":2.7234635,"05/26":2.6897697,"05/27":2.6897697,"05/28":2.6897697,"05/29":2.6343198,"05/30":2.6214573,"05/31":2.6016746,"06/01":2.5818996,"06/02":2.560153,"06/03":2.560153,"06/04":2.560153,"06/05":2.5038543,"06/06":2.4831288,"06/07":2.4643872,"06/08":2.4456427,"06/09":2.4308534,"06/10":2.4308534,"06/11":2.4308534,"06/12":2.379627,"06/13":2.3618994,"06/14":2.346158,"06/15":2.326472,"06/16":2.304843,"06/17":2.304843,"06/18":2.304843,"06/19":2.2498078,"06/20":2.232125,"06/21":2.2105265,"06/22":2.188937,"06/23":2.172267,"06/24":2.172267,"06/25":2.172267,"06/26":2.1183553,"06/27":2.1056125,"06/28":2.08995,"06/29":2.08995,"06/30":2.052751,"07/01":2.052751,"07/02":2.052751,"07/03":1.99506,"07/04":1.9637889,"07/05":1.9432812,"07/06":1.9247364,"07/07":1.9247364,"07/08":1.9247364,"07/09":1.9247364,"07/10":1.9247364,"07/11":1.8350215,"07/12":1.817482,"07/13":1.7970331,"07/14":1.7756273,"07/15":1.7756273,"07/16":1.7756273,"07/17":1.7221241,"07/18":1.7036595,"07/19":1.6852019,"07/20":1.6657784,"07/21":1.6482972,"07/22":1.6482972,"07/23":1.6482972,"07/24":1.594937,"07/25":1.5765187,"07/26":1.5590681,"07/27":1.5396928,"07/28":1.5222641,"07/29":1.5222641,"07/30":1.5222641,"07/31":1.4699955,"08/01":1.4516225,"08/02":1.4322882,"08/03":1.4119937,"08/04":1.3917073,"08/05":1.3917073,"08/06":1.3917073,"08/07":1.3376501,"08/08":1.322213,"08/09":1.3067899,"08/10":1.2884667,"08/11":1.2749745,"08/12":1.2749745,"08/13":1.2749745,"08/14":1.2200776,"08/15":1.2200776,"08/16":1.2200776,"08/17":1.167166,"08/18":1.1508275,"08/19":1.1508275,"08/20":1.1508275,"08/21":1.0951036,"08/22":1.0778182,"08/23":1.058626,"08/24":1.0404016,"08/25":1.0202637,"08/26":1.0202637,"08/27":1.0202637,"08/28":0.9646835,"08/29":0.9455343,"08/30":0.9273507,"08/31":0.90821564,"09/01":0.8881303,"09/02":0.8881303,"09/03":0.8881303,"09/04":0.83173895,"09/05":0.8135963,"09/06":0.79545105,"09/07":0.776366,"09/08":0.7601535,"09/09":0.7601535,"09/10":0.7601535,"09/11":0.7058132,"09/12":0.6886605,"09/13":0.67438316,"09/14":0.656288,"09/15":0.63250095,"09/16":0.63250095,"09/17":0.63250095,"09/18":0.5773465,"09/19":0.5773465,"09/20":0.54124147,"09/21":0.5232032,"09/22":0.5032708,"09/23":0.5032708,"09/24":0.5032708,"09/25":0.44825795,"09/26":0.43025303,"09/27":0.41698846,"09/28":0.3952017,"09/29":0.3952017,"09/30":0.3952017,"10/01":0.3952017,"10/02":0.3952017,"10/03":0.2920959,"10/04":0.27225506,"10/05":0.25242206,"10/06":0.23448727,"10/07":0.23448727,"10/08":0.23448727,"10/09":0.18353596,"10/10":0.16468191,"10/11":0.14866559,"10/12":0.13075891,"10/13":0.111924715,"10/14":0.111924715,"10/15":0.111924715,"10/16":0.057339333,"10/17":0.03853275,"10/18":0.019733232,"10/19":0.0,"10/20":0.0,"10/21":3.2200005,"10/22":3.2200005,"10/23":3.2200005,"10/24":3.2200005,"10/25":3.2200005,"10/26":3.2200005,"10/27":3.2200005,"10/28":3.2200005,"10/29":3.2200005,"10/30":3.2200005,"10/31":3.2205331,"11/01":3.214149,"11/02":3.2072284,"11/03":3.1992548,"11/04":3.1923382,"11/05":3.1923382,"11/06":3.1923382,"11/07":3.1705503,"11/08":3.1705503,"11/09":3.1546226,"11/10":3.1461282,"11/11":3.138699,"11/12":3.138699,"11/13":3.138699,"11/14":3.1158936,"11/15":3.1079423,"11/16":3.100524,"11/17":3.093638,"11/18":3.0856934,"11/19":3.0856934,"11/20":3.0856934,"11/21":3.0618737,"11/22":3.0544682,"11/23":3.0544682,"11/24":3.0380805,"11/25":3.0296233,"11/26":3.0296233,"11/27":3.0296233,"11/28":3.0074399,"11/29":2.9989924,"11/30":2.992133,"12/01":2.9842186,"12/02":2.9763117,"12/03":2.9763117,"12/04":2.9763117,"12/05":2.951535,"12/06":2.9457426,"12/07":2.9383693,"12/08":2.929944,"12/09":2.9215212,"12/10":2.9215212,"12/11":2.9215212,"12/12":2.8968008,"12/13":2.8883886,"12/14":2.8799841,"12/15":2.8721035,"12/16":2.8631732,"12/17":2.8631732,"12/18":2.8631732,"12/19":2.836406,"12/20":2.827493,"12/21":2.8191028,"12/22":2.8101957,"12/23":2.8012865,"12/24":2.8012865,"12/25":2.8012865,"12/26":2.774582,"12/27":2.7641182,"12/28":2.7536585,"12/29":2.745292,"12/30":2.7364094,"12/31":2.7364094},"2022":{"10/21":6.440001,"10/22":6.440001,"10/23":6.440001,"10/24":6.440001,"10/25":6.440001,"10/26":6.440001,"10/27":6.440001,"10/28":6.440001,"10/29":6.440001,"10/30":6.440001,"10/31":6.4410663,"11/01":6.428298,"11/02":6.414457,"11/03":6.3985095,"11/04":6.3846765,"11/05":6.3846765,"11/06":6.3846765,"11/07":6.3411007,"11/08":6.3411007,"11/09":6.309245,"11/10":6.2922564,"11/11":6.277398,"11/12":6.277398,"11/13":6.277398,"11/14":6.231787,"11/15":6.2158847,"11/16":6.201048,"11/17":6.187276,"11/18":6.1713867,"11/19":6.1713867,"11/20":6.1713867,"11/21":6.1237473,"11/22":6.1089363,"11/23":6.1089363,"11/24":6.076161,"11/25":6.0592465,"11/26":6.0592465,"11/27":6.0592465,"11/28":6.0148797,"11/29":5.997985,"11/30":5.984266,"12/01":5.968437,"12/02":5.9526234,"12/03":5.9526234,"12/04":5.9526234,"12/05":5.90307,"12/06":5.891485,"12/07":5.8767385,"12/08":5.859888,"12/09":5.8430424,"12/10":5.8430424,"12/11":5.8430424,"12/12":5.7936015,"12/13":5.7767773,"12/14":5.7599683,"12/15":5.744207,"12/16":5.7263465,"12/17":5.7263465,"12/18":5.7263465,"12/19":5.672812,"12/20":5.654986,"12/21":5.6382055,"12/22":5.6203914,"12/23":5.602573,"12/24":5.602573,"12/25":5.602573,"12/26":5.549164,"12/27":5.5282364,"12/28":5.507317,"12/29":5.490584,"12/30":5.472819,"12/31":5.472819},"2023":{"01/01":5.472819,"01/02":5.4184957,"01/03":5.40179,"01/04":5.3851004,"01/05":5.368406,"01/06":5.3517165,"01/07":5.3517165,"01/08":5.3517165,"01/09":5.30169,"01/10":5.290236,"01/11":5.2735715,"01/12":5.256912,