{"0":{"12/26":1.3640022,"12/27":1.3640022,"12/28":1.3498133,"12/29":1.3457642,"12/30":1.3457642,"12/31":1.3457642},"2023":{"12/26":1.3640022,"12/27":1.3640022,"12/28":1.3498133,"12/29":1.3457642,"12/30":1.3457642,"12/31":1.3457642}}