{"0":{"01/01":8.048556,"01/02":8.227577,"01/03":8.063838,"01/04":7.990829,"01/05":7.972845,"01/06":7.9517026,"01/07":7.9517026,"01/08":8.088783,"01/09":8.201207,"01/10":8.21551,"01/11":8.310093,"01/12":8.2942,"01/13":8.27726,"01/14":8.27726,"01/15":8.470916,"01/16":8.515009,"01/17":8.471636,"01/18":8.5513525,"01/19":8.375102,"01/20":8.356049,"01/21":8.356049,"01/22":8.356049,"01/23":8.045027,"01/24":8.367988,"01/25":8.456498,"01/26":8.456498,"01/27":8.421565,"01/28":8.421565,"01/29":8.503535,"01/30":8.504825,"01/31":8.542512,"02/01":8.606333,"02/02":9.097821,"02/03":9.077621,"02/04":9.077621,"02/05":8.761844,"02/06":9.3737545,"02/07":9.018481,"02/08":9.005307,"02/09":8.9143505,"02/10":8.897387,"02/11":8.897387,"02/12":8.935352,"02/13":8.864336,"02/14":9.325582,"02/15":9.087724,"02/16":9.413981,"02/17":9.394839,"02/18":9.394839,"02/19":9.394839,"02/20":9.6396265,"02/21":9.498322,"02/22":9.657814,"02/23":9.7622595,"02/24":9.746271,"02/25":9.746271,"02/26":10.065741,"02/27":9.602282,"02/28":10.112271,"03/01":9.623749,"03/02":9.603546,"03/03":9.58547,"03/04":9.806602,"03/05":9.399248,"03/06":9.421196,"03/07":9.265129,"03/08":9.224901,"03/09":9.205848,"03/10":9.183635,"03/11":9.364766,"03/12":9.281461,"03/13":9.05157,"03/14":9.0890665,"03/15":9.221617,"03/16":9.207883,"03/17":9.188864,"03/18":9.188864,"03/19":8.964461,"03/20":9.072458,"03/21":9.14012,"03/22":9.129482,"03/23":9.073606,"03/24":9.049383,"03/25":9.049383,"03/26":8.451563,"03/27":8.781052,"03/28":8.593168,"03/29":8.616236,"03/30":8.616236,"03/31":8.553734,"04/01":8.553734,"04/02":8.801622,"04/03":8.676214,"04/04":8.854473,"04/05":9.009304,"04/06":8.993556,"04/07":8.993556,"04/08":9.041708,"04/09":9.041708,"04/10":8.943086,"04/11":8.91899,"04/12":8.900128,"04/13":8.873956,"04/14":8.873956,"04/15":8.873956,"04/16":8.873956,"04/17":8.796538,"04/18":8.77459,"04/19":8.75788,"04/20":8.74012,"04/21":8.722366,"04/22":8.722366,"04/23":8.722366,"04/24":8.668115,"04/25":8.64934,"04/26":8.633702,"04/27":8.61495,"04/28":8.597237,"04/29":8.597237,"04/30":8.597237,"05/01":8.597237,"05/02":8.521263,"05/03":8.500467,"05/04":8.48071,"05/05":8.48071,"05/06":8.48071,"05/07":8.48071,"05/08":8.400742,"05/09":8.378954,"05/10":8.3582115,"05/11":8.338516,"05/12":8.31779,"05/13":8.31779,"05/14":8.31779,"05/15":8.258759,"05/16":8.239099,"05/17":8.214269,"05/18":8.060389,"05/19":8.004731,"05/20":8.004731,"05/21":8.004731,"05/22":7.915174,"05/23":8.022252,"05/24":8.004731,"05/25":8.004731,"05/26":7.830906,"05/27":7.830906,"05/28":7.830906,"05/29":7.824747,"05/30":7.754974,"05/31":7.7344613,"06/01":7.712939,"06/02":7.637173,"06/03":7.637173,"06/04":7.637173,"06/05":7.8144755,"06/06":7.792922,"06/07":7.773431,"06/08":7.857609,"06/09":7.7354875,"06/10":7.7354875,"06/11":7.7354875,"06/12":7.680165,"06/13":7.42477,"06/14":7.4594307,"06/15":7.465549,"06/16":7.4441347,"06/17":7.4441347,"06/18":7.4441347,"06/19":7.385031,"06/20":7.467592,"06/21":7.4879937,"06/22":7.465549,"06/23":7.4217076,"06/24":7.4217076,"06/25":7.4217076,"06/26":7.36263,"06/27":7.34838,"06/28":7.2782044,"06/29":7.2782044,"06/30":7.1878247,"07/01":7.1878247,"07/02":7.1878247,"07/03":7.1776752,"07/04":7.1219087,"07/05":7.1006308,"07/06":7.1077228,"07/07":7.1077228,"07/08":7.1077228,"07/09":7.1077228,"07/10":7.1077228,"07/11":7.0601277,"07/12":7.041905,"07/13":6.9721293,"07/14":6.9751654,"07/15":6.9751654,"07/16":6.9751654,"07/17":6.821759,"07/18":6.897402,"07/19":6.8308325,"07/20":6.8106794,"07/21":6.815715,"07/22":6.815715,"07/23":6.815715,"07/24":6.757301,"07/25":6.7613325,"07/26":6.860072,"07/27":6.7452264,"07/28":6.82075,"07/29":6.82075,"07/30":6.82075,"07/31":6.6246033,"08/01":6.0593305,"08/02":6.293296,"08/03":6.027545,"08/04":6.0067,"08/05":6.0067,"08/06":6.0067,"08/07":5.811548,"08/08":5.7907877,"08/09":5.9878497,"08/10":5.816499,"08/11":4.8357954,"08/12":4.8357954,"08/13":4.8357954,"08/14":5.4135833,"08/15":5.4135833,"08/16":5.4135833,"08/17":5.556071,"08/18":5.428307,"08/19":6.414152,"08/20":6.414152,"08/21":6.413601,"08/22":6.4097815,"08/23":6.4098263,"08/24":6.44995,"08/25":6.447016,"08/26":6.4394784,"08/27":6.4394784,"08/28":6.4415026,"08/29":6.415283,"08/30":6.4086637,"08/31":6.4088974,"09/01":6.391803,"09/02":6.3843145,"09/03":6.3843145,"09/04":6.3863263,"09/05":6.361313,"09/06":6.348632,"09/07":6.3439803,"09/08":6.338084,"09/09":6.3311205,"09/10":6.3311205,"09/11":6.3290524,"09/12":6.3046246,"09/13":6.300806,"09/14":6.2983704,"09/15":6.2911787,"09/16":6.2853165,"09/17":6.2853165,"09/18":6.28682,"09/19":6.264926,"09/20":6.2618456,"09/21":6.2569723,"09/22":6.249357,"09/23":6.2418904,"09/24":6.2418904,"09/25":6.243226,"09/26":6.2186284,"09/27":6.2150593,"09/28":6.2173624,"09/29":6.214158,"09/30":6.1992273,"10/01":6.1992273,"10/02":6.1992273,"10/03":6.16424,"10/04":6.1453686,"10/05":6.145767,"10/06":6.124094,"10/07":6.11615,"10/08":6.11615,"10/09":6.1158957,"10/10":6.094268,"10/11":6.0886183,"10/12":6.08872,"10/13":6.0827746,"10/14":6.0748234,"10/15":6.0748234,"10/16":6.075959,"10/17":6.054921,"10/18":6.04781,"10/19":6.038474,"10/20":6.0250063,"10/21":6.0159836,"10/22":6.0159836,"10/23":6.0189104,"10/24":6.0189104,"10/25":5.9871445,"10/26":5.9891872,"10/27":5.970937,"10/28":5.9613667,"10/29":5.9613667,"10/30":5.9574194,"10/31":5.9300184,"11/01":5.9196663,"11/02":5.9142017,"11/03":5.9040737,"11/04":5.8939824,"11/05":5.8939824,"11/06":5.896371,"11/07":5.869825,"11/08":5.873212,"11/09":5.8582296,"11/10":5.85244,"11/11":5.8428288,"11/12":5.8428288,"11/13":5.842279,"11/14":5.8145514,"11/15":5.800523,"11/16":5.7935996,"11/17":5.7893195,"11/18":5.780259,"11/19":5.780259,"11/20":5.779404,"11/21":5.738898,"11/22":5.7368145,"11/23":5.7388268,"11/24":5.7206783,"11/25":5.7116632,"11/26":5.7116632,"11/27":5.7116632,"11/28":5.6822205,"11/29":5.6737146,"11/30":5.660673,"12/01":5.654505,"12/02":5.646038,"12/03":5.646038,"12/04":5.6387715,"12/05":5.613537,"12/06":5.6043353,"12/07":5.597434,"12/08":5.5923824,"12/09":5.5828753,"12/10":5.5828753,"12/11":5.585154,"12/12":5.5555787,"12/13":5.5454245,"12/14":5.5407124,"12/15":5.533015,"12/16":5.5250845,"12/17":5.5250845,"12/18":5.5276527,"12/19":5.499575,"12/20":5.4914517,"12/21":5.482419,"12/22":5.480414,"12/23":5.46981,"12/24":5.46981,"12/25":5.46981,"12/26":5.442458,"12/27":5.433618,"12/28":5.426206,"12/29":5.409767,"12/30":5.397084,"12/31":5.397084},"2022":{"08/19":7.3999977,"08/20":7.3999977,"08/21":7.337999,"08/22":6.6139984,"08/23":6.636,"08/24":7.1081223,"08/25":7.6284313,"08/26":7.6133566,"08/27":7.6133566,"08/28":7.7864294,"08/29":7.408147,"08/30":7.5380254,"08/31":7.5600142,"09/01":7.0274,"09/02":7.012424,"09/03":7.012424,"09/04":7.293281,"09/05":7.263885,"09/06":6.544474,"09/07":7.205637,"09/08":7.3165317,"09/09":7.3026032,"09/10":7.3026032,"09/11":7.039018,"09/12":6.706653,"09/13":6.991394,"09/14":7.2263217,"09/15":6.88045,"09/16":6.868725,"09/17":6.868725,"09/18":7.0991783,"09/19":7.055391,"09/20":7.308948,"09/21":7.237573,"09/22":7.01148,"09/23":6.9965463,"09/24":6.9965463,"09/25":7.1669927,"09/26":7.0482073,"09/27":7.0616636,"09/28":7.086858,"09/29":7.0804486,"09/30":7.0505867,"10/01":7.0505867,"10/02":7.0505867,"10/03":6.932564,"10/04":7.123878,"10/05":7.1666617,"10/06":6.496918,"10/07":6.48103,"10/08":6.48103,"10/09":6.397494,"10/10":6.375007,"10/11":6.5601225,"10/12":6.6852846,"10/13":6.744113,"10/14":6.728211,"10/15":6.728211,"10/16":6.8931675,"10/17":7.2624,"10/18":7.407151,"10/19":7.408801,"10/20":6.923185,"10/21":6.9051394,"10/22":6.9051394,"10/23":7.2068763,"10/24":7.2068763,"10/25":7.1559577,"10/26":7.330542,"10/27":7.2814674,"10/28":7.262327,"10/29":7.262327,"10/30":6.8826084,"10/31":6.712709,"11/01":6.567853,"11/02":7.133158,"11/03":7.239568,"11/04":7.2193856,"11/05":7.2193856,"11/06":7.400579,"11/07":7.349414,"11/08":7.5780306,"11/09":7.8166595,"11/10":7.94599,"11/11":7.926768,"11/12":7.926768,"11/13":7.8980865,"11/14":7.8426313,"11/15":7.571429,"11/16":7.67787,"11/17":7.9422607,"11/18":7.92414,"11/19":7.92414,"11/20":7.8806744,"11/21":6.9999075,"11/22":7.4440126,"11/23":7.566415,