{"0":{"01/01":8.535339,"01/02":8.526722,"01/03":8.516491,"01/04":8.507252,"01/05":8.507252,"01/06":8.507472,"01/07":8.507993,"01/08":8.484482,"01/09":8.500137,"01/10":8.470726,"01/11":8.481598,"01/12":8.481598,"01/13":8.480967,"01/14":8.481051,"01/15":8.414917,"01/16":8.38817,"01/17":8.39335,"01/18":8.398769,"01/19":8.406908,"01/20":8.406997,"01/21":8.40777,"01/22":8.408255,"01/23":8.358847,"01/24":8.369942,"01/25":8.381887,"01/26":8.381887,"01/27":8.383376,"01/28":8.384011,"01/29":8.340351,"01/30":8.301456,"01/31":8.284267,"02/01":8.201353,"02/02":8.116529,"02/03":8.117045,"02/04":8.116542,"02/05":8.16486,"02/06":8.127087,"02/07":8.118289,"02/08":8.051515,"02/09":8.057434,"02/10":8.057957,"02/11":8.0584755,"02/12":8.03986,"02/13":8.103872,"02/14":8.163118,"02/15":8.066486,"02/16":8.064327,"02/17":8.064822,"02/18":8.064822,"02/19":8.064822,"02/20":8.015951,"02/21":7.9567995,"02/22":7.940688,"02/23":7.934248,"02/24":7.9351034,"02/25":7.934704,"02/26":7.913231,"02/27":7.9243927,"02/28":7.894101,"02/29":8.16782,"03/01":7.841259,"03/02":7.841259,"03/03":7.841441,"03/04":7.7998548,"03/05":7.777899,"03/06":7.7510343,"03/07":7.7402906,"03/08":7.7402906,"03/09":7.7402906,"03/10":7.740282,"03/11":7.646963,"03/12":7.642296,"03/13":7.6349964,"03/14":7.6318107,"03/15":7.553978,"03/16":7.553978,"03/17":7.5541277,"03/18":7.554307,"03/19":7.6111193,"03/20":7.5927954,"03/21":7.5622053,"03/22":7.5457163,"03/23":7.5457163,"03/24":7.5466194,"03/25":7.5474205,"03/26":7.52213,"03/27":7.476636,"03/28":7.4231796,"03/29":7.4231796,"03/30":7.4231796,"03/31":7.3910923,"04/01":7.3910923,"04/02":7.3750753,"04/03":7.374598,"04/04":7.400392,"04/05":7.3869896,"04/06":7.3869896,"04/07":7.3863697,"04/08":7.4043846,"04/09":7.408473,"04/10":7.380027,"04/11":7.382906,"04/12":7.428053,"04/13":7.428053,"04/14":7.428053,"04/15":7.3957996,"04/16":7.4391193,"04/17":7.444444,"04/18":7.434735,"04/19":7.5287576,"04/20":7.5287576,"04/21":7.5351977,"04/22":7.4588194,"04/23":7.4198976,"04/24":7.4013014,"04/25":7.386985,"04/26":7.416684,"04/27":7.416684,"04/28":7.4189143,"04/29":7.3574667,"04/30":7.320796,"05/01":7.320796,"05/02":7.301408,"05/03":7.2804127,"05/04":7.2804127,"05/05":7.2838855,"05/06":7.223811,"05/07":7.1935606,"05/08":7.1968217,"05/09":7.1952105,"05/10":7.1882515,"05/11":7.1882515,"05/12":7.1882515,"05/13":7.1348133,"05/14":7.137916,"05/15":7.0981283,"05/16":7.054695,"05/17":7.049325,"05/18":7.049325,"05/19":7.052663,"05/20":7.0583525,"05/21":7.019684,"05/22":7.013676,"05/23":7.016424,"05/24":6.999184,"05/25":6.999184,"05/26":7.0003915,"05/27":6.950443,"05/28":6.940922,"05/29":6.9587855,"05/30":6.919752,"05/31":6.90525,"06/01":6.90525,"06/02":6.907125,"06/03":6.838914,"06/04":6.994295,"06/05":6.9685736,"06/06":6.954498,"06/07":6.943175,"06/08":6.943175,"06/09":6.936519,"06/10":6.8655233,"06/11":6.8523974,"06/12":6.82167,"06/13":6.7870255,"06/14":6.729564,"06/15":6.729564,"06/16":6.7337923,"06/17":6.7414994,"06/18":6.6981964,"06/19":6.6512723,"06/20":6.607536,"06/21":6.609654,"06/22":6.609654,"06/23":6.6104193,"06/24":6.574914,"06/25":6.5748606,"06/26":6.5826044,"06/27":6.588961,"06/28":6.567244,"06/29":6.567244,"06/30":6.567244,"07/01":6.5529523,"07/02":6.537608,"07/03":6.5413113,"07/04":6.4895186,"07/05":6.470516,"07/06":6.470516,"07/07":6.470516,"07/08":6.4756727,"07/09":6.4398713,"07/10":6.418811,"07/11":6.3919153,"07/12":6.3513002,"07/13":6.3513002,"07/14":6.351618,"07/15":6.3068895,"07/16":6.3082542,"07/17":6.3132935,"07/18":6.282648,"07/19":6.2605247,"07/20":6.2605247,"07/21":6.2630053,"07/22":6.23537,"07/23":6.2212477,"07/24":6.2149305,"07/25":6.2132215,"07/26":6.0977736,"07/27":6.0977736,"07/28":6.098583,"07/29":6.0851736,"07/30":6.069786,"07/31":6.0804095,"08/01":6.0385447,"08/02":6.0207553,"08/03":6.0207553,"08/04":6.0272493,"08/05":5.945167,"08/06":5.9476457,"08/07":5.9293795,"08/08":5.9310026,"08/09":5.9299583,"08/10":5.9299583,"08/11":5.927839,"08/12":5.880333,"08/13":5.8830137,"08/14":5.87667,"08/15":5.87667,"08/16":5.863147,"08/17":5.863147,"08/18":5.8596954,"08/19":5.832505,"08/20":5.810006,"08/21":5.7786865,"08/22":5.7844214,"08/23":5.7445383,"08/24":5.7445383,"08/25":5.7441435,"08/26":5.706327,"08/27":5.6877627,"08/28":5.664441,"08/29":5.6344395,"08/30":5.615905,"08/31":5.615905,"09/01":5.6182556,"09/02":5.611843,"09/03":5.5625467,"09/04":5.551214,"09/05":5.5537624,"09/06":5.5553074,"09/07":5.5553074,"09/08":5.5553074,"09/09":5.5196276,"09/10":5.5018196,"09/11":5.496276,"09/12":5.4653597,"09/13":5.3486147,"09/14":5.3486147,"09/15":5.3489003,"09/16":5.3051314,"09/17":5.297607,"09/18":5.298589,"09/19":5.1930437,"09/20":5.1808414,"09/21":5.1808414,"09/22":5.1834774,"09/23":5.0900283,"09/24":5.0343924,"09/25":5.030293,"09/26":4.9578176,"09/27":4.9659047,"09/28":4.9659047,"09/29":4.9668784,"09/30":4.943916,"10/01":4.942136,"10/02":4.942136,"10/03":4.938095,"10/04":4.973975,"10/05":4.973975,"10/06":4.9831405,"10/07":4.96847,"10/08":4.9623637,"10/09":4.8661904,"10/10":4.8348765,"10/11":4.8217206,"10/12":4.8217206,"10/13":4.823177,"10/14":4.785804,"10/15":4.7568917,"10/16":4.7767563,"10/17":4.703099,"10/18":4.720271,"10/19":4.720271,"10/20":4.7225456,"10/21":4.71143,"10/22":4.725583,"10/23":4.7151175,"10/24":4.696018,"10/25":4.686936,"10/26":4.686936,"10/27":4.6891503,"10/28":4.6895876,"10/29":4.6770215,"10/30":4.674531,"10/31":4.593206,"11/01":4.593206,"11/02":4.593206,"11/03":4.596056,"11/04":4.5921955,"11/05":4.589678,"11/06":4.5720305,"11/07":4.5662336,"11/08":4.523458,"11/09":4.523458,"11/10":4.5258493,"11/11":4.518924,"11/12":4.4928465,"11/13":4.481472,"11/14":4.479966,"11/15":4.479966,"11/16":4.479966,"11/17":4.4808393,"11/18":4.4490185,"11/19":4.4369917,"11/20":4.435242,"11/21":4.4445324,"11/22":4.4978228,"11/23":4.4978228,"11/24":4.50117,"11/25":4.442405,"11/26":4.4733763,"11/27":4.535721,"11/28":4.519167,"11/29":4.4134874,"11/30":4.4134874,"12/01":4.4144974,"12/02":4.300304,"12/03":4.285189,"12/04":4.2182527,"12/05":4.19681,"12/06":4.2982955,"12/07":4.2982955,"12/08":4.3005347,"12/09":4.2466164,"12/10":4.2154937,"12/11":4.176878,"12/12":4.1751676,"12/13":4.1731734,"12/14":4.1731734,"12/15":4.1731734,"12/16":4.1731734,"12/17":4.1269107,"12/18":4.1338706,"12/19":4.2544546,"12/20":4.217526,"12/21":4.217526,"12/22":4.217526,"12/23":4.1234317,"12/24":4.1283994,"12/25":4.1283994,"12/26":5.7161827,"12/27":5.716307,"12/28":5.711225,"12/29":5.7097754,"12/30":5.709831,"12/31":5.709814},"2023":{"12/26":8.8449955,"12/27":8.912001,"12/28":8.896755,"12/29":8.892405,"12/30":8.919398,"12/31":8.911398},"2024":{"01/01":8.854623,"01/02":8.864203,"01/03":8.876496,"01/04":8.858016,"01/05":8.858016,"01/06":8.920938,"01/07":9.040791,"01/08":8.9710245,"01/09":8.974623,"01/10":8.905897,"01/11":8.927639,"01/12":8.927639,"01/13":8.729978,"01/14":8.764916,"01/15":8.639599,"01/16":8.863417,"01/17":8.814475,"01/18":8.825315,"01/19":8.841591,"01/20":8.8635235,"01/21":9.02103,"01/22":9.101786,"01/23":9.008874,"01/24":8.978874,"01/25":9.002767,"01/26":9.002767,"01/27":9.2249775,"01/28":9.303689,"01/29":9.2007,"01/30":9.15034,"01/31":9.13946,"02/01":8.97363,"02/02":8.803984,"02/03":8.881326,"02/04":8.805969,"02/05":8.939796,"02/06":8.870118,"02/07":8.741873,"02/08":8.608324,"02/09":8.620163,"02/10":8.713263,"02/11":8.794489,"02/12":8.710339,"02/13":8.89896,"02/14":8.993018,"02/15":8.799754,"02/16":8.795437,"02/17":8.86577,"02/18":8.86577,"02/19":8.86577,"02/20":8.789497,"02/21":8.671194,"02/22":8.638971,"02/23":8.626091,"02/24":8.749615,"02/25":8.694276,"02/26":8.651331,"02/27":8.363875,"02/28":8.205206,"02/29":8.16782,"03/01":8.099523,"03/02":8.099523,"03/03":8.166606,"03/04":8.083433,"03/05":7.982614,"03/06":8.045573,"03/07":7.980977,"03/08":7.980977,"03/09":7.980977,"03/10":7.977033,"03/11":7.844288,"03/12":7.8839016,"03/13":7.9201655,"03/14":7.9137936,"03/15":7.758128,"03/16":7.758128,"03/17":7.825836,"03/18":7.8896227,"03/19":8.330884,"03/20":8.477109,"03/21":8.450692,"03/22":8.417715,"03/23":8.417715,"03/24":8.523666,"03/25":8.609024,"03/26":8.586332,"03/27":8.848918,"03/28":8.927908,