{"0":{"12/26":1.4379978,"12/27":1.4379978,"12/28":1.4379978,"12/29":1.4379978,"12/30":1.4379978,"12/31":1.4379978},"2023":{"12/26":1.4379978,"12/27":1.4379978,"12/28":1.4379978,"12/29":1.4379978,"12/30":1.4379978,"12/31":1.4379978}}