{"0":{"01/01":16.178581,"01/02":16.290894,"01/03":16.138191,"01/04":15.988372,"01/05":15.988372,"01/06":15.8244095,"01/07":15.835028,"01/08":16.538088,"01/09":16.622364,"01/10":16.364609,"01/11":16.277843,"01/12":16.277843,"01/13":16.186655,"01/14":16.221268,"01/15":14.944239,"01/16":15.106733,"01/17":16.100416,"01/18":16.069426,"01/19":15.31078,"01/20":15.353132,"01/21":15.303538,"01/22":15.330193,"01/23":15.943058,"01/24":15.242245,"01/25":16.09132,"01/26":16.09132,"01/27":16.038229,"01/28":16.04478,"01/29":15.53626,"01/30":15.914873,"01/31":15.285966,"02/01":15.114899,"02/02":14.767377,"02/03":14.763172,"02/04":14.817095,"02/05":14.926823,"02/06":14.481355,"02/07":14.566561,"02/08":15.033822,"02/09":14.855976,"02/10":14.830217,"02/11":14.769978,"02/12":15.242413,"02/13":14.777426,"02/14":14.516895,"02/15":14.252302,"02/16":14.1756,"02/17":14.176592,"02/18":14.176592,"02/19":14.176592,"02/20":13.560995,"02/21":13.895822,"02/22":13.466509,"02/23":13.585032,"02/24":13.57341,"02/25":13.569832,"02/26":13.7745495,"02/27":13.820858,"02/28":14.32522,"02/29":12.969069,"03/01":13.41427,"03/02":13.41427,"03/03":13.417795,"03/04":13.342472,"03/05":13.356138,"03/06":13.294201,"03/07":13.341533,"03/08":13.341533,"03/09":13.341533,"03/10":13.340862,"03/11":13.775643,"03/12":13.829901,"03/13":14.342236,"03/14":14.15905,"03/15":14.5102005,"03/16":14.5102005,"03/17":14.5266,"03/18":14.561548,"03/19":15.143433,"03/20":15.1066,"03/21":14.580411,"03/22":14.37471,"03/23":14.37471,"03/24":14.486744,"03/25":14.484602,"03/26":14.71703,"03/27":14.674958,"03/28":14.14741,"03/29":14.14741,"03/30":14.14741,"03/31":14.145757,"04/01":14.145757,"04/02":13.477417,"04/03":13.400284,"04/04":13.302147,"04/05":12.811765,"04/06":12.811765,"04/07":12.781467,"04/08":12.488108,"04/09":12.487444,"04/10":12.232256,"04/11":12.261944,"04/12":12.910442,"04/13":12.910442,"04/14":12.910442,"04/15":13.555151,"04/16":13.847023,"04/17":13.947095,"04/18":14.40428,"04/19":13.954717,"04/20":13.954717,"04/21":14.059581,"04/22":13.825397,"04/23":13.553247,"04/24":13.491019,"04/25":13.065065,"04/26":12.977329,"04/27":12.977329,"04/28":13.058802,"04/29":12.541982,"04/30":12.408535,"05/01":12.408535,"05/02":12.173625,"05/03":12.391617,"05/04":12.391617,"05/05":12.390238,"05/06":12.460388,"05/07":12.640318,"05/08":12.444221,"05/09":13.187231,"05/10":12.899112,"05/11":12.899112,"05/12":12.899112,"05/13":12.747107,"05/14":12.611682,"05/15":12.718546,"05/16":12.201527,"05/17":11.86923,"05/18":11.86923,"05/19":11.931353,"05/20":11.775797,"05/21":11.82516,"05/22":11.600989,"05/23":11.724651,"05/24":11.044808,"05/25":11.044808,"05/26":11.084291,"05/27":11.045858,"05/28":10.979909,"05/29":11.44927,"05/30":11.736311,"05/31":11.724595,"06/01":11.724595,"06/02":11.720387,"06/03":10.002463,"06/04":12.892586,"06/05":11.0439205,"06/06":10.467352,"06/07":9.439393,"06/08":9.439393,"06/09":9.508529,"06/10":9.528825,"06/11":9.5989,"06/12":9.377158,"06/13":9.237796,"06/14":8.982713,"06/15":8.982713,"06/16":9.043372,"06/17":9.011893,"06/18":8.752437,"06/19":8.547933,"06/20":8.437448,"06/21":8.64137,"06/22":8.64137,"06/23":8.604526,"06/24":8.188051,"06/25":7.9734335,"06/26":7.981936,"06/27":7.6149993,"06/28":7.471787,"06/29":7.471787,"06/30":7.471787,"07/01":6.888025,"07/02":6.9996486,"07/03":6.294584,"07/04":5.973833,"07/05":6.00997,"07/06":6.00997,"07/07":6.00997,"07/08":5.737844,"07/09":5.4476857,"07/10":5.6028075,"07/11":5.423976,"07/12":5.164607,"07/13":5.164607,"07/14":5.1699324,"07/15":4.8901105,"07/16":4.888062,"07/17":4.8756313,"07/18":4.5266633,"07/19":4.808741,"07/20":4.808741,"07/21":4.8372264,"07/22":4.584803,"07/23":4.6432986,"07/24":4.628485,"07/25":4.5999184,"07/26":3.7945318,"07/27":3.7945318,"07/28":3.7732656,"07/29":3.7339609,"07/30":3.7552693,"07/31":3.587689,"08/01":3.662389,"08/02":4.052409,"08/03":4.052409,"08/04":4.0586586,"08/05":5.278686,"08/06":5.429864,"08/07":4.6846657,"08/08":4.7491765,"08/09":4.375038,"08/10":4.375038,"08/11":4.3847337,"08/12":4.3276477,"08/13":4.974123,"08/14":4.8366966,"08/15":4.8366966,"08/16":3.9430528,"08/17":3.9430528,"08/18":3.9642107,"08/19":4.026365,"08/20":3.6888123,"08/21":3.6541233,"08/22":3.52533,"08/23":3.7189908,"08/24":3.7189908,"08/25":3.7229242,"08/26":3.4672422,"08/27":3.3163257,"08/28":3.2984142,"08/29":3.1515996,"08/30":2.9774895,"08/31":2.9774895,"09/01":2.972553,"09/02":2.6260526,"09/03":2.4992344,"09/04":2.6076443,"09/05":2.6088924,"09/06":3.246951,"09/07":3.246951,"09/08":3.246951,"09/09":3.2705364,"09/10":3.1197884,"09/11":3.3581038,"09/12":2.7033782,"09/13":2.8352933,"09/14":2.8352933,"09/15":2.832642,"09/16":2.7809832,"09/17":2.7278097,"09/18":2.7309256,"09/19":2.4975295,"09/20":1.8085938,"09/21":1.8085938,"09/22":1.806416,"09/23":1.4523554,"09/24":1.5648949,"09/25":1.4132026,"09/26":1.0762056,"09/27":1.2911427,"09/28":1.2911427,"09/29":1.2948375,"09/30":1.7637657,"10/01":1.5656189,"10/02":1.5656189,"10/03":2.335156,"10/04":2.8538702,"10/05":2.8538702,"10/06":2.8522258,"10/07":3.4893951,"10/08":3.0983348,"10/09":3.005761,"10/10":2.6452293,"10/11":2.7537458,"10/12":2.7537458,"10/13":2.7538912,"10/14":2.535492,"10/15":2.5544453,"10/16":2.7646425,"10/17":3.2644358,"10/18":3.2293875,"10/19":3.2293875,"10/20":3.2388747,"10/21":3.4764934,"10/22":4.1461406,"10/23":4.198979,"10/24":4.2501373,"10/25":4.4682345,"10/26":4.4682345,"10/27":4.479709,"10/28":4.3346176,"10/29":3.8325608,"10/30":3.7961545,"10/31":4.3293457,"11/01":4.3293457,"11/02":4.3293457,"11/03":4.325396,"11/04":4.413215,"11/05":3.8745985,"11/06":3.494492,"11/07":3.8292413,"11/08":4.0094824,"11/09":4.0094824,"11/10":4.0250926,"11/11":3.4278264,"11/12":4.1277237,"11/13":4.8860083,"11/14":4.8307858,"11/15":4.8307858,"11/16":4.8307858,"11/17":4.8578095,"11/18":5.0222454,"11/19":4.889765,"11/20":4.89908,"11/21":5.133701,"11/22":4.1524706,"11/23":4.1524706,"11/24":4.137382,"11/25":3.5204735,"11/26":3.677196,"11/27":3.6346493,"11/28":4.1442666,"11/29":3.8298159,"11/30":3.8298159,"12/01":3.8289983,"12/02":3.689837,"12/03":3.2597418,"12/04":3.2463403,"12/05":2.9394403,"12/06":2.9377735,"12/07":2.9377735,"12/08":2.9148226,"12/09":2.7835202,"12/10":2.7258325,"12/11":2.7305498,"12/12":2.847971,"12/13":2.5609522,"12/14":2.5609522,"12/15":2.5617034,"12/16":2.5568845,"12/17":3.0549288,"12/18":3.4198232,"12/19":3.6251523,"12/20":4.582851,"12/21":4.582851,"12/22":4.607298,"12/23":4.1606445,"12/24":4.291596,"12/25":4.291596,"12/26":10.75872,"12/27":10.763574,"12/28":10.757365,"12/29":10.753639,"12/30":10.791047,"12/31":10.769473},"2023":{"12/26":24.084997,"12/27":24.197998,"12/28":24.179369,"12/29":24.168194,"12/30":24.997995,"12/31":24.528109},"2024":{"01/01":24.88402,"01/02":26.510597,"01/03":25.351929,"01/04":25.052288,"01/05":25.052288,"01/06":22.46867,"01/07":22.661898,"01/08":24.333792,"01/09":24.087666,"01/10":22.532791,"01/11":22.359264,"01/12":22.359264,"01/13":20.159698,"01/14":21.102797,"01/15":19.068031,"01/16":19.85398,"01/17":21.344694,"01/18":21.282713,"01/19":19.765419,"01/20":20.794931,"01/21":19.56664,"01/22":20.261883,"01/23":21.465816,"01/24":19.524815,"01/25":21.222965,"01/26":21.222965,"01/27":19.781183,"01/28":19.985579,"01/29":20.106424,"01/30":21.452112,"01/31":21.532785,"02/01":21.19065,"02/02":20.495607,"02/03":20.406546,"02/04":21.467436,"02/05":21.255526,"02/06":20.193008,"02/07":20.027506,"02/08":20.962029,"02/09":20.606337,"02/10":20.040781,"02/11":18.419556,"02/12":19.514145,"02/13":18.896084,"02/14":17.619213,"02/15":17.090027,"02/16":16.93662,"02/17":16.978342,"02/18":16.978342,"02/19":16.978342,"02/20":16.253035,"02/21":16.153778,"02/22":15.295152,"02/23":15.5322,"02/24":14.6463995,"02/25":14.151619,"02/26":14.561052,"02/27":14.841647,"02/28":13.746649,"02/29":12.969069,"03/01":11.924747,"03/02":11.924747,"03/03":11.680464,"03/04":11.529817,"03/05":13.018059,"03/06":13.580385,"03/07":13.837485,"03/08":13.837485,"03/09":13.837485,"03/10":13.647063,"03/11":14.477593,"03/12":14.817069,"03/13":15.424761,"03/14":15.058388,"03/15":15.76069,"03/16":15.76069,"03/17":16.833023,