{"0":{"01/01":6.8844924,"01/02":6.851351,"01/03":6.85423,"01/04":6.856133,"01/05":6.839162,"01/06":6.822196,"01/07":6.822196,"01/08":6.8986044,"01/09":6.8675485,"01/10":6.869428,"01/11":6.8723106,"01/12":6.8553557,"01/13":6.839466,"01/14":6.839466,"01/15":6.839466,"01/16":6.788659,"01/17":6.771731,"01/18":6.754808,"01/19":6.7379007,"01/20":6.7220464,"01/21":6.7220464,"01/22":6.7220464,"01/23":6.6692367,"01/24":6.651289,"01/25":6.6323013,"01/26":6.6323013,"01/27":6.596448,"01/28":6.596448,"01/29":6.596448,"01/30":6.5416536,"01/31":6.5237584,"02/01":6.5058603,"02/02":6.4879684,"02/03":6.4700913,"02/04":6.4700913,"02/05":6.4700913,"02/06":6.4196353,"02/07":6.4028234,"02/08":6.3860173,"02/09":6.368175,"02/10":6.3492785,"02/11":6.3492785,"02/12":6.3492785,"02/13":6.293698,"02/14":6.2769256,"02/15":6.2591105,"02/16":6.2413106,"02/17":6.223507,"02/18":6.223507,"02/19":6.223507,"02/20":6.170152,"02/21":6.1513257,"02/22":6.133562,"02/23":6.1157947,"02/24":6.0969973,"02/25":6.0969973,"02/26":6.0969973,"02/27":6.040625,"02/28":6.0249777,"03/01":6.0083003,"03/02":5.990575,"03/03":5.972865,"03/04":5.972865,"03/05":5.972865,"03/06":5.917667,"03/07":5.917667,"03/08":5.8802094,"03/09":5.8625364,"03/10":5.842778,"03/11":5.842778,"03/12":5.842778,"03/13":5.7773395,"03/14":5.7576227,"03/15":5.734797,"03/16":5.723393,"03/17":5.705763,"03/18":5.705763,"03/19":5.705763,"03/20":5.6467047,"03/21":5.6228905,"03/22":5.6228905,"03/23":5.568066,"03/24":5.5442877,"03/25":5.5442877,"03/26":5.5442877,"03/27":5.488511,"03/28":5.4916124,"03/29":5.5153575,"03/30":5.5153575,"03/31":5.4142275,"04/01":5.4142275,"04/02":5.4142275,"04/03":5.31123,"04/04":5.31123,"04/05":5.2587876,"04/06":5.2443986,"04/07":5.2443986,"04/08":5.2443986,"04/09":5.2443986,"04/10":5.147886,"04/11":5.125323,"04/12":5.1058483,"04/13":5.0822773,"04/14":5.0822773,"04/15":5.0822773,"04/16":5.0822773,"04/17":5.0065255,"04/18":4.986071,"04/19":4.9697094,"04/20":4.9533525,"04/21":4.9349647,"04/22":4.9349647,"04/23":4.9349647,"04/24":4.8839083,"04/25":4.8665566,"04/26":4.8512535,"04/27":4.8339224,"04/28":4.8165874,"04/29":4.8165874,"04/30":4.8165874,"05/01":4.8165874,"05/02":4.744266,"05/03":4.7249327,"05/04":4.705606,"05/05":4.705606,"05/06":4.705606,"05/07":4.705606,"05/08":4.628362,"05/09":4.607038,"05/10":4.5877457,"05/11":4.5694857,"05/12":4.5502167,"05/13":4.5502167,"05/14":4.5502167,"05/15":4.4934564,"05/16":4.474206,"05/17":4.4499135,"05/18":4.4235964,"05/19":4.3993278,"05/20":4.3993278,"05/21":4.3993278,"05/22":4.336673,"05/23":4.3063793,"05/24":4.2912393,"05/25":4.2912393,"05/26":4.2569423,"05/27":4.2569423,"05/28":4.2569423,"05/29":4.2005005,"05/30":4.187408,"05/31":4.167271,"06/01":4.147133,"06/02":4.1250067,"06/03":4.1250067,"06/04":4.1250067,"06/05":4.0677013,"06/06":4.046605,"06/07":4.028524,"06/08":4.009454,"06/09":3.9943998,"06/10":3.9943998,"06/11":3.9943998,"06/12":3.9422467,"06/13":3.923208,"06/14":3.907176,"06/15":3.8871474,"06/16":3.8661244,"06/17":3.8661244,"06/18":3.8661244,"06/19":3.8091035,"06/20":3.7911143,"06/21":3.7701302,"06/22":3.7481546,"06/23":3.7311766,"06/24":3.7311766,"06/25":3.7311766,"06/26":3.676301,"06/27":3.6633399,"06/28":3.6463993,"06/29":3.6463993,"06/30":3.6085358,"07/01":3.6085358,"07/02":3.6085358,"07/03":3.549805,"07/04":3.5189805,"07/05":3.4991014,"07/06":3.4802153,"07/07":3.4802153,"07/08":3.4802153,"07/09":3.4802153,"07/10":3.4802153,"07/11":3.3888955,"07/12":3.3710515,"07/13":3.350237,"07/14":3.3284388,"07/15":3.3284388,"07/16":3.3284388,"07/17":3.2739882,"07/18":3.2551935,"07/19":3.2363963,"07/20":3.2166257,"07/21":3.1988413,"07/22":3.1988413,"07/23":3.1988413,"07/24":3.1445272,"07/25":3.126758,"07/26":3.1090047,"07/27":3.0892828,"07/28":3.070546,"07/29":3.070546,"07/30":3.070546,"07/31":3.0183387,"08/01":2.999637,"08/02":2.9789715,"08/03":2.9583144,"08/04":2.9386406,"08/05":2.9386406,"08/06":2.9386406,"08/07":2.8836167,"08/08":2.867913,"08/09":2.8522048,"08/10":2.8335633,"08/11":2.81983,"08/12":2.81983,"08/13":2.81983,"08/14":2.7639515,"08/15":2.7639515,"08/16":2.7639515,"08/17":2.711065,"08/18":2.6944342,"08/19":2.6944342,"08/20":2.6944342,"08/21":2.6377134,"08/22":2.620128,"08/23":2.6005926,"08/24":2.582033,"08/25":2.5615346,"08/26":2.5615346,"08/27":2.5615346,"08/28":2.5049698,"08/29":2.4844933,"08/30":2.4669602,"08/31":2.447483,"09/01":2.4270387,"09/02":2.4270387,"09/03":2.4270387,"09/04":2.3696392,"09/05":2.3511722,"09/06":2.3317392,"09/07":2.3132858,"09/08":2.295802,"09/09":2.295802,"09/10":2.295802,"09/11":2.241463,"09/12":2.224013,"09/13":2.2094715,"09/14":2.191053,"09/15":2.1678107,"09/16":2.1678107,"09/17":2.1678107,"09/18":2.1107013,"09/19":2.1107013,"09/20":2.0739605,"09/21":2.0565586,"09/22":2.0353026,"09/23":2.0353026,"09/24":2.0353026,"09/25":1.9793166,"09/26":1.960981,"09/27":1.9474796,"09/28":1.9253131,"09/29":1.9253131,"09/30":1.9253131,"10/01":1.9253131,"10/02":1.9253131,"10/03":1.8213209,"10/04":1.8011256,"10/05":1.7809383,"10/06":1.7626832,"10/07":1.7626832,"10/08":1.7626832,"10/09":1.7108217,"10/10":1.6925917,"10/11":1.6753286,"10/12":1.6571021,"10/13":1.6388913,"10/14":1.6388913,"10/15":1.6388913,"10/16":1.5833303,"10/17":1.5641876,"10/18":1.5450522,"10/19":1.5249662,"10/20":1.5106227,"10/21":3.8458123,"10/22":3.8458123,"10/23":3.8470578,"10/24":3.8470578,"10/25":3.8479419,"10/26":3.8483777,"10/27":3.84884,"10/28":3.84884,"10/29":3.84884,"10/30":3.850224,"10/31":3.8512568,"11/01":3.851665,"11/02":3.8521478,"11/03":3.8526595,"11/04":3.8526595,"11/05":3.8526595,"11/06":3.8540916,"11/07":3.8545423,"11/08":3.855021,"11/09":3.855503,"11/10":3.8559372,"11/11":3.8559372,"11/12":3.8559372,"11/13":3.8574371,"11/14":3.8585052,"11/15":3.852064,"11/16":3.8456297,"11/17":3.8392036,"11/18":3.8328073,"11/19":3.8328073,"11/20":3.8343625,"11/21":3.8157072,"11/22":3.8092933,"11/23":3.8098116,"11/24":3.7970347,"11/25":3.7901027,"11/26":3.7901027,"11/27":3.7901027,"11/28":3.772515,"11/29":3.7719781,"11/30":3.764545,"12/01":3.7571151,"12/02":3.749124,"12/03":3.749124,"12/04":3.750769,"12/05":3.7278767,"12/06":3.7214935,"12/07":3.714085,"12/08":3.706646,"12/09":3.6986613,"12/10":3.6986613,"12/11":3.7003453,"12/12":3.678012,"12/13":3.6711192,"12/14":3.6637256,"12/15":3.6557732,"12/16":3.648327,"12/17":3.648327,"12/18":3.6500204,"12/19":3.6234982,"12/20":3.6150277,"12/21":3.60659,"12/22":3.5981307,"12/23":3.5890963,"12/24":3.5890963,"12/25":3.5890963,"12/26":3.5643733,"12/27":3.555924,"12/28":3.5474777,"12/29":3.5396016,"12/30":3.5305772,"12/31":3.5305772},"2022":{"10/21":6.1810017,"10/22":6.1810017,"10/23":6.2370014,"10/24":6.2370014,"10/25":6.275997,"10/26":6.295004,"10/27":6.3150024,"10/28":6.3150024,"10/29":6.3150024,"10/30":6.3739967,"10/31":6.396062,"11/01":6.4130664,"11/02":6.4330645,"11/03":6.4540653,"11/04":6.4540653,"11/05":6.4540653,"11/06":6.512068,"11/07":6.530064,"11/08":6.549071,"11/09":6.568068,"11/10":6.5850635,"11/11":6.5850635,"11/12":6.5850635,"11/13":6.643066,"11/14":6.645202,"11/15":6.669274,"11/16":6.674394,"11/17":6.679524,"11/18":6.6667314,"11/19":6.6667314,"11/20":6.7247057,"11/21":6.7062974,"11/22":6.711419,"11/23":6.7304077,"11/24":6.7237363,"11/25":6.7098722,"11/26":6.7098722,"11/27":6.7098722,"11/28":6.7473316,"11/29":6.764162,"11/30":6.768137,"12/01":6.772111,"12/02":6.756129,"12/03":6.756129,"12/04":6.814004,"12/05":6.786093,"12/06":6.791186,"12/07":6.795162,"12/08":6.79813,"12/09":6.7821608,"12/10":6.7821608,"12/11":6.8399763,"12/12":6.8131294,"12/13":6.817167,"12/14":6.821126,"12/15":6.823022,"12/16":6.80813,"12/17":6.80813,"12/18":6.8648896,"12/19":6.830558,"12/20":6.831386,"12/21":6.8332186,"12/22":6.834056,"12/23":6.815987,"12/24":6.815987,"12/25":6.815987,"12/26":6.8393807,"12/27":6.840206,"12/28":6.8410316,"12/29":6.843924,"12/30":6.8258753,"12/31":6.8258753},"2023":{"01/01":6.8844924,"01/02":6.851351,"01/03":6.85423,"01/04":6.856133,"01/05":6.839162,"01/06":6.822196,"01/07":6.822196,"01/08":6.8986044,"01/09":6.8675485,"01/10":6.869428,"01/11":6.8723106,"01/12":6.8553557,"01/13":6.839466,"01/14":6.839466,"01/15":6.839466,