{"0":{"01/01":6.184988,"01/02":6.185118,"01/03":6.1777897,"01/04":6.16819,"01/05":6.16819,"01/06":6.168482,"01/07":6.1685953,"01/08":6.132431,"01/09":6.1244855,"01/10":6.1181583,"01/11":6.1106987,"01/12":6.1106987,"01/13":6.1110506,"01/14":6.1111813,"01/15":6.074018,"01/16":6.0651064,"01/17":6.058339,"01/18":6.0492916,"01/19":6.039709,"01/20":6.0400896,"01/21":6.040228,"01/22":6.04037,"01/23":6.002693,"01/24":5.993263,"01/25":5.983694,"01/26":5.983694,"01/27":5.984108,"01/28":5.984275,"01/29":5.947751,"01/30":5.9388814,"01/31":5.9294777,"02/01":5.91992,"02/02":5.91036,"02/03":5.910816,"02/04":5.9109893,"02/05":5.8841176,"02/06":5.8758497,"02/07":5.8670297,"02/08":5.8580117,"02/09":5.8495226,"02/10":5.850046,"02/11":5.8502088,"02/12":5.8217707,"02/13":5.812461,"02/14":5.803627,"02/15":5.7940826,"02/16":5.785608,"02/17":5.7861643,"02/18":5.7861643,"02/19":5.7861643,"02/20":5.749631,"02/21":5.7402735,"02/22":5.731275,"02/23":5.7233353,"02/24":5.7239485,"02/25":5.724189,"02/26":5.6966605,"02/27":5.6880646,"02/28":5.6786976,"02/29":6.802859,"03/01":5.660719,"03/02":5.660719,"03/03":5.6613503,"03/04":5.633335,"03/05":5.625291,"03/06":5.617056,"03/07":5.608803,"03/08":5.608803,"03/09":5.608803,"03/10":5.6094055,"03/11":5.572125,"03/12":5.5627985,"03/13":5.5535107,"03/14":5.5450687,"03/15":5.5361013,"03/16":5.5361013,"03/17":5.537078,"03/18":5.537285,"03/19":5.500572,"03/20":5.492385,"03/21":5.483644,"03/22":5.474163,"03/23":5.474163,"03/24":5.4749994,"03/25":5.4754257,"03/26":5.4378223,"03/27":5.42922,"03/28":5.4197583,"03/29":5.4197583,"03/30":5.4197583,"03/31":5.388708,"04/01":5.388708,"04/02":5.3745213,"04/03":5.366456,"04/04":5.3571696,"04/05":5.3482175,"04/06":5.3482175,"04/07":5.349118,"04/08":5.3219166,"04/09":5.322304,"04/10":5.3038893,"04/11":5.30464,"04/12":5.285703,"04/13":5.285703,"04/14":5.285703,"04/15":5.2583733,"04/16":5.2493815,"04/17":5.2496414,"04/18":5.2302,"04/19":5.22075,"04/20":5.22075,"04/21":5.2219267,"04/22":5.195144,"04/23":5.1857004,"04/24":5.177687,"04/25":5.1685467,"04/26":5.1591015,"04/27":5.1591015,"04/28":5.1599817,"04/29":5.1313753,"04/30":5.121943,"05/01":5.121943,"05/02":5.1030836,"05/03":5.0941806,"05/04":5.0941806,"05/05":5.0959787,"05/06":5.069616,"05/07":5.060528,"05/08":5.0518913,"05/09":5.042721,"05/10":5.033306,"05/11":5.033306,"05/12":5.033306,"05/13":5.0050707,"05/14":4.9974003,"05/15":4.9883685,"05/16":4.9792905,"05/17":4.9704046,"05/18":4.9704046,"05/19":4.971492,"05/20":4.971905,"05/21":4.9341583,"05/22":4.92474,"05/23":4.925214,"05/24":4.905901,"05/25":4.905901,"05/26":4.90701,"05/27":4.879267,"05/28":4.870228,"05/29":4.86123,"05/30":4.8527136,"05/31":4.843848,"06/01":4.843848,"06/02":4.844971,"06/03":4.816678,"06/04":4.807824,"06/05":4.7997427,"06/06":4.7907705,"06/07":4.7808733,"06/08":4.7808733,"06/09":4.782853,"06/10":4.7541223,"06/11":4.7450857,"06/12":4.735965,"06/13":4.72733,"06/14":4.7179646,"06/15":4.7179646,"06/16":4.7189484,"06/17":4.719202,"06/18":4.681623,"06/19":4.6726246,"06/20":4.6636763,"06/21":4.6543236,"06/22":4.6543236,"06/23":4.65541,"06/24":4.627255,"06/25":4.6183214,"06/26":4.6097336,"06/27":4.6009164,"06/28":4.591059,"06/29":4.591059,"06/30":4.591059,"07/01":4.561005,"07/02":4.55013,"07/03":4.539778,"07/04":4.5304613,"07/05":4.5211525,"07/06":4.5211525,"07/07":4.5211525,"07/08":4.4989476,"07/09":4.4904857,"07/10":4.4814367,"07/11":4.4724846,"07/12":4.463169,"07/13":4.463169,"07/14":4.4642134,"07/15":4.4367623,"07/16":4.4370823,"07/17":4.437496,"07/18":4.4105134,"07/19":4.401211,"07/20":4.401211,"07/21":4.402296,"07/22":4.3742347,"07/23":4.364798,"07/24":4.355876,"07/25":4.356226,"07/26":4.3366218,"07/27":4.3366218,"07/28":4.3377447,"07/29":4.3107824,"07/30":4.3018575,"07/31":4.2923446,"08/01":4.2834964,"08/02":4.2742257,"08/03":4.2742257,"08/04":4.2754354,"08/05":4.24751,"08/06":4.238628,"08/07":4.2297487,"08/08":4.220891,"08/09":4.211634,"08/10":4.211634,"08/11":4.2127895,"08/12":4.184352,"08/13":4.176023,"08/14":4.1672106,"08/15":4.1672106,"08/16":4.148203,"08/17":4.148203,"08/18":4.1499095,"08/19":4.1215916,"08/20":4.1127677,"08/21":4.103462,"08/22":4.094134,"08/23":4.084898,"08/24":4.084898,"08/25":4.0861406,"08/26":4.058284,"08/27":4.0490603,"08/28":4.0400434,"08/29":4.031098,"08/30":4.0218806,"08/31":4.0218806,"09/01":4.023061,"09/02":3.994713,"09/03":3.9847505,"09/04":3.9758954,"09/05":3.9762487,"09/06":3.9578362,"09/07":3.9578362,"09/08":3.9578362,"09/09":3.9308028,"09/10":3.9218874,"09/11":3.9129689,"09/12":3.9035974,"09/13":3.894405,"09/14":3.894405,"09/15":3.8955524,"09/16":3.8668215,"09/17":3.8575606,"09/18":3.8579452,"09/19":3.8390057,"09/20":3.8288114,"09/21":3.8288114,"09/22":3.8294792,"09/23":3.8001842,"09/24":3.782342,"09/25":3.7861598,"09/26":3.770739,"09/27":3.761077,"09/28":3.761077,"09/29":3.7694983,"09/30":3.756823,"10/01":3.7447312,"10/02":3.7447312,"10/03":3.7221954,"10/04":3.7083771,"10/05":3.7083771,"10/06":3.7083771,"10/07":3.677696,"10/08":3.6679835,"10/09":3.6582797,"10/10":3.6470451,"10/11":3.6373487,"10/12":3.6373487,"10/13":3.6373487,"10/14":3.6077652,"10/15":3.5990982,"10/16":3.5904393,"10/17":3.5807633,"10/18":3.5721056,"10/19":3.5721056,"10/20":3.5721056,"10/21":3.543612,"10/22":3.533953,"10/23":3.5263276,"10/24":3.5161657,"10/25":3.5070202,"10/26":3.5070202,"10/27":3.5070202,"10/28":3.477585,"10/29":3.4684525,"10/30":3.4684525,"10/31":3.448177,"11/01":3.448177,"11/02":3.448177,"11/03":3.448177,"11/04":3.4086807,"11/05":3.3975506,"11/06":3.385413,"11/07":3.3747983,"11/08":3.3646944,"11/09":3.3646944,"11/10":3.3646944,"11/11":3.336421,"11/12":3.3268363,"11/13":3.3172553,"11/14":3.307173,"11/15":3.307173,"11/16":3.307173,"11/17":3.307173,"11/18":3.2678843,"11/19":3.2583199,"11/20":3.2583199,"11/21":3.2382028,"11/22":3.2296555,"11/23":3.2296555,"11/24":3.2296555,"11/25":3.201525,"11/26":3.1914861,"11/27":3.182456,"11/28":3.172927,"11/29":3.1644003,"11/30":3.1644003,"12/01":3.1644003,"12/02":3.134333,"12/03":3.1238177,"12/04":3.115312,"12/05":3.1053057,"12/06":3.095303,"12/07":3.095303,"12/08":3.095303,"12/09":3.0648136,"12/10":3.0553262,"12/11":3.0458424,"12/12":3.036857,"12/13":3.0283787,"12/14":3.0283787,"12/15":3.0283787,"12/16":3.0283787,"12/17":2.9899988,"12/18":2.9805336,"12/19":2.9715748,"12/20":2.9631126,"12/21":2.9631126,"12/22":2.9631126,"12/23":2.9347653,"12/24":2.9293005,"12/25":2.9293005,"12/26":4.12292,"12/27":4.1229606,"12/28":4.1229606,"12/29":4.1229606,"12/30":4.1231127,"12/31":4.123173},"2023":{"12/26":6.534996,"12/27":6.5530014,"12/28":6.5530014,"12/29":6.5530014,"12/30":6.6139984,"12/31":6.636},"2024":{"01/01":6.6870027,"01/02":6.7140007,"01/03":6.727059,"01/04":6.707859,"01/05":6.707859,"01/06":6.7628393,"01/07":6.782832,"01/08":6.7302628,"01/09":6.7232633,"01/10":6.7224574,"01/11":6.7075377,"01/12":6.7075377,"01/13":6.7674584,"01/14":6.788429,"01/15":6.735789,"01/16":6.7406216,"01/17":6.750727,"01/18":6.7326317,"01/19":6.7134666,"01/20":6.7713103,"01/21":6.7912536,"01/22":6.811197,"01/23":6.7515693,"01/24":6.752354,"01/25":6.7332163,"01/26":6.7332163,"01/27":6.7900004,"01/28":6.8119173,"01/29":6.7604427,"01/30":6.763286,"01/31":6.765054,"02/01":6.745938,"02/02":6.726818,"02/03":6.7845087,"02/04":6.8053994,"02/05":6.776109,"02/06":6.785963,"02/07":6.791774,"02/08":6.773738,"02/09":6.7567596,"02/10":6.8163743,"02/11":6.834255,"02/12":6.7998095,"02/13":6.806529,"02/14":6.8073783,"02/15":6.7882895,"02/16":6.7713404,"02/17":6.8298883,"02/18":6.8298883,"02/19":6.8298883,"02/20":6.812256,"02/21":6.81104,"02/22":6.793043,"02/23":6.7771635,"02/24":6.8376265,"02/25":6.860428,"02/26":6.8053713,"02/27":6.825027,"02/28":6.820835,"02/29":6.802859,"03/01":6.7848783,"03/02":6.7848783,"03/03":6.843296,"03/04":6.7872663,"03/05":6.807949,"03/06":6.8108335,"03/07":6.8117275,"03/08":6.8117275,"03/09":6.8117275,"03/10":6.8641443,"03/11":6.807937,"03/12":6.8037667,"03/13":6.802557,"03/14":6.7856736,"03/15":6.767739,"03/16":6.767739,"03/17":6.8497167,"03/18":6.8665113,"03/19":6.80945,"03/20":6.812328,"03/21":6.812173,"03/22":6.7932105,"03/23":6.7932105,