{"0":{"01/01":23.325813,"01/02":22.15009,"01/03":21.427153,"01/04":23.723207,"01/05":24.13592,"01/06":24.944374,"01/07":24.944374,"01/08":23.821854,"01/09":22.682661,"01/10":24.268932,"01/11":24.544485,"01/12":24.794058,"01/13":24.154495,"01/14":24.154495,"01/15":26.32829,"01/16":26.054682,"01/17":23.061352,"01/18":21.974312,"01/19":23.523008,"01/20":24.00987,"01/21":24.00987,"01/22":24.00987,"01/23":21.246798,"01/24":22.532465,"01/25":23.44784,"01/26":23.44784,"01/27":25.28773,"01/28":25.28773,"01/29":27.497185,"01/30":25.7554,"01/31":26.74782,"02/01":26.519245,"02/02":27.033092,"02/03":25.479027,"02/04":25.479027,"02/05":25.090372,"02/06":26.626661,"02/07":27.474043,"02/08":26.081781,"02/09":25.901382,"02/10":26.141151,"02/11":26.141151,"02/12":24.984379,"02/13":26.174213,"02/14":25.98374,"02/15":25.897406,"02/16":26.71802,"02/17":27.303617,"02/18":27.303617,"02/19":27.303617,"02/20":28.77057,"02/21":28.180767,"02/22":31.45387,"02/23":32.186996,"02/24":32.493027,"02/25":32.493027,"02/26":32.023827,"02/27":32.898315,"02/28":32.087383,"03/01":33.415787,"03/02":34.446827,"03/03":32.56316,"03/04":33.01789,"03/05":32.826374,"03/06":32.418644,"03/07":32.81574,"03/08":32.56064,"03/09":33.745857,"03/10":35.088024,"03/11":34.33513,"03/12":33.796604,"03/13":32.81589,"03/14":34.688118,"03/15":34.52512,"03/16":34.36532,"03/17":33.560707,"03/18":33.560707,"03/19":32.097378,"03/20":32.824657,"03/21":33.769302,"03/22":34.507526,"03/23":34.660683,"03/24":35.700775,"03/25":35.700775,"03/26":35.7199,"03/27":35.41489,"03/28":35.629116,"03/29":34.708057,"03/30":34.708057,"03/31":32.675213,"04/01":32.675213,"04/02":32.675213,"04/03":32.354923,"04/04":32.354923,"04/05":31.25475,"04/06":30.961407,"04/07":30.961407,"04/08":30.961407,"04/09":30.961407,"04/10":30.859451,"04/11":30.10511,"04/12":29.610085,"04/13":29.453789,"04/14":29.453789,"04/15":29.453789,"04/16":29.453789,"04/17":30.195274,"04/18":30.518513,"04/19":30.867495,"04/20":30.776398,"04/21":30.899685,"04/22":30.899685,"04/23":30.899685,"04/24":30.091856,"04/25":29.799734,"04/26":29.464287,"04/27":28.7194,"04/28":27.646711,"04/29":27.646711,"04/30":27.646711,"05/01":27.646711,"05/02":27.048769,"05/03":27.3591,"05/04":26.312609,"05/05":26.312609,"05/06":26.312609,"05/07":26.312609,"05/08":26.023523,"05/09":26.130526,"05/10":25.811283,"05/11":25.926622,"05/12":25.762968,"05/13":25.762968,"05/14":25.762968,"05/15":25.093029,"05/16":25.436958,"05/17":25.998653,"05/18":26.470184,"05/19":26.013577,"05/20":26.013577,"05/21":26.013577,"05/22":25.600988,"05/23":25.440659,"05/24":25.797646,"05/25":25.797646,"05/26":24.290956,"05/27":24.290956,"05/28":24.290956,"05/29":23.561214,"05/30":23.25602,"05/31":23.599478,"06/01":23.829506,"06/02":23.247694,"06/03":23.247694,"06/04":23.247694,"06/05":22.678381,"06/06":22.347044,"06/07":21.4156,"06/08":22.139988,"06/09":22.417398,"06/10":22.417398,"06/11":22.417398,"06/12":22.16219,"06/13":21.342941,"06/14":21.076122,"06/15":21.39137,"06/16":20.346113,"06/17":20.346113,"06/18":20.346113,"06/19":20.700893,"06/20":20.434614,"06/21":20.526659,"06/22":21.203644,"06/23":22.01866,"06/24":22.01866,"06/25":22.01866,"06/26":21.714071,"06/27":20.9947,"06/28":20.022734,"06/29":20.022734,"06/30":18.628403,"07/01":18.628403,"07/02":18.628403,"07/03":18.003792,"07/04":17.76229,"07/05":17.697193,"07/06":16.96975,"07/07":16.96975,"07/08":16.96975,"07/09":16.96975,"07/10":16.96975,"07/11":17.059784,"07/12":17.300558,"07/13":17.20692,"07/14":16.341234,"07/15":16.341234,"07/16":16.341234,"07/17":15.6293545,"07/18":15.523737,"07/19":15.039987,"07/20":14.270248,"07/21":15.351622,"07/22":15.351622,"07/23":15.351622,"07/24":15.760329,"07/25":15.702664,"07/26":15.088696,"07/27":15.523737,"07/28":15.421446,"07/29":15.421446,"07/30":15.421446,"07/31":14.768161,"08/01":14.848644,"08/02":16.224792,"08/03":16.873436,"08/04":16.247004,"08/05":16.247004,"08/06":16.247004,"08/07":15.723625,"08/08":15.817009,"08/09":15.162361,"08/10":15.861128,"08/11":16.27028,"08/12":16.27028,"08/13":16.27028,"08/14":16.41969,"08/15":16.41969,"08/16":16.41969,"08/17":16.701538,"08/18":17.09734,"08/19":17.09734,"08/20":17.09734,"08/21":16.58331,"08/22":16.346529,"08/23":15.922101,"08/24":16.143427,"08/25":16.900171,"08/26":16.900171,"08/27":16.900171,"08/28":16.545017,"08/29":16.349712,"08/30":16.14977,"08/31":16.727125,"09/01":15.705813,"09/02":15.705813,"09/03":15.705813,"09/04":15.043089,"09/05":14.88583,"09/06":14.778477,"09/07":14.071275,"09/08":13.226026,"09/09":13.226026,"09/10":13.226026,"09/11":12.33885,"09/12":13.160829,"09/13":12.829009,"09/14":12.470396,"09/15":12.117995,"09/16":12.117995,"09/17":12.117995,"09/18":12.374428,"09/19":12.374428,"09/20":13.556155,"09/21":14.564365,"09/22":14.706334,"09/23":14.706334,"09/24":14.706334,"09/25":14.676471,"09/26":14.761977,"09/27":14.272297,"09/28":15.457959,"09/29":15.457959,"09/30":15.457959,"10/01":15.457959,"10/02":15.457959,"10/03":14.9282055,"10/04":15.946302,"10/05":15.449619,"10/06":14.760944,"10/07":14.760944,"10/08":14.760944,"10/09":15.627259,"10/10":14.489417,"10/11":13.892281,"10/12":13.99798,"10/13":14.113052,"10/14":14.113052,"10/15":14.113052,"10/16":14.098783,"10/17":13.754349,"10/18":14.652795,"10/19":14.965441,"10/20":15.646107,"10/21":13.054052,"10/22":13.054052,"10/23":13.097574,"10/24":13.097574,"10/25":13.133809,"10/26":13.204394,"10/27":13.13682,"10/28":13.13682,"10/29":13.13682,"10/30":13.124764,"10/31":13.11242,"11/01":12.956005,"11/02":12.981077,"11/03":12.992979,"11/04":12.880045,"11/05":12.880045,"11/06":12.853481,"11/07":12.6537285,"11/08":12.644819,"11/09":12.785702,"11/10":13.142674,"11/11":12.264799,"11/12":12.264799,"11/13":12.26063,"11/14":12.314951,"11/15":12.077015,"11/16":12.0725,"11/17":12.245356,"11/18":12.361941,"11/19":12.361941,"11/20":12.365202,"11/21":12.779606,"11/22":12.544712,"11/23":12.545902,"11/24":11.899857,"11/25":11.827147,"11/26":11.827147,"11/27":11.827147,"11/28":11.684246,"11/29":11.532628,"11/30":11.16252,"12/01":11.015458,"12/02":11.331996,"12/03":11.331996,"12/04":11.357386,"12/05":11.354471,"12/06":11.519331,"12/07":11.753367,"12/08":11.63269,"12/09":11.969047,"12/10":11.969047,"12/11":11.988543,"12/12":11.955783,"12/13":11.637396,"12/14":11.546705,"12/15":12.323383,"12/16":12.743455,"12/17":12.743455,"12/18":12.749774,"12/19":12.313908,"12/20":12.298758,"12/21":12.870934,"12/22":13.092703,"12/23":14.018288,"12/24":14.018288,"12/25":14.018288,"12/26":13.530637,"12/27":13.244814,"12/28":13.332739,"12/29":13.1315775,"12/30":13.384897,"12/31":13.384897},"2022":{"10/21":10.461998,"10/22":10.461998,"10/23":9.027996,"10/24":9.027996,"10/25":8.157997,"10/26":6.822005,"10/27":8.093004,"10/28":8.093004,"10/29":8.093004,"10/30":8.359003,"10/31":8.0715275,"11/01":7.229604,"11/02":8.336493,"11/03":9.009786,"11/04":8.7839155,"11/05":8.7839155,"11/06":9.569869,"11/07":9.287441,"11/08":9.591163,"11/09":9.635629,"11/10":10.634012,"11/11":8.878261,"11/12":8.878261,"11/13":9.015273,"11/14":9.123916,"11/15":9.9287405,"11/16":10.493877,"11/17":10.78395,"11/18":11.01712,"11/19":11.01712,"11/20":10.771062,"11/21":11.942454,"11/22":11.489845,"11/23":11.370872,"11/24":10.075741,"11/25":9.93032,"11/26":9.93032,"11/27":9.93032,"11/28":10.054088,"11/29":10.820183,"11/30":10.645193,"12/01":11.155594,"12/02":11.78867,"12/03":11.78867,"12/04":13.778675,"12/05":14.262986,"12/06":15.094874,"12/07":15.473485,"12/08":15.56276,"12/09":16.235474,"12/10":16.235474,"12/11":16.73919,"12/12":16.027939,"12/13":15.653832,"12/14":16.764183,"12/15":19.456638,"12/16":20.296782,"12/17":20.296782,"12/18":20.396826,"12/19":19.548433,"12/20":17.7766,"12/21":19.593763,"12/22":20.47037,"12/23":22.321537,"12/24":22.321537,"12/25":22.321537,"12/26":21.941256,"12/27":22.349113,"12/28":23.108324,"12/29":22.840143,"12/30":23.346783,"12/31":23.346783},"2023":{"01/01":23.325813,"01/02":22.15009,"01/03":21.427153,"01/04":23.723207,"01/05":24.13592,"01/06":24.944374,"01/07":24.944374,"01/08":23.821854,"01/09":22.682661,"01/10":24.268932,"01/11":24.544485,"01/12":24.794058,