{"0":{"01/01":14.374541,"01/02":14.510386,"01/03":14.343362,"01/04":14.193542,"01/05":14.193542,"01/06":13.991715,"01/07":14.00522,"01/08":14.712743,"01/09":14.790057,"01/10":14.514854,"01/11":14.428091,"01/12":14.428091,"01/13":14.303041,"01/14":14.352322,"01/15":13.08401,"01/16":13.254243,"01/17":14.23959,"01/18":14.208599,"01/19":13.449951,"01/20":13.508163,"01/21":13.439617,"01/22":13.477048,"01/23":14.089547,"01/24":13.379681,"01/25":14.228756,"01/26":14.228756,"01/27":14.153244,"01/28":14.163006,"01/29":13.673587,"01/30":14.0620775,"01/31":13.455639,"02/01":13.284572,"02/02":12.93705,"02/03":12.931491,"02/04":13.001411,"02/05":13.103898,"02/06":12.65555,"02/07":12.735118,"02/08":13.202379,"02/09":13.024533,"02/10":12.990145,"02/11":12.904715,"02/12":13.3796625,"02/13":12.919911,"02/14":12.646694,"02/15":12.382101,"02/16":12.305398,"02/17":12.307056,"02/18":12.307056,"02/19":12.307056,"02/20":11.699953,"02/21":12.0218725,"02/22":11.592559,"02/23":11.711083,"02/24":11.684982,"02/25":11.673219,"02/26":11.877935,"02/27":11.927401,"02/28":12.39645,"02/29":12.969069,"03/01":11.485499,"03/02":11.485499,"03/03":11.484806,"03/04":11.409482,"03/05":11.447672,"03/06":11.397253,"03/07":11.447311,"03/08":11.447311,"03/09":11.447311,"03/10":11.443466,"03/11":11.877592,"03/12":11.935726,"03/13":12.441063,"03/14":12.257875,"03/15":12.609027,"03/16":12.609027,"03/17":12.642876,"03/18":12.699798,"03/19":13.287937,"03/20":13.266258,"03/21":12.758047,"03/22":12.552346,"03/23":12.552346,"03/24":12.694341,"03/25":12.6917,"03/26":12.911746,"03/27":12.8748665,"03/28":12.341606,"03/29":12.341606,"03/30":12.341606,"03/31":12.34014,"04/01":12.34014,"04/02":11.651479,"04/03":11.570105,"04/04":11.452956,"04/05":10.962573,"04/06":10.962573,"04/07":10.881176,"04/08":10.61188,"04/09":10.609324,"04/10":10.354137,"04/11":10.421242,"04/12":11.069739,"04/13":11.069739,"04/14":11.069739,"04/15":11.714448,"04/16":12.041046,"04/17":12.166517,"04/18":12.623702,"04/19":12.174139,"04/20":12.174139,"04/21":12.300643,"04/22":12.066459,"04/23":11.79431,"04/24":11.743877,"04/25":11.30456,"04/26":11.216825,"04/27":11.216825,"04/28":11.314837,"04/29":10.791121,"04/30":10.657674,"05/01":10.657674,"05/02":10.422764,"05/03":10.640756,"05/04":10.640756,"05/05":10.639076,"05/06":10.698893,"05/07":10.883505,"05/08":10.674147,"05/09":11.399194,"05/10":11.111074,"05/11":11.111074,"05/12":11.111074,"05/13":10.959069,"05/14":10.868149,"05/15":11.000114,"05/16":10.489428,"05/17":10.157131,"05/18":10.157131,"05/19":10.229635,"05/20":10.046433,"05/21":10.101444,"05/22":9.865045,"05/23":10.012513,"05/24":9.33267,"05/25":9.33267,"05/26":9.37942,"05/27":9.3304615,"05/28":9.259338,"05/29":9.729003,"05/30":10.012701,"05/31":10.000985,"06/01":10.000985,"06/02":9.995973,"06/03":8.266278,"06/04":11.156401,"06/05":9.321733,"06/06":8.774392,"06/07":7.7464333,"06/08":7.7464333,"06/09":7.828518,"06/10":7.85275,"06/11":7.9225006,"06/12":7.681995,"06/13":7.5354233,"06/14":7.28034,"06/15":7.28034,"06/16":7.3538904,"06/17":7.315901,"06/18":7.0529137,"06/19":6.8419127,"06/20":6.7496862,"06/21":6.9536085,"06/22":6.9536085,"06/23":6.908814,"06/24":6.502134,"06/25":6.2949495,"06/26":6.3137774,"06/27":5.946841,"06/28":5.8036284,"06/29":5.8036284,"06/30":5.8036284,"07/01":5.2198663,"07/02":5.33149,"07/03":4.6264253,"07/04":4.3056746,"07/05":4.3418117,"07/06":4.3418117,"07/07":4.3418117,"07/08":4.068177,"07/09":3.7789712,"07/10":3.926471,"07/11":3.7396834,"07/12":3.480315,"07/13":3.480315,"07/14":3.4874759,"07/15":3.2138114,"07/16":3.2110772,"07/17":3.1943424,"07/18":2.8341355,"07/19":3.1162133,"07/20":3.1162133,"07/21":3.1558118,"07/22":2.900838,"07/23":2.964665,"07/24":2.9439285,"07/25":2.9029427,"07/26":2.097556,"07/27":2.097556,"07/28":2.0597866,"07/29":2.0278115,"07/30":2.0481634,"07/31":1.8776169,"08/01":1.9396884,"08/02":2.3297088,"08/03":2.3297088,"08/04":2.3425703,"08/05":3.5591009,"08/06":3.7015214,"08/07":2.9605417,"08/08":3.0117998,"08/09":2.6376615,"08/10":2.6376615,"08/11":2.6605568,"08/12":2.5961313,"08/13":3.2515016,"08/14":3.1157591,"08/15":3.1157591,"08/16":2.222115,"08/17":2.222115,"08/18":2.2615936,"08/19":2.316993,"08/20":1.980257,"08/21":1.949858,"08/22":1.8062173,"08/23":1.9998778,"08/24":1.9998778,"08/25":2.0084805,"08/26":1.7347142,"08/27":1.5837977,"08/28":1.5510551,"08/29":1.4017849,"08/30":1.2276746,"08/31":1.2276746,"09/01":1.2312295,"09/02":0.8799526,"09/03":0.765987,"09/04":0.880878,"09/05":0.87693703,"09/06":1.5149959,"09/07":1.5149959,"09/08":1.5149959,"09/09":1.5495723,"09/10":1.4072208,"09/11":1.6493928,"09/12":1.0017766,"09/13":1.1336917,"09/14":1.1336917,"09/15":1.1277319,"09/16":1.0890782,"09/17":1.0402253,"09/18":1.0456634,"09/19":0.80234087,"09/20":0.11340511,"09/21":0.11340511,"09/22":0.10553372,"09/23":-0.24848837,"09/24":-0.1414352,"09/25":-0.3099062,"09/26":-0.6654813,"09/27":-0.45054418,"09/28":-0.45054418,"09/29":-0.44938374,"09/30":0.01524061,"10/01":-0.17128895,"10/02":-0.17128895,"10/03":0.59824824,"10/04":1.1169623,"10/05":1.1169623,"10/06":1.1169623,"10/07":1.746117,"10/08":1.3610042,"10/09":1.2680485,"10/10":0.909162,"10/11":1.0160586,"10/12":1.0160586,"10/13":1.0160586,"10/14":0.80271244,"10/15":0.8170397,"10/16":1.0056306,"10/17":1.4771588,"10/18":1.4432774,"10/19":1.4432774,"10/20":1.4432774,"10/21":1.6723351,"10/22":2.317856,"10/23":2.3203874,"10/24":2.390952,"10/25":2.599957,"10/26":2.599957,"10/27":2.599957,"10/28":2.4765606,"10/29":1.9870502,"10/30":1.9870502,"10/31":2.5254254,"11/01":2.5254254,"11/02":2.5254254,"11/03":2.5254254,"11/04":2.6302564,"11/05":2.1035464,"11/06":1.7263124,"11/07":2.0558853,"11/08":2.231922,"11/09":2.231922,"11/10":2.231922,"11/11":1.662461,"11/12":2.3313599,"11/13":3.0781078,"11/14":3.0243123,"11/15":3.0243123,"11/16":3.0243123,"11/17":3.0243123,"11/18":3.2091517,"11/19":3.0672507,"11/20":3.0672507,"11/21":3.3149817,"11/22":2.360085,"11/23":2.360085,"11/24":2.360085,"11/25":1.7634588,"11/26":1.8905736,"11/27":1.8557309,"11/28":2.3490963,"11/29":2.0433555,"11/30":2.0433555,"12/01":2.0433555,"12/02":1.9192289,"12/03":1.4984105,"12/04":1.4853293,"12/05":1.1653395,"12/06":1.1637269,"12/07":1.1637269,"12/08":1.1637269,"12/09":1.039742,"12/10":0.9863887,"12/11":0.98719126,"12/12":1.0992447,"12/13":0.8186342,"12/14":0.8186342,"12/15":0.8186342,"12/16":0.8186342,"12/17":1.3069774,"12/18":1.6645172,"12/19":1.8519994,"12/20":2.7857113,"12/21":2.7857113,"12/22":2.7857113,"12/23":2.3398037,"12/24":2.4689224,"12/25":2.4689224,"12/26":9.547992,"12/27":9.553947,"12/28":9.547738,"12/29":9.544013,"12/30":9.589451,"12/31":9.563342},"2023":{"12/26":24.084997,"12/27":24.197998,"12/28":24.179369,"12/29":24.168194,"12/30":24.997995,"12/31":24.528109},"2024":{"01/01":24.88402,"01/02":26.510597,"01/03":25.351929,"01/04":25.052288,"01/05":25.052288,"01/06":22.46867,"01/07":22.661898,"01/08":24.333792,"01/09":24.087666,"01/10":22.532791,"01/11":22.359264,"01/12":22.359264,"01/13":20.159698,"01/14":21.102797,"01/15":19.068031,"01/16":19.85398,"01/17":21.344694,"01/18":21.282713,"01/19":19.765419,"01/20":20.794931,"01/21":19.56664,"01/22":20.261883,"01/23":21.465816,"01/24":19.524815,"01/25":21.222965,"01/26":21.222965,"01/27":19.781183,"01/28":19.985579,"01/29":20.106424,"01/30":21.452112,"01/31":21.532785,"02/01":21.19065,"02/02":20.495607,"02/03":20.406546,"02/04":21.467436,"02/05":21.255526,"02/06":20.193008,"02/07":20.027506,"02/08":20.962029,"02/09":20.606337,"02/10":20.040781,"02/11":18.419556,"02/12":19.514145,"02/13":18.896084,"02/14":17.619213,"02/15":17.090027,"02/16":16.93662,"02/17":16.978342,"02/18":16.978342,"02/19":16.978342,"02/20":16.253035,"02/21":16.153778,"02/22":15.295152,"02/23":15.5322,"02/24":14.6463995,"02/25":14.151619,"02/26":14.561052,"02/27":14.841647,"02/28":13.746649,"02/29":12.969069,"03/01":11.924747,"03/02":11.924747,"03/03":11.680464,"03/04":11.529817,"03/05":13.018059,"03/06":13.580385,"03/07":13.837485,"03/08":13.837485,"03/09":13.837485,"03/10":13.647063,"03/11":14.477593,"03/12":14.817069,"03/13":15.424761,"03/14":15.058388,