"Month (MM)","Day (DD)","2023","Average Across Years"
12,26,1.7590046,1.7590046
12,27,1.7590046,1.7590046
12,28,1.7590046,1.7590046
12,29,1.7417045,1.7417045
12,30,1.7417045,1.7417045
12,31,1.7417045,1.7417045
