{"0":{"10/01":0.8940029,"10/02":0.8940029,"10/03":0.8940029,"10/04":0.8940029,"10/05":0.8940029,"10/06":0.8919823,"10/07":0.87684983,"10/08":0.86374116,"10/09":0.8566834,"10/10":0.84357995,"10/11":0.84357995,"10/12":0.84357995,"10/13":0.82140905,"10/14":0.80932343,"10/15":0.795224,"10/16":0.78615946,"10/17":0.7720665,"10/18":0.7720665,"10/19":0.7720665,"10/20":0.73785853,"10/21":0.73785853,"10/22":0.73785853,"10/23":0.6976447,"10/24":0.68458265,"10/25":0.68458265,"10/26":0.68458265,"10/27":0.64339644,"10/28":0.6293434,"10/29":0.6152943,"10/30":0.60225356,"10/31":0.5892162,"11/01":0.5892162,"11/02":0.5892162,"11/03":0.54912096,"11/04":0.5401006,"11/05":0.5401006,"11/06":0.52307713,"11/07":0.5150641,"11/08":0.5150641,"11/09":0.5150641,"11/10":0.4760204,"11/11":0.11510939,"11/12":0.036688145,"11/13":0.0,"11/14":0.0,"11/15":0.0,"11/16":0.0,"11/17":0.0,"11/18":0.0,"11/19":0.0,"11/20":0.0,"11/21":0.0,"11/22":0.0,"11/23":0.0,"11/24":0.0,"11/25":0.0,"11/26":0.0,"11/27":0.0,"11/28":0.0,"11/29":0.0,"11/30":0.0,"12/01":0.0,"12/02":0.0,"12/03":0.0,"12/04":0.0,"12/05":0.0,"12/06":0.0,"12/07":0.0,"12/08":0.0,"12/09":0.0,"12/10":0.0,"12/11":0.0,"12/12":0.0,"12/13":0.0,"12/14":0.0,"12/15":0.0,"12/16":0.0,"12/17":0.0,"12/18":0.0,"12/19":0.0,"12/20":0.0,"12/21":0.0,"12/22":0.0,"12/23":0.0,"12/24":0.0,"12/25":0.0,"12/26":0.0,"12/27":0.0,"12/28":0.0,"12/29":0.0,"12/30":0.0,"12/31":0.0},"2025":{"10/01":0.8940029,"10/02":0.8940029,"10/03":0.8940029,"10/04":0.8940029,"10/05":0.8940029,"10/06":0.8919823,"10/07":0.87684983,"10/08":0.86374116,"10/09":0.8566834,"10/10":0.84357995,"10/11":0.84357995,"10/12":0.84357995,"10/13":0.82140905,"10/14":0.80932343,"10/15":0.795224,"10/16":0.78615946,"10/17":0.7720665,"10/18":0.7720665,"10/19":0.7720665,"10/20":0.73785853,"10/21":0.73785853,"10/22":0.73785853,"10/23":0.6976447,"10/24":0.68458265,"10/25":0.68458265,"10/26":0.68458265,"10/27":0.64339644,"10/28":0.6293434,"10/29":0.6152943,"10/30":0.60225356,"10/31":0.5892162,"11/01":0.5892162,"11/02":0.5892162,"11/03":0.54912096,"11/04":0.5401006,"11/05":0.5401006,"11/06":0.52307713,"11/07":0.5150641,"11/08":0.5150641,"11/09":0.5150641,"11/10":0.4760204,"11/11":0.11510939,"11/12":0.036688145,"11/13":0.0,"11/14":0.0,"11/15":0.0,"11/16":0.0,"11/17":0.0,"11/18":0.0,"11/19":0.0,"11/20":0.0,"11/21":0.0,"11/22":0.0,"11/23":0.0,"11/24":0.0,"11/25":0.0,"11/26":0.0,"11/27":0.0,"11/28":0.0,"11/29":0.0,"11/30":0.0,"12/01":0.0,"12/02":0.0,"12/03":0.0,"12/04":0.0,"12/05":0.0,"12/06":0.0,"12/07":0.0,"12/08":0.0,"12/09":0.0,"12/10":0.0,"12/11":0.0,"12/12":0.0,"12/13":0.0,"12/14":0.0,"12/15":0.0,"12/16":0.0,"12/17":0.0,"12/18":0.0,"12/19":0.0,"12/20":0.0,"12/21":0.0,"12/22":0.0,"12/23":0.0,"12/24":0.0,"12/25":0.0,"12/26":0.0,"12/27":0.0,"12/28":0.0,"12/29":0.0,"12/30":0.0,"12/31":0.0}}