"Month (MM)","Day (DD)","2023","Average Across Years"
12,26,-1.6090012,-1.6090012
12,27,-1.6090012,-1.6090012
12,28,-1.6090012,-1.6090012
12,29,-1.621789,-1.621789
12,30,-1.621789,-1.621789
12,31,-1.621789,-1.621789
