{"0":{"01/01":8.341158,"01/02":8.321678,"01/03":8.308685,"01/04":8.289216,"01/05":8.289216,"01/06":8.289216,"01/07":8.289216,"01/08":8.213556,"01/09":8.195194,"01/10":8.197356,"01/11":8.1779175,"01/12":8.1779175,"01/13":8.1779175,"01/14":8.1779175,"01/15":8.101344,"01/16":8.083019,"01/17":8.064701,"01/18":8.0453205,"01/19":8.036706,"01/20":8.036706,"01/21":8.036706,"01/22":8.036706,"01/23":7.960322,"01/24":7.9409785,"01/25":8.0044155,"01/26":8.0044155,"01/27":8.0044155,"01/28":8.0044155,"01/29":7.845411,"01/30":7.8261085,"01/31":7.8068132,"02/01":7.7875147,"02/02":7.769307,"02/03":7.769307,"02/04":7.769307,"02/05":7.7157693,"02/06":7.6975746,"02/07":7.679397,"02/08":7.662285,"02/09":7.6430383,"02/10":7.6430383,"02/11":7.6430383,"02/12":7.5864296,"02/13":7.5672097,"02/14":7.548007,"02/15":7.5298696,"02/16":7.5106807,"02/17":7.5106807,"02/18":7.5106807,"02/19":7.5106807,"02/20":7.436105,"02/21":7.416949,"02/22":7.3988547,"02/23":7.3818326,"02/24":7.3818326,"02/25":7.3818326,"02/26":7.3254976,"02/27":7.306371,"02/28":7.288325,"02/29":7.270274,"03/01":7.251178,"03/02":7.251178,"03/03":7.251178,"03/04":7.1960306,"03/05":7.1780224,"03/06":7.160009,"03/07":7.142001,"03/08":7.142001,"03/09":7.142001,"03/10":7.142001,"03/11":7.0679355,"03/12":7.048911,"03/13":7.0309415,"03/14":7.012987,"03/15":6.9950294,"03/16":6.9950294,"03/17":6.9950294,"03/18":6.9950294,"03/19":6.92011,"03/20":6.9021945,"03/21":6.8842735,"03/22":6.8653135,"03/23":6.8653135,"03/24":6.8653135,"03/25":6.8653135,"03/26":6.789524,"03/27":6.7705975,"03/28":6.7516685,"03/29":6.7516685,"03/30":6.7516685,"03/31":6.686541,"04/01":6.686541,"04/02":6.652961,"04/03":6.6351233,"04/04":6.6162524,"04/05":6.597378,"04/06":6.597378,"04/07":6.597378,"04/08":6.542901,"04/09":6.542901,"04/10":6.506269,"04/11":6.506269,"04/12":6.468624,"04/13":6.468624,"04/14":6.468624,"04/15":6.4132338,"04/16":6.395486,"04/17":6.395486,"04/18":6.35999,"04/19":6.34226,"04/20":6.34226,"04/21":6.34226,"04/22":6.2890873,"04/23":6.2703385,"04/24":6.2515864,"04/25":6.232851,"04/26":6.214112,"04/27":6.214112,"04/28":6.214112,"04/29":6.1579547,"04/30":6.1392517,"05/01":6.1392517,"05/02":6.101856,"05/03":6.086282,"05/04":6.086282,"05/05":6.086282,"05/06":6.029221,"05/07":6.010554,"05/08":5.9939785,"05/09":5.9784355,"05/10":5.960823,"05/11":5.960823,"05/12":5.960823,"05/13":5.9049335,"05/14":5.8842487,"05/15":5.863562,"05/16":5.8428936,"05/17":5.8232675,"05/18":5.8232675,"05/19":5.8232675,"05/20":5.8232675,"05/21":5.7458587,"05/22":5.7211065,"05/23":5.7211065,"05/24":5.681952,"05/25":5.681952,"05/26":5.681952,"05/27":5.6232643,"05/28":5.6047397,"05/29":5.586231,"05/30":5.5666904,"05/31":5.548196,"06/01":5.548196,"06/02":5.548196,"06/03":5.490684,"06/04":5.4732337,"06/05":5.4547715,"06/06":5.4342623,"06/07":5.4127345,"06/08":5.4127345,"06/09":5.4127345,"06/10":4.7406025,"06/11":4.7092395,"06/12":4.692056,"06/13":4.6183047,"06/14":4.5456667,"06/15":4.5456667,"06/16":4.5456667,"06/17":4.5456667,"06/18":4.467091,"06/19":4.184997,"06/20":4.164979,"06/21":3.664995,"06/22":3.664995,"06/23":3.664995,"06/24":3.6015952,"06/25":3.5827913,"06/26":3.5639849,"06/27":3.5451946,"06/28":3.5254214,"06/29":3.5254214,"06/30":3.5254214,"07/01":3.4651582,"07/02":3.4434388,"07/03":3.4217286,"07/04":3.4010148,"07/05":3.3822744,"07/06":3.3822744,"07/07":3.3822744,"07/08":3.3251357,"07/09":3.3064227,"07/10":3.2867405,"07/11":3.267066,"07/12":3.2473989,"07/13":3.2473989,"07/14":3.2473989,"07/15":3.1884422,"07/16":3.1884422,"07/17":3.1884422,"07/18":3.0648344,"07/19":3.4306111,"07/20":3.4306111,"07/21":3.4306111,"07/22":3.3714356,"07/23":3.3517287,"07/24":3.3330154,"07/25":3.3330154,"07/26":3.1246414,"07/27":3.1246414,"07/28":3.1246414,"07/29":3.0677779,"07/30":2.8009791,"07/31":3.1373935,"08/01":3.1177754,"08/02":2.843889,"08/03":2.843889,"08/04":2.843889,"08/05":2.7104042,"08/06":2.6909485,"08/07":2.6715002,"08/08":2.652059,"08/09":2.6326256,"08/10":2.6326256,"08/11":2.6326256,"08/12":2.5743594,"08/13":2.5549552,"08/14":2.5355582,"08/15":2.5355582,"08/16":2.4967866,"08/17":2.4967866,"08/18":2.4967866,"08/19":2.4260948,"08/20":2.362265,"08/21":2.413518,"08/22":2.4386744,"08/23":2.0789146,"08/24":2.0789146,"08/25":2.0789146,"08/26":1.9828914,"08/27":1.9637103,"08/28":1.950287,"08/29":1.9320778,"08/30":1.9129157,"08/31":1.9129157,"09/01":1.9129157,"09/02":1.8592967,"09/03":1.8372884,"09/04":1.818162,"09/05":1.818162,"09/06":1.7808784,"09/07":1.7808784,"09/08":1.7808784,"09/09":1.2873743,"09/10":1.2684538,"09/11":1.2155107,"09/12":1.197563,"09/13":0.9544469,"09/14":0.9544469,"09/15":0.9544469,"09/16":0.82581884,"09/17":0.8070705,"09/18":0.8070705,"09/19":0.6255625,"09/20":0.58821255,"09/21":0.58821255,"09/22":0.58821255,"09/23":-0.04149277,"09/24":-0.2649373,"09/25":0.090473115,"09/26":-0.077418305,"09/27":-0.13632452,"09/28":-0.13632452,"09/29":-0.13632452,"09/30":-0.14184205,"10/01":-0.16391483,"10/02":-0.16391483,"10/03":-0.12988518,"10/04":0.0,"10/05":0.0,"10/06":0.0,"10/07":0.0,"10/08":0.0,"10/09":0.0,"10/10":0.0,"10/11":0.0,"10/12":0.0,"10/13":0.0,"10/14":0.0,"10/15":0.0,"10/16":0.0,"10/17":0.0,"10/18":0.0,"10/19":0.0,"10/20":0.0,"10/21":0.0,"10/22":0.0,"10/23":0.0,"10/24":0.0,"10/25":0.0,"10/26":0.0,"10/27":0.0,"10/28":0.0,"10/29":0.0,"10/30":0.0,"10/31":0.0,"11/01":0.0,"11/02":0.0,"11/03":0.0,"11/04":0.0,"11/05":0.0,"11/06":0.0,"11/07":0.0,"11/08":0.0,"11/09":0.0,"11/10":0.0,"11/11":0.0,"11/12":0.0,"11/13":0.0,"11/14":0.0,"11/15":0.0,"11/16":0.0,"11/17":0.0,"11/18":0.0,"11/19":0.0,"11/20":0.0,"11/21":0.0,"11/22":0.0,"11/23":0.0,"11/24":0.0,"11/25":0.0,"11/26":0.0,"11/27":0.0,"11/28":0.0,"11/29":0.0,"11/30":0.0,"12/01":0.0,"12/02":0.0,"12/03":0.0,"12/04":0.0,"12/05":0.0,"12/06":0.0,"12/07":0.0,"12/08":0.0,"12/09":0.0,"12/10":0.0,"12/11":0.0,"12/12":0.0,"12/13":0.0,"12/14":0.0,"12/15":0.0,"12/16":0.0,"12/17":0.0,"12/18":0.0,"12/19":0.0,"12/20":0.0,"12/21":0.0,"12/22":0.0,"12/23":0.0,"12/24":0.0,"12/25":0.0,"12/26":4.208498,"12/27":4.208498,"12/28":4.208498,"12/29":4.199282,"12/30":4.199282,"12/31":4.199282},"2023":{"12/26":8.416996,"12/27":8.416996,"12/28":8.416996,"12/29":8.398564,"12/30":8.398564,"12/31":8.398564},"2024":{"01/01":8.341158,"01/02":8.321678,"01/03":8.308685,"01/04":8.289216,"01/05":8.289216,"01/06":8.289216,"01/07":8.289216,"01/08":8.213556,"01/09":8.195194,"01/10":8.197356,"01/11":8.1779175,"01/12":8.1779175,"01/13":8.1779175,"01/14":8.1779175,"01/15":8.101344,"01/16":8.083019,"01/17":8.064701,"01/18":8.0453205,"01/19":8.036706,"01/20":8.036706,"01/21":8.036706,"01/22":8.036706,"01/23":7.960322,"01/24":7.9409785,"01/25":8.0044155,"01/26":8.0044155,"01/27":8.0044155,"01/28":8.0044155,"01/29":7.845411,"01/30":7.8261085,"01/31":7.8068132,"02/01":7.7875147,"02/02":7.769307,"02/03":7.769307,"02/04":7.769307,"02/05":7.7157693,"02/06":7.6975746,"02/07":7.679397,"02/08":7.662285,"02/09":7.6430383,"02/10":7.6430383,"02/11":7.6430383,"02/12":7.5864296,"02/13":7.5672097,"02/14":7.548007,"02/15":7.5298696,"02/16":7.5106807,"02/17":7.5106807,"02/18":7.5106807,"02/19":7.5106807,"02/20":7.436105,"02/21":7.416949,"02/22":7.3988547,"02/23":7.3818326,"02/24":7.3818326,"02/25":7.3818326,"02/26":7.3254976,"02/27":7.306371,"02/28":7.288325,"02/29":7.270274,"03/01":7.251178,"03/02":7.251178,"03/03":7.251178,"03/04":7.1960306,"03/05":7.1780224,"03/06":7.160009,"03/07":7.142001,"03/08":7.142001,"03/09":7.142001,"03/10":7.142001,"03/11":7.0679355,"03/12":7.048911,"03/13":7.0309415,"03/14":7.012987,"03/15":6.9950294,"03/16":6.9950294,"03/17":6.9950294,"03/18":6.9950294,"03/19":6.92011,"03/20":6.9021945,"03/21":6.8842735,"03/22":6.8653135,"03/23":6.8653135,"03/24":6.8653135,"03/25":6.8653135,"03/26":6.789524,"03/27":6.7705975,"03/28":6.7516685,"03/29":6.7516685,"03/30":6.7516685,"03/31":6.686541,"04/01":6.686541,"04/02":6.652961,"04/03":6.6351233,"04/04":6.6162524,"04/05":6.597378,"04/06":6.597378,"04/07":6.597378,"04/08":6.542901,"04/09":6.542901,"04/10":6.506269,"04/11":6.506269,"04/12":6.468624,"04/13":6.468624,"04/14":6.468624,"04/15":6.4132338,"04/16":6.395486,