"Month (MM)","Day (DD)","2023","Average Across Years"
12,26,1.6689968,1.6689968
12,27,1.6689968,1.6689968
12,28,1.6689968,1.6689968
12,29,1.6689968,1.6689968
12,30,1.6689968,1.6689968
12,31,1.6689968,1.6689968
