{"0":{"12/26":3.7069988,"12/27":3.7069988,"12/28":3.692482,"12/29":3.69352,"12/30":3.69352,"12/31":3.69352},"2023":{"12/26":3.7069988,"12/27":3.7069988,"12/28":3.692482,"12/29":3.69352,"12/30":3.69352,"12/31":3.69352}}