{"0":{"01/01":7.7696476,"01/02":7.7623997,"01/03":7.753598,"01/04":7.7452497,"01/05":7.7452497,"01/06":7.7486753,"01/07":7.7571783,"01/08":7.6942244,"01/09":7.6759257,"01/10":7.624903,"01/11":7.5755835,"01/12":7.5755835,"01/13":7.5568027,"01/14":7.556639,"01/15":7.3878384,"01/16":7.3815856,"01/17":7.407199,"01/18":7.448964,"01/19":7.407748,"01/20":7.4144197,"01/21":7.4255123,"01/22":7.4337025,"01/23":7.3446817,"01/24":7.3140755,"01/25":7.2210836,"01/26":7.2210836,"01/27":7.2319627,"01/28":7.228709,"01/29":7.1048656,"01/30":7.070226,"01/31":6.979241,"02/01":6.536951,"02/02":6.388421,"02/03":6.3885813,"02/04":6.3883142,"02/05":6.42281,"02/06":6.396415,"02/07":6.295684,"02/08":6.260105,"02/09":6.334495,"02/10":6.3336673,"02/11":6.33372,"02/12":6.288437,"02/13":6.3041935,"02/14":6.3352947,"02/15":6.1471214,"02/16":6.164033,"02/17":6.166282,"02/18":6.166282,"02/19":6.166282,"02/20":6.0649414,"02/21":5.989441,"02/22":5.991017,"02/23":6.002035,"02/24":6.0039597,"02/25":6.0025277,"02/26":5.968429,"02/27":5.988265,"02/28":5.9554796,"02/29":8.232616,"03/01":5.885493,"03/02":5.885493,"03/03":5.884682,"03/04":5.8325896,"03/05":5.797017,"03/06":5.797216,"03/07":5.7065005,"03/08":5.7065005,"03/09":5.7065005,"03/10":5.7082853,"03/11":5.602592,"03/12":5.649448,"03/13":5.686008,"03/14":5.6912313,"03/15":5.7210407,"03/16":5.7210407,"03/17":5.72787,"03/18":5.7330494,"03/19":5.881771,"03/20":5.9052286,"03/21":5.7761292,"03/22":5.8586516,"03/23":5.8586516,"03/24":5.8603377,"03/25":5.8601575,"03/26":5.8962154,"03/27":5.791943,"03/28":5.5658255,"03/29":5.5658255,"03/30":5.5658255,"03/31":5.5459123,"04/01":5.5459123,"04/02":5.836118,"04/03":5.8392673,"04/04":5.819231,"04/05":5.89498,"04/06":5.89498,"04/07":5.8918796,"04/08":6.0233426,"04/09":6.0302835,"04/10":5.902442,"04/11":5.9082904,"04/12":6.1653533,"04/13":6.1653533,"04/14":6.1653533,"04/15":6.0850058,"04/16":6.155489,"04/17":6.1595316,"04/18":6.126847,"04/19":6.270952,"04/20":6.270952,"04/21":6.3079214,"04/22":6.175094,"04/23":6.0805144,"04/24":6.1880655,"04/25":6.1873956,"04/26":6.1994734,"04/27":6.1994734,"04/28":6.186123,"04/29":6.1468644,"04/30":6.171582,"05/01":6.171582,"05/02":6.0542316,"05/03":5.9373703,"05/04":5.9373703,"05/05":5.9475203,"05/06":5.6960053,"05/07":5.763012,"05/08":5.7382455,"05/09":5.6929054,"05/10":5.605463,"05/11":5.605463,"05/12":5.605463,"05/13":5.5279083,"05/14":5.4956536,"05/15":5.4057345,"05/16":5.3421755,"05/17":5.409138,"05/18":5.409138,"05/19":5.4002676,"05/20":5.4076796,"05/21":5.314644,"05/22":5.136154,"05/23":5.144886,"05/24":5.0743003,"05/25":5.0743003,"05/26":5.0772753,"05/27":4.9995184,"05/28":5.030371,"05/29":5.0815706,"05/30":5.0687637,"05/31":5.039672,"06/01":5.039672,"06/02":5.0405765,"06/03":4.842506,"06/04":5.229423,"06/05":5.121578,"06/06":4.9590583,"06/07":4.923424,"06/08":4.923424,"06/09":4.8932953,"06/10":4.8602614,"06/11":4.7720237,"06/12":4.750305,"06/13":4.6503606,"06/14":4.579594,"06/15":4.579594,"06/16":4.5935225,"06/17":4.5908175,"06/18":4.501544,"06/19":4.3603964,"06/20":4.322103,"06/21":4.2304783,"06/22":4.2304783,"06/23":4.2357864,"06/24":4.179476,"06/25":4.2032347,"06/26":4.2331743,"06/27":4.225588,"06/28":4.2853193,"06/29":4.2853193,"06/30":4.2853193,"07/01":4.2837973,"07/02":4.243798,"07/03":4.2018294,"07/04":4.2240686,"07/05":4.2670813,"07/06":4.2670813,"07/07":4.2670813,"07/08":4.216463,"07/09":4.1921716,"07/10":4.153352,"07/11":4.177133,"07/12":4.1811905,"07/13":4.1811905,"07/14":4.188874,"07/15":4.1401286,"07/16":4.1393027,"07/17":4.1431866,"07/18":4.0474277,"07/19":4.0069394,"07/20":4.0069394,"07/21":4.0122128,"07/22":3.9581733,"07/23":4.001165,"07/24":3.96066,"07/25":3.9471262,"07/26":3.874735,"07/27":3.874735,"07/28":3.8682594,"07/29":3.8218153,"07/30":3.922926,"07/31":3.9102566,"08/01":3.903645,"08/02":3.8365011,"08/03":3.8365011,"08/04":3.848676,"08/05":3.643608,"08/06":3.6276853,"08/07":3.5784268,"08/08":3.6090662,"08/09":3.6283288,"08/10":3.6283288,"08/11":3.6163557,"08/12":3.5657132,"08/13":3.5664752,"08/14":3.481092,"08/15":3.481092,"08/16":3.46296,"08/17":3.46296,"08/18":3.4488432,"08/19":3.3203008,"08/20":3.21598,"08/21":3.1844463,"08/22":3.1823723,"08/23":3.1905596,"08/24":3.1905596,"08/25":3.1841264,"08/26":3.1741514,"08/27":3.2057445,"08/28":3.2173824,"08/29":3.2201643,"08/30":3.2259226,"08/31":3.2259226,"09/01":3.225126,"09/02":3.2367914,"09/03":3.1849008,"09/04":3.0992825,"09/05":3.1103113,"09/06":3.1035378,"09/07":3.1035378,"09/08":3.1035378,"09/09":3.060796,"09/10":3.0085914,"09/11":2.8995032,"09/12":2.837608,"09/13":2.7674623,"09/14":2.7674623,"09/15":2.7678537,"09/16":2.6437347,"09/17":2.6886606,"09/18":2.6847284,"09/19":2.5861423,"09/20":2.5851917,"09/21":2.5851917,"09/22":2.5841973,"09/23":2.5268245,"09/24":2.4648929,"09/25":2.3182776,"09/26":2.2119668,"09/27":2.3901355,"09/28":2.3901355,"09/29":2.3927395,"09/30":2.3058383,"10/01":2.1986985,"10/02":2.1986985,"10/03":2.334238,"10/04":2.5869455,"10/05":2.5869455,"10/06":2.5869455,"10/07":2.596002,"10/08":2.4719083,"10/09":2.3479257,"10/10":2.3791041,"10/11":2.4197807,"10/12":2.4197807,"10/13":2.4197807,"10/14":2.338959,"10/15":2.2913356,"10/16":2.277206,"10/17":2.352649,"10/18":2.4510448,"10/19":2.4510448,"10/20":2.4510448,"10/21":2.4344616,"10/22":2.403691,"10/23":2.3691804,"10/24":2.3885584,"10/25":2.4761744,"10/26":2.4761744,"10/27":2.4761744,"10/28":2.5474339,"10/29":2.4785497,"10/30":2.4785497,"10/31":2.4401448,"11/01":2.4401448,"11/02":2.4401448,"11/03":2.4401448,"11/04":2.3587873,"11/05":2.3587873,"11/06":2.3786309,"11/07":2.3833551,"11/08":2.3384864,"11/09":2.3384864,"11/10":2.3384864,"11/11":2.282388,"11/12":2.3200853,"11/13":2.387138,"11/14":2.5631351,"11/15":2.5631351,"11/16":2.5631351,"11/17":2.5631351,"11/18":2.490887,"11/19":2.4728537,"11/20":2.4728537,"11/21":2.5574253,"11/22":2.5778966,"11/23":2.5778966,"11/24":2.5778966,"11/25":2.482817,"11/26":2.4927838,"11/27":2.442517,"11/28":2.4676383,"11/29":2.322919,"11/30":2.322919,"12/01":2.322919,"12/02":2.1241715,"12/03":2.113407,"12/04":1.9655119,"12/05":1.9287845,"12/06":2.111069,"12/07":2.111069,"12/08":2.111069,"12/09":1.9817997,"12/10":1.9506311,"12/11":1.9999634,"12/12":2.01161,"12/13":1.9078902,"12/14":1.9078902,"12/15":1.9078902,"12/16":1.9078902,"12/17":1.9655119,"12/18":1.9315758,"12/19":2.1035836,"12/20":2.1592987,"12/21":2.1592987,"12/22":2.1592987,"12/23":2.1162138,"12/24":2.1400898,"12/25":2.1400898,"12/26":5.200455,"12/27":5.201575,"12/28":5.196382,"12/29":5.196753,"12/30":5.1999636,"12/31":5.2042522},"2023":{"12/26":11.233997,"12/27":11.288004,"12/28":11.272426,"12/29":11.27354,"12/30":11.424516,"12/31":11.617495},"2024":{"01/01":11.373272,"01/02":11.406415,"01/03":11.423352,"01/04":11.406656,"01/05":11.406656,"01/06":11.509533,"01/07":11.754254,"01/08":11.525297,"01/09":11.459891,"01/10":11.313201,"01/11":11.214561,"01/12":11.214561,"01/13":10.590256,"01/14":10.584283,"01/15":10.353868,"01/16":10.697987,"01/17":10.620324,"01/18":10.703855,"01/19":10.621424,"01/20":10.84382,"01/21":11.186351,"01/22":11.421652,"01/23":11.196576,"01/24":11.273573,"01/25":11.087589,"01/26":11.087589,"01/27":11.389236,"01/28":11.301209,"01/29":10.929636,"01/30":10.885159,"01/31":10.569845,"02/01":9.685266,"02/02":9.388206,"02/03":9.394049,"02/04":9.384313,"02/05":9.60777,"02/06":9.799524,"02/07":9.270826,"02/08":9.199669,"02/09":9.348449,"02/10":9.318276,"02/11":9.320225,"02/12":9.317902,"02/13":9.175537,"02/14":9.3040495,"02/15":8.927703,"02/16":8.961526,"02/17":9.047869,"02/18":9.047869,"02/19":9.047869,"02/20":8.767021,"02/21":8.476872,"02/22":8.480024,"02/23":8.502061,"02/24":8.584288,"02/25":8.523344,"02/26":8.455147,"02/27":8.357195,"02/28":8.206466,"02/29":8.232616,"03/01":8.066492,"03/02":8.066492,"03/03":8.025948,"03/04":7.921763,"03/05":8.041248,"03/06":8.342808,"03/07":8.245793,"03/08":8.245793,"03/09":8.245793,"03/10":8.320826,"03/11":8.26941,"03/12":8.555344,"03/13":8.719316,"03/14":8.729762,"03/15":8.789381,"03/16":8.789381,"03/17":9.023132,"03/18":9.19051,"03/19":9.822939,"03/20":10.046786,"03/21":9.764499,