"Month (MM)","Day (DD)","2023","Average Across Years"
12,26,4.3879986,4.3879986
12,27,4.3879986,4.3879986
12,28,4.372341,4.372341
12,29,4.3629475,4.3629475
12,30,4.3629475,4.3629475
12,31,4.3629475,4.3629475
