{"0":{"01/01":8.169452,"01/02":8.147235,"01/03":8.070182,"01/04":8.019621,"01/05":8.0460205,"01/06":8.123784,"01/07":8.123784,"01/08":8.121237,"01/09":7.9603815,"01/10":7.8597374,"01/11":7.811002,"01/12":7.770506,"01/13":7.6849813,"01/14":7.6849813,"01/15":7.6825743,"01/16":7.722878,"01/17":7.7424135,"01/18":7.7097387,"01/19":7.584757,"01/20":7.7388277,"01/21":7.7388277,"01/22":7.7388277,"01/23":7.745921,"01/24":7.738282,"01/25":7.7519655,"01/26":7.7519655,"01/27":7.913976,"01/28":7.913976,"01/29":7.913496,"01/30":7.962541,"01/31":7.8294053,"02/01":7.6474195,"02/02":7.579071,"02/03":7.5227127,"02/04":7.5227127,"02/05":7.5220585,"02/06":7.575077,"02/07":7.543005,"02/08":7.6318827,"02/09":7.66899,"02/10":7.674865,"02/11":7.674865,"02/12":7.6756907,"02/13":7.6550736,"02/14":7.6552973,"02/15":7.599123,"02/16":7.539992,"02/17":7.5794406,"02/18":7.5794406,"02/19":7.5794406,"02/20":7.5144763,"02/21":7.5640116,"02/22":7.6370707,"02/23":7.546194,"02/24":7.5691423,"02/25":7.5691423,"02/26":7.5704355,"02/27":7.6344457,"02/28":7.608968,"02/29":6.239467,"03/01":7.567507,"03/02":7.5723224,"03/03":7.5370374,"03/04":7.5384345,"03/05":7.5392027,"03/06":7.525299,"03/07":7.5269156,"03/08":7.6186247,"03/09":7.6191626,"03/10":7.5746117,"03/11":7.5778913,"03/12":7.5774364,"03/13":7.4432726,"03/14":7.349407,"03/15":7.34754,"03/16":7.303446,"03/17":7.284342,"03/18":7.284342,"03/19":7.282011,"03/20":7.213979,"03/21":7.2308836,"03/22":7.228977,"03/23":7.1813965,"03/24":7.1328487,"03/25":7.1328487,"03/26":7.1337423,"03/27":7.073144,"03/28":7.0731506,"03/29":7.0366907,"03/30":7.0366907,"03/31":7.0521193,"04/01":7.0521193,"04/02":7.0458136,"04/03":7.0186977,"04/04":7.01937,"04/05":6.8888664,"04/06":6.804311,"04/07":6.804311,"04/08":6.8021054,"04/09":6.8021054,"04/10":6.7888975,"04/11":6.7977524,"04/12":6.7962637,"04/13":6.803525,"04/14":6.803525,"04/15":6.8042455,"04/16":6.803693,"04/17":6.7741303,"04/18":6.717185,"04/19":6.711586,"04/20":6.692484,"04/21":6.6136208,"04/22":6.614275,"04/23":6.6149206,"04/24":6.4980803,"04/25":6.4517474,"04/26":6.452763,"04/27":6.431759,"04/28":6.4420023,"04/29":6.4422717,"04/30":6.442231,"05/01":6.442231,"05/02":6.3948326,"05/03":6.220228,"05/04":6.20594,"05/05":6.20594,"05/06":6.208235,"05/07":6.207158,"05/08":6.210557,"05/09":6.198348,"05/10":6.1505537,"05/11":6.1025186,"05/12":5.9711246,"05/13":5.9716644,"05/14":5.972723,"05/15":5.961626,"05/16":5.870949,"05/17":5.836284,"05/18":5.8621645,"05/19":5.910959,"05/20":5.910959,"05/21":5.9131317,"05/22":5.8357677,"05/23":5.900057,"05/24":5.8354473,"05/25":5.8354473,"05/26":5.852792,"05/27":5.8549232,"05/28":5.853513,"05/29":5.892477,"05/30":5.861103,"05/31":5.7758403,"06/01":5.751405,"06/02":5.767181,"06/03":5.7732816,"06/04":5.763117,"06/05":5.7725606,"06/06":5.7138214,"06/07":5.7033916,"06/08":5.8047385,"06/09":5.866552,"06/10":5.866616,"06/11":5.868863,"06/12":5.7892656,"06/13":5.749223,"06/14":5.757322,"06/15":5.8136306,"06/16":5.849525,"06/17":5.849525,"06/18":5.852764,"06/19":5.8653526,"06/20":5.870073,"06/21":5.8784494,"06/22":5.955969,"06/23":5.9218345,"06/24":5.923793,"06/25":5.9214635,"06/26":5.878964,"06/27":5.8636394,"06/28":5.833237,"06/29":5.833237,"06/30":5.9855328,"07/01":5.986001,"07/02":5.987827,"07/03":5.965618,"07/04":5.976706,"07/05":5.91625,"07/06":6.052538,"07/07":6.052538,"07/08":6.0555143,"07/09":6.056219,"07/10":6.058701,"07/11":5.7919626,"07/12":5.855435,"07/13":5.684979,"07/14":5.721452,"07/15":5.724463,"07/16":5.724463,"07/17":5.6289167,"07/18":5.5631638,"07/19":5.5997114,"07/20":5.621791,"07/21":5.6284685,"07/22":5.631058,"07/23":5.63103,"07/24":5.5529704,"07/25":5.6485662,"07/26":5.6188107,"07/27":5.673441,"07/28":5.82139,"07/29":5.824458,"07/30":5.8198533,"07/31":5.8503695,"08/01":5.779776,"08/02":5.7819014,"08/03":5.909202,"08/04":5.896187,"08/05":5.9081774,"08/06":5.9079313,"08/07":5.8719935,"08/08":5.7718787,"08/09":5.768234,"08/10":5.6821494,"08/11":5.8035746,"08/12":5.807259,"08/13":5.808098,"08/14":5.79652,"08/15":5.79652,"08/16":5.7968116,"08/17":5.945247,"08/18":5.825499,"08/19":5.833447,"08/20":5.8402214,"08/21":5.819427,"08/22":5.8014183,"08/23":5.680651,"08/24":5.6509824,"08/25":5.6905465,"08/26":5.6917915,"08/27":5.691129,"08/28":5.5619416,"08/29":5.5506797,"08/30":5.5690365,"08/31":5.5089555,"09/01":5.5198236,"09/02":5.518788,"09/03":5.5231147,"09/04":5.582866,"09/05":5.5859847,"09/06":5.596237,"09/07":5.473801,"09/08":5.53599,"09/09":5.5400043,"09/10":5.542924,"09/11":5.648385,"09/12":5.620859,"09/13":5.526955,"09/14":5.3140836,"09/15":5.5019493,"09/16":5.515758,"09/17":5.508789,"09/18":5.448888,"09/19":5.4597917,"09/20":5.429325,"09/21":5.3814507,"09/22":5.4131823,"09/23":5.4164824,"09/24":5.422253,"09/25":5.409318,"09/26":5.4190583,"09/27":5.466955,"09/28":5.7581778,"09/29":5.7581778,"09/30":5.7685056,"10/01":5.7799788,"10/02":5.7799788,"10/03":5.6914454,"10/04":5.694801,"10/05":5.60343,"10/06":6.088905,"10/07":6.088905,"10/08":6.088905,"10/09":6.1738563,"10/10":6.0825057,"10/11":5.9165945,"10/12":5.9012227,"10/13":5.922961,"10/14":5.922961,"10/15":5.922961,"10/16":5.932506,"10/17":5.8900976,"10/18":5.950016,"10/19":5.997835,"10/20":5.9755116,"10/21":5.768673,"10/22":5.768673,"10/23":5.7694073,"10/24":5.7694073,"10/25":5.763799,"10/26":5.766558,"10/27":5.764012,"10/28":5.764012,"10/29":5.764012,"10/30":5.7638764,"10/31":5.746263,"11/01":5.728433,"11/02":5.7086964,"11/03":5.70183,"11/04":5.6965446,"11/05":5.6965446,"11/06":5.693859,"11/07":5.676285,"11/08":5.674744,"11/09":5.6641693,"11/10":5.6631875,"11/11":5.658255,"11/12":5.658255,"11/13":5.655525,"11/14":5.639658,"11/15":5.628382,"11/16":5.624908,"11/17":5.618454,"11/18":5.6131434,"11/19":5.6131434,"11/20":5.6152787,"11/21":5.6005836,"11/22":5.594269,"11/23":5.5936217,"11/24":5.5843406,"11/25":5.5787044,"11/26":5.5787044,"11/27":5.5787044,"11/28":5.5600944,"11/29":5.5556607,"11/30":5.552898,"12/01":5.549728,"12/02":5.551483,"12/03":5.551483,"12/04":5.548865,"12/05":5.533478,"12/06":5.5268807,"12/07":5.5213165,"12/08":5.521258,"12/09":5.5649853,"12/10":5.5649853,"12/11":5.5648084,"12/12":5.535248,"12/13":5.501461,"12/14":5.4637756,"12/15":5.4873996,"12/16":5.494492,"12/17":5.494492,"12/18":5.493841,"12/19":5.487494,"12/20":5.4917197,"12/21":5.474665,"12/22":5.475057,"12/23":5.4778934,"12/24":5.4778934,"12/25":5.4778934,"12/26":5.462773,"12/27":5.455114,"12/28":5.4493065,"12/29":5.4430623,"12/30":5.4451904,"12/31":5.4451904},"2022":{"10/21":5.3549957,"10/22":5.3549957,"10/23":5.319996,"10/24":5.319996,"10/25":5.5980015,"10/26":5.458002,"10/27":5.586996,"10/28":5.586996,"10/29":5.586996,"10/30":5.593996,"10/31":5.6595025,"11/01":5.599682,"11/02":5.786958,"11/03":5.884999,"11/04":5.8691416,"11/05":5.8691416,"11/06":6.03386,"11/07":6.120019,"11/08":6.2248063,"11/09":6.243018,"11/10":5.9648447,"11/11":5.9500494,"11/12":5.9500494,"11/13":6.1275773,"11/14":6.0799747,"11/15":6.505666,"11/16":6.5200233,"11/17":6.6017556,"11/18":6.585823,"11/19":6.585823,"11/20":6.4084797,"11/21":6.269175,"11/22":6.3309703,"11/23":6.381756,"11/24":6.1686287,"11/25":6.1517196,"11/26":6.1517196,"11/27":6.1517196,"11/28":6.2263765,"11/29":6.2854342,"11/30":6.1354437,"12/01":5.997353,"12/02":6.0026207,"12/03":6.0026207,"12/04":6.1895885,"12/05":6.246768,"12/06":6.396052,"12/07":6.434911,"12/08":6.3173823,"12/09":6.448563,"12/10":6.448563,"12/11":6.4634895,"12/12":6.429387,"12/13":6.449334,"12/14":6.7608085,"12/15":7.116262,"12/16":7.1375394,"12/17":7.1375394,"12/18":7.2368665,"12/19":7.269408,"12/20":7.288148,"12/21":7.126693,"12/22":7.121793,"12/23":7.130303,"12/24":7.130303,"12/25":7.130303,"12/26":7.1760283,"12/27":7.077158,"12/28":7.0293436,"12/29":7.274426,"12/30":7.2808094,"12/31":7.2808094},"2023":{"01/01":7.098291,"01/02":6.994135,"01/03":6.8157096,"01/04":6.701416,"01/05":6.7542143,"01/06":6.9097414,"01/07":6.9097414,"01/08":7.1604824,"01/09":6.882137,"01/10":6.8348575,"01/11":6.825768,"01/12":6.7447762,"01/13":6.573727,"01/14":6.573727,"01/15":6.836205,"01/16":7.0155888,"01/17":6.9688735,"01/18":6.779574,