{"0":{"01/01":26.227064,"01/02":25.114199,"01/03":24.531445,"01/04":27.057545,"01/05":27.156593,"01/06":27.969597,"01/07":27.969597,"01/08":27.100752,"01/09":25.82325,"01/10":27.208208,"01/11":27.964317,"01/12":28.020735,"01/13":27.328278,"01/14":27.328278,"01/15":29.310575,"01/16":29.131145,"01/17":25.9232,"01/18":24.768654,"01/19":26.330044,"01/20":27.017834,"01/21":27.017834,"01/22":27.017834,"01/23":24.239342,"01/24":26.21338,"01/25":27.75534,"01/26":27.75534,"01/27":29.56941,"01/28":29.56941,"01/29":31.978657,"01/30":30.667366,"01/31":31.610165,"02/01":32.36406,"02/02":32.972065,"02/03":31.543732,"02/04":31.543732,"02/05":31.49333,"02/06":32.734585,"02/07":33.503296,"02/08":31.844719,"02/09":31.849695,"02/10":31.96649,"02/11":31.96649,"02/12":30.675117,"02/13":32.062458,"02/14":32.071148,"02/15":32.210888,"02/16":32.75405,"02/17":33.47519,"02/18":33.47519,"02/19":33.47519,"02/20":34.735806,"02/21":34.160057,"02/22":37.364483,"02/23":37.774715,"02/24":38.1551,"02/25":38.1551,"02/26":37.814754,"02/27":38.566647,"02/28":37.627384,"03/01":38.85373,"03/02":39.67598,"03/03":37.729412,"03/04":38.379963,"03/05":38.29243,"03/06":37.796654,"03/07":37.844128,"03/08":37.307808,"03/09":38.39976,"03/10":39.72876,"03/11":38.92185,"03/12":38.304394,"03/13":37.702873,"03/14":39.431416,"03/15":38.972916,"03/16":38.809002,"03/17":37.84898,"03/18":37.84898,"03/19":36.527897,"03/20":37.80537,"03/21":39.00933,"03/22":39.741875,"03/23":39.937477,"03/24":41.0224,"03/25":41.0224,"03/26":40.97916,"03/27":41.471943,"03/28":42.914818,"03/29":41.729725,"03/30":41.729725,"03/31":39.745865,"04/01":39.745865,"04/02":41.06489,"04/03":40.850136,"04/04":40.909405,"04/05":40.209385,"04/06":39.789455,"04/07":39.789455,"04/08":40.814335,"04/09":40.814335,"04/10":40.531876,"04/11":39.84999,"04/12":39.30621,"04/13":39.107662,"04/14":39.107662,"04/15":39.107662,"04/16":39.107662,"04/17":39.980015,"04/18":40.25749,"04/19":40.67157,"04/20":40.505367,"04/21":40.766716,"04/22":40.766716,"04/23":40.766716,"04/24":39.944027,"04/25":39.673313,"04/26":39.245895,"04/27":38.493687,"04/28":37.275196,"04/29":37.275196,"04/30":37.275196,"05/01":37.275196,"05/02":36.666695,"05/03":36.916595,"05/04":35.91591,"05/05":35.91591,"05/06":35.91591,"05/07":35.91591,"05/08":35.998196,"05/09":35.982517,"05/10":35.542297,"05/11":35.866318,"05/12":35.752934,"05/13":35.752934,"05/14":35.752934,"05/15":34.69087,"05/16":35.153946,"05/17":35.74772,"05/18":36.579647,"05/19":36.088432,"05/20":36.088432,"05/21":36.088432,"05/22":35.434635,"05/23":35.31937,"05/24":35.844154,"05/25":35.844154,"05/26":34.003426,"05/27":34.003426,"05/28":34.003426,"05/29":33.05847,"05/30":32.853622,"05/31":33.394604,"06/01":33.770363,"06/02":33.139843,"06/03":33.139843,"06/04":33.139843,"06/05":32.62825,"06/06":32.512764,"06/07":31.66332,"06/08":32.397465,"06/09":32.69666,"06/10":32.69666,"06/11":32.69666,"06/12":32.442074,"06/13":31.582518,"06/14":31.254227,"06/15":31.784704,"06/16":30.783594,"06/17":30.783594,"06/18":30.783594,"06/19":31.406582,"06/20":30.99908,"06/21":30.989378,"06/22":31.566618,"06/23":32.23663,"06/24":32.23663,"06/25":32.23663,"06/26":32.039223,"06/27":31.169067,"06/28":30.25754,"06/29":30.25754,"06/30":28.807558,"07/01":28.807558,"07/02":28.807558,"07/03":27.958517,"07/04":27.98166,"07/05":27.940004,"07/06":26.98827,"07/07":26.98827,"07/08":26.98827,"07/09":26.98827,"07/10":26.98827,"07/11":27.337927,"07/12":27.654943,"07/13":27.7852,"07/14":26.954092,"07/15":26.954092,"07/16":26.954092,"07/17":26.088774,"07/18":25.939535,"07/19":25.232964,"07/20":24.389776,"07/21":25.654392,"07/22":25.654392,"07/23":25.654392,"07/24":25.865616,"07/25":25.609774,"07/26":24.989622,"07/27":25.2895,"07/28":24.82425,"07/29":24.82425,"07/30":24.82425,"07/31":24.11812,"08/01":24.459791,"08/02":25.678946,"08/03":26.480946,"08/04":25.711313,"08/05":25.711313,"08/06":25.711313,"08/07":25.131088,"08/08":25.228523,"08/09":24.829763,"08/10":25.24626,"08/11":25.961954,"08/12":25.961954,"08/13":25.961954,"08/14":26.121363,"08/15":26.121363,"08/16":26.121363,"08/17":26.238365,"08/18":26.527311,"08/19":19.187157,"08/20":19.187157,"08/21":19.13856,"08/22":19.134542,"08/23":19.117168,"08/24":18.918007,"08/25":18.996662,"08/26":19.114508,"08/27":19.114508,"08/28":19.082886,"08/29":18.962597,"08/30":19.603874,"08/31":19.633938,"09/01":18.467049,"09/02":18.917946,"09/03":18.917946,"09/04":18.878082,"09/05":18.862505,"09/06":18.633575,"09/07":18.610989,"09/08":18.616304,"09/09":18.405394,"09/10":18.405394,"09/11":18.377817,"09/12":18.350536,"09/13":18.22013,"09/14":18.205124,"09/15":18.191631,"09/16":18.383339,"09/17":18.383339,"09/18":18.388266,"09/19":18.268751,"09/20":17.906996,"09/21":18.207684,"09/22":18.345291,"09/23":19.147488,"09/24":19.147488,"09/25":19.150452,"09/26":20.06222,"09/27":20.004402,"09/28":20.415714,"09/29":20.375017,"09/30":19.48799,"10/01":19.48799,"10/02":19.48799,"10/03":20.122532,"10/04":18.992525,"10/05":18.977533,"10/06":18.814545,"10/07":18.902536,"10/08":18.902536,"10/09":18.941442,"10/10":19.227709,"10/11":20.141361,"10/12":19.595959,"10/13":19.974258,"10/14":19.589294,"10/15":19.589294,"10/16":19.591476,"10/17":19.268532,"10/18":18.598475,"10/19":18.580425,"10/20":18.439941,"10/21":18.660622,"10/22":18.660622,"10/23":18.745205,"10/24":18.745205,"10/25":18.442081,"10/26":18.543587,"10/27":18.04442,"10/28":17.889307,"10/29":17.889307,"10/30":17.840054,"10/31":17.153214,"11/01":16.648905,"11/02":16.865465,"11/03":16.976765,"11/04":16.797499,"11/05":16.797499,"11/06":16.744316,"11/07":16.611084,"11/08":16.590714,"11/09":16.776628,"11/10":17.184443,"11/11":16.534103,"11/12":16.534103,"11/13":16.509405,"11/14":16.447144,"11/15":16.09931,"11/16":16.249325,"11/17":16.39226,"11/18":16.649302,"11/19":16.649302,"11/20":16.656282,"11/21":17.056406,"11/22":16.795755,"11/23":16.800238,"11/24":16.055666,"11/25":15.961128,"11/26":15.961128,"11/27":15.961128,"11/28":15.867512,"11/29":15.751143,"11/30":15.171959,"12/01":14.933511,"12/02":15.244347,"12/03":15.244347,"12/04":15.230275,"12/05":15.129374,"12/06":15.277676,"12/07":15.5390415,"12/08":15.433878,"12/09":15.606345,"12/10":15.606345,"12/11":15.616409,"12/12":15.656772,"12/13":15.362045,"12/14":15.210076,"12/15":15.99392,"12/16":16.566792,"12/17":16.566792,"12/18":16.566002,"12/19":15.981247,"12/20":16.082201,"12/21":16.561365,"12/22":16.79234,"12/23":18.074635,"12/24":18.074635,"12/25":18.074635,"12/26":17.431484,"12/27":17.119965,"12/28":17.234646,"12/29":16.976017,"12/30":17.38742,"12/31":17.38742},"2022":{"08/19":11.847,"08/20":11.847,"08/21":12.635002,"08/22":12.705002,"08/23":13.017998,"08/24":12.258563,"08/25":11.334657,"08/26":11.570349,"08/27":11.570349,"08/28":12.055642,"08/29":12.121119,"08/30":13.45398,"08/31":12.924696,"09/01":11.726623,"09/02":12.628418,"09/03":12.628418,"09/04":13.393721,"09/05":13.631926,"09/06":13.38263,"09/07":14.251395,"09/08":15.187851,"09/09":14.766029,"09/10":14.766029,"09/11":15.786456,"09/12":14.706813,"09/13":14.922627,"09/14":15.278514,"09/15":15.619514,"09/16":16.00293,"09/17":16.00293,"09/18":15.7742605,"09/19":15.535232,"09/20":13.806059,"09/21":13.361385,"09/22":13.4823265,"09/23":15.086721,"09/24":15.086721,"09/25":15.003559,"09/26":16.808823,"09/27":17.39409,"09/28":16.997864,"09/29":16.916471,"09/30":15.142417,"10/01":15.142417,"10/02":15.142417,"10/03":17.18466,"10/04":13.903931,"10/05":14.252475,"10/06":14.531218,"10/07":14.707203,"10/08":14.707203,"10/09":13.759324,"10/10":15.643846,"10/11":18.36519,"10/12":17.31008,"10/13":17.805792,"10/14":17.035866,"10/15":17.035866,"10/16":16.937885,"10/17":16.932766,"10/18":14.790105,"10/19":14.484487,"10/20":13.620123,"10/21":14.061481,"10/22":14.061481,"10/23":12.323914,"10/24":12.323914,"10/25":10.7976265,"10/26":9.461005,"10/27":9.854974,"10/28":9.544747,"10/29":9.544747,"10/30":10.222884,"10/31":8.618563,"11/01":7.0459223,"11/02":8.81743,"11/03":9.826697,"11/04":9.468167,"11/05":9.468167,"11/06":10.317912,"11/07":10.132867,"11/08":10.490171,"11/09":10.871577,"11/10":12.103755,