{"0":{"01/01":23.751093,"01/02":23.728828,"01/03":23.759748,"01/04":23.475916,"01/05":23.475916,"01/06":23.475916,"01/07":23.475916,"01/08":23.808,"01/09":23.977808,"01/10":23.882309,"01/11":23.936865,"01/12":23.936865,"01/13":23.936865,"01/14":23.936865,"01/15":23.596691,"01/16":23.516567,"01/17":24.944754,"01/18":25.42819,"01/19":25.523542,"01/20":25.523542,"01/21":25.523542,"01/22":25.523542,"01/23":25.653463,"01/24":25.348206,"01/25":27.356686,"01/26":27.356686,"01/27":27.356686,"01/28":27.356686,"01/29":26.733664,"01/30":27.678394,"01/31":26.107718,"02/01":25.811758,"02/02":25.0659,"02/03":25.0659,"02/04":25.0659,"02/05":25.172092,"02/06":24.227804,"02/07":24.779829,"02/08":25.767038,"02/09":25.513363,"02/10":25.513363,"02/11":25.513363,"02/12":26.179676,"02/13":25.179682,"02/14":25.172092,"02/15":24.64418,"02/16":24.491316,"02/17":24.491316,"02/18":24.491316,"02/19":24.491316,"02/20":23.251017,"02/21":24.185448,"02/22":23.181133,"02/23":23.411934,"02/24":23.411934,"02/25":23.411934,"02/26":23.88479,"02/27":24.044878,"02/28":24.874197,"02/29":24.153069,"03/01":23.453764,"03/02":23.453764,"03/03":23.453764,"03/04":23.154194,"03/05":23.4907,"03/06":23.122349,"03/07":23.265749,"03/08":23.265749,"03/09":23.265749,"03/10":23.265749,"03/11":24.062277,"03/12":24.169262,"03/13":25.20119,"03/14":24.801212,"03/15":25.689173,"03/16":25.689173,"03/17":25.689173,"03/18":25.689173,"03/19":27.093964,"03/20":26.983185,"03/21":25.800253,"03/22":25.303814,"03/23":25.303814,"03/24":25.303814,"03/25":25.303814,"03/26":25.859074,"03/27":25.900015,"03/28":24.759712,"03/29":24.759712,"03/30":24.759712,"03/31":24.755949,"04/01":24.755949,"04/02":23.470997,"04/03":23.282928,"04/04":23.144394,"04/05":22.174862,"04/06":22.174862,"04/07":22.174862,"04/08":21.502365,"04/09":21.502365,"04/10":20.900938,"04/11":20.900938,"04/12":22.354729,"04/13":22.354729,"04/14":22.354729,"04/15":23.80676,"04/16":24.190426,"04/17":24.190426,"04/18":25.338055,"04/19":24.367537,"04/20":24.367537,"04/21":24.367537,"04/22":23.929424,"04/23":23.480848,"04/24":23.132145,"04/25":22.207424,"04/26":21.801142,"04/27":21.801142,"04/28":21.801142,"04/29":20.68297,"04/30":20.261044,"05/01":20.261044,"05/02":19.657938,"05/03":20.012787,"05/04":20.012787,"05/05":20.012787,"05/06":20.292583,"05/07":20.779486,"05/08":20.4564,"05/09":22.113426,"05/10":21.597818,"05/11":21.597818,"05/12":21.597818,"05/13":21.257286,"05/14":20.547863,"05/15":20.45289,"05/16":19.422531,"05/17":18.687696,"05/18":18.687696,"05/19":18.687696,"05/20":18.687696,"05/21":18.730942,"05/22":18.443628,"05/23":18.443628,"05/24":17.179384,"05/25":17.179384,"05/26":17.179384,"05/27":17.199343,"05/28":17.070824,"05/29":17.974216,"05/30":18.574059,"05/31":18.561563,"06/01":18.561563,"06/02":18.561563,"06/03":15.084155,"06/04":20.79952,"06/05":17.118435,"06/06":15.782483,"06/07":13.800238,"06/08":13.800238,"06/09":13.800238,"06/10":13.792917,"06/11":13.754238,"06/12":13.620641,"06/13":13.25901,"06/14":12.842054,"06/15":12.842054,"06/16":12.842054,"06/17":12.842054,"06/18":12.38327,"06/19":11.888754,"06/20":11.553121,"06/21":12.057837,"06/22":12.057837,"06/23":12.057837,"06/24":11.320469,"06/25":10.715336,"06/26":10.723257,"06/27":10.062929,"06/28":9.773156,"06/29":9.773156,"06/30":9.773156,"07/01":8.730276,"07/02":8.952216,"07/03":7.6517873,"07/04":6.986787,"07/05":7.0394998,"07/06":7.0394998,"07/07":7.0394998,"07/08":6.533947,"07/09":5.976889,"07/10":6.371979,"07/11":6.078564,"07/12":5.533442,"07/13":5.533442,"07/14":5.533442,"07/15":5.0170493,"07/16":5.0170493,"07/17":5.0170493,"07/18":4.416674,"07/19":4.874741,"07/20":4.874741,"07/21":4.874741,"07/22":4.364751,"07/23":4.4316473,"07/24":4.4448605,"07/25":4.4448605,"07/26":3.1125124,"07/27":3.1125124,"07/28":3.1125124,"07/29":2.916266,"07/30":2.9838824,"07/31":2.6849985,"08/01":2.916266,"08/02":3.6597376,"08/03":3.6597376,"08/04":3.6597376,"08/05":6.026802,"08/06":6.2633576,"08/07":4.783341,"08/08":4.9876623,"08/09":4.201412,"08/10":4.201412,"08/11":4.201412,"08/12":4.097176,"08/13":5.2840104,"08/14":5.003691,"08/15":5.003691,"08/16":3.1107929,"08/17":3.1107929,"08/18":3.1107929,"08/19":3.2741773,"08/20":2.5370564,"08/21":2.4073133,"08/22":2.2036266,"08/23":2.6441453,"08/24":2.6441453,"08/25":2.6441453,"08/26":2.078938,"08/27":1.8271257,"08/28":1.7944765,"08/29":1.4658508,"08/30":1.1467772,"08/31":1.1467772,"09/01":1.1467772,"09/02":0.32730737,"09/03":0.1042832,"09/04":0.31755665,"09/05":0.31755665,"09/06":1.2882509,"09/07":1.2882509,"09/08":1.2882509,"09/09":1.3147655,"09/10":1.019709,"09/11":1.3636978,"09/12":0.41028842,"09/13":0.57991946,"09/14":0.57991946,"09/15":0.57991946,"09/16":0.45915902,"09/17":0.33625367,"09/18":0.33625367,"09/19":-0.15883167,"09/20":-1.3966285,"09/21":-1.3966285,"09/22":-1.3966285,"09/23":-1.9594836,"09/24":-1.7603705,"09/25":-2.0664792,"09/26":-2.7776892,"09/27":-2.3699152,"09/28":-2.3699152,"09/29":-2.3699152,"09/30":-1.4876239,"10/01":-1.8538045,"10/02":-1.8538045,"10/03":-0.35004663,"10/04":0.5921759,"10/05":0.5921759,"10/06":0.5921759,"10/07":1.8614657,"10/08":1.0840294,"10/09":0.927496,"10/10":0.15852663,"10/11":0.4037744,"10/12":0.4037744,"10/13":0.4037744,"10/14":0.0,"10/15":0.0,"10/16":0.0,"10/17":0.0,"10/18":0.0,"10/19":0.0,"10/20":0.0,"10/21":0.0,"10/22":0.0,"10/23":0.0,"10/24":0.0,"10/25":0.0,"10/26":0.0,"10/27":0.0,"10/28":0.0,"10/29":0.0,"10/30":0.0,"10/31":0.0,"11/01":0.0,"11/02":0.0,"11/03":0.0,"11/04":0.0,"11/05":0.0,"11/06":0.0,"11/07":0.0,"11/08":0.0,"11/09":0.0,"11/10":0.0,"11/11":0.0,"11/12":0.0,"11/13":0.0,"11/14":0.0,"11/15":0.0,"11/16":0.0,"11/17":0.0,"11/18":0.0,"11/19":0.0,"11/20":0.0,"11/21":0.0,"11/22":0.0,"11/23":0.0,"11/24":0.0,"11/25":0.0,"11/26":0.0,"11/27":0.0,"11/28":0.0,"11/29":0.0,"11/30":0.0,"12/01":0.0,"12/02":0.0,"12/03":0.0,"12/04":0.0,"12/05":0.0,"12/06":0.0,"12/07":0.0,"12/08":0.0,"12/09":0.0,"12/10":0.0,"12/11":0.0,"12/12":0.0,"12/13":0.0,"12/14":0.0,"12/15":0.0,"12/16":0.0,"12/17":0.0,"12/18":0.0,"12/19":0.0,"12/20":0.0,"12/21":0.0,"12/22":0.0,"12/23":0.0,"12/24":0.0,"12/25":0.0,"12/26":11.917,"12/27":11.917,"12/28":11.917,"12/29":11.908953,"12/30":11.908953,"12/31":11.908953},"2023":{"12/26":23.834,"12/27":23.834,"12/28":23.834,"12/29":23.817905,"12/30":23.817905,"12/31":23.817905},"2024":{"01/01":23.751093,"01/02":23.728828,"01/03":23.759748,"01/04":23.475916,"01/05":23.475916,"01/06":23.475916,"01/07":23.475916,"01/08":23.808,"01/09":23.977808,"01/10":23.882309,"01/11":23.936865,"01/12":23.936865,"01/13":23.936865,"01/14":23.936865,"01/15":23.596691,"01/16":23.516567,"01/17":24.944754,"01/18":25.42819,"01/19":25.523542,"01/20":25.523542,"01/21":25.523542,"01/22":25.523542,"01/23":25.653463,"01/24":25.348206,"01/25":27.356686,"01/26":27.356686,"01/27":27.356686,"01/28":27.356686,"01/29":26.733664,"01/30":27.678394,"01/31":26.107718,"02/01":25.811758,"02/02":25.0659,"02/03":25.0659,"02/04":25.0659,"02/05":25.172092,"02/06":24.227804,"02/07":24.779829,"02/08":25.767038,"02/09":25.513363,"02/10":25.513363,"02/11":25.513363,"02/12":26.179676,"02/13":25.179682,"02/14":25.172092,"02/15":24.64418,"02/16":24.491316,"02/17":24.491316,"02/18":24.491316,"02/19":24.491316,"02/20":23.251017,"02/21":24.185448,"02/22":23.181133,"02/23":23.411934,"02/24":23.411934,"02/25":23.411934,"02/26":23.88479,"02/27":24.044878,"02/28":24.874197,"02/29":24.153069,"03/01":23.453764,"03/02":23.453764,"03/03":23.453764,"03/04":23.154194,"03/05":23.4907,"03/06":23.122349,"03/07":23.265749,"03/08":23.265749,"03/09":23.265749,"03/10":23.265749,"03/11":24.062277,"03/12":24.169262,"03/13":25.20119,"03/14":24.801212,"03/15":25.689173,"03/16":25.689173,"03/17":25.689173,"03/18":25.689173,"03/19":27.093964,"03/20":26.983185,"03/21":25.800253,"03/22":25.303814,"03/23":25.303814,"03/24":25.303814,"03/25":25.303814,"03/26":25.859074,"03/27":25.900015,"03/28":24.759712,"03/29":24.759712,"03/30":24.759712,"03/31":24.755949,"04/01":24.755949,"04/02":23.470997,"04/03":23.282928,"04/04":23.144394,"04/05":22.174862,"04/06":22.174862,"04/07":22.174862,