{"0":{"10/13":0.71700096,"10/14":0.71700096,"10/15":0.71700096,"10/16":0.71700096,"10/17":0.70088613,"10/18":0.70088613,"10/19":0.70088613,"10/20":0.67270243,"10/21":0.67270243,"10/22":0.67270243,"10/23":0.6294496,"10/24":0.6133724,"10/25":0.6133724,"10/26":0.6133724,"10/27":0.5711761,"10/28":0.5711761,"10/29":0.5571186,"10/30":0.54406047,"10/31":0.5310153,"11/01":0.5310153,"11/02":0.5310153,"11/03":0.49992344,"11/04":0.48688972,"11/05":0.48688972,"11/06":0.4648367,"11/07":0.45181206,"11/08":0.45181206,"11/09":0.45181206,"11/10":0.41174647,"11/11":0.3987356,"11/12":0.38673005,"11/13":0.37372568,"11/14":0.37372568,"11/15":0.37372568,"11/16":0.37372568,"11/17":0.3217323,"11/18":0.30974516,"11/19":0.29676074,"11/20":0.28377965,"11/21":0.27079242,"11/22":0.27079242,"11/23":0.27079242,"11/24":0.23088057,"11/25":0.21691799,"11/26":0.20395757,"11/27":0.1910005,"11/28":0.17804678,"11/29":0.17804678,"11/30":0.17804678,"12/01":0.13720226,"12/02":0.12525916,"12/03":0.11232244,"12/04":0.11232244,"12/05":0.087454975,"12/06":0.087454975,"12/07":0.087454975,"12/08":0.050665073,"12/09":0.038742606,"12/10":0.025818754,"12/11":0.01290771,"12/12":0.0,"12/13":0.0,"12/14":0.0,"12/15":0.0,"12/16":0.0,"12/17":0.0,"12/18":0.0,"12/19":0.0,"12/20":0.0,"12/21":0.0,"12/22":0.0,"12/23":0.0,"12/24":0.0,"12/25":0.0,"12/26":0.0,"12/27":0.0,"12/28":0.0,"12/29":0.0,"12/30":0.0,"12/31":0.0},"2025":{"10/13":0.71700096,"10/14":0.71700096,"10/15":0.71700096,"10/16":0.71700096,"10/17":0.70088613,"10/18":0.70088613,"10/19":0.70088613,"10/20":0.67270243,"10/21":0.67270243,"10/22":0.67270243,"10/23":0.6294496,"10/24":0.6133724,"10/25":0.6133724,"10/26":0.6133724,"10/27":0.5711761,"10/28":0.5711761,"10/29":0.5571186,"10/30":0.54406047,"10/31":0.5310153,"11/01":0.5310153,"11/02":0.5310153,"11/03":0.49992344,"11/04":0.48688972,"11/05":0.48688972,"11/06":0.4648367,"11/07":0.45181206,"11/08":0.45181206,"11/09":0.45181206,"11/10":0.41174647,"11/11":0.3987356,"11/12":0.38673005,"11/13":0.37372568,"11/14":0.37372568,"11/15":0.37372568,"11/16":0.37372568,"11/17":0.3217323,"11/18":0.30974516,"11/19":0.29676074,"11/20":0.28377965,"11/21":0.27079242,"11/22":0.27079242,"11/23":0.27079242,"11/24":0.23088057,"11/25":0.21691799,"11/26":0.20395757,"11/27":0.1910005,"11/28":0.17804678,"11/29":0.17804678,"11/30":0.17804678,"12/01":0.13720226,"12/02":0.12525916,"12/03":0.11232244,"12/04":0.11232244,"12/05":0.087454975,"12/06":0.087454975,"12/07":0.087454975,"12/08":0.050665073,"12/09":0.038742606,"12/10":0.025818754,"12/11":0.01290771,"12/12":0.0,"12/13":0.0,"12/14":0.0,"12/15":0.0,"12/16":0.0,"12/17":0.0,"12/18":0.0,"12/19":0.0,"12/20":0.0,"12/21":0.0,"12/22":0.0,"12/23":0.0,"12/24":0.0,"12/25":0.0,"12/26":0.0,"12/27":0.0,"12/28":0.0,"12/29":0.0,"12/30":0.0,"12/31":0.0}}