{"0":{"01/01":-1.0270762,"01/02":-1.1825507,"01/03":-1.1825507,"01/04":-1.1825507,"01/05":-1.1565127,"01/06":-1.1362505,"01/07":-1.1921953,"01/08":-0.8730549,"01/09":-0.7253657,"01/10":-0.7253657,"01/11":-0.7253657,"01/12":-0.7204933,"01/13":-0.6835032,"01/14":-0.6835032,"01/15":-0.6835032,"01/16":-0.7195188,"01/17":-0.7195188,"01/18":-0.7195188,"01/19":-0.6698664,"01/20":-0.4149468,"01/21":-0.34340984,"01/22":-0.50006837,"01/23":-0.2029908,"01/24":-0.2029908,"01/25":-0.2029908,"01/26":-0.2029908,"01/27":-0.47855678,"01/28":-0.886636,"01/29":-0.886636,"01/30":-1.0135336,"01/31":-1.0135336,"02/01":-1.0135336,"02/02":-0.73898727,"02/03":-1.2981161,"02/04":-1.2923456,"02/05":-1.1960471,"02/06":-1.1188802,"02/07":-1.1188802,"02/08":-1.1188802,"02/09":-1.4546613,"02/10":-1.5284381,"02/11":-1.6747053,"02/12":-1.2586634,"02/13":-0.30122456,"02/14":-0.30122456,"02/15":-0.30122456,"02/16":-0.84782565,"02/17":-1.0241798,"02/18":-1.3010057,"02/19":-1.3010057,"02/20":-0.68057734,"02/21":-0.68057734,"02/22":-0.68057734,"02/23":-1.0918413,"02/24":-0.4198399,"02/25":-0.7545436,"02/26":-0.93511087,"02/27":-0.09370888,"02/28":-0.09370888,"03/01":-0.09370888,"03/02":0.71900904,"03/03":0.71900904,"03/04":1.9077901,"03/05":1.1202502,"03/06":1.7337651,"03/07":1.7337651,"03/08":1.7337651,"03/09":2.8829758,"03/10":2.273113,"03/11":3.2816668,"03/12":3.6919434,"03/13":5.102689,"03/14":5.102689,"03/15":5.102689,"03/16":4.857848,"03/17":4.2974124,"03/18":3.7939675,"03/19":3.7939675,"03/20":5.1114163,"03/21":5.1114163,"03/22":5.1114163,"03/23":6.756754,"03/24":4.945854,"03/25":3.2648146,"03/26":3.2648146,"03/27":4.9534674,"03/28":4.9534674,"03/29":4.9534674,"03/30":4.9534674,"03/31":6.921302,"04/01":6.921302,"04/02":5.615632,"04/03":5.615632,"04/04":5.615632,"04/05":5.615632,"04/06":4.6195464,"04/07":4.227642,"04/08":1.587847,"04/09":2.0741792,"04/10":0.6369453,"04/11":0.6369453,"04/12":0.6369453,"04/13":1.263823,"04/14":1.263823,"04/15":0.0,"04/16":0.0,"04/17":0.0,"04/18":0.0,"04/19":0.0,"04/20":0.0,"04/21":0.0,"04/22":0.0,"04/23":0.0,"04/24":0.0,"04/25":0.0,"04/26":0.0,"04/27":0.0,"04/28":0.0,"04/29":0.0,"04/30":0.0,"05/01":0.0,"05/02":0.0,"05/03":0.0,"05/04":0.0,"05/05":0.0,"05/06":0.0,"05/07":0.0,"05/08":0.0,"05/09":0.0,"05/10":0.0,"05/11":0.0,"05/12":0.0,"05/13":0.0,"05/14":0.0,"05/15":0.0,"05/16":0.0,"05/17":0.0,"05/18":0.0,"05/19":0.0,"05/20":0.0,"05/21":0.0,"05/22":0.0,"05/23":0.0,"05/24":0.0,"05/25":0.0,"05/26":0.0,"05/27":0.0,"05/28":0.0,"05/29":0.0,"05/30":0.0,"05/31":0.0,"06/01":0.0,"06/02":0.0,"06/03":0.0,"06/04":0.0,"06/05":0.0,"06/06":0.0,"06/07":0.0,"06/08":0.0,"06/09":0.0,"06/10":0.0,"06/11":0.0,"06/12":0.0,"06/13":0.0,"06/14":0.0,"06/15":0.0,"06/16":0.0,"06/17":0.0,"06/18":0.0,"06/19":0.0,"06/20":0.0,"06/21":0.0,"06/22":0.0,"06/23":0.0,"06/24":0.0,"06/25":0.0,"06/26":0.0,"06/27":0.0,"06/28":0.0,"06/29":0.0,"06/30":0.0,"07/01":0.0,"07/02":0.0,"07/03":0.0,"07/04":0.0,"07/05":0.0,"07/06":0.0,"07/07":0.0,"07/08":0.0,"07/09":0.0,"07/10":0.0,"07/11":0.0,"07/12":0.0,"07/13":0.0,"07/14":0.0,"07/15":0.0,"07/16":0.0,"07/17":0.0,"07/18":0.0,"07/19":0.0,"07/20":0.0,"07/21":0.0,"07/22":0.0,"07/23":0.0,"07/24":0.0,"07/25":0.0,"07/26":0.0,"07/27":0.0,"07/28":0.0,"07/29":0.0,"07/30":0.0,"07/31":0.0,"08/01":0.0,"08/02":0.0,"08/03":0.0,"08/04":0.0,"08/05":0.0,"08/06":0.0,"08/07":0.0,"08/08":0.0,"08/09":0.0,"08/10":0.0,"08/11":0.0,"08/12":0.0,"08/13":0.0,"08/14":0.0,"08/15":0.0,"08/16":0.0,"08/17":0.0,"08/18":0.0,"08/19":0.0,"08/20":0.0,"08/21":0.0,"08/22":0.0,"08/23":0.0,"08/24":0.0,"08/25":0.0,"08/26":0.0,"08/27":0.0,"08/28":0.0,"08/29":0.0,"08/30":0.0,"08/31":0.0,"09/01":0.0,"09/02":0.0,"09/03":0.0,"09/04":0.0,"09/05":0.0,"09/06":0.0,"09/07":0.0,"09/08":0.0,"09/09":0.0,"09/10":0.0,"09/11":0.0,"09/12":0.0,"09/13":0.0,"09/14":0.0,"09/15":0.0,"09/16":0.0,"09/17":0.0,"09/18":0.0,"09/19":0.0,"09/20":0.0,"09/21":0.0,"09/22":0.0,"09/23":0.0,"09/24":0.0,"09/25":0.0,"09/26":0.0,"09/27":0.0,"09/28":0.0,"09/29":0.0,"09/30":0.0,"10/01":0.63899994,"10/02":0.63899994,"10/03":0.63899994,"10/04":0.63899994,"10/05":0.63899994,"10/06":0.6379858,"10/07":0.63039076,"10/08":0.6238115,"10/09":0.6202691,"10/10":0.6136925,"10/11":0.6136925,"10/12":0.6136925,"10/13":0.6025649,"10/14":0.5964991,"10/15":0.5894225,"10/16":0.58487296,"10/17":0.5777997,"10/18":0.5777997,"10/19":0.5777997,"10/20":0.5606306,"10/21":0.5606306,"10/22":0.5606306,"10/23":0.5404472,"10/24":0.53389126,"10/25":0.53389126,"10/26":0.53389126,"10/27":0.51321983,"10/28":0.5061666,"10/29":0.49911526,"10/30":0.49257007,"10/31":0.48602656,"11/01":0.48602656,"11/02":0.48602656,"11/03":0.46590266,"11/04":0.4613753,"11/05":0.4613753,"11/06":0.45283118,"11/07":0.44880944,"11/08":0.44880944,"11/09":0.44880944,"11/10":0.42921326,"11/11":0.24807097,"11/12":0.2087111,"11/13":0.19029722,"11/14":0.19029722,"11/15":0.19029722,"11/16":0.19029722,"11/17":0.15351467,"11/18":0.2415907,"11/19":0.08951692,"11/20":0.072677694,"11/21":0.15500218,"11/22":0.15500218,"11/23":0.15500218,"11/24":0.15997224,"11/25":0.16842219,"11/26":0.016295685,"11/27":-0.014807613,"11/28":-0.02368515,"11/29":-0.02368515,"11/30":-0.02368515,"12/01":-0.043404855,"12/02":-0.08230958,"12/03":-0.06409991,"12/04":-0.06409991,"12/05":-0.18641102,"12/06":-0.18641102,"12/07":-0.18641102,"12/08":-0.11427463,"12/09":-0.10346006,"12/10":-0.06458831,"12/11":-0.13490634,"12/12":-0.20600255,"12/13":-0.20600255,"12/14":-0.20600255,"12/15":-0.21139055,"12/16":-0.15110366,"12/17":-0.16483973,"12/18":-0.09805336,"12/19":-0.24074261,"12/20":-0.24074261,"12/21":-0.24074261,"12/22":-0.4573789,"12/23":-0.44186106,"12/24":-0.41760308,"12/25":-0.41760308,"12/26":-0.32519,"12/27":-0.32519,"12/28":-0.32519,"12/29":-0.2861744,"12/30":-0.32323813,"12/31":-0.32323813},"2025":{"10/01":1.2779999,"10/02":1.2779999,"10/03":1.2779999,"10/04":1.2779999,"10/05":1.2779999,"10/06":1.2759717,"10/07":1.2607815,"10/08":1.247623,"10/09":1.2405382,"10/10":1.227385,"10/11":1.227385,"10/12":1.227385,"10/13":1.2051297,"10/14":1.1929982,"10/15":1.178845,"10/16":1.1697459,"10/17":1.1555994,"10/18":1.1555994,"10/19":1.1555994,"10/20":1.1212612,"10/21":1.1212612,"10/22":1.1212612,"10/23":1.0808944,"10/24":1.0677825,"10/25":1.0677825,"10/26":1.0677825,"10/27":1.0264397,"10/28":1.0123332,"10/29":0.9982305,"10/30":0.98514014,"10/31":0.9720531,"11/01":0.9720531,"11/02":0.9720531,"11/03":0.9318053,"11/04":0.9227506,"11/05":0.9227506,"11/06":0.90566236,"11/07":0.8976189,"11/08":0.8976189,"11/09":0.8976189,"11/10":0.8584265,"11/11":0.49614194,"11/12":0.4174222,"11/13":0.38059443,"11/14":0.38059443,"11/15":0.38059443,"11/16":0.38059443,"11/17":0.30702934,"11/18":0.4831814,"11/19":0.17903385,"11/20":0.14535539,"11/21":0.31000435,"11/22":0.31000435,"11/23":0.31000435,"11/24":0.31994447,"11/25":0.33684438,"11/26":0.03259137,"11/27":-0.029615225,"11/28":-0.0473703,"11/29":-0.0473703,"11/30":-0.0473703,"12/01":-0.08680971,"12/02":-0.16461916,"12/03":-0.12819982,"12/04":-0.12819982,"12/05":-0.37282205,"12/06":-0.37282205,"12/07":-0.37282205,"12/08":-0.22854926,"12/09":-0.20692012,"12/10":-0.12917662,"12/11":-0.26981267,"12/12":-0.4120051,"12/13":-0.4120051,"12/14":-0.4120051,"12/15":-0.4227811,"12/16":-0.30220732,"12/17":-0.32967946,"12/18":-0.19610672,"12/19":-0.48148522,"12/20":-0.48148522,"12/21":-0.48148522,"12/22":-0.9147578,"12/23":-0.8837221,"12/24":-0.83520615,"12/25":-0.83520615,"12/26":-0.65038,"12/27":-0.65038,"12/28":-0.65038,"12/29":-0.5723488,"12/30":-0.64647627,"12/31":-0.64647627},"2026":{"01/01":-1.0270762,"01/02":-1.1825507,"01/03":-1.1825507,"01/04":-1.1825507,"01/05":-1.1565127,"01/06":-1.1362505,"01/07":-1.1921953,"01/08":-0.8730549,"01/09":-0.7253657,"01/10":-0.7253657,"01/11":-0.7253657,"01/12":-0.7204933,"01/13":-0.6835032,"01/14":-0.6835032,"01/15":-0.6835032,"01/16":-0.7195188,"01/17":-0.7195188,"01/18":-0.7195188,"01/19":-0.6698664,"01/20":-0.4149468,"01/21":-0.34340984,"01/22":-0.50006837,"01/23":-0.2029908,"01/24":-0.2029908,"01/25":-0.2029908,"01/26":-0.2029908,"01/27":-0.47855678,"01/28":-0.886636,