{"0":{"01/01":8.854623,"01/02":8.864203,"01/03":8.876496,"01/04":8.858016,"01/05":8.858016,"01/06":8.920938,"01/07":9.040791,"01/08":8.9710245,"01/09":8.974623,"01/10":8.905897,"01/11":8.927639,"01/12":8.927639,"01/13":8.729978,"01/14":8.764916,"01/15":8.639599,"01/16":8.863417,"01/17":8.814475,"01/18":8.825315,"01/19":8.841591,"01/20":8.8635235,"01/21":9.02103,"01/22":9.101786,"01/23":9.008874,"01/24":8.978874,"01/25":9.002767,"01/26":9.002767,"01/27":9.2249775,"01/28":9.303689,"01/29":9.2007,"01/30":9.15034,"01/31":9.13946,"02/01":8.97363,"02/02":8.803984,"02/03":8.881326,"02/04":8.805969,"02/05":8.939796,"02/06":8.870118,"02/07":8.741873,"02/08":8.608324,"02/09":8.620163,"02/10":8.713263,"02/11":8.794489,"02/12":8.710339,"02/13":8.89896,"02/14":8.993018,"02/15":8.799754,"02/16":8.795437,"02/17":8.86577,"02/18":8.86577,"02/19":8.86577,"02/20":8.789497,"02/21":8.671194,"02/22":8.638971,"02/23":8.626091,"02/24":8.749615,"02/25":8.694276,"02/26":8.651331,"02/27":8.363875,"02/28":8.205206,"02/29":8.16782,"03/01":8.099523,"03/02":8.099523,"03/03":8.166606,"03/04":8.083433,"03/05":7.982614,"03/06":8.045573,"03/07":7.980977,"03/08":7.980977,"03/09":7.980977,"03/10":7.977033,"03/11":7.844288,"03/12":7.8839016,"03/13":7.9201655,"03/14":7.9137936,"03/15":7.758128,"03/16":7.758128,"03/17":7.825836,"03/18":7.8896227,"03/19":8.330884,"03/20":8.477109,"03/21":8.450692,"03/22":8.417715,"03/23":8.417715,"03/24":8.523666,"03/25":8.609024,"03/26":8.586332,"03/27":8.848918,"03/28":8.927908,"03/29":8.927908,"03/30":8.927908,"03/31":8.930309,"04/01":8.930309,"04/02":9.51157,"04/03":9.539736,"04/04":9.671078,"04/05":9.644273,"04/06":9.644273,"04/07":9.613956,"04/08":9.588974,"04/09":9.785591,"04/10":9.728699,"04/11":9.859706,"04/12":9.950001,"04/13":9.950001,"04/14":9.950001,"04/15":9.885494,"04/16":10.071924,"04/17":10.286243,"04/18":10.266825,"04/19":10.45487,"04/20":10.45487,"04/21":10.689117,"04/22":10.536361,"04/23":10.458517,"04/24":10.541345,"04/25":10.430572,"04/26":10.489969,"04/27":10.489969,"04/28":10.569192,"04/29":10.468422,"04/30":10.395081,"05/01":10.395081,"05/02":10.356304,"05/03":10.314313,"05/04":10.314313,"05/05":10.438207,"05/06":10.324495,"05/07":10.31272,"05/08":9.877251,"05/09":9.875117,"05/10":9.861196,"05/11":9.861196,"05/12":9.861196,"05/13":9.754297,"05/14":9.722264,"05/15":9.633744,"05/16":9.536855,"05/17":9.526213,"05/18":9.526213,"05/19":9.526213,"05/20":9.526213,"05/21":9.432703,"05/22":9.417841,"05/23":9.417841,"05/24":9.383879,"05/25":9.383879,"05/26":9.383879,"05/27":9.284259,"05/28":9.260967,"05/29":9.293782,"05/30":9.221816,"05/31":9.193268,"06/01":9.193268,"06/02":9.193268,"06/03":9.054964,"06/04":9.360544,"06/05":9.309672,"06/06":9.265197,"06/07":9.242972,"06/08":9.242972,"06/09":9.242972,"06/10":9.12671,"06/11":9.10876,"06/12":9.056009,"06/13":8.993837,"06/14":8.880199,"06/15":8.880199,"06/16":8.880199,"06/17":8.880199,"06/18":8.794085,"06/19":8.712291,"06/20":8.624345,"06/21":8.628526,"06/22":8.628526,"06/23":8.628526,"06/24":8.549072,"06/25":8.556386,"06/26":8.573109,"06/27":8.585649,"06/28":8.542806,"06/29":8.542806,"06/30":8.542806,"07/01":8.514612,"07/02":8.484342,"07/03":8.491647,"07/04":8.389473,"07/05":8.351986,"07/06":8.351986,"07/07":8.351986,"07/08":8.331174,"07/09":8.266704,"07/10":8.228262,"07/11":8.171175,"07/12":8.091352,"07/13":8.091352,"07/14":8.091352,"07/15":8.002337,"07/16":8.002337,"07/17":8.002337,"07/18":7.937222,"07/19":7.893856,"07/20":7.893856,"07/21":7.893856,"07/22":7.842274,"07/23":7.8092933,"07/24":7.7969213,"07/25":7.7969213,"07/26":7.570747,"07/27":7.570747,"07/28":7.570747,"07/29":7.5461264,"07/30":7.517421,"07/31":7.532798,"08/01":7.4406095,"08/02":7.4058247,"08/03":7.4058247,"08/04":7.4058247,"08/05":7.2444606,"08/06":7.2709866,"08/07":7.2301865,"08/08":7.2271338,"08/09":7.2250924,"08/10":7.2250924,"08/11":7.2250924,"08/12":7.1466594,"08/13":7.1568336,"08/14":7.1273265,"08/15":7.1273265,"08/16":7.100871,"08/17":7.100871,"08/18":7.100871,"08/19":7.051062,"08/20":6.9992757,"08/21":6.9363704,"08/22":6.94753,"08/23":6.869502,"08/24":6.869502,"08/25":6.869502,"08/26":6.809788,"08/27":6.773386,"08/28":6.710756,"08/29":6.661308,"08/30":6.6250076,"08/31":6.6250076,"09/01":6.6250076,"09/02":6.6149344,"09/03":6.5202823,"09/04":6.4921217,"09/05":6.4921217,"09/06":6.495143,"09/07":6.495143,"09/08":6.495143,"09/09":6.41877,"09/10":6.383639,"09/11":6.370597,"09/12":6.311449,"09/13":6.083465,"09/14":6.083465,"09/15":6.083465,"09/16":5.996726,"09/17":5.978803,"09/18":5.978803,"09/19":5.773078,"09/20":5.749273,"09/21":5.749273,"09/22":5.749273,"09/23":5.5612245,"09/24":5.454628,"09/25":5.4428005,"09/26":5.29711,"09/27":5.312844,"09/28":5.312844,"09/29":5.312844,"09/30":5.2636995,"10/01":5.265667,"10/02":5.265667,"10/03":5.257807,"10/04":5.3275967,"10/05":5.3275967,"10/06":5.3275967,"10/07":5.285318,"10/08":5.265667,"10/09":5.075412,"10/10":5.0118294,"10/11":4.986408,"10/12":4.986408,"10/13":4.986408,"10/14":4.9112153,"10/15":4.852702,"10/16":4.8829226,"10/17":4.73294,"10/18":4.766015,"10/19":4.766015,"10/20":4.766015,"10/21":4.7446184,"10/22":4.771862,"10/23":4.75629,"10/24":4.7203,"10/25":4.702806,"10/26":4.702806,"10/27":4.702806,"10/28":4.701833,"10/29":4.6687984,"10/30":4.6687984,"10/31":4.509739,"11/01":4.509739,"11/02":4.509739,"11/03":4.509739,"11/04":4.501022,"11/05":4.4961834,"11/06":4.458444,"11/07":4.44683,"11/08":4.36468,"11/09":4.36468,"11/10":4.36468,"11/11":4.3473043,"11/12":4.296169,"11/13":4.2720585,"11/14":4.2691717,"11/15":4.2691717,"11/16":4.2691717,"11/17":4.2691717,"11/18":4.205588,"11/19":4.179601,"11/20":4.179601,"11/21":4.196921,"11/22":4.299057,"11/23":4.299057,"11/24":4.299057,"11/25":4.190183,"11/26":4.244109,"11/27":4.3627553,"11/28":4.328002,"11/29":4.125742,"11/30":4.125742,"12/01":4.125742,"12/02":3.9022431,"12/03":3.8754497,"12/04":3.747414,"12/05":3.6968646,"12/06":3.8907611,"12/07":3.8907611,"12/08":3.8907611,"12/09":3.799926,"12/10":3.747414,"12/11":3.6730306,"12/12":3.668269,"12/13":3.6644523,"12/14":3.6644523,"12/15":3.6644523,"12/16":3.6644523,"12/17":3.5759263,"12/18":3.5892441,"12/19":3.8199906,"12/20":3.7493255,"12/21":3.7493255,"12/22":3.7493255,"12/23":3.5692687,"12/24":3.5787747,"12/25":3.5787747,"12/26":6.234251,"12/27":6.235878,"12/28":6.2282553,"12/29":6.22608,"12/30":6.226744,"12/31":6.2265463},"2023":{"12/26":8.8449955,"12/27":8.912001,"12/28":8.896755,"12/29":8.892405,"12/30":8.919398,"12/31":8.911398},"2024":{"01/01":8.854623,"01/02":8.864203,"01/03":8.876496,"01/04":8.858016,"01/05":8.858016,"01/06":8.920938,"01/07":9.040791,"01/08":8.9710245,"01/09":8.974623,"01/10":8.905897,"01/11":8.927639,"01/12":8.927639,"01/13":8.729978,"01/14":8.764916,"01/15":8.639599,"01/16":8.863417,"01/17":8.814475,"01/18":8.825315,"01/19":8.841591,"01/20":8.8635235,"01/21":9.02103,"01/22":9.101786,"01/23":9.008874,"01/24":8.978874,"01/25":9.002767,"01/26":9.002767,"01/27":9.2249775,"01/28":9.303689,"01/29":9.2007,"01/30":9.15034,"01/31":9.13946,"02/01":8.97363,"02/02":8.803984,"02/03":8.881326,"02/04":8.805969,"02/05":8.939796,"02/06":8.870118,"02/07":8.741873,"02/08":8.608324,"02/09":8.620163,"02/10":8.713263,"02/11":8.794489,"02/12":8.710339,"02/13":8.89896,"02/14":8.993018,"02/15":8.799754,"02/16":8.795437,"02/17":8.86577,"02/18":8.86577,"02/19":8.86577,"02/20":8.789497,"02/21":8.671194,"02/22":8.638971,"02/23":8.626091,"02/24":8.749615,"02/25":8.694276,"02/26":8.651331,"02/27":8.363875,"02/28":8.205206,"02/29":8.16782,"03/01":8.099523,"03/02":8.099523,"03/03":8.166606,"03/04":8.083433,"03/05":7.982614,"03/06":8.045573,"03/07":7.980977,"03/08":7.980977,"03/09":7.980977,"03/10":7.977033,"03/11":7.844288,"03/12":7.8839016,"03/13":7.9201655,"03/14":7.9137936,"03/15":7.758128,"03/16":7.758128,"03/17":7.825836,"03/18":7.8896227,"03/19":8.330884,"03/20":8.477109,"03/21":8.450692,"03/22":8.417715,"03/23":8.417715,"03/24":8.523666,"03/25":8.609024,"03/26":8.586332,"03/27":8.848918,"03/28":8.927908,"03/29":8.927908,"03/30":8.927908,"03/31":8.930309,"04/01":8.930309,"04/02":9.51157,