{"0":{"01/01":9.714194,"01/02":9.38957,"01/03":9.25783,"01/04":9.470432,"01/05":9.45221,"01/06":9.43186,"01/07":9.43186,"01/08":9.543436,"01/09":9.583669,"01/10":9.616214,"01/11":9.687078,"01/12":9.67099,"01/13":9.653832,"01/14":9.653832,"01/15":10.2794895,"01/16":10.072504,"01/17":9.735819,"01/18":9.483066,"01/19":9.874201,"01/20":9.854893,"01/21":9.854893,"01/22":9.854893,"01/23":9.342182,"01/24":9.829708,"01/25":9.872085,"01/26":9.872085,"01/27":9.834578,"01/28":9.834578,"01/29":10.595361,"01/30":10.324527,"01/31":10.584133,"02/01":11.233355,"02/02":11.503866,"02/03":11.483231,"02/04":11.483231,"02/05":11.51636,"02/06":11.750327,"02/07":11.937119,"02/08":11.805576,"02/09":11.473528,"02/10":11.456172,"02/11":11.456172,"02/12":11.317041,"02/13":11.360362,"02/14":11.516735,"02/15":12.040592,"02/16":12.145622,"02/17":12.126013,"02/18":12.126013,"02/19":12.126013,"02/20":12.340238,"02/21":12.199455,"02/22":12.411896,"02/23":12.34783,"02/24":12.3303795,"02/25":12.3303795,"02/26":12.401237,"02/27":12.34236,"02/28":11.997201,"03/01":12.635411,"03/02":12.61684,"03/03":12.598275,"03/04":12.76696,"03/05":12.807678,"03/06":12.793709,"03/07":12.902227,"03/08":12.861764,"03/09":12.841001,"03/10":12.818057,"03/11":12.844197,"03/12":12.7386675,"03/13":11.992647,"03/14":12.093241,"03/15":11.751217,"03/16":11.737169,"03/17":11.716647,"03/18":11.716647,"03/19":11.350231,"03/20":11.453915,"03/21":12.024233,"03/22":12.112141,"03/23":12.054765,"03/24":12.02881,"03/25":12.02881,"03/26":12.032667,"03/27":11.974291,"03/28":11.978619,"03/29":12.002394,"03/30":12.002394,"03/31":11.892247,"04/01":11.892247,"04/02":11.892247,"04/03":11.778014,"04/04":11.778014,"04/05":11.725287,"04/06":11.709155,"04/07":11.709155,"04/08":11.709155,"04/09":11.709155,"04/10":11.608181,"04/11":11.583498,"04/12":11.563122,"04/13":11.536311,"04/14":11.536311,"04/15":11.536311,"04/16":11.536311,"04/17":11.457052,"04/18":11.43565,"04/19":11.417459,"04/20":11.399283,"04/21":11.381104,"04/22":11.381104,"04/23":11.381104,"04/24":11.325543,"04/25":11.306331,"04/26":11.2903185,"04/27":11.270049,"04/28":11.251912,"04/29":11.251912,"04/30":11.251912,"05/01":11.251912,"05/02":11.174122,"05/03":11.153885,"05/04":11.132599,"05/05":11.132599,"05/06":11.132599,"05/07":11.132599,"05/08":11.050719,"05/09":11.028409,"05/10":11.007171,"05/11":10.987004,"05/12":10.965773,"05/13":10.965773,"05/14":10.965773,"05/15":10.905339,"05/16":10.8852,"05/17":10.859784,"05/18":10.8322525,"05/19":10.80792,"05/20":10.80792,"05/21":10.80792,"05/22":10.744474,"05/23":10.715951,"05/24":10.698005,"05/25":10.698005,"05/26":10.660006,"05/27":10.660006,"05/28":10.660006,"05/29":10.598839,"05/30":10.585141,"05/31":10.564073,"06/01":10.543002,"06/02":10.519852,"06/03":10.519852,"06/04":10.519852,"06/05":10.4577875,"06/06":10.435715,"06/07":10.416807,"06/08":10.396844,"06/09":10.380052,"06/10":10.380052,"06/11":10.380052,"06/12":10.323385,"06/13":10.303466,"06/14":10.286693,"06/15":10.265738,"06/16":10.243742,"06/17":10.243742,"06/18":10.243742,"06/19":10.185129,"06/20":10.16526,"06/21":10.151669,"06/22":10.209198,"06/23":10.158988,"06/24":10.158988,"06/25":10.158988,"06/26":10.084799,"06/27":10.052435,"06/28":10.04931,"06/29":10.04931,"06/30":10.398948,"07/01":10.398948,"07/02":10.398948,"07/03":10.346463,"07/04":10.362204,"07/05":10.247927,"07/06":10.52195,"07/07":10.52195,"07/08":10.52195,"07/09":10.52195,"07/10":10.52195,"07/11":10.036782,"07/12":10.131802,"07/13":9.758929,"07/14":9.792161,"07/15":9.792161,"07/16":9.792161,"07/17":9.646944,"07/18":9.360744,"07/19":9.323658,"07/20":9.197144,"07/21":9.416416,"07/22":9.416416,"07/23":9.416416,"07/24":9.323658,"07/25":9.506239,"07/26":9.217694,"07/27":9.4917755,"07/28":9.801503,"07/29":9.801503,"07/30":9.801503,"07/31":9.683212,"08/01":9.637618,"08/02":9.794231,"08/03":10.201872,"08/04":10.0273905,"08/05":10.0273905,"08/06":10.0273905,"08/07":9.803583,"08/08":9.591027,"08/09":9.459758,"08/10":9.471122,"08/11":9.749595,"08/12":9.749595,"08/13":9.749595,"08/14":9.681136,"08/15":9.681136,"08/16":9.681136,"08/17":10.008622,"08/18":9.752703,"08/19":7.748852,"08/20":7.748852,"08/21":7.7458415,"08/22":7.7449536,"08/23":7.7408676,"08/24":7.753113,"08/25":7.750001,"08/26":7.742589,"08/27":7.742589,"08/28":7.73801,"08/29":7.7133327,"08/30":7.7064915,"08/31":7.706264,"09/01":7.690489,"09/02":7.684118,"09/03":7.684118,"09/04":7.6842995,"09/05":7.6587524,"09/06":7.6484575,"09/07":7.636524,"09/08":7.631443,"09/09":7.6239934,"09/10":7.6239934,"09/11":7.6240954,"09/12":7.602724,"09/13":7.595672,"09/14":7.5861855,"09/15":7.582789,"09/16":7.576931,"09/17":7.576931,"09/18":7.576022,"09/19":7.554184,"09/20":7.5505238,"09/21":7.5463896,"09/22":7.5413694,"09/23":7.5333977,"09/24":7.5333977,"09/25":7.534151,"09/26":7.510249,"09/27":7.506098,"09/28":7.5154414,"09/29":7.510692,"09/30":7.4953995,"10/01":7.4953995,"10/02":7.4953995,"10/03":7.4574394,"10/04":7.436001,"10/05":7.4324694,"10/06":7.4263735,"10/07":7.4216595,"10/08":7.4216595,"10/09":7.427086,"10/10":7.400899,"10/11":7.3871384,"10/12":7.3861866,"10/13":7.3803954,"10/14":7.373049,"10/15":7.373049,"10/16":7.373602,"10/17":7.3465075,"10/18":7.340021,"10/19":7.3336525,"10/20":7.3272448,"10/21":7.318368,"10/22":7.318368,"10/23":7.3250027,"10/24":7.3250027,"10/25":7.2912474,"10/26":7.3009214,"10/27":7.2758336,"10/28":7.2664843,"10/29":7.2664843,"10/30":7.2655087,"10/31":7.2371864,"11/01":7.232851,"11/02":7.2123203,"11/03":7.198572,"11/04":7.1886578,"11/05":7.1886578,"11/06":7.1844716,"11/07":7.156419,"11/08":7.1541486,"11/09":7.133754,"11/10":7.1267858,"11/11":7.1173577,"11/12":7.1173577,"11/13":7.1139603,"11/14":7.0861154,"11/15":7.0743723,"11/16":7.064745,"11/17":7.0553293,"11/18":7.0463343,"11/19":7.0463343,"11/20":7.0462427,"11/21":7.0188274,"11/22":7.0103226,"11/23":7.010358,"11/24":6.9932456,"11/25":6.9842978,"11/26":6.9842978,"11/27":6.9842978,"11/28":6.956152,"11/29":6.945469,"11/30":6.935493,"12/01":6.9260554,"12/02":6.9170756,"12/03":6.9170756,"12/04":6.921956,"12/05":6.8993206,"12/06":6.892831,"12/07":6.8842716,"12/08":6.8751736,"12/09":6.8655715,"12/10":6.8655715,"12/11":6.8670645,"12/12":6.836279,"12/13":6.8347206,"12/14":6.8381634,"12/15":6.8396792,"12/16":6.832128,"12/17":6.832128,"12/18":6.8362136,"12/19":6.8114324,"12/20":6.7860327,"12/21":6.777057,"12/22":6.7686586,"12/23":6.7579193,"12/24":6.7579193,"12/25":6.7579193,"12/26":6.734635,"12/27":6.7272196,"12/28":6.721257,"12/29":6.7138786,"12/30":6.700961,"12/31":6.700961},"2022":{"08/19":5.745001,"08/20":5.745001,"08/21":5.9109974,"08/22":5.9630013,"08/23":6.225996,"08/24":6.1732955,"08/25":5.8924127,"08/26":5.8775887,"08/27":5.8775887,"08/28":6.1595707,"08/29":6.2038345,"08/30":6.1860356,"08/31":6.2020283,"09/01":6.32031,"09/02":6.3075676,"09/03":6.3075676,"09/04":6.293582,"09/05":6.289628,"09/06":6.329428,"09/07":6.6848307,"09/08":6.6472316,"09/09":6.632332,"09/10":6.632332,"09/11":6.621358,"09/12":6.5338583,"09/13":6.649847,"09/14":7.096832,"09/15":6.7690525,"09/16":6.757336,"09/17":6.757336,"09/18":6.885956,"09/19":6.84228,"09/20":6.824865,"09/21":6.798404,"09/22":6.6770983,"09/23":6.6611547,"09/24":6.6611547,"09/25":6.573477,"09/26":6.5885267,"09/27":6.632872,"09/28":5.957917,"09/29":5.9484186,"09/30":5.917833,"10/01":5.917833,"10/02":5.917833,"10/03":6.0741158,"10/04":5.9004264,"10/05":6.1679077,"10/06":5.379558,"10/07":5.370129,"10/08":5.370129,"10/09":5.1087337,"10/10":5.319322,"10/11":5.6941366,"10/12":5.719905,"10/13":5.6755266,"10/14":5.660834,"10/15":5.660834,"10/16":5.627069,"10/17":5.730651,"10/18":5.561952,"10/19":5.430082,"10/20":5.30817,"10/21":5.2904162,"10/22":5.2904162,"10/23":4.9719825,"10/24":4.9719825,"10/25":4.9987106,"10/26":4.59322,"10/27":4.862236,"10/28":4.843537,"10/29":4.843537,"10/30":4.886147,"10/31":4.964005,"11/01":4.7254496,"11/02":5.2583146,"11/03":5.4572816,"11/04":5.4374537,"11/05":5.4374537,"11/06":5.7115974,"11/07":5.8007717,"11/08":5.991686,"11/09":6.100305,"11/10":5.9965754,"11/11":5.9777193,"11/12":5.9777193,"11/13":6.3583064,"11/14":6.302616,