{"0":{"12/26":0.1720047,"12/27":0.1720047,"12/28":0.15798265,"12/29":0.15398115,"12/30":0.15398115,"12/31":0.15398115},"2023":{"12/26":0.1720047,"12/27":0.1720047,"12/28":0.15798265,"12/29":0.15398115,"12/30":0.15398115,"12/31":0.15398115}}