{"0":{"01/01":9.714194,"01/02":9.38957,"01/03":9.25783,"01/04":9.470432,"01/05":9.45221,"01/06":9.43186,"01/07":9.43186,"01/08":9.543436,"01/09":9.583669,"01/10":9.616214,"01/11":9.687078,"01/12":9.67099,"01/13":9.653832,"01/14":9.653832,"01/15":10.2794895,"01/16":10.072504,"01/17":9.735819,"01/18":9.483066,"01/19":9.874201,"01/20":9.854893,"01/21":9.854893,"01/22":9.854893,"01/23":9.342182,"01/24":9.829708,"01/25":9.872085,"01/26":9.872085,"01/27":9.834578,"01/28":9.834578,"01/29":10.595361,"01/30":10.324527,"01/31":10.584133,"02/01":11.233355,"02/02":11.503866,"02/03":11.483231,"02/04":11.483231,"02/05":11.51636,"02/06":11.750327,"02/07":11.937119,"02/08":11.805576,"02/09":11.473528,"02/10":11.456172,"02/11":11.456172,"02/12":11.317041,"02/13":11.360362,"02/14":11.516735,"02/15":12.040592,"02/16":12.145622,"02/17":12.126013,"02/18":12.126013,"02/19":12.126013,"02/20":12.340238,"02/21":12.199455,"02/22":12.411896,"02/23":12.34783,"02/24":12.3303795,"02/25":12.3303795,"02/26":12.401237,"02/27":12.34236,"02/28":11.997201,"03/01":12.635411,"03/02":12.61684,"03/03":12.598275,"03/04":12.76696,"03/05":12.807678,"03/06":12.793709,"03/07":12.902227,"03/08":12.861764,"03/09":12.841001,"03/10":12.818057,"03/11":12.844197,"03/12":12.7386675,"03/13":11.992647,"03/14":12.093241,"03/15":11.751217,"03/16":11.737169,"03/17":11.716647,"03/18":11.716647,"03/19":11.350231,"03/20":11.453915,"03/21":12.024233,"03/22":12.112141,"03/23":12.054765,"03/24":12.02881,"03/25":12.02881,"03/26":12.032667,"03/27":12.220321,"03/28":12.72638,"03/29":12.750316,"03/30":12.750316,"03/31":12.684743,"04/01":12.684743,"04/02":12.596044,"04/03":12.581265,"04/04":12.703573,"04/05":12.570511,"04/06":12.5542555,"04/07":12.5542555,"04/08":12.6572485,"04/09":12.6572485,"04/10":12.555417,"04/11":12.530524,"04/12":12.5099745,"04/13":12.482938,"04/14":12.482938,"04/15":12.482938,"04/16":12.482938,"04/17":12.403005,"04/18":12.381422,"04/19":12.363076,"04/20":12.344748,"04/21":12.326414,"04/22":12.326414,"04/23":12.326414,"04/24":12.270382,"04/25":12.251005,"04/26":12.234858,"04/27":12.214416,"04/28":12.196125,"04/29":12.196125,"04/30":12.196125,"05/01":12.196125,"05/02":12.117674,"05/03":12.097265,"05/04":12.075799,"05/05":12.075799,"05/06":12.075799,"05/07":12.075799,"05/08":11.993223,"05/09":11.970725,"05/10":11.9493065,"05/11":11.928968,"05/12":11.907557,"05/13":11.907557,"05/14":11.907557,"05/15":11.84661,"05/16":11.8263,"05/17":11.80067,"05/18":11.7729025,"05/19":11.748364,"05/20":11.748364,"05/21":11.748364,"05/22":11.68438,"05/23":11.655615,"05/24":11.637516,"05/25":11.637516,"05/26":11.599195,"05/27":11.599195,"05/28":11.599195,"05/29":11.537509,"05/30":11.523694,"05/31":11.502447,"06/01":11.481197,"06/02":11.457851,"06/03":11.457851,"06/04":11.457851,"06/05":11.39526,"06/06":11.373,"06/07":11.353932,"06/08":11.333799,"06/09":11.316865,"06/10":11.316865,"06/11":11.316865,"06/12":11.259717,"06/13":11.239629,"06/14":11.2227125,"06/15":11.20158,"06/16":11.179398,"06/17":11.179398,"06/18":11.179398,"06/19":11.120288,"06/20":11.100249,"06/21":11.086544,"06/22":11.14456,"06/23":11.0939245,"06/24":11.0939245,"06/25":11.0939245,"06/26":11.019107,"06/27":10.986467,"06/28":10.983315,"06/29":10.983315,"06/30":11.33592,"07/01":11.33592,"07/02":11.33592,"07/03":11.28299,"07/04":11.298865,"07/05":11.183618,"07/06":11.459967,"07/07":11.459967,"07/08":11.459967,"07/09":11.459967,"07/10":11.459967,"07/11":10.970682,"07/12":11.066507,"07/13":10.690471,"07/14":10.723985,"07/15":10.723985,"07/16":10.723985,"07/17":10.577535,"07/18":10.288906,"07/19":10.251504,"07/20":10.123917,"07/21":10.345051,"07/22":10.345051,"07/23":10.345051,"07/24":10.251504,"07/25":10.435635,"07/26":10.144642,"07/27":10.421049,"07/28":10.733405,"07/29":10.733405,"07/30":10.733405,"07/31":10.614111,"08/01":10.5681305,"08/02":10.726073,"08/03":11.137174,"08/04":10.96121,"08/05":10.96121,"08/06":10.96121,"08/07":10.735504,"08/08":10.521144,"08/09":10.388761,"08/10":10.40022,"08/11":10.681058,"08/12":10.681058,"08/13":10.681058,"08/14":10.612018,"08/15":10.612018,"08/16":10.612018,"08/17":10.942283,"08/18":10.684191,"08/19":8.214596,"08/20":8.214596,"08/21":8.2108555,"08/22":8.20974,"08/23":8.204502,"08/24":8.217075,"08/25":8.21513,"08/26":8.207718,"08/27":8.207718,"08/28":8.201903,"08/29":8.176828,"08/30":8.170005,"08/31":8.169708,"09/01":8.153296,"09/02":8.146925,"09/03":8.146925,"09/04":8.147168,"09/05":8.121421,"09/06":8.110869,"09/07":8.097326,"09/08":8.092362,"09/09":8.084912,"09/10":8.084912,"09/11":8.085062,"09/12":8.063881,"09/13":8.056276,"09/14":8.044813,"09/15":8.042778,"09/16":8.03692,"09/17":8.03692,"09/18":8.035458,"09/19":8.013619,"09/20":8.010002,"09/21":8.005945,"09/22":8.001397,"09/23":7.9934254,"09/24":7.9934254,"09/25":7.994558,"09/26":7.9703884,"09/27":7.966014,"09/28":7.9783006,"09/29":7.9735513,"09/30":7.9582586,"10/01":7.9582586,"10/02":7.9582586,"10/03":7.9193134,"10/04":7.89843,"10/05":7.8937335,"10/06":7.890932,"10/07":7.886217,"10/08":7.886217,"10/09":7.8927994,"10/10":7.8654966,"10/11":7.850029,"10/12":7.8489594,"10/13":7.8433075,"10/14":7.8359613,"10/15":7.8359613,"10/16":7.8366623,"10/17":7.808898,"10/18":7.803072,"10/19":7.797209,"10/20":7.7912645,"10/21":7.7823877,"10/22":7.7823877,"10/23":7.79043,"10/24":7.79043,"10/25":7.756274,"10/26":7.7677517,"10/27":7.741309,"10/28":7.7319593,"10/29":7.7319593,"10/30":7.730795,"10/31":7.7019024,"11/01":7.6985426,"11/02":7.675576,"11/03":7.6608667,"11/04":7.6509523,"11/05":7.6509523,"11/06":7.645568,"11/07":7.616898,"11/08":7.6137986,"11/09":7.5927696,"11/10":7.586183,"11/11":7.576755,"11/12":7.576755,"11/13":7.5717134,"11/14":7.5438685,"11/15":7.5294228,"11/16":7.5192413,"11/17":7.50898,"11/18":7.4999847,"11/19":7.4999847,"11/20":7.500634,"11/21":7.473454,"11/22":7.464563,"11/23":7.4648585,"11/24":7.4484305,"11/25":7.4394827,"11/26":7.4394827,"11/27":7.4394827,"11/28":7.4108334,"11/29":7.3989944,"11/30":7.388789,"12/01":7.3782444,"12/02":7.3692646,"12/03":7.3692646,"12/04":7.3710933,"12/05":7.3470163,"12/06":7.3397503,"12/07":7.3308992,"12/08":7.3219557,"12/09":7.3123536,"12/10":7.3123536,"12/11":7.3134375,"12/12":7.2833652,"12/13":7.279606,"12/14":7.280798,"12/15":7.2805896,"12/16":7.2730384,"12/17":7.2730384,"12/18":7.2765245,"12/19":7.2514286,"12/20":7.2284837,"12/21":7.219389,"12/22":7.2104115,"12/23":7.1996717,"12/24":7.1996717,"12/25":7.1996717,"12/26":7.1754704,"12/27":7.1678734,"12/28":7.1612773,"12/29":7.1534157,"12/30":7.140498,"12/31":7.140498},"2022":{"08/19":5.745001,"08/20":5.745001,"08/21":5.9109974,"08/22":5.9630013,"08/23":6.225996,"08/24":6.1732955,"08/25":5.8924127,"08/26":5.8775887,"08/27":5.8775887,"08/28":6.1595707,"08/29":6.2038345,"08/30":6.1860356,"08/31":6.2020283,"09/01":6.32031,"09/02":6.3075676,"09/03":6.3075676,"09/04":6.293582,"09/05":6.289628,"09/06":6.329428,"09/07":6.6848307,"09/08":6.6472316,"09/09":6.632332,"09/10":6.632332,"09/11":6.621358,"09/12":6.5338583,"09/13":6.649847,"09/14":7.096832,"09/15":6.7690525,"09/16":6.757336,"09/17":6.757336,"09/18":6.885956,"09/19":6.84228,"09/20":6.824865,"09/21":6.798404,"09/22":6.6770983,"09/23":6.6611547,"09/24":6.6611547,"09/25":6.573477,"09/26":6.5885267,"09/27":6.632872,"09/28":5.957917,"09/29":5.9484186,"09/30":5.917833,"10/01":5.917833,"10/02":5.917833,"10/03":6.0741158,"10/04":5.9004264,"10/05":6.1679077,"10/06":5.379558,"10/07":5.370129,"10/08":5.370129,"10/09":5.1087337,"10/10":5.319322,"10/11":5.6941366,"10/12":5.719905,"10/13":5.6755266,"10/14":5.660834,"10/15":5.660834,"10/16":5.627069,"10/17":5.730651,"10/18":5.561952,"10/19":5.430082,"10/20":5.30817,"10/21":5.2904162,"10/22":5.2904162,"10/23":4.9719825,"10/24":4.9719825,"10/25":4.9987106,"10/26":4.59322,"10/27":4.862236,"10/28":4.843537,"10/29":4.843537,"10/30":4.886147,"10/31":4.964005,"11/01":4.7254496,"11/02":5.2583146,"11/03":5.4572816,"11/04":5.4374537,"11/05":5.4374537,"11/06":5.7115974,"11/07":5.8007717,"11/08":5.991686,"11/09":6.100305,"11/10":5.9965754,"11/11":5.9777193,"11/12":5.9777193,"11/13":6.3583064,