{"0":{"10/01":-6.6149993,"10/02":-6.6149993,"10/03":-6.6149993,"10/04":-6.6149993,"10/05":-6.6149993,"10/06":-6.6215367,"10/07":-6.6271367,"10/08":-6.629007,"10/09":-6.64114,"10/10":-6.6542044,"10/11":-6.6542044,"10/12":-6.6542044,"10/13":-6.687784,"10/14":-6.7008357,"10/15":-6.713884,"10/16":-6.7259955,"10/17":-6.7390366,"10/18":-6.7390366,"10/19":-6.7390366,"10/20":-6.7651076,"10/21":-6.7651076,"10/22":-6.7651076,"10/23":-6.8014007,"10/24":-6.811628,"10/25":-6.811628,"10/26":-6.811628,"10/27":-6.849737,"10/28":-6.8627434,"10/29":-6.8757463,"10/30":-6.8887453,"10/31":-6.872966,"11/01":-6.872966,"11/02":-6.872966,"11/03":-6.371566,"11/04":-6.4569116,"11/05":-6.4569116,"11/06":-6.124969,"11/07":-5.9519577,"11/08":-5.9519577,"11/09":-5.9519577,"11/10":-5.9187956,"11/11":-6.1711864,"11/12":-6.603795,"11/13":-7.1110277,"11/14":-7.1110277,"11/15":-7.1110277,"11/16":-7.1110277,"11/17":-7.2162404,"11/18":-7.5432653,"11/19":-7.183041,"11/20":-7.6758013,"11/21":-8.07568,"11/22":-8.07568,"11/23":-8.07568,"11/24":-7.6475024,"11/25":-7.321208,"11/26":-7.2374325,"11/27":-7.8852654,"11/28":-7.869812,"11/29":-7.869812,"11/30":-7.869812,"12/01":-7.892526,"12/02":-7.5176277,"12/03":-7.207018,"12/04":-7.207018,"12/05":-7.8070555,"12/06":-7.8070555,"12/07":-7.8070555,"12/08":-7.0407553,"12/09":-6.9592476,"12/10":-6.635541,"12/11":-7.119345,"12/12":-7.7040915,"12/13":-7.7040915,"12/14":-7.7040915,"12/15":-7.6328845,"12/16":-7.082372,"12/17":-6.9342146,"12/18":-6.872966,"12/19":-7.409428,"12/20":-7.409428,"12/21":-7.409428,"12/22":-7.9333925,"12/23":-7.9524503,"12/24":-7.8516316,"12/25":-7.8516316,"12/26":-7.5652328,"12/27":-7.5652328,"12/28":-7.5652328,"12/29":-7.3028097,"12/30":-7.377287,"12/31":-7.377287},"2025":{"10/01":-6.6149993,"10/02":-6.6149993,"10/03":-6.6149993,"10/04":-6.6149993,"10/05":-6.6149993,"10/06":-6.6215367,"10/07":-6.6271367,"10/08":-6.629007,"10/09":-6.64114,"10/10":-6.6542044,"10/11":-6.6542044,"10/12":-6.6542044,"10/13":-6.687784,"10/14":-6.7008357,"10/15":-6.713884,"10/16":-6.7259955,"10/17":-6.7390366,"10/18":-6.7390366,"10/19":-6.7390366,"10/20":-6.7651076,"10/21":-6.7651076,"10/22":-6.7651076,"10/23":-6.8014007,"10/24":-6.811628,"10/25":-6.811628,"10/26":-6.811628,"10/27":-6.849737,"10/28":-6.8627434,"10/29":-6.8757463,"10/30":-6.8887453,"10/31":-6.872966,"11/01":-6.872966,"11/02":-6.872966,"11/03":-6.371566,"11/04":-6.4569116,"11/05":-6.4569116,"11/06":-6.124969,"11/07":-5.9519577,"11/08":-5.9519577,"11/09":-5.9519577,"11/10":-5.9187956,"11/11":-6.1711864,"11/12":-6.603795,"11/13":-7.1110277,"11/14":-7.1110277,"11/15":-7.1110277,"11/16":-7.1110277,"11/17":-7.2162404,"11/18":-7.5432653,"11/19":-7.183041,"11/20":-7.6758013,"11/21":-8.07568,"11/22":-8.07568,"11/23":-8.07568,"11/24":-7.6475024,"11/25":-7.321208,"11/26":-7.2374325,"11/27":-7.8852654,"11/28":-7.869812,"11/29":-7.869812,"11/30":-7.869812,"12/01":-7.892526,"12/02":-7.5176277,"12/03":-7.207018,"12/04":-7.207018,"12/05":-7.8070555,"12/06":-7.8070555,"12/07":-7.8070555,"12/08":-7.0407553,"12/09":-6.9592476,"12/10":-6.635541,"12/11":-7.119345,"12/12":-7.7040915,"12/13":-7.7040915,"12/14":-7.7040915,"12/15":-7.6328845,"12/16":-7.082372,"12/17":-6.9342146,"12/18":-6.872966,"12/19":-7.409428,"12/20":-7.409428,"12/21":-7.409428,"12/22":-7.9333925,"12/23":-7.9524503,"12/24":-7.8516316,"12/25":-7.8516316,"12/26":-7.5652328,"12/27":-7.5652328,"12/28":-7.5652328,"12/29":-7.3028097,"12/30":-7.377287,"12/31":-7.377287}}