{"0":{"01/01":9.141687,"01/02":9.132071,"01/03":9.121609,"01/04":9.111677,"01/05":9.111677,"01/06":9.112453,"01/07":9.113008,"01/08":9.074635,"01/09":9.065468,"01/10":9.067971,"01/11":9.058033,"01/12":9.058033,"01/13":9.05527,"01/14":9.054693,"01/15":9.015946,"01/16":9.008934,"01/17":8.999825,"01/18":8.989918,"01/19":8.985514,"01/20":8.986322,"01/21":8.989244,"01/22":8.989573,"01/23":8.950674,"01/24":8.939559,"01/25":8.97205,"01/26":8.97205,"01/27":8.975601,"01/28":8.976857,"01/29":8.898018,"01/30":8.8884,"01/31":8.87884,"02/01":8.868912,"02/02":8.859545,"02/03":8.860987,"02/04":8.857447,"02/05":8.830478,"02/06":8.821797,"02/07":8.810239,"02/08":8.80145,"02/09":8.791564,"02/10":8.793977,"02/11":8.796533,"02/12":8.763695,"02/13":8.753266,"02/14":8.743147,"02/15":8.733829,"02/16":8.72397,"02/17":8.724396,"02/18":8.724396,"02/19":8.724396,"02/20":8.687132,"02/21":8.67754,"02/22":8.668236,"02/23":8.659482,"02/24":8.660621,"02/25":8.660389,"02/26":8.631405,"02/27":8.616261,"02/28":8.606175,"02/29":9.954582,"03/01":8.587137,"03/02":8.587137,"03/03":8.587101,"03/04":8.558838,"03/05":8.55005,"03/06":8.5417385,"03/07":8.532464,"03/08":8.532464,"03/09":8.532464,"03/10":8.532539,"03/11":8.494938,"03/12":8.485174,"03/13":8.477932,"03/14":8.468706,"03/15":8.459477,"03/16":8.459477,"03/17":8.459572,"03/18":8.462812,"03/19":8.4287195,"03/20":8.423504,"03/21":8.413006,"03/22":8.403205,"03/23":8.403205,"03/24":8.407735,"03/25":8.409977,"03/26":8.3788,"03/27":8.375182,"03/28":8.368111,"03/29":8.368111,"03/30":8.368111,"03/31":8.336059,"04/01":8.336059,"04/02":8.334995,"04/03":8.324352,"04/04":8.314331,"04/05":8.304431,"04/06":8.304431,"04/07":8.306112,"04/08":8.274577,"04/09":8.277651,"04/10":8.258427,"04/11":8.264392,"04/12":8.244605,"04/13":8.244605,"04/14":8.244605,"04/15":8.215489,"04/16":8.214508,"04/17":8.224632,"04/18":8.205887,"04/19":8.196523,"04/20":8.196523,"04/21":8.203066,"04/22":8.17494,"04/23":8.165023,"04/24":8.16469,"04/25":8.14908,"04/26":8.139159,"04/27":8.139159,"04/28":8.144281,"04/29":8.11797,"04/30":8.10805,"05/01":8.10805,"05/02":8.088213,"05/03":8.079952,"05/04":8.079952,"05/05":8.082101,"05/06":8.052403,"05/07":8.04371,"05/08":8.018375,"05/09":8.0138,"05/10":8.004477,"05/11":8.004477,"05/12":8.004477,"05/13":7.97489,"05/14":7.9946494,"05/15":7.9918885,"05/16":7.9879513,"05/17":7.9774585,"05/18":7.9774585,"05/19":7.9824123,"05/20":7.9883394,"05/21":7.9641438,"05/22":7.9528456,"05/23":7.961138,"05/24":7.9400587,"05/25":7.9400587,"05/26":7.9432287,"05/27":7.912827,"05/28":7.9070044,"05/29":7.8972807,"05/30":7.8853235,"05/31":7.8753543,"06/01":7.8753543,"06/02":7.878046,"06/03":7.8473864,"06/04":7.8379755,"06/05":7.817315,"06/06":7.820409,"06/07":7.808792,"06/08":7.808792,"06/09":7.8046436,"06/10":7.4251223,"06/11":7.4028344,"06/12":7.38784,"06/13":7.3440533,"06/14":7.3051295,"06/15":7.3051295,"06/16":7.30991,"06/17":7.319993,"06/18":7.278451,"06/19":7.1227818,"06/20":7.112358,"06/21":6.8437953,"06/22":6.8437953,"06/23":6.841709,"06/24":6.814537,"06/25":6.7998705,"06/26":6.7883525,"06/27":6.778262,"06/28":6.767644,"06/29":6.767644,"06/30":6.767644,"07/01":6.7352824,"07/02":6.723619,"07/03":6.7119603,"07/04":6.7008376,"07/05":6.6907735,"07/06":6.6907735,"07/07":6.6907735,"07/08":6.682374,"07/09":6.6760983,"07/10":6.666222,"07/11":6.6555533,"07/12":6.6449304,"07/13":6.6449304,"07/14":6.647364,"07/15":6.61563,"07/16":6.615966,"07/17":6.622777,"07/18":6.559659,"07/19":6.75776,"07/20":6.75776,"07/21":6.7626553,"07/22":6.7299414,"07/23":6.7222624,"07/24":6.7109747,"07/25":6.7054815,"07/26":6.592616,"07/27":6.592616,"07/28":6.5954666,"07/29":6.5637746,"07/30":6.4158764,"07/31":6.6031733,"08/01":6.60034,"08/02":6.451665,"08/03":6.451665,"08/04":6.458785,"08/05":6.3883834,"08/06":6.362753,"08/07":6.3578696,"08/08":6.3485312,"08/09":6.3379803,"08/10":6.3379803,"08/11":6.3332934,"08/12":6.2925525,"08/13":6.277703,"08/14":6.277416,"08/15":6.277416,"08/16":6.256399,"08/17":6.256399,"08/18":6.252051,"08/19":6.209455,"08/20":6.1821356,"08/21":6.2082043,"08/22":6.2223206,"08/23":6.027405,"08/24":6.027405,"08/25":6.026315,"08/26":5.964832,"08/27":5.9544644,"08/28":5.9577546,"08/29":5.9425545,"08/30":5.9321847,"08/31":5.9321847,"09/01":5.9349966,"09/02":5.9029846,"09/03":5.8917027,"09/04":5.886169,"09/05":5.888681,"09/06":5.86847,"09/07":5.86847,"09/08":5.86847,"09/09":5.607477,"09/10":5.5982084,"09/11":5.569606,"09/12":5.5558352,"09/13":5.423929,"09/14":5.423929,"09/15":5.4242806,"09/16":5.3541064,"09/17":5.34535,"09/18":5.345661,"09/19":5.2462287,"09/20":5.22596,"09/21":5.22596,"09/22":5.228973,"09/23":4.889872,"09/24":4.7687726,"09/25":4.96409,"09/26":4.876648,"09/27":4.84458,"09/28":4.84458,"09/29":4.846268,"09/30":4.84423,"10/01":4.8335457,"10/02":4.8335457,"10/03":4.85209,"10/04":4.92287,"10/05":4.92287,"10/06":4.9327865,"10/07":4.9281783,"10/08":4.9278636,"10/09":4.829703,"10/10":4.8190985,"10/11":4.809039,"10/12":4.809039,"10/13":4.81183,"10/14":4.7821116,"10/15":4.774291,"10/16":4.78917,"10/17":4.74244,"10/18":4.759033,"10/19":4.759033,"10/20":4.761378,"10/21":4.758359,"10/22":4.757855,"10/23":4.7488008,"10/24":4.73824,"10/25":4.728684,"10/26":4.728684,"10/27":4.728684,"10/28":4.698543,"10/29":4.6885037,"10/30":4.6885037,"10/31":4.6744533,"11/01":4.6744533,"11/02":4.6744533,"11/03":4.6744533,"11/04":4.6338463,"11/05":4.6233287,"11/06":4.567305,"11/07":4.285935,"11/08":4.191637,"11/09":4.191637,"11/10":4.191637,"11/11":4.16208,"11/12":4.151744,"11/13":4.141904,"11/14":4.132067,"11/15":4.132067,"11/16":4.132067,"11/17":4.132067,"11/18":4.092266,"11/19":4.0927534,"11/20":4.0927534,"11/21":4.0716505,"11/22":4.216785,"11/23":4.216785,"11/24":4.216785,"11/25":4.148792,"11/26":4.346832,"11/27":4.4222813,"11/28":4.4123383,"11/29":4.364682,"11/30":4.364682,"12/01":4.364682,"12/02":4.2118506,"12/03":4.201495,"12/04":4.0799904,"12/05":4.0329146,"12/06":4.1709456,"12/07":4.1709456,"12/08":4.1709456,"12/09":3.9688077,"12/10":3.9590294,"12/11":3.9492593,"12/12":3.939493,"12/13":3.9453516,"12/14":3.9453516,"12/15":3.9453516,"12/16":3.9453516,"12/17":3.890221,"12/18":4.035363,"12/19":4.165038,"12/20":4.0412426,"12/21":4.0412426,"12/22":4.0412426,"12/23":3.907773,"12/24":3.9639182,"12/25":3.9639182,"12/26":6.1164227,"12/27":6.1190352,"12/28":6.1190352,"12/29":6.112759,"12/30":6.113508,"12/31":6.113726},"2023":{"12/26":10.439997,"12/27":10.746002,"12/28":10.746002,"12/29":10.727174,"12/30":10.805161,"12/31":10.82716},"2024":{"01/01":10.798439,"01/02":10.801499,"01/03":10.511482,"01/04":10.491618,"01/05":10.491618,"01/06":10.552552,"01/07":10.594502,"01/08":10.537193,"01/09":10.534406,"01/10":10.638404,"01/11":10.618527,"01/12":10.618527,"01/13":10.408991,"01/14":10.361098,"01/15":10.309899,"01/16":10.478619,"01/17":10.478839,"01/18":10.459025,"01/19":10.450218,"01/20":10.510003,"01/21":10.709307,"01/22":10.730233,"01/23":10.6678705,"01/24":10.568399,"01/25":10.63338,"01/26":10.63338,"01/27":10.855529,"01/28":10.928246,"01/29":10.9250965,"01/30":10.922145,"01/31":10.922182,"02/01":10.902326,"02/02":10.883592,"02/03":10.961126,"02/04":10.765303,"02/05":10.742075,"02/06":10.762107,"02/07":10.612311,"02/08":10.594733,"02/09":10.574963,"02/10":10.7189245,"02/11":10.860907,"02/12":10.591234,"02/13":10.537745,"02/14":10.502139,"02/15":10.483502,"02/16":10.463786,"02/17":10.490568,"02/18":10.490568,"02/19":10.490568,"02/20":10.480315,"02/21":10.476471,"02/22":10.457863,"02/23":10.440355,"02/24":10.509686,"02/25":10.49582,"02/26":10.437852,"02/27":10.05691,"02/28":9.973084,"02/29":9.954582,"03/01":9.935007,"03/02":9.935007,"03/03":9.932046,"03/04":9.875521,"03/05":9.893632,"03/06":9.949298,"03/07":9.927855,"03/08":9.927855,"03/09":9.927855,"03/10":9.933782,"03/11":9.889393,"03/12":9.869866,"03/13":10.001477,"03/14":9.983026,"03/15":9.964569,"03/16":9.964569,"03/17":9.971477,"03/18":10.19155,"03/19":10.385598,"03/20":10.584029,"03/21":10.501409,"03/22":10.481807,"03/23":10.481807,"03/24":10.710487,"03/25":10.815958,"03/26":11.091954,"03/27":11.31749,"03/28":11.402127,