{"0":{"01/01":7.1534324,"01/02":7.077748,"01/03":6.9842153,"01/04":6.9808497,"01/05":6.94605,"01/06":7.013568,"01/07":7.013568,"01/08":7.101358,"01/09":7.015034,"01/10":7.0864472,"01/11":7.033583,"01/12":6.874523,"01/13":6.9060907,"01/14":6.9060907,"01/15":6.9060907,"01/16":6.846133,"01/17":6.831417,"01/18":6.7956967,"01/19":6.823008,"01/20":6.871364,"01/21":6.871364,"01/22":6.871364,"01/23":6.7662964,"01/24":6.6981063,"01/25":6.6991563,"01/26":6.6991563,"01/27":6.755796,"01/28":6.755796,"01/29":6.755796,"01/30":6.8524394,"01/31":6.7746863,"02/01":6.6551423,"02/02":6.4909296,"02/03":6.5013776,"02/04":6.5013776,"02/05":6.5013776,"02/06":6.386599,"02/07":6.334511,"02/08":6.529586,"02/09":6.5525837,"02/10":6.5389853,"02/11":6.5389853,"02/12":6.5389853,"02/13":6.4710946,"02/14":6.599646,"02/15":6.466913,"02/16":6.430392,"02/17":6.6603775,"02/18":6.6603775,"02/19":6.6603775,"02/20":6.526446,"02/21":6.494067,"02/22":6.50346,"02/23":6.497194,"02/24":6.449177,"02/25":6.449177,"02/26":6.449177,"02/27":6.4606524,"02/28":6.441873,"03/01":6.4397836,"03/02":6.449177,"03/03":6.4460425,"03/04":6.4460425,"03/05":6.4460425,"03/06":6.427268,"03/07":6.427268,"03/08":6.410579,"03/09":6.379304,"03/10":6.3074474,"03/11":6.3074474,"03/12":6.3074474,"03/13":6.0592985,"03/14":5.96512,"03/15":5.9868383,"03/16":5.971323,"03/17":5.9485755,"03/18":5.9485755,"03/19":5.9485755,"03/20":5.7422442,"03/21":5.891754,"03/22":5.891754,"03/23":5.812305,"03/24":5.784476,"03/25":5.784476,"03/26":5.784476,"03/27":5.706218,"03/28":5.8184905,"03/29":5.740182,"03/30":5.740182,"03/31":5.507994,"04/01":5.507994,"04/02":5.507994,"04/03":5.576727,"04/04":5.576727,"04/05":5.3912582,"04/06":5.046674,"04/07":5.046674,"04/08":5.046674,"04/09":5.046674,"04/10":4.9634075,"04/11":4.9410906,"04/12":4.9116974,"04/13":4.969494,"04/14":4.969494,"04/15":4.969494,"04/16":4.969494,"04/17":4.9370384,"04/18":4.859015,"04/19":4.807398,"04/20":4.7467446,"04/21":4.599439,"04/22":4.599439,"04/23":4.599439,"04/24":4.3872795,"04/25":4.2940397,"04/26":4.154996,"04/27":4.1420026,"04/28":4.123033,"04/29":4.123033,"04/30":4.123033,"05/01":4.123033,"05/02":4.035254,"05/03":3.8273532,"05/04":3.7569265,"05/05":3.7569265,"05/06":3.7569265,"05/07":3.7569265,"05/08":3.637107,"05/09":3.6638176,"05/10":3.6163404,"05/11":3.627213,"05/12":3.4850123,"05/13":3.4850123,"05/14":3.4850123,"05/15":3.3766398,"05/16":3.2665365,"05/17":3.2272732,"05/18":3.2449353,"05/19":3.2135375,"05/20":3.2135375,"05/21":3.2135375,"05/22":3.0793178,"05/23":3.1772501,"05/24":3.1165073,"05/25":3.1165073,"05/26":3.091058,"05/27":3.091058,"05/28":3.091058,"05/29":3.0793178,"05/30":3.0773582,"05/31":3.0196595,"06/01":2.9171422,"06/02":2.8693705,"06/03":2.8693705,"06/04":2.8693705,"06/05":2.8158033,"06/06":2.7992532,"06/07":2.7885537,"06/08":2.851837,"06/09":2.9854643,"06/10":2.9854643,"06/11":2.9854643,"06/12":2.9054415,"06/13":2.9034886,"06/14":2.891791,"06/15":2.8956869,"06/16":2.9151888,"06/17":2.9151888,"06/18":2.9151888,"06/19":2.8732738,"06/20":2.8294337,"06/21":2.849886,"06/22":2.9444602,"06/23":2.9444602,"06/24":2.9444602,"06/25":2.9444602,"06/26":2.8489106,"06/27":2.8625495,"06/28":2.709809,"06/29":2.709809,"06/30":2.758397,"07/01":2.758397,"07/02":2.758397,"07/03":2.8041258,"07/04":2.7768822,"07/05":2.7632658,"07/06":2.8294337,"07/07":2.8294337,"07/08":2.8294337,"07/09":2.8294337,"07/10":2.8294337,"07/11":2.6962106,"07/12":2.7389545,"07/13":2.6273003,"07/14":2.5875418,"07/15":2.5875418,"07/16":2.5875418,"07/17":2.4617112,"07/18":2.3361797,"07/19":2.31401,"07/20":2.265832,"07/21":2.2696805,"07/22":2.2696805,"07/23":2.2696805,"07/24":2.2032676,"07/25":2.262939,"07/26":2.2494583,"07/27":2.2918403,"07/28":2.4636474,"07/29":2.4636474,"07/30":2.4636474,"07/31":2.3911817,"08/01":2.3053322,"08/02":2.3120794,"08/03":2.3921485,"08/04":2.4539764,"08/05":2.4539764,"08/06":2.4539764,"08/07":2.3651228,"08/08":2.384424,"08/09":2.3371456,"08/10":2.2754583,"08/11":2.3631995,"08/12":2.3631995,"08/13":2.3631995,"08/14":2.3554795,"08/15":2.3554795,"08/16":2.3554795,"08/17":2.5129719,"08/18":2.4143615,"08/19":2.4143615,"08/20":2.4143615,"08/21":2.3130445,"08/22":2.32268,"08/23":2.2311716,"08/24":2.1955717,"08/25":2.174416,"08/26":2.174416,"08/27":2.174416,"08/28":2.0774164,"08/29":2.013163,"08/30":2.0007076,"08/31":1.9805918,"09/01":1.9461244,"09/02":1.9461244,"09/03":1.9461244,"09/04":1.8151788,"09/05":1.8428712,"09/06":1.926988,"09/07":1.8199494,"09/08":1.801816,"09/09":1.801816,"09/10":1.801816,"09/11":1.8189934,"09/12":4.235114,"09/13":4.239008,"09/14":4.2425137,"09/15":4.250632,"09/16":4.2431593,"09/17":4.2431593,"09/18":4.245116,"09/19":4.2242975,"09/20":4.2183375,"09/21":4.2160697,"09/22":4.208133,"09/23":4.2006598,"09/24":4.2006598,"09/25":4.202229,"09/26":4.1826687,"09/27":4.181254,"09/28":4.170586,"09/29":4.202078,"09/30":4.5049863,"10/01":4.5049863,"10/02":4.5049863,"10/03":4.5946913,"10/04":4.555797,"10/05":4.5580544,"10/06":4.541953,"10/07":4.567331,"10/08":4.567331,"10/09":4.5647373,"10/10":4.5656223,"10/11":4.598548,"10/12":4.6000524,"10/13":4.582077,"10/14":4.5680056,"10/15":4.5680056,"10/16":4.5687833,"10/17":4.5167937,"10/18":4.447835,"10/19":4.4634533,"10/20":4.545455,"10/21":4.5297875,"10/22":4.5297875,"10/23":4.53006,"10/24":4.53006,"10/25":4.431985,"10/26":4.433896,"10/27":4.358682,"10/28":4.3662105,"10/29":4.3662105,"10/30":4.367882,"10/31":4.3178973,"11/01":4.2993965,"11/02":4.2865906,"11/03":4.2763906,"11/04":4.2785406,"11/05":4.2785406,"11/06":4.281815,"11/07":4.2413673,"11/08":4.242923,"11/09":4.195656,"11/10":4.159722,"11/11":4.053359,"11/12":4.053359,"11/13":4.054182,"11/14":4.03765,"11/15":4.0045853,"11/16":4.0008497,"11/17":3.9417036,"11/18":3.9592733,"11/19":3.9592733,"11/20":3.9598644,"11/21":3.9694378,"11/22":3.9411862,"11/23":3.9416513,"11/24":3.8815017,"11/25":3.8380196,"11/26":3.8380196,"11/27":3.8380196,"11/28":3.795779,"11/29":3.80858,"11/30":3.7883132,"12/01":3.7608037,"12/02":3.7507663,"12/03":3.7507663,"12/04":3.7521026,"12/05":3.7445838,"12/06":3.7305808,"12/07":3.7882304,"12/08":3.7527366,"12/09":3.7432225,"12/10":3.7432225,"12/11":3.7436986,"12/12":3.7143943,"12/13":3.670208,"12/14":3.5538445,"12/15":3.6035452,"12/16":3.6589499,"12/17":3.6589499,"12/18":3.661503,"12/19":3.6363692,"12/20":3.6077719,"12/21":3.605398,"12/22":3.5997913,"12/23":3.6166935,"12/24":3.6166935,"12/25":3.6166935,"12/26":3.6315193,"12/27":3.5952754,"12/28":3.636834,"12/29":3.5959797,"12/30":3.5854068,"12/31":3.5854068},"2022":{"09/12":6.6349983,"09/13":6.6943274,"09/14":6.821412,"09/15":6.734749,"09/16":6.7198043,"09/17":6.7198043,"09/18":6.802812,"09/19":6.761175,"09/20":6.8092084,"09/21":6.861712,"09/22":6.848684,"09/23":6.8337364,"09/24":6.8337364,"09/25":6.8966885,"09/26":6.885078,"09/27":6.948589,"09/28":6.8277106,"09/29":6.890694,"09/30":7.496511,"10/01":7.496511,"10/02":7.496511,"10/03":7.812392,"10/04":7.790406,"10/05":7.8648353,"10/06":7.332651,"10/07":7.3834066,"10/08":7.3834066,"10/09":7.2827864,"10/10":7.256847,"10/11":7.517294,"10/12":7.553614,"10/13":7.5509534,"10/14":7.522811,"10/15":7.522811,"10/16":7.5509825,"10/17":7.4622087,"10/18":7.3081336,"10/19":7.281369,"10/20":7.4643965,"10/21":7.4330616,"10/22":7.4330616,"10/23":7.4431195,"10/24":7.4431195,"10/25":7.3628416,"10/26":7.432083,"10/27":7.305342,"10/28":7.3203983,"10/29":7.3203983,"10/30":7.3805294,"10/31":7.317446,"11/01":7.326744,"11/02":7.303961,"11/03":7.301507,"11/04":7.3058076,"11/05":7.3058076,"11/06":7.419859,"11/07":7.3681626,"11/08":7.4211454,"11/09":7.3933506,"11/10":7.303634,"11/11":7.0909085,"11/12":7.0909085,"11/13":7.119799,"11/14":7.0867352,"11/15":7.1762652,"11/16":7.185649,"11/17":7.101042,"11/18":7.1361814,"11/19":7.1361814,"11/20":7.1560655,"11/21":7.106908,"11/22":7.0663223,"11/23":7.0822196,"11/24":6.888882,"11/25":6.801918,"11/26":6.801918,"11/27":6.801918,"11/28":6.7932854,"11/29":6.8572326,"11/30":6.794261,"12/01":6.6849604,"12/02":6.664886,"12/03":6.664886,"12/04":6.7134185,"12/05":6.7301764,"12/06":6.67505,"12/07":6.8090525,"12/08":6.771717,"12/09":6.752689,