{"0":{"01/01":6.8728943,"01/02":6.863518,"01/03":6.743897,"01/04":6.690928,"01/05":6.699234,"01/06":6.868732,"01/07":6.868732,"01/08":6.868732,"01/09":6.607945,"01/10":6.4361796,"01/11":6.294839,"01/12":6.224815,"01/13":6.2001305,"01/14":6.2001305,"01/15":6.2001305,"01/16":6.2968926,"01/17":6.3113203,"01/18":6.2330484,"01/19":6.099432,"01/20":6.3329678,"01/21":6.3329678,"01/22":6.3329678,"01/23":6.2783527,"01/24":6.25981,"01/25":6.2783527,"01/26":6.2783527,"01/27":6.529237,"01/28":6.529237,"01/29":6.529237,"01/30":6.6183147,"01/31":6.3845487,"02/01":5.934413,"02/02":5.8842916,"02/03":5.7474656,"02/04":5.7474656,"02/05":5.7474656,"02/06":5.879173,"02/07":5.8056154,"02/08":6.0255685,"02/09":6.0932646,"02/10":6.1949806,"02/11":6.1949806,"02/12":6.1949806,"02/13":6.1949806,"02/14":6.185733,"02/15":6.0163403,"02/16":5.9231515,"02/17":6.1353736,"02/18":6.1353736,"02/19":6.1353736,"02/20":5.944642,"02/21":6.058378,"02/22":6.3041053,"02/23":6.0891633,"02/24":6.1847034,"02/25":6.1847034,"02/26":6.1847034,"02/27":6.280416,"02/28":6.2670183,"03/01":6.1333165,"03/02":6.110721,"03/03":5.9733095,"03/04":5.9733095,"03/05":5.9733095,"03/06":5.943617,"03/07":5.943617,"03/08":6.223784,"03/09":6.140507,"03/10":6.0317183,"03/11":6.0317183,"03/12":6.0317183,"03/13":5.645585,"03/14":5.638461,"03/15":5.5357733,"03/16":5.452556,"03/17":5.407953,"03/18":5.407953,"03/19":5.407953,"03/20":5.211756,"03/21":5.3036966,"03/22":5.3036966,"03/23":5.182489,"03/24":5.0193005,"03/25":5.0193005,"03/26":5.0193005,"03/27":4.8375735,"03/28":4.834563,"03/29":4.661466,"03/30":4.661466,"03/31":4.7674603,"04/01":4.7674603,"04/02":4.7674603,"04/03":4.7124386,"04/04":4.7124386,"04/05":4.3974214,"04/06":4.1426086,"04/07":4.1426086,"04/08":4.1426086,"04/09":4.1426086,"04/10":4.1980247,"04/11":4.276304,"04/12":4.1445894,"04/13":4.1920857,"04/14":4.1920857,"04/15":4.1920857,"04/16":4.1920857,"04/17":4.166355,"04/18":4.072433,"04/19":4.051695,"04/20":3.9629138,"04/21":3.7337651,"04/22":3.7337651,"04/23":3.7337651,"04/24":3.452897,"04/25":3.2512658,"04/26":3.2133594,"04/27":3.1483157,"04/28":3.1298778,"04/29":3.1298778,"04/30":3.1298778,"05/01":3.1298778,"05/02":3.029108,"05/03":2.570389,"05/04":2.4218955,"05/05":2.4218955,"05/06":2.4218955,"05/07":2.4218955,"05/08":2.4209375,"05/09":2.3702662,"05/10":2.36262,"05/11":2.304369,"05/12":2.0919642,"05/13":2.0919642,"05/14":2.0919642,"05/15":2.0017526,"05/16":1.80951,"05/17":1.6773505,"05/18":1.7197878,"05/19":1.7169623,"05/20":1.7169623,"05/21":1.7169623,"05/22":1.5906882,"05/23":1.6716955,"05/24":1.6095138,"05/25":1.6095138,"05/26":1.5793982,"05/27":1.5793982,"05/28":1.5793982,"05/29":1.6283462,"05/30":1.5822159,"05/31":1.5051144,"06/01":1.4450157,"06/02":1.4253117,"06/03":1.4253117,"06/04":1.4253117,"06/05":1.4056153,"06/06":1.336265,"06/07":1.2651455,"06/08":1.3671839,"06/09":1.4572159,"06/10":1.4572159,"06/11":1.4572159,"06/12":1.4224936,"06/13":1.3999904,"06/14":1.4084235,"06/15":1.4384468,"06/16":1.447826,"06/17":1.447826,"06/18":1.447826,"06/19":1.4131191,"06/20":1.4525253,"06/21":1.5032327,"06/22":1.573745,"06/23":1.5793982,"06/24":1.5793982,"06/25":1.5793982,"06/26":1.5022919,"06/27":1.4722397,"06/28":1.4393864,"06/29":1.4393864,"06/30":1.6048089,"07/01":1.6048089,"07/02":1.6048089,"07/03":1.5709276,"07/04":1.5624586,"07/05":1.4975971,"07/06":1.6858298,"07/07":1.6858298,"07/08":1.6858298,"07/09":1.6858298,"07/10":1.6858298,"07/11":1.4009295,"07/12":1.4178061,"07/13":1.233362,"07/14":1.2296277,"07/15":1.2296277,"07/16":1.2296277,"07/17":1.1353287,"07/18":0.93146646,"07/19":0.8980326,"07/20":0.9286846,"07/21":0.91660225,"07/22":0.91660225,"07/23":0.91660225,"07/24":0.8803991,"07/25":0.9658533,"07/26":0.9500484,"07/27":0.9918895,"07/28":1.2202799,"07/29":1.2202799,"07/30":1.2202799,"07/31":1.2370965,"08/01":1.0933686,"08/02":1.1325266,"08/03":1.2726285,"08/04":1.2688913,"08/05":1.2688913,"08/06":1.2688913,"08/07":1.1614523,"08/08":1.05052,"08/09":1.0272496,"08/10":0.9732921,"08/11":1.1325266,"08/12":1.1325266,"08/13":1.1325266,"08/14":1.1259983,"08/15":1.1259983,"08/16":1.1259983,"08/17":1.3175406,"08/18":1.1409242,"08/19":4.780963,"08/20":4.780963,"08/21":4.783745,"08/22":4.786061,"08/23":4.7922544,"08/24":4.8065066,"08/25":4.796134,"08/26":4.788522,"08/27":4.788522,"08/28":4.7946677,"08/29":4.7791786,"08/30":4.771077,"08/31":4.773762,"09/01":4.76131,"09/02":4.754227,"09/03":4.754227,"09/04":4.7526035,"09/05":4.7286253,"09/06":4.7182627,"09/07":4.7170444,"09/08":4.7055025,"09/09":4.6984386,"09/10":4.6984386,"09/11":4.6937833,"09/12":4.671013,"09/13":4.6725793,"09/14":4.6811986,"09/15":4.664973,"09/16":4.658448,"09/17":4.658448,"09/18":4.6630063,"09/19":4.6412606,"09/20":4.6384473,"09/21":4.6365294,"09/22":4.628523,"09/23":4.6209135,"09/24":4.6209135,"09/25":4.621445,"09/26":4.59779,"09/27":4.5918436,"09/28":4.575415,"09/29":4.57109,"09/30":4.5575795,"10/01":4.5575795,"10/02":4.5575795,"10/03":4.525705,"10/04":4.504518,"10/05":4.510527,"10/06":4.467483,"10/07":4.4594464,"10/08":4.4594464,"10/09":4.4551716,"10/10":4.4343596,"10/11":4.436841,"10/12":4.4360003,"10/13":4.4304214,"10/14":4.4223824,"10/15":4.4223824,"10/16":4.421115,"10/17":4.3968663,"10/18":4.3851604,"10/19":4.3736525,"10/20":4.358346,"10/21":4.387724,"10/22":4.387724,"10/23":4.384239,"10/24":4.384239,"10/25":4.2700324,"10/26":4.267002,"10/27":4.214434,"10/28":4.2229366,"10/29":4.2229366,"10/30":4.223834,"10/31":4.3102255,"11/01":4.1825085,"11/02":4.167086,"11/03":4.3553457,"11/04":4.309301,"11/05":4.309301,"11/06":4.3143144,"11/07":4.2340465,"11/08":4.238992,"11/09":4.07869,"11/10":3.9336162,"11/11":3.7482016,"11/12":3.7482016,"11/13":3.7515633,"11/14":3.7200575,"11/15":3.6416013,"11/16":3.6501317,"11/17":3.6462011,"11/18":3.7214642,"11/19":3.7214642,"11/20":3.716601,"11/21":3.7286394,"11/22":3.6540446,"11/23":3.65489,"11/24":3.5346613,"11/25":3.6141798,"11/26":3.6141798,"11/27":3.6141798,"11/28":3.5040438,"11/29":3.5321152,"11/30":3.5315378,"12/01":3.3390214,"12/02":3.357144,"12/03":3.357144,"12/04":3.3631434,"12/05":3.3433902,"12/06":3.3911746,"12/07":3.4499898,"12/08":3.4562464,"12/09":3.519903,"12/10":3.519903,"12/11":3.519903,"12/12":3.4713657,"12/13":3.3942988,"12/14":3.2894666,"12/15":3.384938,"12/16":3.4182258,"12/17":3.4182258,"12/18":3.4182258,"12/19":3.4161463,"12/20":3.4531205,"12/21":3.38702,"12/22":3.4270766,"12/23":3.454681,"12/24":3.454681,"12/25":3.454681,"12/26":3.464066,"12/27":3.4234328,"12/28":3.4333234,"12/29":3.4171834,"12/30":3.4364471,"12/31":3.4364471},"2022":{"08/19":8.421001,"08/20":8.421001,"08/21":8.502998,"08/22":8.5700035,"08/23":8.744001,"08/24":8.843859,"08/25":8.753617,"08/26":8.738393,"08/27":8.738393,"08/28":8.904377,"08/29":8.973145,"08/30":8.919092,"08/31":8.989054,"09/01":9.004709,"09/02":8.990543,"09/03":8.990543,"09/04":8.948583,"09/05":8.912611,"09/06":8.838394,"09/07":9.014673,"09/08":8.898622,"09/09":8.884494,"09/10":8.884494,"09/11":8.76174,"09/12":8.730049,"09/13":8.902742,"09/14":9.264724,"09/15":8.989554,"09/16":8.976505,"09/17":8.976505,"09/18":9.090175,"09/19":9.046683,"09/20":9.112473,"09/21":9.15071,"09/22":9.101776,"09/23":9.086557,"09/24":9.086557,"09/25":9.099509,"09/26":9.057684,"09/27":8.997307,"09/28":8.558235,"09/29":8.549585,"09/30":8.522564,"10/01":8.522564,"10/02":8.522564,"10/03":8.499393,"10/04":8.397984,"10/05":8.562079,"10/06":7.783775,"10/07":7.7677016,"10/08":7.7677016,"10/09":7.6255555,"10/10":7.6194634,"10/11":7.86412,"10/12":7.900571,"10/13":7.8987126,"10/14":7.882635,"10/15":7.882635,"10/16":7.842898,"10/17":7.8213716,"10/18":7.719801,"10/19":7.63902,"10/20":7.613999,"10/21":7.672755,"10/22":7.672755,"10/23":7.556609,"10/24":7.556609,"10/25":7.5425954,"10/26":7.4415603,"10/27":7.439773,"10/28":7.456778,"10/29":7.456778,"10/30":7.48646,"10/31":7.662035,"11/01":7.4242563,"11/02":7.570572,"11/03":8.048835,"11/04":7.9567456,"11/05":7.9567456,"11/06":8.102423,"11/07":8.026598,"11/08":8.165124,"11/09":7.922459,"11/10":7.436783,"11/11":7.0659537,"11/12":7.0659537,"11/13":7.1728306,"11/14":7.109819,"11/15":7.3178387,