{"0":{"01/01":6.945074,"01/02":6.9629946,"01/03":6.88142,"01/04":6.862756,"01/05":6.860642,"01/06":6.9705534,"01/07":6.9705534,"01/08":7.092207,"01/09":6.9069715,"01/10":6.9886384,"01/11":6.826706,"01/12":6.6551747,"01/13":6.703521,"01/14":6.703521,"01/15":6.703521,"01/16":6.660425,"01/17":6.6625295,"01/18":6.6572695,"01/19":6.6709385,"01/20":6.7350817,"01/21":6.7350817,"01/22":6.7350817,"01/23":6.6037188,"01/24":6.57853,"01/25":6.571186,"01/26":6.571186,"01/27":6.681443,"01/28":6.681443,"01/29":6.681443,"01/30":6.7382317,"01/31":6.7350817,"02/01":6.6026683,"02/02":6.408841,"02/03":6.396296,"02/04":6.396296,"02/05":6.396296,"02/06":6.3127146,"02/07":6.2511663,"02/08":6.543923,"02/09":6.6436133,"02/10":6.524009,"02/11":6.524009,"02/12":6.524009,"02/13":6.5040927,"02/14":6.656227,"02/15":6.5743375,"02/16":6.626817,"02/17":6.795092,"02/18":6.795092,"02/19":6.795092,"02/20":6.647821,"02/21":6.659373,"02/22":6.6635814,"02/23":6.6236625,"02/24":6.565944,"02/25":6.565944,"02/26":6.565944,"02/27":6.5900764,"02/28":6.557553,"03/01":6.5449724,"03/02":6.462206,"03/03":6.422437,"03/04":6.422437,"03/05":6.422437,"03/06":6.462206,"03/07":6.462206,"03/08":6.497808,"03/09":6.495711,"03/10":6.460109,"03/11":6.460109,"03/12":6.460109,"03/13":6.2011423,"03/14":6.0877123,"03/15":6.1043496,"03/16":6.1053905,"03/17":6.051343,"03/18":6.051343,"03/19":6.051343,"03/20":5.9382424,"03/21":5.9651966,"03/22":5.9651966,"03/23":6.001507,"03/24":5.921657,"03/25":5.921657,"03/26":5.921657,"03/27":5.8926506,"03/28":5.99735,"03/29":5.8926506,"03/30":5.8926506,"03/31":5.7127533,"04/01":5.7127533,"04/02":5.7127533,"04/03":5.763353,"04/04":5.763353,"04/05":5.520087,"04/06":5.188959,"04/07":5.188959,"04/08":5.188959,"04/09":5.188959,"04/10":5.1072726,"04/11":5.0216327,"04/12":4.998205,"04/13":5.0155125,"04/14":5.0155125,"04/15":5.0155125,"04/16":5.0155125,"04/17":4.9381595,"04/18":4.8294425,"04/19":4.7817636,"04/20":4.74122,"04/21":4.6116805,"04/22":4.6116805,"04/23":4.6116805,"04/24":4.3877754,"04/25":4.2460594,"04/26":4.1047277,"04/27":4.0847135,"04/28":4.0817075,"04/29":4.0817075,"04/30":4.0817075,"05/01":4.0817075,"05/02":4.041704,"05/03":3.8082783,"05/04":3.8600633,"05/05":3.8600633,"05/06":3.8600633,"05/07":3.8600633,"05/08":3.7416408,"05/09":3.7108314,"05/10":3.6651583,"05/11":3.699909,"05/12":3.5699544,"05/13":3.5699544,"05/14":3.5699544,"05/15":3.5105488,"05/16":3.4601016,"05/17":3.449232,"05/18":3.4047682,"05/19":3.2873812,"05/20":3.2873812,"05/21":3.2873812,"05/22":3.1348796,"05/23":3.1810713,"05/24":3.136847,"05/25":3.136847,"05/26":3.1152363,"05/27":3.1152363,"05/28":3.1152363,"05/29":3.126036,"05/30":3.1044388,"05/31":3.068121,"06/01":3.0210485,"06/02":2.9593296,"06/03":2.9593296,"06/04":2.9593296,"06/05":2.8967054,"06/06":2.8918097,"06/07":2.8468547,"06/08":2.9465952,"06/09":3.1083624,"06/10":3.1083624,"06/11":3.1083624,"06/12":3.039674,"06/13":3.034774,"06/14":3.0132058,"06/15":3.0308468,"06/16":3.0455568,"06/17":3.0455568,"06/18":3.0455568,"06/19":2.9916468,"06/20":2.9593296,"06/21":2.9681356,"06/22":3.0651736,"06/23":3.060271,"06/24":3.060271,"06/25":3.060271,"06/26":3.0318284,"06/27":3.02203,"06/28":2.9055007,"06/29":2.9055007,"06/30":2.9573689,"07/01":2.9573689,"07/02":2.9573689,"07/03":3.0083082,"07/04":3.0092802,"07/05":2.9789135,"07/06":3.0357559,"07/07":3.0357559,"07/08":3.0357559,"07/09":3.0357559,"07/10":3.0357559,"07/11":2.915286,"07/12":2.943664,"07/13":2.8331795,"07/14":2.804862,"07/15":2.804862,"07/16":2.804862,"07/17":2.6927335,"07/18":2.5643163,"07/19":2.5332391,"07/20":2.5118806,"07/21":2.5371194,"07/22":2.5371194,"07/23":2.5371194,"07/24":2.4730744,"07/25":2.4992657,"07/26":2.454644,"07/27":2.47695,"07/28":2.6187537,"07/29":2.6187537,"07/30":2.6187537,"07/31":2.570145,"08/01":2.5235262,"08/02":2.5235262,"08/03":2.5662622,"08/04":2.6138935,"08/05":2.6138935,"08/06":2.6138935,"08/07":2.5963953,"08/08":2.5575159,"08/09":2.5147963,"08/10":2.4750075,"08/11":2.5886168,"08/12":2.5886168,"08/13":2.5886168,"08/14":2.5682082,"08/15":2.5682082,"08/16":2.5682082,"08/17":2.7083135,"08/18":2.6927335,"08/19":4.0623646,"08/20":4.0623646,"08/21":4.0642023,"08/22":4.064274,"08/23":4.065356,"08/24":4.140544,"08/25":4.1386395,"08/26":4.131748,"08/27":4.131748,"08/28":4.1333876,"08/29":4.1150513,"08/30":4.1069503,"08/31":4.1086493,"09/01":4.094983,"09/02":4.087556,"09/03":4.087556,"09/04":4.0899267,"09/05":4.065584,"09/06":4.055196,"09/07":4.0500035,"09/08":4.0429335,"09/09":4.03604,"09/10":4.03604,"09/11":4.0356855,"09/12":4.0140915,"09/13":4.008437,"09/14":4.005422,"09/15":3.9982572,"09/16":3.9924278,"09/17":3.9924278,"09/18":3.9942627,"09/19":3.9725392,"09/20":3.967474,"09/21":3.9643884,"09/22":3.9582264,"09/23":3.9502883,"09/24":3.9502883,"09/25":3.9519873,"09/26":3.9450061,"09/27":3.9398463,"09/28":3.9374487,"09/29":3.9337425,"09/30":3.9189231,"10/01":3.9189231,"10/02":3.9189231,"10/03":3.8880582,"10/04":3.8681693,"10/05":3.8699727,"10/06":3.843155,"10/07":3.8352551,"10/08":3.8352551,"10/09":3.8329444,"10/10":3.81182,"10/11":3.8078666,"10/12":3.8059638,"10/13":3.8002515,"10/14":3.7918305,"10/15":3.7918305,"10/16":3.7924953,"10/17":3.7686715,"10/18":3.7598438,"10/19":3.7495847,"10/20":3.741682,"10/21":3.7332768,"10/22":3.7332768,"10/23":3.7332578,"10/24":3.7332578,"10/25":3.703261,"10/26":3.703435,"10/27":3.6861115,"10/28":3.677188,"10/29":3.677188,"10/30":3.6784277,"10/31":3.6524198,"11/01":3.6439464,"11/02":3.6345239,"11/03":3.6235836,"11/04":3.6136181,"11/05":3.6136181,"11/06":3.6162229,"11/07":3.5911603,"11/08":3.5920887,"11/09":3.5745404,"11/10":3.5663917,"11/11":3.5569506,"11/12":3.5569506,"11/13":3.5582054,"11/14":3.5314524,"11/15":3.525598,"11/16":3.5170603,"11/17":3.5083559,"11/18":3.4994419,"11/19":3.4994419,"11/20":3.4999,"11/21":3.473161,"11/22":3.4655173,"11/23":3.4664824,"11/24":3.4475346,"11/25":3.4396856,"11/26":3.4396856,"11/27":3.4396856,"11/28":3.4143636,"11/29":3.409308,"11/30":3.4366744,"12/01":3.4409826,"12/02":3.4205782,"12/03":3.4205782,"12/04":3.4219725,"12/05":3.4086845,"12/06":3.4093065,"12/07":3.4442399,"12/08":3.5108864,"12/09":3.4940903,"12/10":3.4940903,"12/11":3.4953952,"12/12":3.5211644,"12/13":3.4889386,"12/14":3.413381,"12/15":3.467578,"12/16":3.530743,"12/17":3.530743,"12/18":3.5334003,"12/19":3.5227478,"12/20":3.4925396,"12/21":3.4855404,"12/22":3.476575,"12/23":3.5018747,"12/24":3.5018747,"12/25":3.5018747,"12/26":3.5375633,"12/27":3.506886,"12/28":3.5335803,"12/29":3.491689,"12/30":3.492746,"12/31":3.492746},"2022":{"08/19":5.4319954,"08/20":5.4319954,"08/21":5.5669975,"08/22":5.5720043,"08/23":5.646,"08/24":5.8332295,"08/25":5.904969,"08/26":5.891186,"08/27":5.891186,"08/28":5.98731,"08/29":6.021115,"08/30":5.997202,"08/31":6.09026,"09/01":6.06967,"09/02":6.0548162,"09/03":6.0548162,"09/04":6.1788597,"09/05":6.1340146,"09/06":6.0440054,"09/07":6.1451163,"09/08":6.14825,"09/09":6.134463,"09/10":6.134463,"09/11":6.11648,"09/12":6.105922,"09/13":6.103251,"09/14":6.2055073,"09/15":6.103032,"09/16":6.0913734,"09/17":6.0913734,"09/18":6.1822295,"09/19":6.1387825,"09/20":6.164052,"09/21":6.186574,"09/22":6.158948,"09/23":6.1430717,"09/24":6.1430717,"09/25":6.2238803,"09/26":6.2528744,"09/27":6.2950015,"09/28":6.1843023,"09/29":6.17689,"09/30":6.147251,"10/01":6.147251,"10/02":6.147251,"10/03":6.264762,"10/04":6.234495,"10/05":6.314173,"10/06":5.8024106,"10/07":5.786611,"10/08":5.786611,"10/09":5.6572056,"10/10":5.638974,"10/11":5.785495,"10/12":5.792228,"10/13":5.811431,"10/14":5.7945895,"10/15":5.7945895,"10/16":5.829401,"10/17":5.826687,"10/18":5.8147626,"10/19":5.727325,"10/20":5.7373405,"10/21":5.72053,"10/22":5.72053,"10/23":5.719535,"10/24":5.719535,"10/25":5.7617493,"10/26":5.7706785,"10/27":5.7617927,"10/28":5.7439456,"10/29":5.7439456,"10/30":5.806466,"10/31":5.790626,"11/01":5.7946153,"11/02":5.849926,"11/03":5.8555894,"11/04":5.8356586,"11/05":5.8356586,"11/06":5.9565682,"11/07":5.9348574,"11/08":5.976464,"11/09":5.9981036,"11/10":5.992196,"11/11":5.973314,"11/12":5.973314,"11/13":6.027759,"11/14":5.974253,"11/15":6.1067424,