"Month (MM)","Day (DD)","2023","Average Across Years"
12,26,2.2319984,2.2319984
12,27,2.2319984,2.2319984
12,28,2.217688,2.217688
12,29,2.2136042,2.2136042
12,30,2.2136042,2.2136042
12,31,2.2136042,2.2136042
