{"0":{"12/26":3.5890007,"12/27":3.5890007,"12/28":3.5745003,"12/29":3.5755374,"12/30":3.5755374,"12/31":3.5755374},"2023":{"12/26":3.5890007,"12/27":3.5890007,"12/28":3.5745003,"12/29":3.5755374,"12/30":3.5755374,"12/31":3.5755374}}