{"0":{"10/01":1.5839958,"10/02":1.5839958,"10/03":1.5839958,"10/04":1.5839958,"10/05":1.5839958,"10/06":1.5819614,"10/07":1.5667254,"10/08":1.5535271,"10/09":1.546421,"10/10":1.533228,"10/11":1.533228,"10/12":1.533228,"10/13":1.5109055,"10/14":1.4987372,"10/15":1.4845414,"10/16":1.4754149,"10/17":1.4612255,"10/18":1.4612255,"10/19":1.4612255,"10/20":1.4267836,"10/21":1.4267836,"10/22":1.4267836,"10/23":1.3862948,"10/24":1.3731433,"10/25":1.3731433,"10/26":1.3731433,"10/27":1.3316755,"10/28":1.3175263,"10/29":1.3033812,"10/30":1.2902513,"10/31":1.2771248,"11/01":1.2771248,"11/02":1.2771248,"11/03":1.2367553,"11/04":1.2276732,"11/05":1.2276732,"11/06":1.2105334,"11/07":1.2024655,"11/08":1.2024655,"11/09":1.2024655,"11/10":1.1631548,"11/11":0.7997756,"11/12":0.72081804,"11/13":0.683879,"11/14":0.683879,"11/15":0.683879,"11/16":0.683879,"11/17":0.6100916,"11/18":0.7867759,"11/19":0.48170942,"11/20":0.44792923,"11/21":0.6130757,"11/22":0.6130757,"11/23":0.6130757,"11/24":0.6230458,"11/25":0.63999677,"11/26":0.3348245,"11/27":0.27242994,"11/28":0.25462124,"11/29":0.25462124,"11/30":0.25462124,"12/01":0.21506266,"12/02":0.13701813,"12/03":0.1735475,"12/04":0.1735475,"12/05":-0.071813814,"12/06":-0.071813814,"12/07":-0.071813814,"12/08":0.07289488,"12/09":0.09458937,"12/10":0.17256777,"12/11":0.031506788,"12/12":-0.11111525,"12/13":-0.11111525,"12/14":-0.11111525,"12/15":-0.12192381,"12/16":-9.857342E-4,"12/17":-0.028540872,"12/18":0.10543544,"12/19":-0.1808053,"12/20":-0.1808053,"12/21":-0.1808053,"12/22":-0.6153869,"12/23":-0.5842575,"12/24":-0.53559494,"12/25":-0.53559494,"12/26":-0.35021037,"12/27":-0.35021037,"12/28":-0.35021037,"12/29":-0.2719434,"12/30":-0.34629482,"12/31":-0.34629482},"2025":{"10/01":1.5839958,"10/02":1.5839958,"10/03":1.5839958,"10/04":1.5839958,"10/05":1.5839958,"10/06":1.5819614,"10/07":1.5667254,"10/08":1.5535271,"10/09":1.546421,"10/10":1.533228,"10/11":1.533228,"10/12":1.533228,"10/13":1.5109055,"10/14":1.4987372,"10/15":1.4845414,"10/16":1.4754149,"10/17":1.4612255,"10/18":1.4612255,"10/19":1.4612255,"10/20":1.4267836,"10/21":1.4267836,"10/22":1.4267836,"10/23":1.3862948,"10/24":1.3731433,"10/25":1.3731433,"10/26":1.3731433,"10/27":1.3316755,"10/28":1.3175263,"10/29":1.3033812,"10/30":1.2902513,"10/31":1.2771248,"11/01":1.2771248,"11/02":1.2771248,"11/03":1.2367553,"11/04":1.2276732,"11/05":1.2276732,"11/06":1.2105334,"11/07":1.2024655,"11/08":1.2024655,"11/09":1.2024655,"11/10":1.1631548,"11/11":0.7997756,"11/12":0.72081804,"11/13":0.683879,"11/14":0.683879,"11/15":0.683879,"11/16":0.683879,"11/17":0.6100916,"11/18":0.7867759,"11/19":0.48170942,"11/20":0.44792923,"11/21":0.6130757,"11/22":0.6130757,"11/23":0.6130757,"11/24":0.6230458,"11/25":0.63999677,"11/26":0.3348245,"11/27":0.27242994,"11/28":0.25462124,"11/29":0.25462124,"11/30":0.25462124,"12/01":0.21506266,"12/02":0.13701813,"12/03":0.1735475,"12/04":0.1735475,"12/05":-0.071813814,"12/06":-0.071813814,"12/07":-0.071813814,"12/08":0.07289488,"12/09":0.09458937,"12/10":0.17256777,"12/11":0.031506788,"12/12":-0.11111525,"12/13":-0.11111525,"12/14":-0.11111525,"12/15":-0.12192381,"12/16":-9.857342E-4,"12/17":-0.028540872,"12/18":0.10543544,"12/19":-0.1808053,"12/20":-0.1808053,"12/21":-0.1808053,"12/22":-0.6153869,"12/23":-0.5842575,"12/24":-0.53559494,"12/25":-0.53559494,"12/26":-0.35021037,"12/27":-0.35021037,"12/28":-0.35021037,"12/29":-0.2719434,"12/30":-0.34629482,"12/31":-0.34629482}}