{"0":{"01/01":4.85383,"01/02":4.825979,"01/03":4.8162103,"01/04":4.8071313,"01/05":4.798706,"01/06":4.7902827,"01/07":4.7902827,"01/08":4.793938,"01/09":4.770445,"01/10":4.764305,"01/11":4.757051,"01/12":4.748611,"01/13":4.740175,"01/14":4.740175,"01/15":4.74617,"01/16":4.7191606,"01/17":4.709788,"01/18":4.701861,"01/19":4.6954393,"01/20":4.688063,"01/21":4.688063,"01/22":4.688063,"01/23":4.665344,"01/24":4.6568427,"01/25":4.65036,"01/26":4.65036,"01/27":4.6324463,"01/28":4.6324463,"01/29":4.6362796,"01/30":4.6098204,"01/31":4.6032047,"02/01":4.6066384,"02/02":4.601079,"02/03":4.592607,"02/04":4.592607,"02/05":4.5919,"02/06":4.5689054,"02/07":4.564387,"02/08":4.5633006,"02/09":4.546366,"02/10":4.5500674,"02/11":4.5500674,"02/12":4.5539346,"02/13":4.5192566,"02/14":4.513354,"02/15":4.4919653,"02/16":4.4724073,"02/17":4.5215816,"02/18":4.5215816,"02/19":4.5215816,"02/20":4.490461,"02/21":4.5053515,"02/22":4.507802,"02/23":4.4678445,"02/24":4.472073,"02/25":4.472073,"02/26":4.4752417,"02/27":4.459785,"02/28":4.5119524,"02/29":0.43911308,"03/01":4.4900455,"03/02":4.482088,"03/03":4.4481664,"03/04":4.451299,"03/05":4.4539146,"03/06":4.4235916,"03/07":4.427249,"03/08":4.45962,"03/09":4.4298997,"03/10":4.4028597,"03/11":4.409548,"03/12":4.4078345,"03/13":4.247171,"03/14":4.265636,"03/15":4.2468295,"03/16":4.2157464,"03/17":4.2320724,"03/18":4.2320724,"03/19":4.2273073,"03/20":4.1451488,"03/21":4.15837,"03/22":4.1522756,"03/23":4.1160617,"03/24":4.0788474,"03/25":4.0788474,"03/26":4.080079,"03/27":4.064196,"03/28":4.0882683,"03/29":4.073561,"03/30":4.073561,"03/31":4.0296726,"04/01":4.0296726,"04/02":4.0197983,"04/03":3.992989,"04/04":3.995663,"04/05":3.9434786,"04/06":3.8320184,"04/07":3.8320184,"04/08":3.8275282,"04/09":3.8275282,"04/10":3.7803268,"04/11":3.7684133,"04/12":3.748734,"04/13":3.7451108,"04/14":3.7451108,"04/15":3.7451108,"04/16":3.7451108,"04/17":3.7218335,"04/18":3.687206,"04/19":3.680494,"04/20":3.6588173,"04/21":3.6361253,"04/22":3.6361253,"04/23":3.6361253,"04/24":3.57537,"04/25":3.5553222,"04/26":3.5455558,"04/27":3.5286098,"04/28":3.5255299,"04/29":3.5255299,"04/30":3.5255299,"05/01":3.5255299,"05/02":3.490642,"05/03":3.433284,"05/04":3.4112995,"05/05":3.4112995,"05/06":3.4112995,"05/07":3.4112995,"05/08":3.3872824,"05/09":3.3796225,"05/10":3.3668642,"05/11":3.3479881,"05/12":3.324033,"05/13":3.324033,"05/14":3.324033,"05/15":3.2950072,"05/16":3.2619457,"05/17":3.2477171,"05/18":3.2421315,"05/19":3.2421315,"05/20":3.2421315,"05/21":3.2421315,"05/22":3.1878378,"05/23":3.1964586,"05/24":3.1792202,"05/25":3.1792202,"05/26":3.1695955,"05/27":3.1695955,"05/28":3.1695955,"05/29":3.162505,"05/30":3.1458004,"05/31":3.129106,"06/01":3.0967562,"06/02":3.0876622,"06/03":3.0876622,"06/04":3.0876622,"06/05":3.0674717,"06/06":3.053852,"06/07":3.0457826,"06/08":3.0619195,"06/09":3.061419,"06/10":3.061419,"06/11":3.061419,"06/12":3.0276375,"06/13":3.0175633,"06/14":3.014038,"06/15":3.0115216,"06/16":2.9848452,"06/17":2.9848452,"06/18":2.9848452,"06/19":2.9742837,"06/20":2.9632232,"06/21":2.961718,"06/22":2.9607117,"06/23":2.9561875,"06/24":2.9561875,"06/25":2.9561875,"06/26":2.9215398,"06/27":2.914013,"06/28":2.9079947,"06/29":2.9079947,"06/30":2.914013,"07/01":2.914013,"07/02":2.914013,"07/03":2.8839312,"07/04":2.8769164,"07/05":2.8578842,"07/06":2.8689008,"07/07":2.8689008,"07/08":2.8689008,"07/09":2.8689008,"07/10":2.8689008,"07/11":2.8053715,"07/12":2.7998784,"07/13":2.7714205,"07/14":2.7659342,"07/15":2.7659342,"07/16":2.7659342,"07/17":2.7310312,"07/18":2.7031457,"07/19":2.694689,"07/20":2.6951873,"07/21":2.6857324,"07/22":2.6857324,"07/23":2.6857324,"07/24":2.6559095,"07/25":2.656407,"07/26":2.6479607,"07/27":2.6474633,"07/28":2.6633635,"07/29":2.6633635,"07/30":2.6633635,"07/31":2.6429975,"08/01":2.6216536,"08/02":2.611733,"08/03":2.6112363,"08/04":2.607765,"08/05":2.607765,"08/06":2.607765,"08/07":2.5765424,"08/08":2.559708,"08/09":2.5527792,"08/10":2.5413988,"08/11":2.5503018,"08/12":2.5503018,"08/13":2.5503018,"08/14":2.5275524,"08/15":2.5275524,"08/16":2.5275524,"08/17":2.512724,"08/18":2.4885242,"08/19":2.4885242,"08/20":2.4885242,"08/21":2.4608946,"08/22":2.446597,"08/23":2.4313257,"08/24":2.4170444,"08/25":2.4150727,"08/26":2.4150727,"08/27":2.4150727,"08/28":2.3791647,"08/29":2.3614726,"08/30":2.360489,"08/31":2.3457544,"09/01":2.3325026,"09/02":2.3325026,"09/03":2.3325026,"09/04":2.3079777,"09/05":2.2996473,"09/06":2.2893572,"09/07":2.2345452,"09/08":2.232587,"09/09":2.232587,"09/10":2.232587,"09/11":2.210601,"09/12":3.7714074,"09/13":3.7738597,"09/14":3.784661,"09/15":3.7797813,"09/16":3.7747848,"09/17":3.7747848,"09/18":3.775154,"09/19":3.7608807,"09/20":3.7594812,"09/21":3.7547588,"09/22":3.7497761,"09/23":3.7444236,"09/24":3.7444236,"09/25":3.744744,"09/26":3.731303,"09/27":3.7264402,"09/28":3.7206535,"09/29":3.715669,"09/30":3.7106864,"10/01":3.7106864,"10/02":3.7106864,"10/03":3.6946821,"10/04":3.6953342,"10/05":3.6956322,"10/06":3.6831207,"10/07":3.678152,"10/08":3.678152,"10/09":3.6782134,"10/10":3.6621354,"10/11":3.6567986,"10/12":3.6517365,"10/13":3.6469495,"10/14":3.641985,"10/15":3.641985,"10/16":3.6420987,"10/17":3.6267602,"10/18":3.6209972,"10/19":3.6153533,"10/20":3.6096935,"10/21":3.6036768,"10/22":3.6036768,"10/23":3.6033885,"10/24":3.6033885,"10/25":3.5810692,"10/26":3.5810382,"10/27":3.5698242,"10/28":3.5641716,"10/29":3.5641716,"10/30":3.5647967,"10/31":3.5479286,"11/01":3.54268,"11/02":3.5373514,"11/03":3.5322788,"11/04":3.5273368,"11/05":3.5273368,"11/06":3.5282764,"11/07":3.513161,"11/08":3.51363,"11/09":3.5034034,"11/10":3.4981625,"11/11":3.4928675,"11/12":3.4928675,"11/13":3.4932992,"11/14":3.477419,"11/15":3.473011,"11/16":3.4680643,"11/17":3.463287,"11/18":3.4583452,"11/19":3.4583452,"11/20":3.4585617,"11/21":3.4425478,"11/22":3.4372988,"11/23":3.4374466,"11/24":3.4259632,"11/25":3.4199746,"11/26":3.4199746,"11/27":3.4199746,"11/28":3.4033945,"11/29":3.3991115,"11/30":3.3933687,"12/01":3.3882666,"12/02":3.3833377,"12/03":3.3833377,"12/04":3.3840923,"12/05":3.3688734,"12/06":3.3635204,"12/07":3.3590279,"12/08":3.353284,"12/09":3.3480065,"12/10":3.3480065,"12/11":3.3490884,"12/12":3.3318436,"12/13":3.326812,"12/14":3.3239567,"12/15":3.3203745,"12/16":3.3147316,"12/17":3.3147316,"12/18":3.3160546,"12/19":3.2982905,"12/20":3.2929459,"12/21":3.2866623,"12/22":3.2811172,"12/23":3.2751238,"12/24":3.2751238,"12/25":3.2751238,"12/26":3.257763,"12/27":3.25188,"12/28":3.246628,"12/29":3.2422426,"12/30":3.2362578,"12/31":3.2362578},"2022":{"09/12":6.8509965,"09/13":6.943344,"09/14":7.1102676,"09/15":7.069338,"09/16":7.054347,"09/17":7.054347,"09/18":7.0963492,"09/19":7.0535297,"09/20":7.0911655,"09/21":7.1061673,"09/22":7.130081,"09/23":7.114023,"09/24":7.114023,"09/25":7.1479936,"09/26":7.0445495,"09/27":7.0435643,"09/28":6.977604,"09/29":6.9626513,"09/30":6.947703,"10/01":6.947703,"10/02":6.947703,"10/03":6.89969,"10/04":6.93567,"10/05":6.9695935,"10/06":6.755979,"10/07":6.741073,"10/08":6.741073,"10/09":6.7490535,"10/10":6.6384234,"10/11":6.7130494,"10/12":6.7737646,"10/13":6.780793,"10/14":6.765899,"10/15":6.765899,"10/16":6.779847,"10/17":6.722172,"10/18":6.6932206,"10/19":6.721958,"10/20":6.6622214,"10/21":6.6441708,"10/22":6.6441708,"10/23":6.6063576,"10/24":6.6063576,"10/25":6.62396,"10/26":6.619985,"10/27":6.5979958,"10/28":6.5810366,"10/29":6.5810366,"10/30":6.659574,"10/31":6.619631,"11/01":6.6097,"11/02":6.6315093,"11/03":6.6424365,"11/04":6.6276107,"11/05":6.6276107,"11/06":6.735848,"11/07":6.6982317,"11/08":6.7498517,"11/09":6.75776,"11/10":6.747822,"11/11":6.7319365,"11/12":6.7319365,"11/13":6.777575,"11/14":6.729934,"11/15":6.805275,"11/16":6.824087,"11/17":6.8587456,"11/18":6.8439198,"11/19":6.8439198,"11/20":6.8647313,"11/21":6.836844,"11/22":6.85755,"11/23":6.8714156,"11/24":6.7861385,"11/25":6.768173,"11/26":6.768173,"11/27":6.768173,"11/28":6.749125,"11/29":6.8282537,"11/30":6.801457,"12/01":6.8024197,"12/02":6.7876334,"12/03":6.7876334,"12/04":6.8568544,"12/05":6.8350945,"12/06":6.8123474,