{"0":{"01/01":-5.1180654,"01/02":-5.632033,"01/03":-5.632033,"01/04":-5.632033,"01/05":-5.4443502,"01/06":-5.2652225,"01/07":-5.1609592,"01/08":-4.3042855,"01/09":-3.6883218,"01/10":-3.6883218,"01/11":-3.6883218,"01/12":-3.8447316,"01/13":-3.6671805,"01/14":-3.6642919,"01/15":-3.6642919,"01/16":-3.7709093,"01/17":-3.7709093,"01/18":-3.7709093,"01/19":-3.6306245,"01/20":-2.494414,"01/21":-2.2910583,"01/22":-2.8321128,"01/23":-1.9206939,"01/24":-1.9206939,"01/25":-1.9206939,"01/26":-1.9206939,"01/27":-2.1860983,"01/28":-3.0332248,"01/29":-3.0332248,"01/30":-3.1091568,"01/31":-3.1091568,"02/01":-3.1091568,"02/02":-2.4303386,"02/03":-4.306177,"02/04":-4.6795034,"02/05":-4.3659153,"02/06":-4.5031323,"02/07":-4.5031323,"02/08":-4.5031323,"02/09":-5.264292,"02/10":-5.4499154,"02/11":-5.7113223,"02/12":-5.511932,"02/13":-4.530519,"02/14":-4.530519,"02/15":-4.530519,"02/16":-5.161893,"02/17":-5.3553357,"02/18":-5.6818395,"02/19":-5.6818395,"02/20":-4.730311,"02/21":-4.730311,"02/22":-4.730311,"02/23":-5.16375,"02/24":-4.264417,"02/25":-4.543748,"02/26":-4.6465416,"02/27":-3.5853794,"02/28":-3.5853794,"03/01":-3.5853794,"03/02":-2.4816077,"03/03":-2.4816077,"03/04":-0.8577553,"03/05":-2.0033503,"03/06":-0.93103135,"03/07":-0.93103135,"03/08":-0.93103135,"03/09":0.7158877,"03/10":-0.22123833,"03/11":1.150778,"03/12":1.9780278,"03/13":4.0504556,"03/14":4.0504556,"03/15":4.0504556,"03/16":3.3485065,"03/17":2.5065856,"03/18":1.5221169,"03/19":1.5221169,"03/20":4.061679,"03/21":4.061679,"03/22":4.061679,"03/23":6.5124574,"03/24":4.7460976,"03/25":3.3485065,"03/26":3.3485065,"03/27":5.3992662,"03/28":5.3992662,"03/29":5.3992662,"03/30":5.3992662,"03/31":7.4660196,"04/01":7.4660196,"04/02":5.9802837,"04/03":5.9802837,"04/04":5.9802837,"04/05":5.9802837,"04/06":4.963674,"04/07":4.539604,"04/08":1.1147482,"04/09":1.7940979,"04/10":0.57629526,"04/11":0.57629526,"04/12":0.57629526,"04/13":1.5263946,"04/14":1.5263946,"04/15":0.0,"04/16":0.0,"04/17":0.0,"04/18":0.0,"04/19":0.0,"04/20":0.0,"04/21":0.0,"04/22":0.0,"04/23":0.0,"04/24":0.0,"04/25":0.0,"04/26":0.0,"04/27":0.0,"04/28":0.0,"04/29":0.0,"04/30":0.0,"05/01":0.0,"05/02":0.0,"05/03":0.0,"05/04":0.0,"05/05":0.0,"05/06":0.0,"05/07":0.0,"05/08":0.0,"05/09":0.0,"05/10":0.0,"05/11":0.0,"05/12":0.0,"05/13":0.0,"05/14":0.0,"05/15":0.0,"05/16":0.0,"05/17":0.0,"05/18":0.0,"05/19":0.0,"05/20":0.0,"05/21":0.0,"05/22":0.0,"05/23":0.0,"05/24":0.0,"05/25":0.0,"05/26":0.0,"05/27":0.0,"05/28":0.0,"05/29":0.0,"05/30":0.0,"05/31":0.0,"06/01":0.0,"06/02":0.0,"06/03":0.0,"06/04":0.0,"06/05":0.0,"06/06":0.0,"06/07":0.0,"06/08":0.0,"06/09":0.0,"06/10":0.0,"06/11":0.0,"06/12":0.0,"06/13":0.0,"06/14":0.0,"06/15":0.0,"06/16":0.0,"06/17":0.0,"06/18":0.0,"06/19":0.0,"06/20":0.0,"06/21":0.0,"06/22":0.0,"06/23":0.0,"06/24":0.0,"06/25":0.0,"06/26":0.0,"06/27":0.0,"06/28":0.0,"06/29":0.0,"06/30":0.0,"07/01":0.0,"07/02":0.0,"07/03":0.0,"07/04":0.0,"07/05":0.0,"07/06":0.0,"07/07":0.0,"07/08":0.0,"07/09":0.0,"07/10":0.0,"07/11":0.0,"07/12":0.0,"07/13":0.0,"07/14":0.0,"07/15":0.0,"07/16":0.0,"07/17":0.0,"07/18":0.0,"07/19":0.0,"07/20":0.0,"07/21":0.0,"07/22":0.0,"07/23":0.0,"07/24":0.0,"07/25":0.0,"07/26":0.0,"07/27":0.0,"07/28":0.0,"07/29":0.0,"07/30":0.0,"07/31":0.0,"08/01":0.0,"08/02":0.0,"08/03":0.0,"08/04":0.0,"08/05":0.0,"08/06":0.0,"08/07":0.0,"08/08":0.0,"08/09":0.0,"08/10":0.0,"08/11":0.0,"08/12":0.0,"08/13":0.0,"08/14":0.0,"08/15":0.0,"08/16":0.0,"08/17":0.0,"08/18":0.0,"08/19":0.0,"08/20":0.0,"08/21":0.0,"08/22":0.0,"08/23":0.0,"08/24":0.0,"08/25":0.0,"08/26":0.0,"08/27":0.0,"08/28":0.0,"08/29":0.0,"08/30":0.0,"08/31":0.0,"09/01":0.0,"09/02":0.0,"09/03":0.0,"09/04":0.0,"09/05":0.0,"09/06":0.0,"09/07":0.0,"09/08":0.0,"09/09":0.0,"09/10":0.0,"09/11":0.0,"09/12":0.0,"09/13":0.0,"09/14":0.0,"09/15":0.0,"09/16":0.0,"09/17":0.0,"09/18":0.0,"09/19":0.0,"09/20":0.0,"09/21":0.0,"09/22":0.0,"09/23":0.0,"09/24":0.0,"09/25":0.0,"09/26":0.0,"09/27":0.0,"09/28":0.0,"09/29":0.0,"09/30":0.0,"10/01":-1.7439985,"10/02":-1.7439985,"10/03":-1.7439985,"10/04":-1.7439985,"10/05":-1.7439985,"10/06":-1.7473762,"10/07":-1.7502704,"10/08":-1.7512364,"10/09":-1.7575064,"10/10":-1.7642574,"10/11":-1.7642574,"10/12":-1.7642574,"10/13":-1.7816094,"10/14":-1.7883537,"10/15":-1.7950962,"10/16":-1.8013546,"10/17":-1.8080934,"10/18":-1.8080934,"10/19":-1.8080934,"10/20":-1.8215655,"10/21":-1.8215655,"10/22":-1.8215655,"10/23":-1.8403201,"10/24":-1.8456045,"10/25":-1.8456045,"10/26":-1.8456045,"10/27":-1.8652974,"10/28":-1.8720185,"10/29":-1.8787374,"10/30":-1.8854547,"10/31":-1.8773005,"11/01":-1.8773005,"11/02":-1.8773005,"11/03":-1.6182058,"11/04":-1.6623075,"11/05":-1.6623075,"11/06":-1.4907788,"11/07":-1.4013764,"11/08":-1.4013764,"11/09":-1.4013764,"11/10":-1.3842402,"11/11":-1.5146612,"11/12":-1.7382084,"11/13":-2.000317,"11/14":-2.000317,"11/15":-2.000317,"11/16":-2.000317,"11/17":-2.0546854,"11/18":-2.2236726,"11/19":-2.0375295,"11/20":-2.2921598,"11/21":-2.4987938,"11/22":-2.4987938,"11/23":-2.4987938,"11/24":-2.2775366,"11/25":-2.1089263,"11/26":-2.0656362,"11/27":-2.4003987,"11/28":-2.3924136,"11/29":-2.3924136,"11/30":-2.3924136,"12/01":-2.4041507,"12/02":-2.2104247,"12/03":-2.0499194,"12/04":-2.0499194,"12/05":-2.3599844,"12/06":-2.3599844,"12/07":-2.3599844,"12/08":-1.9640044,"12/09":-1.9218861,"12/10":-1.7546132,"12/11":-2.0046148,"12/12":-2.3067787,"12/13":-2.3067787,"12/14":-2.3067787,"12/15":-2.269983,"12/16":-1.9855098,"12/17":-1.9089501,"12/18":-1.8773005,"12/19":-2.1545136,"12/20":-2.1545136,"12/21":-2.1545136,"12/22":-2.4252684,"12/23":-2.4351158,"12/24":-2.383019,"12/25":-2.383019,"12/26":-2.2350242,"12/27":-2.2350242,"12/28":-2.2350242,"12/29":-2.0994194,"12/30":-2.1379044,"12/31":-2.1379044},"2025":{"10/01":-3.487997,"10/02":-3.487997,"10/03":-3.487997,"10/04":-3.487997,"10/05":-3.487997,"10/06":-3.4947524,"10/07":-3.5005407,"10/08":-3.5024729,"10/09":-3.5150127,"10/10":-3.5285149,"10/11":-3.5285149,"10/12":-3.5285149,"10/13":-3.5632188,"10/14":-3.5767074,"10/15":-3.5901923,"10/16":-3.6027093,"10/17":-3.6161869,"10/18":-3.6161869,"10/19":-3.6161869,"10/20":-3.643131,"10/21":-3.643131,"10/22":-3.643131,"10/23":-3.6806402,"10/24":-3.691209,"10/25":-3.691209,"10/26":-3.691209,"10/27":-3.7305949,"10/28":-3.744037,"10/29":-3.757475,"10/30":-3.7709093,"10/31":-3.754601,"11/01":-3.754601,"11/02":-3.754601,"11/03":-3.2364116,"11/04":-3.324615,"11/05":-3.324615,"11/06":-2.9815576,"11/07":-2.8027527,"11/08":-2.8027527,"11/09":-2.8027527,"11/10":-2.7684803,"11/11":-3.0293224,"11/12":-3.4764168,"11/13":-4.000634,"11/14":-4.000634,"11/15":-4.000634,"11/16":-4.000634,"11/17":-4.1093707,"11/18":-4.4473453,"11/19":-4.075059,"11/20":-4.5843196,"11/21":-4.9975877,"11/22":-4.9975877,"11/23":-4.9975877,"11/24":-4.5550733,"11/25":-4.2178526,"11/26":-4.1312723,"11/27":-4.8007975,"11/28":-4.784827,"11/29":-4.784827,"11/30":-4.784827,"12/01":-4.8083014,"12/02":-4.4208493,"12/03":-4.0998387,"12/04":-4.0998387,"12/05":-4.719969,"12/06":-4.719969,"12/07":-4.719969,"12/08":-3.9280088,"12/09":-3.8437722,"12/10":-3.5092263,"12/11":-4.0092297,"12/12":-4.6135573,"12/13":-4.6135573,"12/14":-4.6135573,"12/15":-4.539966,"12/16":-3.9710195,"12/17":-3.8179002,"12/18":-3.754601,"12/19":-4.309027,"12/20":-4.309027,"12/21":-4.309027,"12/22":-4.850537,"12/23":-4.8702316,"12/24":-4.766038,"12/25":-4.766038,"12/26":-4.4700484,"12/27":-4.4700484,"12/28":-4.4700484,"12/29":-4.1988387,"12/30":-4.275809,"12/31":-4.275809},"2026":{"01/01":-5.1180654,"01/02":-5.632033,"01/03":-5.632033,"01/04":-5.632033,"01/05":-5.4443502,"01/06":-5.2652225,"01/07":-5.1609592,"01/08":-4.3042855,"01/09":-3.6883218,"01/10":-3.6883218,"01/11":-3.6883218,"01/12":-3.8447316,"01/13":-3.6671805,"01/14":-3.6642919,"01/15":-3.6642919,"01/16":-3.7709093,"01/17":-3.7709093,"01/18":-3.7709093,"01/19":-3.6306245,"01/20":-2.494414,"01/21":-2.2910583,"01/22":-2.8321128,"01/23":-1.9206939,"01/24":-1.9206939,"01/25":-1.9206939,"01/26":-1.9206939,"01/27":-2.1860983,"01/28":-3.0332248,"01/29":-3.0332248,"01/30":-3.1091568,