{"0":{"01/01":26.470356,"01/02":25.293745,"01/03":24.739508,"01/04":27.303406,"01/05":27.426794,"01/06":28.188581,"01/07":28.188581,"01/08":27.292336,"01/09":26.003105,"01/10":27.328306,"01/11":28.004719,"01/12":28.09533,"01/13":27.541117,"01/14":27.541117,"01/15":27.541117,"01/16":28.094065,"01/17":26.997868,"01/18":26.184896,"01/19":26.509567,"01/20":27.129217,"01/21":27.129217,"01/22":27.129217,"01/23":26.716265,"01/24":27.094496,"01/25":28.799347,"01/26":28.799347,"01/27":30.452547,"01/28":30.452547,"01/29":30.452547,"01/30":30.301208,"01/31":29.955515,"02/01":30.359877,"02/02":30.138533,"02/03":28.68741,"02/04":28.68741,"02/05":28.68741,"02/06":29.078787,"02/07":29.48671,"02/08":28.575665,"02/09":28.228956,"02/10":28.352747,"02/11":28.352747,"02/12":28.352747,"02/13":28.956146,"02/14":28.125551,"02/15":27.413897,"02/16":27.237215,"02/17":27.930561,"02/18":27.930561,"02/19":27.930561,"02/20":28.380558,"02/21":28.466639,"02/22":30.299915,"02/23":30.546654,"02/24":30.909967,"02/25":30.909967,"02/26":30.909967,"02/27":31.248875,"02/28":31.931953,"03/01":30.877098,"03/02":31.6773,"03/03":29.836376,"03/04":29.836376,"03/05":29.836376,"03/06":29.083906,"03/07":29.083906,"03/08":28.59216,"03/09":29.609068,"03/10":30.828472,"03/11":30.828472,"03/12":30.828472,"03/13":32.9551,"03/14":33.449417,"03/15":34.04249,"03/16":33.859337,"03/17":32.906277,"03/18":32.906277,"03/19":32.906277,"03/20":33.757645,"03/21":33.05422,"03/22":33.05422,"03/23":33.21337,"03/24":34.255188,"03/25":34.255188,"03/26":34.255188,"03/27":34.155655,"03/28":34.23998,"03/29":33.15892,"03/30":33.15892,"03/31":31.276644,"04/01":31.276644,"04/02":31.276644,"04/03":30.961288,"04/04":30.961288,"04/05":30.120335,"04/06":29.731668,"04/07":29.731668,"04/08":29.731668,"04/09":29.731668,"04/10":29.467407,"04/11":28.83628,"04/12":28.33883,"04/13":28.116732,"04/14":28.116732,"04/15":28.116732,"04/16":28.116732,"04/17":28.896193,"04/18":29.12612,"04/19":29.485422,"04/20":29.363298,"04/21":29.600042,"04/22":29.600042,"04/23":29.600042,"04/24":28.866869,"04/25":28.604845,"04/26":28.216333,"04/27":27.508657,"04/28":26.4077,"04/29":26.4077,"04/30":26.4077,"05/01":26.4077,"05/02":25.86189,"05/03":26.103067,"05/04":25.215992,"05/05":25.215992,"05/06":25.215992,"05/07":25.215992,"05/08":25.247284,"05/09":25.23524,"05/10":24.838085,"05/11":25.136618,"05/12":25.044147,"05/13":25.044147,"05/14":25.044147,"05/15":24.065434,"05/16":24.475527,"05/17":25.020151,"05/18":25.734364,"05/19":25.273777,"05/20":25.273777,"05/21":25.273777,"05/22":24.679209,"05/23":24.579063,"05/24":25.03935,"05/25":25.03935,"05/26":23.34665,"05/27":23.34665,"05/28":23.34665,"05/29":22.503553,"05/30":22.300026,"05/31":22.782911,"06/01":23.1636,"06/02":22.586538,"06/03":22.586538,"06/04":22.586538,"06/05":22.121204,"06/06":22.01828,"06/07":21.234901,"06/08":21.941776,"06/09":22.222017,"06/10":22.222017,"06/11":22.222017,"06/12":21.969166,"06/13":21.136847,"06/14":20.841372,"06/15":21.348946,"06/16":20.396965,"06/17":20.396965,"06/18":20.396965,"06/19":20.958036,"06/20":20.596428,"06/21":20.612055,"06/22":21.167261,"06/23":21.79701,"06/24":21.79701,"06/25":21.79701,"06/26":21.596958,"06/27":20.770805,"06/28":19.889584,"06/29":19.889584,"06/30":18.51555,"07/01":18.51555,"07/02":18.51555,"07/03":17.685953,"07/04":17.704021,"07/05":17.677448,"07/06":16.823872,"07/07":16.823872,"07/08":16.823872,"07/09":16.823872,"07/10":16.823872,"07/11":17.183197,"07/12":17.493874,"07/13":17.535204,"07/14":16.763147,"07/15":16.763147,"07/16":16.763147,"07/17":15.952653,"07/18":15.785738,"07/19":15.150286,"07/20":14.383034,"07/21":15.608004,"07/22":15.608004,"07/23":15.608004,"07/24":15.811462,"07/25":15.595697,"07/26":15.034387,"07/27":15.351112,"07/28":14.989716,"07/29":14.989716,"07/30":14.989716,"07/31":14.356935,"08/01":14.662861,"08/02":15.74356,"08/03":16.45217,"08/04":15.757956,"08/05":15.757956,"08/06":15.757956,"08/07":15.219523,"08/08":15.312316,"08/09":14.943057,"08/10":15.319459,"08/11":15.985687,"08/12":15.985687,"08/13":15.985687,"08/14":16.101439,"08/15":16.101439,"08/16":16.101439,"08/17":16.227793,"08/18":16.4959,"08/19":14.170949,"08/20":14.170949,"08/21":14.157684,"08/22":14.156749,"08/23":14.153336,"08/24":13.898588,"08/25":14.133431,"08/26":14.359755,"08/27":14.359755,"08/28":14.351675,"08/29":14.251258,"08/30":14.702226,"08/31":14.708473,"09/01":13.815405,"09/02":14.207117,"09/03":14.207117,"09/04":14.202097,"09/05":14.195887,"09/06":14.040735,"09/07":14.041309,"09/08":14.057249,"09/09":13.974262,"09/10":13.974262,"09/11":13.991716,"09/12":13.940596,"09/13":13.897699,"09/14":13.898678,"09/15":13.900703,"09/16":13.9134655,"09/17":13.9134655,"09/18":13.907944,"09/19":13.948498,"09/20":13.354626,"09/21":13.639545,"09/22":13.789034,"09/23":14.715822,"09/24":14.715822,"09/25":14.715075,"09/26":15.729769,"09/27":15.6603985,"09/28":16.04767,"09/29":15.941209,"09/30":15.107869,"10/01":15.107869,"10/02":15.107869,"10/03":15.7333355,"10/04":14.633583,"10/05":14.635067,"10/06":14.483574,"10/07":14.605281,"10/08":14.605281,"10/09":14.599365,"10/10":14.913807,"10/11":15.857056,"10/12":15.298481,"10/13":15.675163,"10/14":15.33515,"10/15":15.33515,"10/16":15.332668,"10/17":15.0436945,"10/18":14.30798,"10/19":14.237301,"10/20":14.065535,"10/21":14.287102,"10/22":14.287102,"10/23":14.290178,"10/24":14.290178,"10/25":13.952979,"10/26":13.988241,"10/27":13.523022,"10/28":13.35718,"10/29":13.35718,"10/30":13.340607,"10/31":12.599207,"11/01":12.123806,"11/02":12.391921,"11/03":12.528549,"11/04":12.34803,"11/05":12.34803,"11/06":12.335491,"11/07":12.134731,"11/08":12.130957,"11/09":12.282487,"11/10":12.676329,"11/11":11.983279,"11/12":11.983279,"11/13":11.98107,"11/14":11.955284,"11/15":11.65545,"11/16":11.78847,"11/17":11.901468,"11/18":12.161486,"11/19":12.161486,"11/20":12.159073,"11/21":12.605739,"11/22":12.352185,"11/23":12.350064,"11/24":11.66161,"11/25":11.555352,"11/26":11.555352,"11/27":11.555352,"11/28":11.463203,"11/29":11.38654,"11/30":10.866968,"12/01":10.65696,"12/02":10.984007,"12/03":10.984007,"12/04":11.078582,"12/05":11.0247755,"12/06":11.181754,"12/07":11.433088,"12/08":11.336502,"12/09":11.5176735,"12/10":11.5176735,"12/11":11.542413,"12/12":11.489221,"12/13":11.206658,"12/14":11.096454,"12/15":11.923936,"12/16":12.430981,"12/17":12.430981,"12/18":12.42915,"12/19":11.915997,"12/20":11.94918,"12/21":12.536709,"12/22":12.80713,"12/23":14.020524,"12/24":14.020524,"12/25":14.020524,"12/26":13.340178,"12/27":13.083601,"12/28":13.20096,"12/29":12.9342785,"12/30":13.339307,"12/31":13.339307},"2022":{"08/19":11.845999,"08/20":11.845999,"08/21":12.615995,"08/22":12.686005,"08/23":12.976999,"08/24":12.144019,"08/25":11.666712,"08/26":12.119359,"08/27":12.119359,"08/28":12.570863,"08/29":12.6364765,"08/30":13.590928,"08/31":13.074997,"09/01":12.293993,"09/02":13.077417,"09/03":13.077417,"09/04":13.842143,"09/05":14.07096,"09/06":13.947917,"09/07":14.768939,"09/08":15.6313305,"09/09":15.465359,"09/10":15.465359,"09/11":16.482098,"09/12":15.503766,"09/13":15.841864,"09/14":16.199564,"09/15":16.55521,"09/16":16.580734,"09/17":16.580734,"09/18":16.327911,"09/19":16.40902,"09/20":14.267827,"09/21":13.872703,"09/22":14.001654,"09/23":15.855229,"09/24":15.855229,"09/25":15.776459,"09/26":17.798906,"09/27":18.29022,"09/28":17.963789,"09/29":17.750866,"09/30":16.084187,"10/01":16.084187,"10/02":16.084187,"10/03":18.053371,"10/04":14.928302,"10/05":15.288346,"10/06":15.550891,"10/07":15.794306,"10/08":15.794306,"10/09":14.839795,"10/10":16.654673,"10/11":19.378347,"10/12":18.288311,"10/13":18.803032,"10/14":18.123003,"10/15":18.123003,"10/16":18.015871,"10/17":18.028902,"10/18":15.799709,"10/19":15.411659,"10/20":14.524943,"10/21":14.968078,"10/22":14.968078,"10/23":13.209842,"10/24":13.209842,"10/25":11.715477,"10/26":10.376571,"10/27":10.708245,"10/28":10.376561,"10/29":10.376561,"10/30":11.076283,"10/31":9.37357,"11/01":7.9316225,"11/02":9.660007,"11/03":10.629865,"11/04":10.268826,"11/05":10.268826,"11/06":11.108426,"11/07":10.773179,"11/08":11.127301,