{"0":{"01/01":14.523811,"01/02":14.611804,"01/03":14.56225,"01/04":14.421972,"01/05":14.421972,"01/06":14.298534,"01/07":14.306858,"01/08":14.48222,"01/09":14.540623,"01/10":14.450264,"01/11":14.476494,"01/12":14.476494,"01/13":14.410906,"01/14":14.43687,"01/15":14.2898445,"01/16":14.267624,"01/17":14.932829,"01/18":15.163896,"01/19":15.209471,"01/20":15.2547455,"01/21":15.203264,"01/22":15.228184,"01/23":15.290958,"01/24":15.123455,"01/25":16.082987,"01/26":16.082987,"01/27":16.029978,"01/28":16.042141,"01/29":15.791241,"01/30":16.275108,"01/31":15.589533,"02/01":15.445687,"02/02":15.083179,"02/03":15.07921,"02/04":15.134762,"02/05":15.159187,"02/06":14.692333,"02/07":14.940204,"02/08":15.419718,"02/09":15.296501,"02/10":15.272708,"02/11":15.201719,"02/12":15.526725,"02/13":15.060383,"02/14":15.026815,"02/15":14.775328,"02/16":14.702505,"02/17":14.703403,"02/18":14.703403,"02/19":14.703403,"02/20":14.130077,"02/21":14.55097,"02/22":14.073289,"02/23":14.183064,"02/24":14.164721,"02/25":14.156217,"02/26":14.378838,"02/27":14.457683,"02/28":14.8172035,"02/29":15.237151,"03/01":14.1579895,"03/02":14.1579895,"03/03":14.157261,"03/04":14.018589,"03/05":14.185421,"03/06":14.020981,"03/07":14.092546,"03/08":14.092546,"03/09":14.092546,"03/10":14.089257,"03/11":14.463936,"03/12":14.521292,"03/13":14.998474,"03/14":14.810173,"03/15":15.228207,"03/16":15.228207,"03/17":15.258598,"03/18":15.310062,"03/19":16.004993,"03/20":16.004604,"03/21":15.496963,"03/22":15.253791,"03/23":15.253791,"03/24":15.379784,"03/25":15.37836,"03/26":15.597708,"03/27":15.641087,"03/28":15.05289,"03/29":15.05289,"03/30":15.05289,"03/31":15.052644,"04/01":15.052644,"04/02":14.340851,"04/03":14.241743,"04/04":14.121735,"04/05":13.652975,"04/06":13.652975,"04/07":13.575384,"04/08":13.281467,"04/09":13.279746,"04/10":12.993107,"04/11":13.059887,"04/12":13.766631,"04/13":13.766631,"04/14":13.766631,"04/15":14.47252,"04/16":14.784697,"04/17":14.910011,"04/18":15.485908,"04/19":14.998889,"04/20":14.998889,"04/21":15.118667,"04/22":14.89629,"04/23":14.668599,"04/24":14.56644,"04/25":14.019441,"04/26":13.813277,"04/27":13.813277,"04/28":13.905819,"04/29":13.2970295,"04/30":13.081776,"05/01":13.081776,"05/02":12.774088,"05/03":12.955122,"05/04":12.955122,"05/05":12.9501,"05/06":13.042611,"05/07":13.312458,"05/08":13.083705,"05/09":13.836044,"05/10":13.578271,"05/11":13.578271,"05/12":13.578271,"05/13":13.408027,"05/14":13.265887,"05/15":13.368822,"05/16":12.879327,"05/17":12.496239,"05/18":12.496239,"05/19":12.567807,"05/20":12.391204,"05/21":12.445772,"05/22":12.232831,"05/23":12.374615,"05/24":11.7151985,"05/25":11.7151985,"05/26":11.760156,"05/27":11.707574,"05/28":11.608426,"05/29":12.0774765,"05/30":12.373523,"05/31":12.367047,"06/01":12.367047,"06/02":12.361972,"06/03":10.506055,"06/04":13.447505,"06/05":11.630742,"06/06":11.109191,"06/07":10.063067,"06/08":10.063067,"06/09":10.137435,"06/10":10.156894,"06/11":10.13086,"06/12":9.948453,"06/13":9.720034,"06/14":9.501322,"06/15":9.501322,"06/16":9.568262,"06/17":9.530979,"06/18":9.271586,"06/19":8.98125,"06/20":8.895478,"06/21":9.162385,"06/22":9.162385,"06/23":9.1178665,"06/24":8.783335,"06/25":8.503081,"06/26":8.565226,"06/27":8.21192,"06/28":8.056878,"06/29":8.056878,"06/30":8.056878,"07/01":7.498888,"07/02":7.6176357,"07/03":6.921846,"07/04":6.5660396,"07/05":6.594243,"07/06":6.594243,"07/07":6.594243,"07/08":6.322303,"07/09":6.025363,"07/10":6.204057,"07/11":6.0177975,"07/12":5.7287307,"07/13":5.7287307,"07/14":5.7376056,"07/15":5.486348,"07/16":5.483472,"07/17":5.4680767,"07/18":5.114734,"07/19":5.356657,"07/20":5.356657,"07/21":5.394068,"07/22":5.114481,"07/23":5.16852,"07/24":5.1562634,"07/25":5.1193438,"07/26":4.417099,"07/27":4.417099,"07/28":4.383095,"07/29":4.294601,"07/30":4.3285365,"07/31":4.1655545,"08/01":4.2634134,"08/02":4.649537,"08/03":4.649537,"08/04":4.661706,"08/05":5.8862987,"08/06":5.987335,"08/07":5.229436,"08/08":5.311092,"08/09":4.9062586,"08/10":4.9062586,"08/11":4.927495,"08/12":4.860509,"08/13":5.492268,"08/14":5.3497095,"08/15":5.3497095,"08/16":4.366055,"08/17":4.366055,"08/18":4.4012938,"08/19":4.473168,"08/20":4.088281,"08/21":4.0293345,"08/22":3.8978791,"08/23":4.1271067,"08/24":4.1271067,"08/25":4.1340446,"08/26":3.8172112,"08/27":3.6872134,"08/28":3.6619987,"08/29":3.4933715,"08/30":3.330216,"08/31":3.330216,"09/01":3.331747,"09/02":2.9108114,"09/03":2.797432,"09/04":2.9102664,"09/05":2.907748,"09/06":3.408749,"09/07":3.408749,"09/08":3.408749,"09/09":3.431335,"09/10":3.2870536,"09/11":3.4723966,"09/12":2.983092,"09/13":3.0721738,"09/14":3.0721738,"09/15":3.0674803,"09/16":3.0247128,"09/17":2.9674516,"09/18":2.972095,"09/19":2.692766,"09/20":2.0403824,"09/21":2.0403824,"09/22":2.0346994,"09/23":1.739106,"09/24":1.8398762,"09/25":1.6756508,"09/26":1.3172766,"09/27":1.5265442,"09/28":1.5265442,"09/29":1.5284247,"09/30":1.9833035,"10/01":1.7887728,"10/02":1.7887728,"10/03":2.5627403,"10/04":3.047692,"10/05":3.047692,"10/06":3.0555859,"10/07":3.7200108,"10/08":3.3105578,"10/09":3.233459,"10/10":2.840361,"10/11":2.9685054,"10/12":2.9685054,"10/13":2.96913,"10/14":2.7512045,"10/15":2.7668784,"10/16":2.9928715,"10/17":3.4941583,"10/18":3.3871634,"10/19":3.3871634,"10/20":3.4009461,"10/21":3.5485759,"10/22":4.181721,"10/23":4.2419195,"10/24":4.2388067,"10/25":4.4312925,"10/26":4.4312925,"10/27":4.4428406,"10/28":4.296038,"10/29":3.7671542,"10/30":3.7232423,"10/31":4.2388105,"11/01":4.2388105,"11/02":4.2388105,"11/03":4.2349424,"11/04":4.2962484,"11/05":3.740705,"11/06":3.4260685,"11/07":3.73798,"11/08":3.9031312,"11/09":3.9031312,"11/10":3.9230487,"11/11":3.3370817,"11/12":4.014632,"11/13":4.7493334,"11/14":4.6374655,"11/15":4.6374655,"11/16":4.6374655,"11/17":4.671402,"11/18":4.800114,"11/19":4.695286,"11/20":4.708643,"11/21":4.934681,"11/22":4.021881,"11/23":4.021881,"11/24":4.0028334,"11/25":3.4025388,"11/26":3.564207,"11/27":3.5142684,"11/28":4.019425,"11/29":3.7125084,"11/30":3.7125084,"12/01":3.7098532,"12/02":3.5666108,"12/03":3.1443014,"12/04":3.0937226,"12/05":2.806117,"12/06":2.805686,"12/07":2.805686,"12/08":2.7737432,"12/09":2.62215,"12/10":2.5632496,"12/11":2.573574,"12/12":2.6914048,"12/13":2.371795,"12/14":2.371795,"12/15":2.371795,"12/16":2.371795,"12/17":2.8815398,"12/18":3.2620525,"12/19":3.4961553,"12/20":4.455772,"12/21":4.455772,"12/22":4.455772,"12/23":4.0004625,"12/24":4.126568,"12/25":4.126568,"12/26":9.682152,"12/27":9.686806,"12/28":9.686806,"12/29":9.681553,"12/30":9.704455,"12/31":9.690818},"2023":{"12/26":21.124,"12/27":21.251001,"12/28":21.251001,"12/29":21.235243,"12/30":21.832167,"12/31":21.482212},"2024":{"01/01":21.766424,"01/02":23.270214,"01/03":22.33061,"01/04":22.050055,"01/05":22.050055,"01/06":19.771658,"01/07":19.951134,"01/08":20.558685,"01/09":20.230461,"01/10":19.115454,"01/11":19.167912,"01/12":19.167912,"01/13":17.056154,"01/14":18.033966,"01/15":18.191067,"01/16":18.580256,"01/17":19.438805,"01/18":19.900938,"01/19":19.992088,"01/20":21.026007,"01/21":19.833958,"01/22":20.442148,"01/23":20.576952,"01/24":19.767794,"01/25":21.686855,"01/26":21.686855,"01/27":20.400269,"01/28":20.724226,"01/29":21.22462,"01/30":22.762371,"01/31":22.584192,"02/01":22.296501,"02/02":21.571486,"02/03":21.496744,"02/04":22.48144,"02/05":22.11542,"02/06":21.07681,"02/07":21.217825,"02/08":22.176853,"02/09":21.93042,"02/10":21.479391,"02/11":19.909378,"02/12":20.704899,"02/13":20.044474,"02/14":19.259892,"02/15":18.756916,"02/16":18.611269,"02/17":18.638412,"02/18":18.638412,"02/19":18.638412,"02/20":18.030712,"02/21":18.132322,"02/22":17.17696,"02/23":17.396511,"02/24":16.642084,"02/25":16.204584,"02/26":16.649826,"02/27":16.967848,"02/28":15.906493,"02/29":15.237151,"03/01":14.588066,"03/02":14.588066,"03/03":14.293972,"03/04":14.016629,"03/05":15.782132,"03/06":15.997527,"03/07":16.349628,"03/08":16.349628,"03/09":16.349628,"03/10":16.173449,"03/11":16.892082,"03/12":17.302721,"03/13":17.884295,"03/14":17.507692,"03/15":18.34376,"03/16":18.34376,"03/17":19.34656,"03/18":20.65588,