{"0":{"01/01":6.6870027,"01/02":6.7140007,"01/03":6.727059,"01/04":6.707859,"01/05":6.707859,"01/06":6.7628393,"01/07":6.782832,"01/08":6.7302628,"01/09":6.7232633,"01/10":6.7224574,"01/11":6.7075377,"01/12":6.7075377,"01/13":6.7674584,"01/14":6.788429,"01/15":6.735789,"01/16":6.7406216,"01/17":6.750727,"01/18":6.7326317,"01/19":6.7134666,"01/20":6.7713103,"01/21":6.7912536,"01/22":6.811197,"01/23":6.7515693,"01/24":6.752354,"01/25":6.7332163,"01/26":6.7332163,"01/27":6.7900004,"01/28":6.8119173,"01/29":6.7604427,"01/30":6.763286,"01/31":6.765054,"02/01":6.745938,"02/02":6.726818,"02/03":6.7845087,"02/04":6.8053994,"02/05":6.776109,"02/06":6.785963,"02/07":6.791774,"02/08":6.773738,"02/09":6.7567596,"02/10":6.8163743,"02/11":6.834255,"02/12":6.7998095,"02/13":6.806529,"02/14":6.8073783,"02/15":6.7882895,"02/16":6.7713404,"02/17":6.8298883,"02/18":6.8298883,"02/19":6.8298883,"02/20":6.812256,"02/21":6.81104,"02/22":6.793043,"02/23":6.7771635,"02/24":6.8376265,"02/25":6.860428,"02/26":6.8053713,"02/27":6.825027,"02/28":6.820835,"02/29":6.802859,"03/01":6.7848783,"03/02":6.7848783,"03/03":6.7848783,"03/04":6.728879,"03/05":6.711981,"03/06":6.6950884,"03/07":6.6782007,"03/08":6.6782007,"03/09":6.6782007,"03/10":6.6782007,"03/11":6.6033382,"03/12":6.5843806,"03/13":6.56543,"03/14":6.548583,"03/15":6.5306883,"03/16":6.5306883,"03/17":6.5306883,"03/18":6.5306883,"03/19":6.457085,"03/20":6.440283,"03/21":6.422425,"03/22":6.4035316,"03/23":6.4035316,"03/24":6.4035316,"03/25":6.4035316,"03/26":6.328004,"03/27":6.3101835,"03/28":6.29133,"03/29":6.29133,"03/30":6.29133,"03/31":6.2253795,"04/01":6.2253795,"04/02":6.1960945,"04/03":6.178318,"04/04":6.1584644,"04/05":6.140701,"04/06":6.140701,"04/07":6.140701,"04/08":6.0864196,"04/09":6.0864196,"04/10":6.0499115,"04/11":6.0499115,"04/12":6.0123854,"04/13":6.0123854,"04/14":6.0123854,"04/15":5.9582253,"04/16":5.9374123,"04/17":5.9374123,"04/18":5.8989244,"04/19":5.880216,"04/20":5.880216,"04/21":5.880216,"04/22":5.827231,"04/23":5.808548,"04/24":5.790901,"04/25":5.772231,"04/26":5.7535577,"04/27":5.7535577,"04/28":5.7535577,"04/29":5.69656,"04/30":5.677923,"05/01":5.677923,"05/02":5.64066,"05/03":5.623069,"05/04":5.623069,"05/05":5.623069,"05/06":5.5703406,"05/07":5.5517483,"05/08":5.534187,"05/09":5.5156074,"05/10":5.4970345,"05/11":5.4970345,"05/12":5.4970345,"05/13":5.441335,"05/14":5.422788,"05/15":5.404238,"05/16":5.3857045,"05/17":5.368198,"05/18":5.368198,"05/19":5.368198,"05/20":5.368198,"05/21":5.2931137,"05/22":5.27358,"05/23":5.27358,"05/24":5.235583,"05/25":5.235583,"05/26":5.235583,"05/27":5.180159,"05/28":5.161704,"05/29":5.1432557,"05/30":5.1258297,"05/31":5.10841,"06/01":5.10841,"06/02":5.10841,"06/03":5.052105,"06/04":5.0347195,"06/05":5.017329,"06/06":4.9989314,"06/07":4.979507,"06/08":4.979507,"06/09":4.979507,"06/10":4.9223185,"06/11":4.9039536,"06/12":4.885586,"06/13":4.8682547,"06/14":4.8498993,"06/15":4.8498993,"06/16":4.8498993,"06/17":4.8498993,"06/18":4.7755513,"06/19":4.7572284,"06/20":4.7389216,"06/21":4.720611,"06/22":4.720611,"06/23":4.720611,"06/24":4.6647215,"06/25":4.6464467,"06/26":4.629185,"06/27":4.611939,"06/28":4.592657,"06/29":4.592657,"06/30":4.592657,"07/01":4.5338697,"07/02":4.5125985,"07/03":4.4923496,"07/04":4.4741254,"07/05":4.4559174,"07/06":4.4559174,"07/07":4.4559174,"07/08":4.4023237,"07/09":4.385152,"07/10":4.3669653,"07/11":4.3487945,"07/12":4.3306203,"07/13":4.3306203,"07/14":4.3306203,"07/15":4.2761555,"07/16":4.2761555,"07/17":4.2761555,"07/18":4.2227554,"07/19":4.204625,"07/20":4.204625,"07/21":4.204625,"07/22":4.1492844,"07/23":4.1301827,"07/24":4.112085,"07/25":4.112085,"07/26":4.0739155,"07/27":4.0739155,"07/28":4.0739155,"07/29":4.020713,"07/30":4.002662,"07/31":3.983605,"08/01":3.965567,"08/02":3.947536,"08/03":3.947536,"08/04":3.947536,"08/05":3.8924582,"08/06":3.8744524,"08/07":3.8564527,"08/08":3.8384495,"08/09":3.8204622,"08/10":3.8204622,"08/11":3.8204622,"08/12":3.7645292,"08/13":3.7475572,"08/14":3.7296014,"08/15":3.7296014,"08/16":3.6927009,"08/17":3.6927009,"08/18":3.6927009,"08/19":3.6369052,"08/20":3.618978,"08/21":3.6000702,"08/22":3.5811694,"08/23":3.5632617,"08/24":3.5632617,"08/25":3.5632617,"08/26":3.5086,"08/27":3.4907267,"08/28":3.4718564,"08/29":3.453996,"08/30":3.4361415,"08/31":3.4361415,"09/01":3.4361415,"09/02":3.3806217,"09/03":3.3607993,"09/04":3.3429773,"09/05":3.3429773,"09/06":3.3073418,"09/07":3.3073418,"09/08":3.3073418,"09/09":3.25196,"09/10":3.2341754,"09/11":3.2163875,"09/12":3.1976264,"09/13":3.1798508,"09/14":3.1798508,"09/15":3.1798508,"09/16":3.1236277,"09/17":3.1048908,"09/18":3.1048908,"09/19":3.0674565,"09/20":3.0477633,"09/21":3.0477633,"09/22":3.0477633,"09/23":2.99069,"09/24":2.9710264,"09/25":2.9513702,"09/26":2.9336796,"09/27":2.915021,"09/28":2.915021,"09/29":2.915021,"09/30":2.8580945,"10/01":2.824756,"10/02":2.824756,"10/03":2.7816393,"10/04":2.7552025,"10/05":2.7552025,"10/06":2.7552025,"10/07":2.6965034,"10/08":2.6779215,"10/09":2.6593556,"10/10":2.6378622,"10/11":2.6193106,"10/12":2.6193106,"10/13":2.6193106,"10/14":2.5627108,"10/15":2.5461297,"10/16":2.5295632,"10/17":2.511051,"10/18":2.4944866,"10/19":2.4944866,"10/20":2.4944866,"10/21":2.4399726,"10/22":2.4214926,"10/23":2.4069045,"10/24":2.387463,"10/25":2.3699658,"10/26":2.3699658,"10/27":2.3699658,"10/28":2.3136497,"10/29":2.2961774,"10/30":2.2961774,"10/31":2.2573862,"11/01":2.2573862,"11/02":2.2573862,"11/03":2.2573862,"11/04":2.181821,"11/05":2.1605272,"11/06":2.137305,"11/07":2.1169977,"11/08":2.0976663,"11/09":2.0976663,"11/10":2.0976663,"11/11":2.0435736,"11/12":2.0252364,"11/13":2.0069056,"11/14":1.987616,"11/15":1.987616,"11/16":1.987616,"11/17":1.987616,"11/18":1.912449,"11/19":1.8941497,"11/20":1.8941497,"11/21":1.8556626,"11/22":1.8393093,"11/23":1.8393093,"11/24":1.8393093,"11/25":1.7854899,"11/26":1.7662838,"11/27":1.7490072,"11/28":1.7307757,"11/29":1.7144625,"11/30":1.7144625,"12/01":1.7144625,"12/02":1.656937,"12/03":1.6368203,"12/04":1.6205463,"12/05":1.6014024,"12/06":1.5822657,"12/07":1.5822657,"12/08":1.5822657,"12/09":1.5239327,"12/10":1.5057818,"12/11":1.4876372,"12/12":1.470446,"12/13":1.4542253,"12/14":1.4542253,"12/15":1.4542253,"12/16":1.4542253,"12/17":1.3807966,"12/18":1.3626876,"12/19":1.3455478,"12/20":1.3293579,"12/21":1.3293579,"12/22":1.3293579,"12/23":1.2751237,"12/24":1.2646683,"12/25":1.2646683,"12/26":3.8879526,"12/27":3.8884015,"12/28":3.8884015,"12/29":3.8884015,"12/30":3.8899434,"12/31":3.8905077},"2023":{"12/26":6.534996,"12/27":6.5530014,"12/28":6.5530014,"12/29":6.5530014,"12/30":6.6139984,"12/31":6.636},"2024":{"01/01":6.6870027,"01/02":6.7140007,"01/03":6.727059,"01/04":6.707859,"01/05":6.707859,"01/06":6.7628393,"01/07":6.782832,"01/08":6.7302628,"01/09":6.7232633,"01/10":6.7224574,"01/11":6.7075377,"01/12":6.7075377,"01/13":6.7674584,"01/14":6.788429,"01/15":6.735789,"01/16":6.7406216,"01/17":6.750727,"01/18":6.7326317,"01/19":6.7134666,"01/20":6.7713103,"01/21":6.7912536,"01/22":6.811197,"01/23":6.7515693,"01/24":6.752354,"01/25":6.7332163,"01/26":6.7332163,"01/27":6.7900004,"01/28":6.8119173,"01/29":6.7604427,"01/30":6.763286,"01/31":6.765054,"02/01":6.745938,"02/02":6.726818,"02/03":6.7845087,"02/04":6.8053994,"02/05":6.776109,"02/06":6.785963,"02/07":6.791774,"02/08":6.773738,"02/09":6.7567596,"02/10":6.8163743,"02/11":6.834255,"02/12":6.7998095,"02/13":6.806529,"02/14":6.8073783,"02/15":6.7882895,"02/16":6.7713404,"02/17":6.8298883,"02/18":6.8298883,"02/19":6.8298883,"02/20":6.812256,"02/21":6.81104,"02/22":6.793043,"02/23":6.7771635,"02/24":6.8376265,"02/25":6.860428,"02/26":6.8053713,"02/27":6.825027,"02/28":6.820835,"02/29":6.802859,"03/01":6.7848783,"03/02":6.7848783,"03/03":6.7848783,"03/04":6.728879,"03/05":6.711981,"03/06":6.6950884,"03/07":6.6782007,"03/08":6.6782007,"03/09":6.6782007,"03/10":6.6782007,"03/11":6.6033382,"03/12":6.5843806,"03/13":6.56543,"03/14":6.548583,"03/15":6.5306883,"03/16":6.5306883,"03/17":6.5306883,"03/18":6.5306883,"03/19":6.457085,"03/20":6.440283,