{"0":{"01/01":6.1078887,"01/02":6.048398,"01/03":6.0632715,"01/04":5.965389,"01/05":5.9475694,"01/06":5.9308047,"01/07":5.9308047,"01/08":6.0168242,"01/09":5.9961843,"01/10":6.0001745,"01/11":5.8964744,"01/12":5.879734,"01/13":5.8629985,"01/14":5.8629985,"01/15":5.8629985,"01/16":5.8117886,"01/17":5.795085,"01/18":5.777331,"01/19":5.760628,"01/20":5.743941,"01/21":5.743941,"01/22":5.743941,"01/23":5.690758,"01/24":5.6730394,"01/25":5.655337,"01/26":5.655337,"01/27":5.6188965,"01/28":5.6188965,"01/29":5.6188965,"01/30":5.5637574,"01/31":5.546091,"02/01":5.528421,"02/02":5.5107565,"02/03":5.493108,"02/04":5.493108,"02/05":5.493108,"02/06":5.4432936,"02/07":5.4256577,"02/08":5.4090657,"02/09":5.3914514,"02/10":5.372795,"02/11":5.372795,"02/12":5.372795,"02/13":5.3168864,"02/14":5.299293,"02/15":5.281715,"02/16":5.263098,"02/17":5.245532,"02/18":5.245532,"02/19":5.245532,"02/20":5.1928496,"02/21":5.174274,"02/22":5.1556945,"02/23":5.1371317,"02/24":5.1195984,"02/25":5.1195984,"02/26":5.1195984,"02/27":5.062927,"02/28":5.0474796,"03/01":5.0330677,"03/02":5.0155783,"03/03":4.998085,"03/04":4.998085,"03/05":4.998085,"03/06":4.9436026,"03/07":4.9436026,"03/08":4.9025106,"03/09":4.8819814,"03/10":4.862488,"03/11":4.862488,"03/12":4.862488,"03/13":4.7968674,"03/14":4.7753544,"03/15":4.752825,"03/16":4.741568,"03/17":4.7231417,"03/18":4.7231417,"03/19":4.7231417,"03/20":4.6648498,"03/21":4.641354,"03/22":4.641354,"03/23":4.587231,"03/24":4.562749,"03/25":4.562749,"03/26":4.562749,"03/27":4.5076866,"03/28":4.5097275,"03/29":4.5331736,"03/30":4.5331736,"03/31":4.4333577,"04/01":4.4333577,"04/02":4.4333577,"04/03":4.3266234,"04/04":4.3266234,"04/05":4.2728252,"04/06":4.25761,"04/07":4.25761,"04/08":4.25761,"04/09":4.25761,"04/10":4.1623735,"04/11":4.1401067,"04/12":4.1208878,"04/13":4.096614,"04/14":4.096614,"04/15":4.096614,"04/16":4.096614,"04/17":4.0228586,"04/18":4.001662,"04/19":3.985525,"04/20":3.969383,"04/21":3.951227,"04/22":3.951227,"04/23":3.951227,"04/24":3.9008505,"04/25":3.8837266,"04/26":3.8686244,"04/27":3.8515208,"04/28":3.8344133,"04/29":3.8344133,"04/30":3.8344133,"05/01":3.8344133,"05/02":3.762035,"05/03":3.7419498,"05/04":3.7228775,"05/05":3.7228775,"05/06":3.7228775,"05/07":3.7228775,"05/08":3.6466494,"05/09":3.6256056,"05/10":3.6065667,"05/11":3.5885468,"05/12":3.569531,"05/13":3.569531,"05/14":3.569531,"05/15":3.5135167,"05/16":3.494519,"05/17":3.4705458,"05/18":3.4445744,"05/19":3.4206243,"05/20":3.4206243,"05/21":3.4206243,"05/22":3.3577938,"05/23":3.3278985,"05/24":3.310963,"05/25":3.310963,"05/26":3.2721455,"05/27":3.2721455,"05/28":3.2721455,"05/29":3.2363346,"05/30":3.209495,"05/31":3.1747222,"06/01":3.1359973,"06/02":3.047749,"06/03":3.047749,"06/04":3.047749,"06/05":3.0437903,"06/06":2.9408662,"06/07":2.928007,"06/08":3.0824366,"06/09":3.1598253,"06/10":3.1598253,"06/11":3.1598253,"06/12":3.1608195,"06/13":3.1250858,"06/14":3.1062396,"06/15":3.094332,"06/16":3.1102033,"06/17":3.1102033,"06/18":3.1102033,"06/19":3.0576615,"06/20":3.037848,"06/21":2.9784443,"06/22":3.0012083,"06/23":3.0289314,"06/24":3.0289314,"06/25":3.0289314,"06/26":3.0309148,"06/27":3.0210075,"06/28":2.9418468,"06/29":2.9418468,"06/30":2.9804258,"07/01":2.9804258,"07/02":2.9804258,"07/03":3.0051637,"07/04":2.9685566,"07/05":2.9210882,"07/06":3.0130851,"07/07":3.0130851,"07/08":3.0130851,"07/09":3.0130851,"07/10":3.0130851,"07/11":2.9112115,"07/12":2.9260366,"07/13":2.7957256,"07/14":2.7572942,"07/15":2.7572942,"07/16":2.7572942,"07/17":2.6372414,"07/18":2.538074,"07/19":2.5272794,"07/20":2.4978719,"07/21":2.5321898,"07/22":2.5321898,"07/23":2.5321898,"07/24":2.4723866,"07/25":2.5106146,"07/26":2.491983,"07/27":2.4733677,"07/28":2.627419,"07/29":2.627419,"07/30":2.627419,"07/31":2.5498443,"08/01":2.4870856,"08/02":2.4410498,"08/03":2.5488617,"08/04":2.6293871,"08/05":2.6293871,"08/06":2.6293871,"08/07":2.5616171,"08/08":2.567514,"08/09":2.5439587,"08/10":2.5125687,"08/11":2.5714362,"08/12":2.5714362,"08/13":2.5714362,"08/14":2.5586784,"08/15":2.5586784,"08/16":2.5586784,"08/17":2.6146472,"08/18":2.4959087,"08/19":2.4959087,"08/20":2.4959087,"08/21":2.4537783,"08/22":2.4479039,"08/23":2.3637562,"08/24":2.3852699,"08/25":2.397005,"08/26":2.397005,"08/27":2.397005,"08/28":2.2787788,"08/29":2.1325834,"08/30":2.120909,"08/31":2.0926986,"09/01":2.0732546,"09/02":2.0732546,"09/03":2.0732546,"09/04":2.0217547,"09/05":2.0217547,"09/06":2.0159297,"09/07":1.9072943,"09/08":1.8627378,"09/09":1.8627378,"09/10":1.8627378,"09/11":1.9005122,"09/12":1.9005122,"09/13":1.8550017,"09/14":1.7660284,"09/15":1.9131068,"09/16":1.9131068,"09/17":1.9131068,"09/18":1.7892182,"09/19":1.7892182,"09/20":1.7254624,"09/21":1.7022924,"09/22":1.709048,"09/23":1.709048,"09/24":1.709048,"09/25":1.6617771,"09/26":1.6617771,"09/27":1.6193646,"09/28":1.7293205,"09/29":1.7293205,"09/30":1.7293205,"10/01":1.7293205,"10/02":1.7293205,"10/03":1.5481226,"10/04":1.5519673,"10/05":1.4721702,"10/06":1.8956711,"10/07":1.8956711,"10/08":1.8956711,"10/09":1.9868056,"10/10":1.9441308,"10/11":1.8046901,"10/12":1.7409058,"10/13":1.6772103,"10/14":1.6772103,"10/15":1.6772103,"10/16":1.6164796,"10/17":1.5231166,"10/18":1.6145502,"10/19":1.6367152,"10/20":1.6569587,"10/21":3.5454783,"10/22":3.5454783,"10/23":3.5460017,"10/24":3.5460017,"10/25":3.5473719,"10/26":3.5476177,"10/27":3.5478268,"10/28":3.5478268,"10/29":3.5478268,"10/30":3.5491447,"10/31":3.5276086,"11/01":3.5006542,"11/02":3.4819791,"11/03":3.4850352,"11/04":3.4771247,"11/05":3.4771247,"11/06":3.4791353,"11/07":3.4556866,"11/08":3.457191,"11/09":3.4419482,"11/10":3.4350183,"11/11":3.4271069,"11/12":3.4271069,"11/13":3.4281342,"11/14":3.4044032,"11/15":3.399566,"11/16":3.395096,"11/17":3.3879695,"11/18":3.3800566,"11/19":3.3800566,"11/20":3.3800101,"11/21":3.3567588,"11/22":3.3477685,"11/23":3.3476532,"11/24":3.329599,"11/25":3.3211842,"11/26":3.3211842,"11/27":3.3211842,"11/28":3.2976706,"11/29":3.2919948,"11/30":3.2837462,"12/01":3.274924,"12/02":3.267038,"12/03":3.267038,"12/04":3.2674074,"12/05":3.2436273,"12/06":3.2366927,"12/07":3.2298043,"12/08":3.2221248,"12/09":3.213722,"12/10":3.213722,"12/11":3.2140977,"12/12":3.1871157,"12/13":3.1804664,"12/14":3.1769843,"12/15":3.1696827,"12/16":3.161278,"12/17":3.161278,"12/18":3.1634753,"12/19":3.1375105,"12/20":3.1291842,"12/21":3.121647,"12/22":3.115063,"12/23":3.106657,"12/24":3.106657,"12/25":3.106657,"12/26":3.0824003,"12/27":3.073286,"12/28":3.0663736,"12/29":3.059119,"12/30":3.0496705,"12/31":3.0496705},"2022":{"10/21":5.433998,"10/22":5.433998,"10/23":5.4629993,"10/24":5.4629993,"10/25":5.5370045,"10/26":5.550003,"10/27":5.560999,"10/28":5.560999,"10/29":5.560999,"10/30":5.628996,"10/31":5.6425724,"11/01":5.5867414,"11/02":5.589678,"11/03":5.615921,"11/04":5.6001,"11/05":5.6001,"11/06":5.6979613,"11/07":5.6644554,"11/08":5.735325,"11/09":5.73062,"11/10":5.7368035,"11/11":5.7209806,"11/12":5.7209806,"11/13":5.7678723,"11/14":5.7204103,"11/15":5.819311,"11/16":5.8436584,"11/17":5.861719,"11/18":5.8458934,"11/19":5.8458934,"11/20":5.8438973,"11/21":5.838237,"11/22":5.7974615,"11/23":5.7924843,"11/24":5.7060084,"11/25":5.689179,"11/26":5.689179,"11/27":5.689179,"11/28":5.737143,"11/29":5.8158784,"11/30":5.785167,"12/01":5.729605,"12/02":5.7138333,"12/03":5.7138333,"12/04":5.729737,"12/05":5.6764894,"12/06":5.7014794,"12/07":5.706647,"12/08":5.7206435,"12/09":5.703838,"12/10":5.703838,"12/11":5.719734,"12/12":5.591906,"12/13":5.6505766,"12/14":5.8362894,"12/15":5.8631496,"12/16":5.84634,"12/17":5.84634,"12/18":5.931676,"12/19":5.909826,"12/20":5.9147873,"12/21":5.949473,"12/22":6.000079,"12/23":5.9832673,"12/24":5.9832673,"12/25":5.9832673,"12/26":6.021849,"12/27":5.997071,"12/28":6.0515156,"12/29":6.0753055,"12/30":6.0564084,"12/31":6.0564084},"2023":{"01/01":6.1078887,"01/02":6.048398,"01/03":6.0632715,"01/04":5.965389,"01/05":5.9475694,"01/06":5.9308047,"01/07":5.9308047,"01/08":6.0168242,"01/09":5.9961843,"01/10":6.0001745,"01/11":5.8964744,"01/12":5.879734,"01/13":5.8629985,"01/14":5.8629985,