{"0":{"01/01":12.179088,"01/02":12.296101,"01/03":12.228177,"01/04":12.087899,"01/05":12.087899,"01/06":11.920061,"01/07":11.931944,"01/08":12.112918,"01/09":12.161595,"01/10":12.050817,"01/11":12.077045,"01/12":12.077045,"01/13":11.968171,"01/14":12.014371,"01/15":11.877206,"01/16":11.864463,"01/17":12.519355,"01/18":12.750422,"01/19":12.795997,"01/20":12.861889,"01/21":12.786606,"01/22":12.823728,"01/23":12.886705,"01/24":12.708838,"01/25":13.668369,"01/26":13.668369,"01/27":13.58956,"01/28":13.60827,"01/29":13.379274,"01/30":13.8756,"01/31":13.216098,"02/01":13.072252,"02/02":12.709744,"02/03":12.704316,"02/04":12.77896,"02/05":12.794319,"02/06":12.3251705,"02/07":12.565289,"02/08":13.044804,"02/09":12.921587,"02/10":12.888975,"02/11":12.786777,"02/12":13.114962,"02/13":12.654571,"02/14":12.605323,"02/15":12.353835,"02/16":12.281012,"02/17":12.282464,"02/18":12.282464,"02/19":12.282464,"02/20":11.720919,"02/21":12.125633,"02/22":11.647952,"02/23":11.757728,"02/24":11.723697,"02/25":11.706003,"02/26":11.928624,"02/27":12.010973,"02/28":12.331581,"02/29":15.237151,"03/01":11.672367,"03/02":11.672367,"03/03":11.665243,"03/04":11.526571,"03/05":11.724696,"03/06":11.572153,"03/07":11.648285,"03/08":11.648285,"03/09":11.648285,"03/10":11.64129,"03/11":12.015297,"03/12":12.079122,"03/13":12.548156,"03/14":12.359855,"03/15":12.777888,"03/16":12.777888,"03/17":12.828869,"03/18":12.906699,"03/19":13.609609,"03/20":13.627792,"03/21":13.141957,"03/22":12.898786,"03/23":12.898786,"03/24":13.059963,"03/25":13.058181,"03/26":13.263082,"03/27":13.312492,"03/28":12.717806,"03/29":12.717806,"03/30":12.717806,"03/31":12.718018,"04/01":12.718018,"04/02":11.980319,"04/03":11.878458,"04/04":11.735832,"04/05":11.267073,"04/06":11.267073,"04/07":11.12771,"04/08":10.86268,"04/09":10.859341,"04/10":10.5727005,"04/11":10.686984,"04/12":11.393728,"04/13":11.393728,"04/14":11.393728,"04/15":12.099617,"04/16":12.453404,"04/17":12.611226,"04/18":13.187122,"04/19":12.700104,"04/20":12.700104,"04/21":12.846013,"04/22":12.623636,"04/23":12.395946,"04/24":12.309335,"04/25":11.746154,"04/26":11.53999,"04/27":11.53999,"04/28":11.652843,"04/29":11.035905,"04/30":10.820651,"05/01":10.820651,"05/02":10.512964,"05/03":10.693997,"05/04":10.693997,"05/05":10.687776,"05/06":10.768022,"05/07":11.043432,"05/08":10.798216,"05/09":11.63457,"05/10":11.374326,"05/11":11.374326,"05/12":11.374326,"05/13":11.20245,"05/14":10.84438,"05/15":10.796445,"05/16":10.276389,"05/17":9.905495,"05/18":9.905495,"05/19":9.905495,"05/20":9.905495,"05/21":9.927323,"05/22":9.782307,"05/23":9.782307,"05/24":9.144202,"05/25":9.144202,"05/26":9.144202,"05/27":9.154276,"05/28":9.089406,"05/29":9.545379,"05/30":9.848138,"05/31":9.841832,"06/01":9.841832,"06/02":9.841832,"06/03":8.086671,"06/04":10.971399,"06/05":9.113438,"06/06":8.43914,"06/07":7.4386373,"06/08":7.4386373,"06/09":7.4386373,"06/10":7.4349427,"06/11":7.4154205,"06/12":7.3479886,"06/13":7.1654625,"06/14":6.9550114,"06/15":6.9550114,"06/16":6.9550114,"06/17":6.9550114,"06/18":6.723448,"06/19":6.4738493,"06/20":6.304445,"06/21":6.559191,"06/22":6.559191,"06/23":6.559191,"06/24":6.187018,"06/25":5.8815885,"06/26":5.885586,"06/27":5.5522976,"06/28":5.4060397,"06/29":5.4060397,"06/30":5.4060397,"07/01":4.879665,"07/02":4.991685,"07/03":4.3353167,"07/04":3.9996696,"07/05":4.026275,"07/06":4.026275,"07/07":4.026275,"07/08":3.771107,"07/09":3.4899418,"07/10":3.6893566,"07/11":3.5412605,"07/12":3.2661195,"07/13":3.2661195,"07/14":3.2661195,"07/15":3.00548,"07/16":3.00548,"07/17":3.00548,"07/18":2.702451,"07/19":2.933652,"07/20":2.933652,"07/21":2.933652,"07/22":2.6762438,"07/23":2.7100086,"07/24":2.7166774,"07/25":2.7166774,"07/26":2.0441988,"07/27":2.0441988,"07/28":2.0441988,"07/29":1.9451468,"07/30":1.9792751,"07/31":1.8284189,"08/01":1.9451468,"08/02":2.320401,"08/03":2.320401,"08/04":2.320401,"08/05":3.5151346,"08/06":3.6345315,"08/07":2.8875194,"08/08":2.990647,"08/09":2.5938015,"08/10":2.5938015,"08/11":2.5938015,"08/12":2.5411901,"08/13":3.1402237,"08/14":2.9987373,"08/15":2.9987373,"08/16":2.043331,"08/17":2.043331,"08/18":2.043331,"08/19":2.1257963,"08/20":1.7537477,"08/21":1.6882621,"08/22":1.5854548,"08/23":1.8077987,"08/24":1.8077987,"08/25":1.8077987,"08/26":1.5225205,"08/27":1.3954227,"08/28":1.3789437,"08/29":1.2130758,"08/30":1.052029,"08/31":1.052029,"09/01":1.052029,"09/02":0.6384163,"09/03":0.5258488,"09/04":0.6334948,"09/05":0.6334948,"09/06":1.1234354,"09/07":1.1234354,"09/08":1.1234354,"09/09":1.1368182,"09/10":0.9878936,"09/11":1.1615158,"09/12":0.68029946,"09/13":0.7659177,"09/14":0.7659177,"09/15":0.7659177,"09/16":0.70496607,"09/17":0.64293176,"09/18":0.64293176,"09/19":0.3930463,"09/20":-0.23170957,"09/21":-0.23170957,"09/22":-0.23170957,"09/23":-0.5158006,"09/24":-0.41530186,"09/25":-0.56980467,"09/26":-0.92877525,"09/27":-0.7229587,"09/28":-0.7229587,"09/29":-0.7229587,"09/30":-0.27763784,"10/01":-0.46246096,"10/02":-0.46246096,"10/03":0.29653394,"10/04":0.77210397,"10/05":0.77210397,"10/06":0.77210397,"10/07":1.4127553,"10/08":1.0203582,"10/09":0.94135076,"10/10":0.5532272,"10/11":0.67701167,"10/12":0.67701167,"10/13":0.67701167,"10/14":0.47321373,"10/15":0.47484246,"10/16":0.6634572,"10/17":1.1221793,"10/18":1.0207752,"10/19":1.0207752,"10/20":1.0207752,"10/21":1.1602578,"10/22":1.7584602,"10/23":1.7584602,"10/24":1.7807591,"10/25":1.9615586,"10/26":1.9615586,"10/27":1.9615586,"10/28":1.8413162,"10/29":1.3346357,"10/30":1.3346357,"10/31":1.8520662,"11/01":1.8520662,"11/02":1.8520662,"11/03":1.8520662,"11/04":1.9326298,"11/05":1.4000702,"11/06":1.0904213,"11/07":1.3928838,"11/08":1.5509901,"11/09":1.5509901,"11/10":1.5509901,"11/11":1.0070324,"11/12":1.6383004,"11/13":2.3462555,"11/14":2.239505,"11/15":2.239505,"11/16":2.239505,"11/17":2.239505,"11/18":2.3892536,"11/19":2.2718325,"11/20":2.2718325,"11/21":2.5116127,"11/22":1.6425687,"11/23":1.6425687,"11/24":1.6425687,"11/25":1.0778948,"11/26":1.1962975,"11/27":1.1573267,"11/28":1.63446,"11/29":1.3426465,"11/30":1.3426465,"12/01":1.3426465,"12/02":1.2231504,"12/03":0.8166869,"12/04":0.76839125,"12/05":0.4654719,"12/06":0.46506387,"12/07":0.46506387,"12/08":0.46506387,"12/09":0.32812384,"12/10":0.27751958,"12/11":0.27954072,"12/12":0.38817236,"12/13":0.08253333,"12/14":0.08253333,"12/15":0.08253333,"12/16":0.08253333,"12/17":0.56999624,"12/18":0.93387634,"12/19":1.157746,"12/20":2.0754158,"12/21":2.0754158,"12/22":2.0754158,"12/23":1.6400093,"12/24":1.7606021,"12/25":1.7606021,"12/26":8.10966,"12/27":8.11596,"12/28":8.11596,"12/29":8.110707,"12/30":8.141306,"12/31":8.123166},"2023":{"12/26":21.124,"12/27":21.251001,"12/28":21.251001,"12/29":21.235243,"12/30":21.832167,"12/31":21.482212},"2024":{"01/01":21.766424,"01/02":23.270214,"01/03":22.33061,"01/04":22.050055,"01/05":22.050055,"01/06":19.771658,"01/07":19.951134,"01/08":20.558685,"01/09":20.230461,"01/10":19.115454,"01/11":19.167912,"01/12":19.167912,"01/13":17.056154,"01/14":18.033966,"01/15":18.191067,"01/16":18.580256,"01/17":19.438805,"01/18":19.900938,"01/19":19.992088,"01/20":21.026007,"01/21":19.833958,"01/22":20.442148,"01/23":20.576952,"01/24":19.767794,"01/25":21.686855,"01/26":21.686855,"01/27":20.400269,"01/28":20.724226,"01/29":21.22462,"01/30":22.762371,"01/31":22.584192,"02/01":22.296501,"02/02":21.571486,"02/03":21.496744,"02/04":22.48144,"02/05":22.11542,"02/06":21.07681,"02/07":21.217825,"02/08":22.176853,"02/09":21.93042,"02/10":21.479391,"02/11":19.909378,"02/12":20.704899,"02/13":20.044474,"02/14":19.259892,"02/15":18.756916,"02/16":18.611269,"02/17":18.638412,"02/18":18.638412,"02/19":18.638412,"02/20":18.030712,"02/21":18.132322,"02/22":17.17696,"02/23":17.396511,"02/24":16.642084,"02/25":16.204584,"02/26":16.649826,"02/27":16.967848,"02/28":15.906493,"02/29":15.237151,"03/01":14.588066,"03/02":14.588066,"03/03":14.293972,"03/04":14.016629,"03/05":15.782132,"03/06":15.997527,"03/07":16.349628,"03/08":16.349628,"03/09":16.349628,"03/10":16.173449,"03/11":16.892082,"03/12":17.302721,"03/13":17.884295,