{"0":{"01/01":4.827523,"01/02":4.810773,"01/03":4.790873,"01/04":4.7730865,"01/05":4.7730865,"01/06":4.7730865,"01/07":4.7730865,"01/08":4.728108,"01/09":4.7584386,"01/10":4.7019706,"01/11":4.7228737,"01/12":4.7228737,"01/13":4.7228737,"01/14":4.7228737,"01/15":4.5954924,"01/16":4.5423293,"01/17":4.552753,"01/18":4.5631685,"01/19":4.578806,"01/20":4.578806,"01/21":4.578806,"01/22":4.578806,"01/23":4.4840198,"01/24":4.5058784,"01/25":4.528789,"01/26":4.528789,"01/27":4.528789,"01/28":4.528789,"01/29":4.4455266,"01/30":4.3707147,"01/31":4.3374906,"02/01":4.1789584,"02/02":4.0167756,"02/03":4.0167756,"02/04":4.0167756,"02/05":4.1086564,"02/06":4.0363827,"02/07":4.020907,"02/08":3.8931563,"02/09":3.9044812,"02/10":3.9044812,"02/11":3.9044812,"02/12":3.8695033,"02/13":3.9910018,"02/14":4.104518,"02/15":3.919922,"02/16":3.915799,"02/17":3.915799,"02/18":3.915799,"02/19":3.915799,"02/20":3.8222103,"02/21":3.7093086,"02/22":3.6785562,"02/23":3.6662643,"02/24":3.6662643,"02/25":3.6662643,"02/26":3.625306,"02/27":3.6498733,"02/28":3.5925546,"02/29":3.5567627,"03/01":3.491377,"03/02":3.491377,"03/03":3.491377,"03/04":3.4118001,"03/05":3.3700225,"03/06":3.3180978,"03/07":3.297752,"03/08":3.297752,"03/09":3.297752,"03/10":3.297752,"03/11":3.119039,"03/12":3.1099238,"03/13":3.0957372,"03/14":3.0896502,"03/15":2.9409432,"03/16":2.9409432,"03/17":2.9409432,"03/18":2.9409432,"03/19":3.0461147,"03/20":3.0086734,"03/21":2.9500382,"03/22":2.9187331,"03/23":2.9187331,"03/24":2.9187331,"03/25":2.9187331,"03/26":2.8702812,"03/27":2.7765584,"03/28":2.6709397,"03/29":2.6709397,"03/30":2.6709397,"03/31":2.608668,"04/01":2.608668,"04/02":2.5585186,"04/03":2.5565107,"04/04":2.601643,"04/05":2.5765657,"04/06":2.5765657,"04/07":2.5765657,"04/08":2.612688,"04/09":2.612688,"04/10":2.559513,"04/11":2.559513,"04/12":2.6438074,"04/13":2.6438074,"04/14":2.6438074,"04/15":2.5835872,"04/16":2.659882,"04/17":2.659882,"04/18":2.6418056,"04/19":2.8168485,"04/20":2.8168485,"04/21":2.8168485,"04/22":2.6749551,"04/23":2.6026478,"04/24":2.5615213,"04/25":2.539465,"04/26":2.594619,"04/27":2.594619,"04/28":2.594619,"04/29":2.479367,"04/30":2.4113297,"05/01":2.4113297,"05/02":2.3753583,"05/03":2.3364034,"05/04":2.3364034,"05/05":2.3364034,"05/06":2.2247133,"05/07":2.1659706,"05/08":2.1948352,"05/09":2.1928508,"05/10":2.1799026,"05/11":2.1799026,"05/12":2.1799026,"05/13":2.0804791,"05/14":2.0506852,"05/15":1.9683542,"05/16":1.8782389,"05/17":1.8683418,"05/18":1.8683418,"05/19":1.8683418,"05/20":1.8683418,"05/21":1.7813697,"05/22":1.7675463,"05/23":1.7675463,"05/24":1.7359586,"05/25":1.7359586,"05/26":1.7359586,"05/27":1.6433041,"05/28":1.6216408,"05/29":1.6521618,"05/30":1.5852275,"05/31":1.5586754,"06/01":1.5586754,"06/02":1.5586754,"06/03":1.4300413,"06/04":1.7142558,"06/05":1.6669406,"06/06":1.6255747,"06/07":1.6049044,"06/08":1.6049044,"06/09":1.6049044,"06/10":1.4967712,"06/11":1.4800758,"06/12":1.431014,"06/13":1.373189,"06/14":1.2674966,"06/15":1.2674966,"06/16":1.2674966,"06/17":1.2674966,"06/18":1.1874014,"06/19":1.111327,"06/20":1.0295299,"06/21":1.033418,"06/22":1.033418,"06/23":1.033418,"06/24":0.9595208,"06/25":0.9663228,"06/26":0.98187613,"06/27":0.99353963,"06/28":0.9536927,"06/29":0.9536927,"06/30":0.9536927,"07/01":0.9274696,"07/02":0.8993165,"07/03":0.9061103,"07/04":0.81108004,"07/05":0.77621454,"07/06":0.77621454,"07/07":0.77621454,"07/08":0.75685734,"07/09":0.6968944,"07/10":0.6611406,"07/11":0.6080452,"07/12":0.5338039,"07/13":0.5338039,"07/14":0.5338039,"07/15":0.45101184,"07/16":0.45101184,"07/17":0.45101184,"07/18":0.3904502,"07/19":0.35011634,"07/20":0.35011634,"07/21":0.35011634,"07/22":0.30214077,"07/23":0.27146524,"07/24":0.25995874,"07/25":0.25995874,"07/26":0.04959787,"07/27":0.04959787,"07/28":0.04959787,"07/29":0.026698334,"07/30":0.0,"07/31":0.0,"08/01":0.0,"08/02":0.0,"08/03":0.0,"08/04":0.0,"08/05":0.0,"08/06":0.0,"08/07":0.0,"08/08":0.0,"08/09":0.0,"08/10":0.0,"08/11":0.0,"08/12":0.0,"08/13":0.0,"08/14":0.0,"08/15":0.0,"08/16":0.0,"08/17":0.0,"08/18":0.0,"08/19":0.0,"08/20":0.0,"08/21":0.0,"08/22":0.0,"08/23":0.0,"08/24":0.0,"08/25":0.0,"08/26":0.0,"08/27":0.0,"08/28":0.0,"08/29":0.0,"08/30":0.0,"08/31":0.0,"09/01":0.0,"09/02":0.0,"09/03":0.0,"09/04":0.0,"09/05":0.0,"09/06":0.0,"09/07":0.0,"09/08":0.0,"09/09":0.0,"09/10":0.0,"09/11":0.0,"09/12":0.0,"09/13":0.0,"09/14":0.0,"09/15":0.0,"09/16":0.0,"09/17":0.0,"09/18":0.0,"09/19":0.0,"09/20":0.0,"09/21":0.0,"09/22":0.0,"09/23":0.0,"09/24":0.0,"09/25":0.0,"09/26":0.0,"09/27":0.0,"09/28":0.0,"09/29":0.0,"09/30":0.0,"10/01":0.0,"10/02":0.0,"10/03":0.0,"10/04":0.0,"10/05":0.0,"10/06":0.0,"10/07":0.0,"10/08":0.0,"10/09":0.0,"10/10":0.0,"10/11":0.0,"10/12":0.0,"10/13":0.0,"10/14":0.0,"10/15":0.0,"10/16":0.0,"10/17":0.0,"10/18":0.0,"10/19":0.0,"10/20":0.0,"10/21":0.0,"10/22":0.0,"10/23":0.0,"10/24":0.0,"10/25":0.0,"10/26":0.0,"10/27":0.0,"10/28":0.0,"10/29":0.0,"10/30":0.0,"10/31":0.0,"11/01":0.0,"11/02":0.0,"11/03":0.0,"11/04":0.0,"11/05":0.0,"11/06":0.0,"11/07":0.0,"11/08":0.0,"11/09":0.0,"11/10":0.0,"11/11":0.0,"11/12":0.0,"11/13":0.0,"11/14":0.0,"11/15":0.0,"11/16":0.0,"11/17":0.0,"11/18":0.0,"11/19":0.0,"11/20":0.0,"11/21":0.0,"11/22":0.0,"11/23":0.0,"11/24":0.0,"11/25":0.0,"11/26":0.0,"11/27":0.0,"11/28":0.0,"11/29":0.0,"11/30":0.0,"12/01":0.0,"12/02":0.0,"12/03":0.0,"12/04":0.0,"12/05":0.0,"12/06":0.0,"12/07":0.0,"12/08":0.0,"12/09":0.0,"12/10":0.0,"12/11":0.0,"12/12":0.0,"12/13":0.0,"12/14":0.0,"12/15":0.0,"12/16":0.0,"12/17":0.0,"12/18":0.0,"12/19":0.0,"12/20":0.0,"12/21":0.0,"12/22":0.0,"12/23":0.0,"12/24":0.0,"12/25":0.0,"12/26":2.451501,"12/27":2.451501,"12/28":2.4441588,"12/29":2.4420636,"12/30":2.4420636,"12/31":2.4420636},"2023":{"12/26":4.903002,"12/27":4.903002,"12/28":4.8883176,"12/29":4.884127,"12/30":4.884127,"12/31":4.884127},"2024":{"01/01":4.827523,"01/02":4.810773,"01/03":4.790873,"01/04":4.7730865,"01/05":4.7730865,"01/06":4.7730865,"01/07":4.7730865,"01/08":4.728108,"01/09":4.7584386,"01/10":4.7019706,"01/11":4.7228737,"01/12":4.7228737,"01/13":4.7228737,"01/14":4.7228737,"01/15":4.5954924,"01/16":4.5423293,"01/17":4.552753,"01/18":4.5631685,"01/19":4.578806,"01/20":4.578806,"01/21":4.578806,"01/22":4.578806,"01/23":4.4840198,"01/24":4.5058784,"01/25":4.528789,"01/26":4.528789,"01/27":4.528789,"01/28":4.528789,"01/29":4.4455266,"01/30":4.3707147,"01/31":4.3374906,"02/01":4.1789584,"02/02":4.0167756,"02/03":4.0167756,"02/04":4.0167756,"02/05":4.1086564,"02/06":4.0363827,"02/07":4.020907,"02/08":3.8931563,"02/09":3.9044812,"02/10":3.9044812,"02/11":3.9044812,"02/12":3.8695033,"02/13":3.9910018,"02/14":4.104518,"02/15":3.919922,"02/16":3.915799,"02/17":3.915799,"02/18":3.915799,"02/19":3.915799,"02/20":3.8222103,"02/21":3.7093086,"02/22":3.6785562,"02/23":3.6662643,"02/24":3.6662643,"02/25":3.6662643,"02/26":3.625306,"02/27":3.6498733,"02/28":3.5925546,"02/29":3.5567627,"03/01":3.491377,"03/02":3.491377,"03/03":3.491377,"03/04":3.4118001,"03/05":3.3700225,"03/06":3.3180978,"03/07":3.297752,"03/08":3.297752,"03/09":3.297752,"03/10":3.297752,"03/11":3.119039,"03/12":3.1099238,"03/13":3.0957372,"03/14":3.0896502,"03/15":2.9409432,"03/16":2.9409432,"03/17":2.9409432,"03/18":2.9409432,"03/19":3.0461147,"03/20":3.0086734,"03/21":2.9500382,"03/22":2.9187331,"03/23":2.9187331,"03/24":2.9187331,"03/25":2.9187331,"03/26":2.8702812,"03/27":2.7765584,"03/28":2.6709397,"03/29":2.6709397,"03/30":2.6709397,"03/31":2.608668,"04/01":2.608668,"04/02":2.5585186,"04/03":2.5565107,"04/04":2.601643,"04/05":2.5765657,"04/06":2.5765657,"04/07":2.5765657,"04/08":2.612688,"04/09":2.612688,"04/10":2.559513,"04/11":2.559513,"04/12":2.6438074,"04/13":2.6438074,"04/14":2.6438074,"04/15":2.5835872,"04/16":2.659882,"04/17":2.659882,"04/18":2.6418056,"04/19":2.8168485,"04/20":2.8168485,"04/21":2.8168485,"04/22":2.6749551,"04/23":2.6026478,"04/24":2.5615213,"04/25":2.539465,"04/26":2.594619,"04/27":2.594619,"04/28":2.594619,"04/29":2.479367,"04/30":2.4113297,"05/01":2.4113297,"05/02":2.3753583,"05/03":2.3364034,"05/04":2.3364034,