{"0":{"01/01":6.44579,"01/02":6.407,"01/03":6.32635,"01/04":6.2416368,"01/05":6.293911,"01/06":6.4583864,"01/07":6.4583864,"01/08":6.4583864,"01/09":6.1372423,"01/10":5.9083076,"01/11":5.8045673,"01/12":5.6989584,"01/13":5.543015,"01/14":5.543015,"01/15":5.543015,"01/16":5.6503716,"01/17":5.6979322,"01/18":5.6162853,"01/19":5.418379,"01/20":5.696897,"01/21":5.696897,"01/22":5.696897,"01/23":5.6958613,"01/24":5.676217,"01/25":5.6576056,"01/26":5.6576056,"01/27":5.9903975,"01/28":5.9903975,"01/29":5.9903975,"01/30":6.0965896,"01/31":5.8190784,"02/01":5.3967786,"02/02":5.3453827,"02/03":5.278652,"02/04":5.278652,"02/05":5.278652,"02/06":5.3916397,"02/07":5.321765,"02/08":5.573964,"02/09":5.6307445,"02/10":5.633838,"02/11":5.633838,"02/12":5.633838,"02/13":5.605955,"02/14":5.608023,"02/15":5.470877,"02/16":5.349498,"02/17":5.4719086,"02/18":5.4719086,"02/19":5.4719086,"02/20":5.3299727,"02/21":5.4235206,"02/22":5.605955,"02/23":5.3484693,"02/24":5.465731,"02/25":5.465731,"02/26":5.465731,"02/27":5.671041,"02/28":5.6038976,"03/01":5.4811707,"03/02":5.5234275,"03/03":5.4904447,"03/04":5.4904447,"03/05":5.4904447,"03/06":5.4194093,"03/07":5.4194093,"03/08":5.7082705,"03/09":5.675182,"03/10":5.605955,"03/11":5.605955,"03/12":5.605955,"03/13":5.148499,"03/14":4.9156413,"03/15":4.9034176,"03/16":4.814854,"03/17":4.734565,"03/18":4.734565,"03/19":4.734565,"03/20":4.4772673,"03/21":4.586512,"03/22":4.586512,"03/23":4.4368553,"03/24":4.2262464,"03/25":4.2262464,"03/26":4.2262464,"03/27":4.160916,"03/28":4.2292676,"03/29":4.062577,"03/30":4.062577,"03/31":4.187044,"04/01":4.187044,"04/02":4.187044,"04/03":4.1930723,"04/04":4.1930723,"04/05":3.8894327,"04/06":3.4694796,"04/07":3.4694796,"04/08":3.4694796,"04/09":3.4694796,"04/10":3.419946,"04/11":3.4298525,"04/12":3.4169807,"04/13":3.478403,"04/14":3.478403,"04/15":3.478403,"04/16":3.478403,"04/17":3.4863353,"04/18":3.3160822,"04/19":3.3239896,"04/20":3.261762,"04/21":3.035218,"04/22":3.035218,"04/23":3.035218,"04/24":2.7255793,"04/25":2.6552866,"04/26":2.670901,"04/27":2.5763197,"04/28":2.652356,"04/29":2.652356,"04/30":2.652356,"05/01":2.652356,"05/02":2.5626843,"05/03":1.945124,"05/04":1.8931979,"05/05":1.8931979,"05/06":1.8931979,"05/07":1.8931979,"05/08":2.0231216,"05/09":1.9961478,"05/10":1.936472,"05/11":1.8480464,"05/12":1.6276473,"05/13":1.6276473,"05/14":1.6276473,"05/15":1.5970637,"05/16":1.3473148,"05/17":1.303597,"05/18":1.3596765,"05/19":1.4882423,"05/20":1.4882423,"05/21":1.4882423,"05/22":1.3073936,"05/23":1.4586967,"05/24":1.3140448,"05/25":1.3140448,"05/26":1.3634863,"05/27":1.3634863,"05/28":1.3634863,"05/29":1.4501181,"05/30":1.4024986,"05/31":1.2285951,"06/01":1.2020397,"06/02":1.2210052,"06/03":1.2210052,"06/04":1.2210052,"06/05":1.2523222,"06/06":1.1215092,"06/07":1.08366,"06/08":1.3596765,"06/09":1.5206712,"06/10":1.5206712,"06/11":1.5206712,"06/12":1.3311576,"06/13":1.2532636,"06/14":1.2741498,"06/15":1.4205856,"06/16":1.5178142,"06/17":1.5178142,"06/18":1.5178142,"06/19":1.5407121,"06/20":1.5426238,"06/21":1.5750875,"06/22":1.7406062,"06/23":1.7051597,"06/24":1.7051597,"06/25":1.7051597,"06/26":1.5951499,"06/27":1.5684019,"06/28":1.5139928,"06/29":1.5139928,"06/30":1.8595687,"07/01":1.8595687,"07/02":1.8595687,"07/03":1.8278841,"07/04":1.8413247,"07/05":1.7501845,"07/06":2.0009608,"07/07":2.0009608,"07/08":2.0009608,"07/09":2.0009608,"07/10":2.0009608,"07/11":1.5454915,"07/12":1.6534777,"07/13":1.3492192,"07/14":1.4205856,"07/15":1.4205856,"07/16":1.4205856,"07/17":1.2162654,"07/18":1.064746,"07/19":1.090282,"07/20":1.0978523,"07/21":1.1319286,"07/22":1.1319286,"07/23":1.1319286,"07/24":1.0212625,"07/25":1.1669675,"07/26":1.0921768,"07/27":1.1840305,"07/28":1.47204,"07/29":1.47204,"07/30":1.47204,"07/31":1.4977823,"08/01":1.3672873,"08/02":1.3768046,"08/03":1.5999343,"08/04":1.5961068,"08/05":1.5961068,"08/06":1.5961068,"08/07":1.519725,"08/08":1.3663347,"08/09":1.3368601,"08/10":1.2181649,"08/11":1.399639,"08/12":1.399639,"08/13":1.399639,"08/14":1.3729938,"08/15":1.3729938,"08/16":1.3729938,"08/17":1.6429505,"08/18":1.4110692,"08/19":1.4110692,"08/20":1.4110692,"08/21":1.3501714,"08/22":1.2922001,"08/23":1.0893346,"08/24":0.996707,"08/25":1.0496163,"08/26":1.0496163,"08/27":1.0496163,"08/28":0.85243464,"08/29":0.8157198,"08/30":0.7922058,"08/31":0.7057533,"09/01":0.7085739,"09/02":0.7085739,"09/03":0.7085739,"09/04":0.8279521,"09/05":0.81760424,"09/06":0.84490097,"09/07":0.6147654,"09/08":0.6832214,"09/09":0.6832214,"09/10":0.6832214,"09/11":0.7827979,"09/12":0.8486632,"09/13":0.6888601,"09/14":0.28967237,"09/15":0.5576232,"09/16":0.5576232,"09/17":0.5576232,"09/18":0.5304907,"09/19":0.5304907,"09/20":0.43420815,"09/21":0.38287535,"09/22":0.38940585,"09/23":0.38940585,"09/24":0.38940585,"09/25":0.33159494,"09/26":0.3595628,"09/27":0.4304768,"09/28":0.87975025,"09/29":0.87975025,"09/30":0.87975025,"10/01":0.87975025,"10/02":0.87975025,"10/03":0.7339302,"10/04":0.84490097,"10/05":0.72922695,"10/06":1.3558761,"10/07":1.3558761,"10/08":1.3558761,"10/09":1.5168588,"10/10":1.3977418,"10/11":1.1215092,"10/12":1.0533938,"10/13":1.1973017,"10/14":1.1973017,"10/15":1.1973017,"10/16":1.2058287,"10/17":1.1518162,"10/18":1.2485209,"10/19":1.3073936,"10/20":1.3149965,"10/21":3.965499,"10/22":3.965499,"10/23":3.9634175,"10/24":3.9634175,"10/25":3.969722,"10/26":3.9671588,"10/27":3.970782,"10/28":3.965439,"10/29":3.965439,"10/30":3.9659467,"10/31":3.9438014,"11/01":3.9351568,"11/02":3.933139,"11/03":3.9288166,"11/04":3.9223998,"11/05":3.9223998,"11/06":3.9270008,"11/07":3.943738,"11/08":3.9473011,"11/09":3.898325,"11/10":3.850533,"11/11":3.7448745,"11/12":3.7448745,"11/13":3.749085,"11/14":3.7229624,"11/15":3.670481,"11/16":3.5779436,"11/17":3.5780458,"11/18":3.603607,"11/19":3.603607,"11/20":3.5977364,"11/21":3.5918899,"11/22":3.491313,"11/23":3.4918356,"11/24":3.2988076,"11/25":3.3719404,"11/26":3.3719404,"11/27":3.3719404,"11/28":3.2772167,"11/29":3.2608151,"11/30":3.2481203,"12/01":3.0941274,"12/02":3.1071513,"12/03":3.1071513,"12/04":3.112289,"12/05":3.083748,"12/06":3.1527066,"12/07":3.2402122,"12/08":3.2260413,"12/09":3.3669925,"12/10":3.3669925,"12/11":3.3669925,"12/12":3.2843337,"12/13":3.1757343,"12/14":3.035269,"12/15":3.161079,"12/16":3.2318149,"12/17":3.2318149,"12/18":3.2318149,"12/19":3.2155533,"12/20":3.2575355,"12/21":3.1490452,"12/22":3.2087386,"12/23":3.2491326,"12/24":3.2491326,"12/25":3.2491326,"12/26":3.2575355,"12/27":3.2145083,"12/28":3.1930158,"12/29":3.1951144,"12/30":3.222895,"12/31":3.222895},"2022":{"10/21":6.616001,"10/22":6.616001,"10/23":6.5309997,"10/24":6.5309997,"10/25":6.780997,"10/26":6.6819954,"10/27":6.821003,"10/28":6.810317,"10/29":6.810317,"10/30":6.8293123,"10/31":6.8323154,"11/01":6.8301535,"11/02":6.9931226,"11/03":7.0870566,"11/04":7.074223,"11/05":7.074223,"11/06":7.2270527,"11/07":7.4074893,"11/08":7.5163884,"11/09":7.5051126,"11/10":7.22108,"11/11":7.009763,"11/12":7.009763,"11/13":7.145134,"11/14":7.0928884,"11/15":7.3881564,"11/16":7.221575,"11/17":7.325222,"11/18":7.376344,"11/19":7.376344,"11/20":7.2056603,"11/21":7.164335,"11/22":7.0159435,"11/23":7.0317917,"11/24":6.476195,"11/25":6.6224604,"11/26":6.6224604,"11/27":6.6224604,"11/28":6.4311543,"11/29":6.4604974,"11/30":6.3144603,"12/01":5.9218516,"12/02":5.9478993,"12/03":5.9478993,"12/04":6.1337705,"12/05":6.167496,"12/06":6.3054132,"12/07":6.4804244,"12/08":6.4520826,"12/09":6.733985,"12/10":6.733985,"12/11":6.733985,"12/12":6.5686674,"12/13":6.3514686,"12/14":6.070538,"12/15":6.322158,"12/16":6.4636297,"12/17":6.4636297,"12/18":6.4636297,"12/19":6.4311066,"12/20":6.515071,"12/21":6.2980905,"12/22":6.417477,"12/23":6.4982653,"12/24":6.4982653,"12/25":6.4982653,"12/26":6.515071,"12/27":6.4290166,"12/28":6.3860316,"12/29":6.3902287,"12/30":6.44579,"12/31":6.44579},"2023":{"01/01":6.44579,"01/02":6.407,"01/03":6.32635,"01/04":6.2416368,"01/05":6.293911,"01/06":6.4583864,"01/07":6.4583864,"01/08":6.4583864,"01/09":6.1372423,"01/10":5.9083076,"01/11":5.8045673,"01/12":5.6989584,"01/13":5.543015,