{"0":{"01/01":5.3609705,"01/02":5.306893,"01/03":5.290263,"01/04":5.271569,"01/05":5.2549505,"01/06":5.2393765,"01/07":5.2393765,"01/08":5.2393765,"01/09":5.190616,"01/10":5.174023,"01/11":5.1574454,"01/12":5.140863,"01/13":5.1242857,"01/14":5.1242857,"01/15":5.1242857,"01/16":5.0745955,"01/17":5.058039,"01/18":5.041498,"01/19":5.024952,"01/20":5.011516,"01/21":5.011516,"01/22":5.011516,"01/23":4.9650245,"01/24":4.9495363,"01/25":4.933029,"01/26":4.933029,"01/27":4.897946,"01/28":4.897946,"01/29":4.897946,"01/30":4.845384,"01/31":4.8278685,"02/01":4.81139,"02/02":4.7969775,"02/03":4.7815394,"02/04":4.7815394,"02/05":4.7815394,"02/06":4.734231,"02/07":4.717782,"02/08":4.701348,"02/09":4.6838803,"02/10":4.6654005,"02/11":4.6654005,"02/12":4.6654005,"02/13":4.6110077,"02/14":4.5935802,"02/15":4.577175,"02/16":4.5679483,"02/17":4.550525,"02/18":4.550525,"02/19":4.550525,"02/20":4.498311,"02/21":4.479887,"02/22":4.461479,"02/23":4.444092,"02/24":4.4256964,"02/25":4.4256964,"02/26":4.4256964,"02/27":4.3705397,"02/28":4.3521605,"03/01":4.3337975,"03/02":4.3164525,"03/03":4.299123,"03/04":4.299123,"03/05":4.299123,"03/06":4.24715,"03/07":4.24715,"03/08":4.212533,"03/09":4.195228,"03/10":4.1769204,"03/11":4.1769204,"03/12":4.1769204,"03/13":4.1250687,"03/14":4.1077933,"03/15":4.0956078,"03/16":4.0824084,"03/17":4.062108,"03/18":4.062108,"03/19":4.062108,"03/20":4.0032735,"03/21":3.978945,"03/22":3.978945,"03/23":3.9272997,"03/24":3.9040198,"03/25":3.9040198,"03/26":3.9040198,"03/27":3.8524394,"03/28":3.8514273,"03/29":3.868618,"03/30":3.868618,"03/31":3.7746644,"04/01":3.7746644,"04/02":3.7746644,"04/03":3.6778638,"04/04":3.6778638,"04/05":3.6365771,"04/06":3.6194632,"04/07":3.6194632,"04/08":3.6194632,"04/09":3.6194632,"04/10":3.530989,"04/11":3.5068808,"04/12":3.487809,"04/13":3.4637208,"04/14":3.4637208,"04/15":3.4637208,"04/16":3.4637208,"04/17":3.3905392,"04/18":3.370498,"04/19":3.3544838,"04/20":3.3364608,"04/21":3.3194554,"04/22":3.3194554,"04/23":3.3194554,"04/24":3.2674527,"04/25":3.2494695,"04/26":3.2344835,"04/27":3.2165024,"04/28":3.1985369,"04/29":3.1985369,"04/30":3.1985369,"05/01":3.1985369,"05/02":3.1257205,"05/03":3.1067889,"05/04":3.0878642,"05/05":3.0878642,"05/06":3.0878642,"05/07":3.0878642,"05/08":3.0112295,"05/09":2.990349,"05/10":2.9714577,"05/11":2.9525826,"05/12":2.9337144,"05/13":2.9337144,"05/14":2.9337144,"05/15":2.8781354,"05/16":2.8592854,"05/17":2.8374832,"05/18":2.8127046,"05/19":2.7919044,"05/20":2.7919044,"05/21":2.7919044,"05/22":2.7344973,"05/23":2.709778,"05/24":2.6919885,"05/25":2.6919885,"05/26":2.6554294,"05/27":2.6554294,"05/28":2.6554294,"05/29":2.6001506,"05/30":2.5863402,"05/31":2.5666187,"06/01":2.5478823,"06/02":2.5262027,"06/03":2.5262027,"06/04":2.5262027,"06/05":2.471063,"06/06":2.4513857,"06/07":2.4327009,"06/08":2.415007,"06/09":2.3992784,"06/10":2.3992784,"06/11":2.3992784,"06/12":2.3472147,"06/13":2.327585,"06/14":2.3128655,"06/15":2.2932491,"06/16":2.2726586,"06/17":2.2726586,"06/18":2.2726586,"06/19":2.2177908,"06/20":2.2001715,"06/21":2.1805983,"06/22":2.1590736,"06/23":2.1424441,"06/24":2.1424441,"06/25":2.1424441,"06/26":2.088694,"06/27":2.075021,"06/28":2.058419,"06/29":2.058419,"06/30":2.0203652,"07/01":2.0203652,"07/02":2.0203652,"07/03":1.9647921,"07/04":1.937516,"07/05":1.9170684,"07/06":1.8995523,"07/07":1.8995523,"07/08":1.8995523,"07/09":1.8995523,"07/10":1.8995523,"07/11":1.8100985,"07/12":1.7926099,"07/13":1.7731925,"07/14":1.7537825,"07/15":1.7537825,"07/16":1.7537825,"07/17":1.7004408,"07/18":1.68299,"07/19":1.6645843,"07/20":1.6461853,"07/21":1.6287531,"07/22":1.6287531,"07/23":1.6287531,"07/24":1.5755422,"07/25":1.5571755,"07/26":1.5397737,"07/27":1.5214199,"07/28":1.5040396,"07/29":1.5040396,"07/30":1.5040396,"07/31":1.4509501,"08/01":1.4326284,"08/02":1.4143132,"08/03":1.3950399,"08/04":1.3757738,"08/05":1.3757738,"08/06":1.3757738,"08/07":1.3237818,"08/08":1.3074324,"08/09":1.2910789,"08/10":1.2737775,"08/11":1.2593595,"08/12":1.2593595,"08/13":1.2593595,"08/14":1.2055734,"08/15":1.2055734,"08/16":1.2055734,"08/17":1.1518445,"08/18":1.1336216,"08/19":1.1336216,"08/20":1.1336216,"08/21":1.0799689,"08/22":1.0617809,"08/23":1.0445577,"08/24":1.0263733,"08/25":1.0072471,"08/26":1.0072471,"08/27":1.0072471,"08/28":0.95277196,"08/29":0.93367356,"08/30":0.9155382,"08/31":0.89740926,"09/01":0.87833184,"09/02":0.87833184,"09/03":0.87833184,"09/04":0.8230417,"09/05":0.80589056,"09/06":0.7878011,"09/07":0.76971805,"09/08":0.7525851,"09/09":0.7525851,"09/10":0.7525851,"09/11":0.69933593,"09/12":3.328617,"09/13":3.3290431,"09/14":3.3295221,"09/15":3.3300807,"09/16":3.3300807,"09/17":3.3300807,"09/18":3.3315744,"09/19":3.3315744,"09/20":3.3346896,"09/21":3.3272624,"09/22":3.3203647,"09/23":3.3124065,"09/24":3.3124065,"09/25":3.3139586,"09/26":3.29484,"09/27":3.2878473,"09/28":3.2804615,"09/29":3.2725077,"09/30":3.2645562,"10/01":3.2645562,"10/02":3.2645562,"10/03":3.242497,"10/04":3.2351027,"10/05":3.2356892,"10/06":3.2203503,"10/07":3.2124085,"10/08":3.2124085,"10/09":3.2139888,"10/10":3.187512,"10/11":3.1880243,"10/12":3.1885967,"10/13":3.189144,"10/14":3.1896744,"10/15":3.1896744,"10/16":3.1913648,"10/17":3.191925,"10/18":3.193049,"10/19":3.1936755,"10/20":3.1963263,"10/21":3.187839,"10/22":3.187839,"10/23":3.187839,"10/24":3.187839,"10/25":3.1539228,"10/26":3.1539228,"10/27":3.1369834,"10/28":3.1285152,"10/29":3.1285152,"10/30":3.1285152,"10/31":3.1026025,"11/01":3.0941453,"11/02":3.0862198,"11/03":3.0783017,"11/04":3.0709095,"11/05":3.0709095,"11/06":3.0709095,"11/07":3.0471606,"11/08":3.0471606,"11/09":3.0345023,"11/10":3.0281777,"11/11":3.0218549,"11/12":3.0218549,"11/13":3.0218549,"11/14":3.00289,"11/15":2.9976227,"11/16":2.9923613,"11/17":2.9876227,"11/18":2.9823635,"11/19":2.9823635,"11/20":2.9823635,"11/21":2.9755197,"11/22":2.9676344,"11/23":2.9676344,"11/24":2.9523873,"11/25":2.944504,"11/26":2.944504,"11/27":2.944504,"11/28":2.9219196,"11/29":2.9140453,"11/30":2.9072242,"12/01":2.8998795,"12/02":2.893062,"12/03":2.893062,"12/04":2.893062,"12/05":2.8720906,"12/06":2.8647556,"12/07":2.8579473,"12/08":2.8506162,"12/09":2.8432875,"12/10":2.8432875,"12/11":2.8432875,"12/12":2.8202705,"12/13":2.81295,"12/14":2.805108,"12/15":2.7977917,"12/16":2.7899544,"12/17":2.7899544,"12/18":2.7899544,"12/19":2.7654111,"12/20":2.7575884,"12/21":2.7492406,"12/22":2.7408955,"12/23":2.7414176,"12/24":2.7414176,"12/25":2.7414176,"12/26":2.7153597,"12/27":2.7065089,"12/28":2.698177,"12/29":2.6893272,"12/30":2.6804852,"12/31":2.6804852},"2022":{"09/12":5.9749985,"09/13":5.9920025,"09/14":6.0109997,"09/15":6.033001,"09/16":6.033001,"09/17":6.033001,"09/18":6.0910034,"09/19":6.0910034,"09/20":6.133239,"09/21":6.137326,"09/22":6.142473,"09/23":6.126557,"09/24":6.126557,"09/25":6.1845264,"09/26":6.164258,"09/27":6.165387,"09/28":6.1704555,"09/29":6.1545477,"09/30":6.1386447,"10/01":6.1386447,"10/02":6.1386447,"10/03":6.1926622,"10/04":6.196732,"10/05":6.2176905,"10/06":6.2058477,"10/07":6.1899643,"10/08":6.1899643,"10/09":6.245828,"10/10":6.2107406,"10/11":6.228693,"10/12":6.248633,"10/13":6.267575,"10/14":6.2686357,"10/15":6.2686357,"10/16":6.3264685,"10/17":6.3454103,"10/18":6.3664126,"10/19":6.387351,"10/20":6.3926525,"10/21":6.375678,"10/22":6.375678,"10/23":6.375678,"10/24":6.375678,"10/25":6.3078456,"10/26":6.3078456,"10/27":6.273967,"10/28":6.2570305,"10/29":6.2570305,"10/30":6.2570305,"10/31":6.205205,"11/01":6.1882906,"11/02":6.1724396,"11/03":6.1566033,"11/04":6.141819,"11/05":6.141819,"11/06":6.141819,"11/07":6.0943213,"11/08":6.0943213,"11/09":6.0690045,"11/10":6.0563555,"11/11":6.0437098,"11/12":6.0437098,"11/13":6.0437098,"11/14":6.00578,"11/15":5.9952455,"11/16":5.9847226,"11/17":5.9752455,"11/18":5.964727,"11/19":5.964727,"11/20":5.964727,"11/21":5.9510393,"11/22":5.935269,"11/23":5.935269,"11/24":5.9047747,"11/25":5.889008,"11/26":5.889008,"11/27":5.889008,"11/28":5.843839,"11/29":5.8280907,"11/30":5.8144484,"12/01":5.799759,"12/02":5.786124,"12/03":5.786124,"12/04":5.786124,"12/05":5.744181,