{"0":{"01/01":7.779715,"01/02":7.760326,"01/03":7.749566,"01/04":7.7301874,"01/05":7.7301874,"01/06":7.7301874,"01/07":7.7301874,"01/08":7.654915,"01/09":7.6345053,"01/10":7.6205444,"01/11":7.6012125,"01/12":7.6012125,"01/13":7.6012125,"01/14":7.6012125,"01/15":7.52612,"01/16":7.507905,"01/17":7.490759,"01/18":7.4714837,"01/19":7.4693384,"01/20":7.4693384,"01/21":7.4693384,"01/22":7.4693384,"01/23":7.39443,"01/24":7.3687673,"01/25":7.5250463,"01/26":7.5250463,"01/27":7.5250463,"01/28":7.5250463,"01/29":7.269452,"01/30":7.2513237,"01/31":7.2310667,"02/01":7.211874,"02/02":7.193765,"02/03":7.193765,"02/04":7.193765,"02/05":7.1405206,"02/06":7.1234922,"02/07":7.105403,"02/08":7.088395,"02/09":7.0703177,"02/10":7.0703177,"02/11":7.0703177,"02/12":7.0129533,"02/13":6.9949017,"02/14":6.9758034,"02/15":6.9577637,"02/16":6.938679,"02/17":6.938679,"02/18":6.938679,"02/19":6.938679,"02/20":6.8645086,"02/21":6.8465075,"02/22":6.8285213,"02/23":6.810532,"02/24":6.810532,"02/25":6.810532,"02/26":6.7555513,"02/27":6.736539,"02/28":6.7185807,"02/29":6.7006373,"03/01":6.682691,"03/02":6.682691,"03/03":6.682691,"03/04":6.6267962,"03/05":6.6099305,"03/06":6.5920143,"03/07":6.575169,"03/08":6.575169,"03/09":6.575169,"03/10":6.575169,"03/11":6.5025544,"03/12":6.4846745,"03/13":6.4668007,"03/14":6.4499946,"03/15":6.4321327,"03/16":6.4321327,"03/17":6.4321327,"03/18":6.4321327,"03/19":6.3586626,"03/20":6.341881,"03/21":6.3240647,"03/22":6.3051953,"03/23":6.3051953,"03/24":6.3051953,"03/25":6.3051953,"03/26":6.2287674,"03/27":6.209932,"03/28":6.19216,"03/29":6.19216,"03/30":6.19216,"03/31":6.130503,"04/01":6.130503,"04/02":6.095009,"04/03":6.0772653,"04/04":6.0584936,"04/05":6.039728,"04/06":6.039728,"04/07":6.039728,"04/08":5.9855385,"04/09":5.9855385,"04/10":5.949098,"04/11":5.949098,"04/12":5.913725,"04/13":5.913725,"04/14":5.913725,"04/15":5.858623,"04/16":5.8409686,"04/17":5.8409686,"04/18":5.8056674,"04/19":5.7880206,"04/20":5.7880206,"04/21":5.7880206,"04/22":5.7351255,"04/23":5.7164745,"04/24":5.6978207,"04/25":5.6791825,"04/26":5.601581,"04/27":5.601581,"04/28":5.601581,"04/29":5.561266,"04/30":5.541642,"05/01":5.541642,"05/02":5.426096,"05/03":5.3869457,"05/04":5.3869457,"05/05":5.3869457,"05/06":5.247089,"05/07":5.2655745,"05/08":5.2501645,"05/09":5.2203856,"05/10":5.1875515,"05/11":5.1875515,"05/12":5.1875515,"05/13":5.1096444,"05/14":5.069704,"05/15":5.0134387,"05/16":4.972558,"05/17":4.987887,"05/18":4.987887,"05/19":4.987887,"05/20":4.987887,"05/21":4.8816996,"05/22":4.7879596,"05/23":4.7879596,"05/24":4.749282,"05/25":4.749282,"05/26":4.749282,"05/27":4.658819,"05/28":4.665929,"05/29":4.6720223,"05/30":4.64866,"05/31":4.5958824,"06/01":4.5958824,"06/02":4.5958824,"06/03":4.4662113,"06/04":4.6050153,"06/05":4.572564,"06/06":4.5320163,"06/07":4.51683,"06/08":4.51683,"06/09":4.51683,"06/10":4.4834104,"06/11":4.432824,"06/12":4.4095783,"06/13":4.3459396,"06/14":4.322723,"06/15":4.322723,"06/16":4.322723,"06/17":4.322723,"06/18":4.240047,"06/19":4.2078123,"06/20":4.193718,"06/21":4.168564,"06/22":4.168564,"06/23":4.168564,"06/24":4.106215,"06/25":4.109234,"06/26":4.117275,"06/27":4.1052184,"06/28":4.099181,"06/29":4.099181,"06/30":4.099181,"07/01":4.04395,"07/02":4.0078287,"07/03":3.96572,"07/04":3.9406755,"07/05":3.9146407,"07/06":3.9146407,"07/07":3.9146407,"07/08":3.8535967,"07/09":3.8366046,"07/10":3.7966254,"07/11":3.7856426,"07/12":3.7716625,"07/13":3.7716625,"07/14":3.7716625,"07/15":3.7038155,"07/16":3.7038155,"07/17":3.7038155,"07/18":3.6250987,"07/19":3.6041946,"07/20":3.6041946,"07/21":3.6041946,"07/22":3.5484922,"07/23":3.5335805,"07/24":3.5077493,"07/25":3.5077493,"07/26":3.4323094,"07/27":3.4323094,"07/28":3.4323094,"07/29":3.3470716,"07/30":3.350037,"07/31":3.3183599,"08/01":3.2886734,"08/02":3.262964,"08/03":3.262964,"08/04":3.262964,"08/05":3.1483994,"08/06":3.146433,"08/07":3.114871,"08/08":3.1158583,"08/09":3.1010711,"08/10":3.1010711,"08/11":3.1010711,"08/12":3.04296,"08/13":3.0262227,"08/14":2.9780219,"08/15":2.9780219,"08/16":2.9514828,"08/17":2.9514828,"08/18":2.9514828,"08/19":2.8847036,"08/20":2.8523192,"08/21":2.8287902,"08/22":2.8091877,"08/23":2.7984033,"08/24":2.7984033,"08/25":2.7984033,"08/26":2.7328024,"08/27":2.725953,"08/28":2.7073598,"08/29":2.6917195,"08/30":2.677054,"08/31":2.677054,"09/01":2.677054,"09/02":2.6350377,"09/03":2.608675,"09/04":2.578418,"09/05":2.578418,"09/06":1.3932372,"09/07":1.3932372,"09/08":1.3932372,"09/09":1.3256038,"09/10":1.3484591,"09/11":1.2247986,"09/12":1.2048517,"09/13":1.0133845,"09/14":1.0133845,"09/15":1.0133845,"09/16":0.881108,"09/17":0.74258995,"09/18":0.74258995,"09/19":0.612901,"09/20":0.61759156,"09/21":0.61759156,"09/22":0.61759156,"09/23":0.63542694,"09/24":0.5116321,"09/25":0.44329596,"09/26":0.35170814,"09/27":0.39093962,"09/28":0.39093962,"09/29":0.39093962,"09/30":0.37785906,"10/01":0.34144214,"10/02":0.34144214,"10/03":0.3750616,"10/04":0.4358208,"10/05":0.4358208,"10/06":0.4358208,"10/07":0.3545132,"10/08":0.27613783,"10/09":0.21091846,"10/10":0.17740883,"10/11":0.15136226,"10/12":0.15136226,"10/13":0.15136226,"10/14":0.11696181,"10/15":0.150431,"10/16":0.009276489,"10/17":-0.0037048087,"10/18":0.008347878,"10/19":0.008347878,"10/20":0.008347878,"10/21":0.040815268,"10/22":0.13369805,"10/23":0.059376266,"10/24":0.019474654,"10/25":0.0129822595,"10/26":0.0129822595,"10/27":0.0129822595,"10/28":0.011133762,"10/29":0.0,"10/30":0.0,"10/31":0.0,"11/01":0.0,"11/02":0.0,"11/03":0.0,"11/04":0.0,"11/05":0.0,"11/06":0.0,"11/07":0.0,"11/08":0.0,"11/09":0.0,"11/10":0.0,"11/11":0.0,"11/12":0.0,"11/13":0.0,"11/14":0.0,"11/15":0.0,"11/16":0.0,"11/17":0.0,"11/18":0.0,"11/19":0.0,"11/20":0.0,"11/21":0.0,"11/22":0.0,"11/23":0.0,"11/24":0.0,"11/25":0.0,"11/26":0.0,"11/27":0.0,"11/28":0.0,"11/29":0.0,"11/30":0.0,"12/01":0.0,"12/02":0.0,"12/03":0.0,"12/04":0.0,"12/05":0.0,"12/06":0.0,"12/07":0.0,"12/08":0.0,"12/09":0.0,"12/10":0.0,"12/11":0.0,"12/12":0.0,"12/13":0.0,"12/14":0.0,"12/15":0.0,"12/16":0.0,"12/17":0.0,"12/18":0.0,"12/19":0.0,"12/20":0.0,"12/21":0.0,"12/22":0.0,"12/23":0.0,"12/24":0.0,"12/25":0.0,"12/26":3.9265015,"12/27":3.9265015,"12/28":3.9265015,"12/29":3.918953,"12/30":3.918953,"12/31":3.918953},"2023":{"12/26":7.853003,"12/27":7.853003,"12/28":7.853003,"12/29":7.837906,"12/30":7.837906,"12/31":7.837906},"2024":{"01/01":7.779715,"01/02":7.760326,"01/03":7.749566,"01/04":7.7301874,"01/05":7.7301874,"01/06":7.7301874,"01/07":7.7301874,"01/08":7.654915,"01/09":7.6345053,"01/10":7.6205444,"01/11":7.6012125,"01/12":7.6012125,"01/13":7.6012125,"01/14":7.6012125,"01/15":7.52612,"01/16":7.507905,"01/17":7.490759,"01/18":7.4714837,"01/19":7.4693384,"01/20":7.4693384,"01/21":7.4693384,"01/22":7.4693384,"01/23":7.39443,"01/24":7.3687673,"01/25":7.5250463,"01/26":7.5250463,"01/27":7.5250463,"01/28":7.5250463,"01/29":7.269452,"01/30":7.2513237,"01/31":7.2310667,"02/01":7.211874,"02/02":7.193765,"02/03":7.193765,"02/04":7.193765,"02/05":7.1405206,"02/06":7.1234922,"02/07":7.105403,"02/08":7.088395,"02/09":7.0703177,"02/10":7.0703177,"02/11":7.0703177,"02/12":7.0129533,"02/13":6.9949017,"02/14":6.9758034,"02/15":6.9577637,"02/16":6.938679,"02/17":6.938679,"02/18":6.938679,"02/19":6.938679,"02/20":6.8645086,"02/21":6.8465075,"02/22":6.8285213,"02/23":6.810532,"02/24":6.810532,"02/25":6.810532,"02/26":6.7555513,"02/27":6.736539,"02/28":6.7185807,"02/29":6.7006373,"03/01":6.682691,"03/02":6.682691,"03/03":6.682691,"03/04":6.6267962,"03/05":6.6099305,"03/06":6.5920143,"03/07":6.575169,"03/08":6.575169,"03/09":6.575169,"03/10":6.575169,"03/11":6.5025544,"03/12":6.4846745,"03/13":6.4668007,"03/14":6.4499946,"03/15":6.4321327,"03/16":6.4321327,"03/17":6.4321327,"03/18":6.4321327,"03/19":6.3586626,"03/20":6.341881,"03/21":6.3240647,"03/22":6.3051953,"03/23":6.3051953,"03/24":6.3051953,"03/25":6.3051953,"03/26":6.2287674,"03/27":6.209932,"03/28":6.19216,"03/29":6.19216,"03/30":6.19216,"03/31":6.130503,"04/01":6.130503,"04/02":6.095009,"04/03":6.0772653,"04/04":6.0584936,"04/05":6.039728,"04/06":6.039728,