{"0":{"01/01":8.854623,"01/02":8.864203,"01/03":8.876496,"01/04":8.858016,"01/05":8.858016,"01/06":8.920938,"01/07":9.040791,"01/08":8.9710245,"01/09":8.974623,"01/10":8.905897,"01/11":8.927639,"01/12":8.927639,"01/13":8.729978,"01/14":8.764916,"01/15":8.639599,"01/16":8.863417,"01/17":8.814475,"01/18":8.825315,"01/19":8.841591,"01/20":8.8635235,"01/21":9.02103,"01/22":9.101786,"01/23":9.008874,"01/24":8.978874,"01/25":9.002767,"01/26":9.002767,"01/27":9.2249775,"01/28":9.303689,"01/29":9.2007,"01/30":9.15034,"01/31":9.13946,"02/01":8.97363,"02/02":8.803984,"02/03":8.881326,"02/04":8.805969,"02/05":8.939796,"02/06":8.870118,"02/07":8.741873,"02/08":8.608324,"02/09":8.620163,"02/10":8.713263,"02/11":8.794489,"02/12":8.710339,"02/13":8.89896,"02/14":8.993018,"02/15":8.799754,"02/16":8.795437,"02/17":8.86577,"02/18":8.86577,"02/19":8.86577,"02/20":8.789497,"02/21":8.671194,"02/22":8.638971,"02/23":8.626091,"02/24":8.749615,"02/25":8.694276,"02/26":8.651331,"02/27":8.363875,"02/28":8.205206,"02/29":8.16782,"03/01":8.099523,"03/02":8.099523,"03/03":8.099523,"03/04":8.016403,"03/05":7.9727654,"03/06":7.918529,"03/07":7.8972764,"03/08":7.8972764,"03/09":7.8972764,"03/10":7.8972764,"03/11":7.7106066,"03/12":7.701085,"03/13":7.686267,"03/14":7.6799088,"03/15":7.5245805,"03/16":7.5245805,"03/17":7.5245805,"03/18":7.5245805,"03/19":7.6344347,"03/20":7.5953264,"03/21":7.5340805,"03/22":7.5013814,"03/23":7.5013814,"03/24":7.5013814,"03/25":7.5013814,"03/26":7.450772,"03/27":7.3528757,"03/28":7.2425547,"03/29":7.2425547,"03/30":7.2425547,"03/31":7.17751,"04/01":7.17751,"04/02":7.125128,"04/03":7.1230297,"04/04":7.1701727,"04/05":7.143978,"04/06":7.143978,"04/07":7.143978,"04/08":7.181709,"04/09":7.181709,"04/10":7.126167,"04/11":7.126167,"04/12":7.2142143,"04/13":7.2142143,"04/14":7.2142143,"04/15":7.1513124,"04/16":7.2310038,"04/17":7.2310038,"04/18":7.212123,"04/19":7.3949604,"04/20":7.3949604,"04/21":7.3949604,"04/22":7.246749,"04/23":7.1712217,"04/24":7.1282635,"04/25":7.1052256,"04/26":7.162835,"04/27":7.162835,"04/28":7.162835,"04/29":7.042452,"04/30":6.9713845,"05/01":6.9713845,"05/02":6.9338117,"05/03":6.893122,"05/04":6.893122,"05/05":6.893122,"05/06":6.776459,"05/07":6.7151003,"05/08":6.74525,"05/09":6.7431774,"05/10":6.7296524,"05/11":6.7296524,"05/12":6.7296524,"05/13":6.6258025,"05/14":6.5946817,"05/15":6.5086856,"05/16":6.414557,"05/17":6.4042196,"05/18":6.4042196,"05/19":6.4042196,"05/20":6.4042196,"05/21":6.313374,"05/22":6.2989354,"05/23":6.2989354,"05/24":6.265941,"05/25":6.265941,"05/26":6.265941,"05/27":6.1691613,"05/28":6.1465335,"05/29":6.1784134,"05/30":6.108499,"05/31":6.0807643,"06/01":6.0807643,"06/02":6.0807643,"06/03":5.9464025,"06/04":6.2432723,"06/05":6.1938505,"06/06":6.1506424,"06/07":6.1290517,"06/08":6.1290517,"06/09":6.1290517,"06/10":6.0161037,"06/11":5.998665,"06/12":5.9474187,"06/13":5.8870187,"06/14":5.7766204,"06/15":5.7766204,"06/16":5.7766204,"06/17":5.7766204,"06/18":5.692959,"06/19":5.6134973,"06/20":5.528058,"06/21":5.5321193,"06/22":5.5321193,"06/23":5.5321193,"06/24":5.4549313,"06/25":5.462036,"06/26":5.478282,"06/27":5.490465,"06/28":5.448844,"06/29":5.448844,"06/30":5.448844,"07/01":5.421453,"07/02":5.3920465,"07/03":5.3991427,"07/04":5.299881,"07/05":5.263463,"07/06":5.263463,"07/07":5.263463,"07/08":5.243244,"07/09":5.180611,"07/10":5.1432652,"07/11":5.0878057,"07/12":5.0102587,"07/13":5.0102587,"07/14":5.0102587,"07/15":4.92378,"07/16":4.92378,"07/17":4.92378,"07/18":4.860522,"07/19":4.8183923,"07/20":4.8183923,"07/21":4.8183923,"07/22":4.7682805,"07/23":4.736239,"07/24":4.7242203,"07/25":4.7242203,"07/26":4.5044923,"07/27":4.5044923,"07/28":4.5044923,"07/29":4.480573,"07/30":4.4526863,"07/31":4.467625,"08/01":4.3780646,"08/02":4.344271,"08/03":4.344271,"08/04":4.344271,"08/05":4.187507,"08/06":4.2132773,"08/07":4.17364,"08/08":4.170674,"08/09":4.1686907,"08/10":4.1686907,"08/11":4.1686907,"08/12":4.0924935,"08/13":4.102378,"08/14":4.073712,"08/15":4.073712,"08/16":4.0480103,"08/17":4.0480103,"08/18":4.0480103,"08/19":3.999621,"08/20":3.9493108,"08/21":3.8881986,"08/22":3.8990397,"08/23":3.8232367,"08/24":3.8232367,"08/25":3.8232367,"08/26":3.7652245,"08/27":3.72986,"08/28":3.669015,"08/29":3.6209772,"08/30":3.5857112,"08/31":3.5857112,"09/01":3.5857112,"09/02":3.5759249,"09/03":3.4839714,"09/04":3.4566135,"09/05":3.4566135,"09/06":3.459548,"09/07":3.459548,"09/08":3.459548,"09/09":3.3853521,"09/10":3.3512223,"09/11":3.3385525,"09/12":3.28109,"09/13":3.0596046,"09/14":3.0596046,"09/15":3.0596046,"09/16":2.9753387,"09/17":2.9579263,"09/18":2.9579263,"09/19":2.7580652,"09/20":2.7349389,"09/21":2.7349389,"09/22":2.7349389,"09/23":2.5522504,"09/24":2.4486928,"09/25":2.4372025,"09/26":2.295665,"09/27":2.3109498,"09/28":2.3109498,"09/29":2.3109498,"09/30":2.2632065,"10/01":2.265118,"10/02":2.265118,"10/03":2.2574816,"10/04":2.3252826,"10/05":2.3252826,"10/06":2.3252826,"10/07":2.2842088,"10/08":2.265118,"10/09":2.080286,"10/10":2.0185156,"10/11":1.9938195,"10/12":1.9938195,"10/13":1.9938195,"10/14":1.9207699,"10/15":1.8639245,"10/16":1.8932835,"10/17":1.7475764,"10/18":1.7797083,"10/19":1.7797083,"10/20":1.7797083,"10/21":1.7589216,"10/22":1.7853887,"10/23":1.7702605,"10/24":1.7352967,"10/25":1.7183012,"10/26":1.7183012,"10/27":1.7183012,"10/28":1.7173556,"10/29":1.685263,"10/30":1.685263,"10/31":1.5307373,"11/01":1.5307373,"11/02":1.5307373,"11/03":1.5307373,"11/04":1.5222685,"11/05":1.5175682,"11/06":1.4809046,"11/07":1.4696212,"11/08":1.3898132,"11/09":1.3898132,"11/10":1.3898132,"11/11":1.3729328,"11/12":1.3232548,"11/13":1.2998317,"11/14":1.2970275,"11/15":1.2970275,"11/16":1.2970275,"11/17":1.2970275,"11/18":1.2352557,"11/19":1.2100099,"11/20":1.2100099,"11/21":1.2268361,"11/22":1.3260605,"11/23":1.3260605,"11/24":1.3260605,"11/25":1.2202904,"11/26":1.2726792,"11/27":1.3879433,"11/28":1.3541805,"11/29":1.157686,"11/30":1.157686,"12/01":1.157686,"12/02":0.94055784,"12/03":0.9145282,"12/04":0.7901422,"12/05":0.7410336,"12/06":0.9294031,"12/07":0.9294031,"12/08":0.9294031,"12/09":0.84115726,"12/10":0.7901422,"12/11":0.71787894,"12/12":0.71325284,"12/13":0.7095452,"12/14":0.7095452,"12/15":0.7095452,"12/16":0.7095452,"12/17":0.6235425,"12/18":0.6364807,"12/19":0.8606498,"12/20":0.7919989,"12/21":0.7919989,"12/22":0.7919989,"12/23":0.61707467,"12/24":0.62630963,"12/25":0.62630963,"12/26":4.757381,"12/27":4.759917,"12/28":4.752294,"12/29":4.7501187,"12/30":4.7511487,"12/31":4.7508426},"2023":{"12/26":8.8449955,"12/27":8.912001,"12/28":8.896755,"12/29":8.892405,"12/30":8.919398,"12/31":8.911398},"2024":{"01/01":8.854623,"01/02":8.864203,"01/03":8.876496,"01/04":8.858016,"01/05":8.858016,"01/06":8.920938,"01/07":9.040791,"01/08":8.9710245,"01/09":8.974623,"01/10":8.905897,"01/11":8.927639,"01/12":8.927639,"01/13":8.729978,"01/14":8.764916,"01/15":8.639599,"01/16":8.863417,"01/17":8.814475,"01/18":8.825315,"01/19":8.841591,"01/20":8.8635235,"01/21":9.02103,"01/22":9.101786,"01/23":9.008874,"01/24":8.978874,"01/25":9.002767,"01/26":9.002767,"01/27":9.2249775,"01/28":9.303689,"01/29":9.2007,"01/30":9.15034,"01/31":9.13946,"02/01":8.97363,"02/02":8.803984,"02/03":8.881326,"02/04":8.805969,"02/05":8.939796,"02/06":8.870118,"02/07":8.741873,"02/08":8.608324,"02/09":8.620163,"02/10":8.713263,"02/11":8.794489,"02/12":8.710339,"02/13":8.89896,"02/14":8.993018,"02/15":8.799754,"02/16":8.795437,"02/17":8.86577,"02/18":8.86577,"02/19":8.86577,"02/20":8.789497,"02/21":8.671194,"02/22":8.638971,"02/23":8.626091,"02/24":8.749615,"02/25":8.694276,"02/26":8.651331,"02/27":8.363875,"02/28":8.205206,"02/29":8.16782,"03/01":8.099523,"03/02":8.099523,"03/03":8.099523,"03/04":8.016403,"03/05":7.9727654,"03/06":7.918529,"03/07":7.8972764,"03/08":7.8972764,"03/09":7.8972764,"03/10":7.8972764,"03/11":7.7106066,"03/12":7.701085,"03/13":7.686267,"03/14":7.6799088,"03/15":7.5245805,"03/16":7.5245805,"03/17":7.5245805,"03/18":7.5245805,"03/19":7.6344347,"03/20":7.5953264,"03/21":7.5340805,"03/22":7.5013814,"03/23":7.5013814,"03/24":7.5013814,