{"0":{"01/01":7.1534324,"01/02":7.077748,"01/03":6.9842153,"01/04":6.9808497,"01/05":6.94605,"01/06":7.013568,"01/07":7.013568,"01/08":7.101358,"01/09":7.015034,"01/10":7.0864472,"01/11":7.033583,"01/12":6.874523,"01/13":6.9060907,"01/14":6.9060907,"01/15":7.139418,"01/16":7.031117,"01/17":7.075399,"01/18":7.0435367,"01/19":7.0266404,"01/20":7.075088,"01/21":7.075088,"01/22":7.075088,"01/23":7.0691266,"01/24":7.055766,"01/25":7.0578027,"01/26":7.0578027,"01/27":7.114634,"01/28":7.114634,"01/29":7.2424307,"01/30":7.4064226,"01/31":7.4138136,"02/01":7.537133,"02/02":7.5284653,"02/03":7.5390153,"02/04":7.5390153,"02/05":7.490959,"02/06":7.440748,"02/07":7.4576693,"02/08":7.6871753,"02/09":7.704537,"02/10":7.690791,"02/11":7.690791,"02/12":7.7261114,"02/13":7.678055,"02/14":7.7157936,"02/15":7.6610813,"02/16":7.6809983,"02/17":7.9136863,"02/18":7.9136863,"02/19":7.9136863,"02/20":7.930234,"02/21":7.9592104,"02/22":8.0138445,"02/23":8.00749,"02/24":7.9587917,"02/25":7.9587917,"02/26":8.012704,"02/27":8.040036,"02/28":8.08175,"03/01":8.110999,"03/02":8.12054,"03/03":8.117356,"03/04":8.202631,"03/05":8.217336,"03/06":8.283519,"03/07":8.31096,"03/08":8.293977,"03/09":8.262147,"03/10":8.189019,"03/11":8.370122,"03/12":8.378935,"03/13":8.128884,"03/14":8.072874,"03/15":8.188719,"03/16":8.172881,"03/17":8.149661,"03/18":8.149661,"03/19":8.103808,"03/20":7.9653335,"03/21":8.153092,"03/22":8.134567,"03/23":8.053435,"03/24":8.025017,"03/25":8.025017,"03/26":8.095159,"03/27":8.0619135,"03/28":8.310184,"03/29":8.230032,"03/30":8.230032,"03/31":8.056506,"04/01":8.056506,"04/02":8.107997,"04/03":8.189123,"04/04":8.167732,"04/05":8.022352,"04/06":7.6691656,"04/07":7.6691656,"04/08":7.6208057,"04/09":7.6208057,"04/10":7.535499,"04/11":7.5126357,"04/12":7.4825225,"04/13":7.5417347,"04/14":7.5417347,"04/15":7.5417347,"04/16":7.5417347,"04/17":7.508484,"04/18":7.4285483,"04/19":7.3756666,"04/20":7.3135276,"04/21":7.162612,"04/22":7.162612,"04/23":7.162612,"04/24":6.945253,"04/25":6.849728,"04/26":6.707278,"04/27":6.693966,"04/28":6.6745315,"04/29":6.6745315,"04/30":6.6745315,"05/01":6.6745315,"05/02":6.584602,"05/03":6.371607,"05/04":6.299454,"05/05":6.299454,"05/06":6.299454,"05/07":6.299454,"05/08":6.176698,"05/09":6.2040634,"05/10":6.155422,"05/11":6.1665616,"05/12":6.0208764,"05/13":6.0208764,"05/14":6.0208764,"05/15":5.909848,"05/16":5.7970467,"05/17":5.7568216,"05/18":5.774916,"05/19":5.7427487,"05/20":5.7427487,"05/21":5.7427487,"05/22":5.6052403,"05/23":5.7055726,"05/24":5.643341,"05/25":5.643341,"05/26":5.617268,"05/27":5.617268,"05/28":5.617268,"05/29":5.6052403,"05/30":5.603233,"05/31":5.5441203,"06/01":5.4390907,"06/02":5.390148,"06/03":5.390148,"06/04":5.390148,"06/05":5.3352685,"06/06":5.318313,"06/07":5.307351,"06/08":5.372185,"06/09":5.509087,"06/10":5.509087,"06/11":5.509087,"06/12":5.4271035,"06/13":5.4251027,"06/14":5.4131184,"06/15":5.4171095,"06/16":5.4370894,"06/17":5.4370894,"06/18":5.4370894,"06/19":5.3941474,"06/20":5.349233,"06/21":5.3701863,"06/22":5.467078,"06/23":5.467078,"06/24":5.467078,"06/25":5.467078,"06/26":5.369187,"06/27":5.3831606,"06/28":5.226677,"06/29":5.226677,"06/30":5.2764554,"07/01":5.2764554,"07/02":5.2764554,"07/03":5.323305,"07/04":5.295394,"07/05":5.2814436,"07/06":5.349233,"07/07":5.349233,"07/08":5.349233,"07/09":5.349233,"07/10":5.349233,"07/11":5.212745,"07/12":5.2565365,"07/13":5.142146,"07/14":5.1014137,"07/15":5.1014137,"07/16":5.1014137,"07/17":4.9725,"07/18":4.843892,"07/19":4.821179,"07/20":4.7718205,"07/21":4.775763,"07/22":4.775763,"07/23":4.775763,"07/24":4.7077227,"07/25":4.7688565,"07/26":4.7550454,"07/27":4.798466,"07/28":4.9744835,"07/29":4.9744835,"07/30":4.9744835,"07/31":4.900242,"08/01":4.8122883,"08/02":4.819201,"08/03":4.9012322,"08/04":4.9645753,"08/05":4.9645753,"08/06":4.9645753,"08/07":4.873544,"08/08":4.8933187,"08/09":4.8448815,"08/10":4.7816825,"08/11":4.871574,"08/12":4.871574,"08/13":4.871574,"08/14":4.8636646,"08/15":4.8636646,"08/16":4.8636646,"08/17":5.0250163,"08/18":4.9239893,"08/19":4.9239893,"08/20":4.9239893,"08/21":4.82019,"08/22":4.8300614,"08/23":4.7363105,"08/24":4.699838,"08/25":4.6781645,"08/26":4.6781645,"08/27":4.6781645,"08/28":4.578788,"08/29":4.51296,"08/30":4.5001993,"08/31":4.4795904,"09/01":4.4442787,"09/02":4.4442787,"09/03":4.4442787,"09/04":4.310124,"09/05":4.3384953,"09/06":4.424673,"09/07":4.3150115,"09/08":4.296434,"09/09":4.296434,"09/10":4.296434,"09/11":4.314032,"09/12":5.482832,"09/13":5.486095,"09/14":5.4881296,"09/15":5.497508,"09/16":5.490036,"09/17":5.490036,"09/18":5.4910235,"09/19":5.4702053,"09/20":5.46351,"09/21":5.4605436,"09/22":5.4525723,"09/23":5.445099,"09/24":5.445099,"09/25":5.4459352,"09/26":5.426038,"09/27":5.42381,"09/28":5.414362,"09/29":5.445854,"09/30":5.748762,"10/01":5.748762,"10/02":5.748762,"10/03":5.836795,"10/04":5.7972174,"10/05":5.7986183,"10/06":5.7886424,"10/07":5.81402,"10/08":5.81402,"10/09":5.812596,"10/10":5.8138204,"10/11":5.8443623,"10/12":5.845458,"10/13":5.827075,"10/14":5.8130035,"10/15":5.8130035,"10/16":5.8134556,"10/17":5.761279,"10/18":5.692518,"10/19":5.7088475,"10/20":5.790616,"10/21":5.774949,"10/22":5.774949,"10/23":5.7751045,"10/24":5.7751045,"10/25":5.6756096,"10/26":5.6767197,"10/27":5.6012154,"10/28":5.608743,"10/29":5.608743,"10/30":5.6097193,"10/31":5.5592823,"11/01":5.5402145,"11/02":5.5273743,"11/03":5.516954,"11/04":5.5191045,"11/05":5.5191045,"11/06":5.5210614,"11/07":5.480256,"11/08":5.4812,"11/09":5.433116,"11/10":5.3974004,"11/11":5.2910376,"11/12":5.2910376,"11/13":5.291527,"11/14":5.274995,"11/15":5.2400227,"11/16":5.2360806,"11/17":5.176522,"11/18":5.194092,"11/19":5.194092,"11/20":5.1944532,"11/21":5.204864,"11/22":5.1764174,"11/23":5.176699,"11/24":5.117444,"11/25":5.073962,"11/26":5.073962,"11/27":5.073962,"11/28":5.030792,"11/29":5.0431232,"11/30":5.0231314,"12/01":4.996287,"12/02":4.98625,"12/03":4.98625,"12/04":4.9870243,"12/05":4.9791155,"12/06":4.965445,"12/07":5.0228653,"12/08":4.9869595,"12/09":4.977445,"12/10":4.977445,"12/11":4.977727,"12/12":4.9489603,"12/13":4.9042816,"12/14":4.7857475,"12/15":4.8343086,"12/16":4.8897133,"12/17":4.8897133,"12/18":4.8912992,"12/19":4.8658814,"12/20":4.8369207,"12/21":4.8342514,"12/22":4.827794,"12/23":4.8446965,"12/24":4.8446965,"12/25":4.8446965,"12/26":4.858571,"12/27":4.8220553,"12/28":4.863139,"12/29":4.821957,"12/30":4.811384,"12/31":4.811384},"2022":{"09/12":6.6349983,"09/13":6.6943274,"09/14":6.821412,"09/15":6.734749,"09/16":6.7198043,"09/17":6.7198043,"09/18":6.802812,"09/19":6.761175,"09/20":6.8092084,"09/21":6.861712,"09/22":6.848684,"09/23":6.8337364,"09/24":6.8337364,"09/25":6.8966885,"09/26":6.885078,"09/27":6.948589,"09/28":6.8277106,"09/29":6.890694,"09/30":7.496511,"10/01":7.496511,"10/02":7.496511,"10/03":7.812392,"10/04":7.790406,"10/05":7.8648353,"10/06":7.332651,"10/07":7.3834066,"10/08":7.3834066,"10/09":7.2827864,"10/10":7.256847,"10/11":7.517294,"10/12":7.553614,"10/13":7.5509534,"10/14":7.522811,"10/15":7.522811,"10/16":7.5509825,"10/17":7.4622087,"10/18":7.3081336,"10/19":7.281369,"10/20":7.4643965,"10/21":7.4330616,"10/22":7.4330616,"10/23":7.4431195,"10/24":7.4431195,"10/25":7.3628416,"10/26":7.432083,"10/27":7.305342,"10/28":7.3203983,"10/29":7.3203983,"10/30":7.3805294,"10/31":7.317446,"11/01":7.326744,"11/02":7.303961,"11/03":7.301507,"11/04":7.3058076,"11/05":7.3058076,"11/06":7.419859,"11/07":7.3681626,"11/08":7.4211454,"11/09":7.3933506,"11/10":7.303634,"11/11":7.0909085,"11/12":7.0909085,"11/13":7.119799,"11/14":7.0867352,"11/15":7.1762652,"11/16":7.185649,"11/17":7.101042,"11/18":7.1361814,"11/19":7.1361814,"11/20":7.1560655,"11/21":7.106908,"11/22":7.0663223,"11/23":7.0822196,"11/24":6.888882,"11/25":6.801918,"11/26":6.801918,"11/27":6.801918,"11/28":6.7932854,"11/29":6.8572326,"11/30":6.794261,"12/01":6.6849604,"12/02":6.664886,"12/03":6.664886,"12/04":6.7134185,"12/05":6.7301764,"12/06":6.67505,"12/07":6.8090525,"12/08":6.771717,"12/09":6.752689,"12/10":6.752689,"12/11":6.769528,"12/12":6.666989,