{"0":{"01/01":26.470356,"01/02":25.293745,"01/03":24.739508,"01/04":27.303406,"01/05":27.426794,"01/06":28.188581,"01/07":28.188581,"01/08":27.292336,"01/09":26.003105,"01/10":27.328306,"01/11":28.004719,"01/12":28.09533,"01/13":27.541117,"01/14":27.541117,"01/15":29.631958,"01/16":29.441898,"01/17":26.184982,"01/18":25.03922,"01/19":26.554228,"01/20":27.174095,"01/21":27.174095,"01/22":27.174095,"01/23":24.409433,"01/24":26.391212,"01/25":27.871138,"01/26":27.871138,"01/27":29.51242,"01/28":29.51242,"01/29":31.950344,"01/30":30.651222,"01/31":31.573277,"02/01":32.116737,"02/02":32.58657,"02/03":31.10815,"02/04":31.10815,"02/05":31.066668,"02/06":32.324177,"02/07":33.116028,"02/08":31.554804,"02/09":31.54845,"02/10":31.675444,"02/11":31.675444,"02/12":30.406649,"02/13":31.788713,"02/14":31.689186,"02/15":31.943436,"02/16":32.59443,"02/17":33.31697,"02/18":33.31697,"02/19":33.31697,"02/20":34.58203,"02/21":33.96534,"02/22":37.11812,"02/23":37.51303,"02/24":37.89573,"02/25":37.89573,"02/26":37.559143,"02/27":38.367558,"02/28":37.47772,"03/01":38.71289,"03/02":39.560997,"03/03":37.609856,"03/04":38.27052,"03/05":38.17984,"03/06":37.694054,"03/07":37.740623,"03/08":37.2159,"03/09":38.301003,"03/10":39.602184,"03/11":38.794895,"03/12":38.195454,"03/13":37.592857,"03/14":39.23923,"03/15":38.85911,"03/16":38.66938,"03/17":37.68207,"03/18":37.68207,"03/19":36.36623,"03/20":37.618557,"03/21":38.745186,"03/22":39.453876,"03/23":39.620686,"03/24":40.712612,"03/25":40.712612,"03/26":40.658005,"03/27":41.15709,"03/28":42.601643,"03/29":41.453243,"03/30":41.453243,"03/31":39.45574,"04/01":39.45574,"04/02":40.76149,"04/03":40.50778,"04/04":40.58015,"04/05":39.89314,"04/06":39.47528,"04/07":39.47528,"04/08":40.483894,"04/09":40.483894,"04/10":40.19773,"04/11":39.514297,"04/12":38.97562,"04/13":38.73511,"04/14":38.73511,"04/15":38.73511,"04/16":38.73511,"04/17":39.579174,"04/18":39.828156,"04/19":40.217236,"04/20":40.08499,"04/21":40.341362,"04/22":40.341362,"04/23":40.341362,"04/24":39.547417,"04/25":39.263676,"04/26":38.842964,"04/27":38.07664,"04/28":36.884434,"04/29":36.884434,"04/30":36.884434,"05/01":36.884434,"05/02":36.29339,"05/03":36.554554,"05/04":35.593956,"05/05":35.593956,"05/06":35.593956,"05/07":35.593956,"05/08":35.627842,"05/09":35.6148,"05/10":35.18473,"05/11":35.508003,"05/12":35.407867,"05/13":35.407867,"05/14":35.407867,"05/15":34.348038,"05/16":34.79212,"05/17":35.381886,"05/18":36.155293,"05/19":35.656532,"05/20":35.656532,"05/21":35.656532,"05/22":35.012684,"05/23":34.904236,"05/24":35.402676,"05/25":35.402676,"05/26":33.56968,"05/27":33.56968,"05/28":33.56968,"05/29":32.65671,"05/30":32.436314,"05/31":32.95922,"06/01":33.371464,"06/02":32.74657,"06/03":32.74657,"06/04":32.74657,"06/05":32.242672,"06/06":32.131218,"06/07":31.282911,"06/08":32.04837,"06/09":32.35184,"06/10":32.35184,"06/11":32.35184,"06/12":32.078033,"06/13":31.176731,"06/14":30.856766,"06/15":31.406406,"06/16":30.375526,"06/17":30.375526,"06/18":30.375526,"06/19":30.9831,"06/20":30.591518,"06/21":30.608444,"06/22":31.209665,"06/23":31.891605,"06/24":31.891605,"06/25":31.891605,"06/26":31.674976,"06/27":30.780352,"06/28":29.826094,"06/29":29.826094,"06/30":28.338179,"07/01":28.338179,"07/02":28.338179,"07/03":27.439825,"07/04":27.45939,"07/05":27.430614,"07/06":26.506292,"07/07":26.506292,"07/08":26.506292,"07/09":26.506292,"07/10":26.506292,"07/11":26.8954,"07/12":27.231823,"07/13":27.276583,"07/14":26.440536,"07/15":26.440536,"07/16":26.440536,"07/17":25.562866,"07/18":25.382118,"07/19":24.693996,"07/20":23.863155,"07/21":25.189651,"07/22":25.189651,"07/23":25.189651,"07/24":25.409975,"07/25":25.176327,"07/26":24.568495,"07/27":24.911472,"07/28":24.520119,"07/29":24.520119,"07/30":24.520119,"07/31":23.834894,"08/01":24.166178,"08/02":25.336445,"08/03":26.103783,"08/04":25.352034,"08/05":25.352034,"08/06":25.352034,"08/07":24.768976,"08/08":24.869457,"08/09":24.469597,"08/10":24.877193,"08/11":25.59864,"08/12":25.59864,"08/13":25.59864,"08/14":25.723986,"08/15":25.723986,"08/16":25.723986,"08/17":25.860811,"08/18":26.151136,"08/19":18.998568,"08/20":18.998568,"08/21":18.952295,"08/22":18.94838,"08/23":18.932625,"08/24":18.691284,"08/25":18.96537,"08/26":19.191694,"08/27":19.191694,"08/28":19.164234,"08/29":19.052776,"08/30":19.501568,"08/31":19.529713,"09/01":18.594992,"09/02":18.986704,"09/03":18.986704,"09/04":18.949577,"09/05":18.933369,"09/06":18.770458,"09/07":18.737057,"09/08":18.718578,"09/09":18.635593,"09/10":18.635593,"09/11":18.612358,"09/12":18.597544,"09/13":18.53708,"09/14":18.52332,"09/15":18.510773,"09/16":18.523537,"09/17":18.523537,"09/18":18.528034,"09/19":18.568588,"09/20":18.014227,"09/21":18.339136,"09/22":18.495668,"09/23":19.422457,"09/24":19.422457,"09/25":19.424911,"09/26":20.439892,"09/27":20.344416,"09/28":20.77731,"09/29":20.670849,"09/30":19.83751,"10/01":19.83751,"10/02":19.83751,"10/03":20.433212,"10/04":19.371815,"10/05":19.3585,"10/06":19.183573,"10/07":19.305279,"10/08":19.305279,"10/09":19.338427,"10/10":19.603722,"10/11":20.512278,"10/12":19.95258,"10/13":20.339153,"10/14":19.999138,"10/15":19.999138,"10/16":20.00089,"10/17":19.687428,"10/18":18.983112,"10/19":18.922657,"10/20":18.7734,"10/21":18.994967,"10/22":18.994967,"10/23":19.071161,"10/24":19.071161,"10/25":18.76794,"10/26":18.86161,"10/27":18.34409,"10/28":18.178247,"10/29":18.178247,"10/30":18.131304,"10/31":17.399017,"11/01":16.94397,"11/02":17.162682,"11/03":17.270443,"11/04":17.089924,"11/05":17.089924,"11/06":17.041552,"11/07":16.838047,"11/08":16.819283,"11/09":16.970406,"11/10":17.348509,"11/11":16.65546,"11/12":16.65546,"11/13":16.633682,"11/14":16.607899,"11/15":16.263395,"11/16":16.37953,"11/17":16.496004,"11/18":16.756021,"11/19":16.756021,"11/20":16.76305,"11/21":17.196056,"11/22":16.943283,"11/23":16.947731,"11/24":16.259197,"11/25":16.152939,"11/26":16.152939,"11/27":16.152939,"11/28":16.039593,"11/29":15.922447,"11/30":15.38814,"12/01":15.140141,"12/02":15.467189,"12/03":15.467189,"12/04":15.459159,"12/05":15.365522,"12/06":15.516542,"12/07":15.763773,"12/08":15.65783,"12/09":15.839002,"12/10":15.839002,"12/11":15.849367,"12/12":15.82067,"12/13":15.517051,"12/14":15.360181,"12/15":16.141207,"12/16":16.64825,"12/17":16.64825,"12/18":16.647146,"12/19":16.118694,"12/20":16.229332,"12/21":16.785507,"12/22":17.0351,"12/23":18.248495,"12/24":18.248495,"12/25":18.248495,"12/26":17.550148,"12/27":17.26029,"12/28":17.347244,"12/29":17.089434,"12/30":17.494461,"12/31":17.494461},"2022":{"08/19":11.845999,"08/20":11.845999,"08/21":12.615995,"08/22":12.686005,"08/23":12.976999,"08/24":12.144019,"08/25":11.666712,"08/26":12.119359,"08/27":12.119359,"08/28":12.570863,"08/29":12.6364765,"08/30":13.590928,"08/31":13.074997,"09/01":12.293993,"09/02":13.077417,"09/03":13.077417,"09/04":13.842143,"09/05":14.07096,"09/06":13.947917,"09/07":14.768939,"09/08":15.6313305,"09/09":15.465359,"09/10":15.465359,"09/11":16.482098,"09/12":15.503766,"09/13":15.841864,"09/14":16.199564,"09/15":16.55521,"09/16":16.580734,"09/17":16.580734,"09/18":16.327911,"09/19":16.40902,"09/20":14.267827,"09/21":13.872703,"09/22":14.001654,"09/23":15.855229,"09/24":15.855229,"09/25":15.776459,"09/26":17.798906,"09/27":18.29022,"09/28":17.963789,"09/29":17.750866,"09/30":16.084187,"10/01":16.084187,"10/02":16.084187,"10/03":18.053371,"10/04":14.928302,"10/05":15.288346,"10/06":15.550891,"10/07":15.794306,"10/08":15.794306,"10/09":14.839795,"10/10":16.654673,"10/11":19.378347,"10/12":18.288311,"10/13":18.803032,"10/14":18.123003,"10/15":18.123003,"10/16":18.015871,"10/17":18.028902,"10/18":15.799709,"10/19":15.411659,"10/20":14.524943,"10/21":14.968078,"10/22":14.968078,"10/23":13.209842,"10/24":13.209842,"10/25":11.715477,"10/26":10.376571,"10/27":10.708245,"10/28":10.376561,"10/29":10.376561,"10/30":11.076283,"10/31":9.37357,"11/01":7.9316225,"11/02":9.660007,"11/03":10.629865,"11/04":10.268826,"11/05":10.268826,"11/06":11.108426,"11/07":10.773179,"11/08":11.127301,"11/09":11.440188,"11/10":12.607666,