{"0":{"01/01":6.6482577,"01/02":6.615546,"01/03":6.615546,"01/04":6.5923386,"01/05":6.567029,"01/06":6.619762,"01/07":6.619762,"01/08":6.619762,"01/09":6.461719,"01/10":6.5164566,"01/11":6.477503,"01/12":6.346124,"01/13":6.4112473,"01/14":6.4112473,"01/15":6.4112473,"01/16":6.374473,"01/17":6.350319,"01/18":6.329328,"01/19":6.3156886,"01/20":6.2989025,"01/21":6.2989025,"01/22":6.2989025,"01/23":6.231819,"01/24":6.2119236,"01/25":6.204594,"01/26":6.204594,"01/27":6.3282776,"01/28":6.3282776,"01/29":6.3282776,"01/30":6.3272367,"01/31":6.3555756,"02/01":6.239152,"02/02":6.074933,"02/03":6.049869,"02/04":6.049869,"02/05":6.049869,"02/06":5.9591327,"02/07":5.8799825,"02/08":6.0300417,"02/09":6.07075,"02/10":6.017524,"02/11":6.017524,"02/12":6.017524,"02/13":5.9570456,"02/14":6.0665774,"02/15":6.057177,"02/16":6.0102215,"02/17":6.1041846,"02/18":6.1041846,"02/19":6.1041846,"02/20":5.999787,"02/21":6.0363016,"02/22":6.1083603,"02/23":6.0352564,"02/24":5.969549,"02/25":5.969549,"02/26":5.969549,"02/27":6.000831,"02/28":5.9101686,"03/01":5.917457,"03/02":5.912254,"03/03":5.8872666,"03/04":5.8872666,"03/05":5.8872666,"03/06":5.815508,"03/07":5.815508,"03/08":5.8758245,"03/09":5.897679,"03/10":5.815508,"03/11":5.815508,"03/12":5.815508,"03/13":5.616344,"03/14":5.5139384,"03/15":5.5573583,"03/16":5.5439167,"03/17":5.5366793,"03/18":5.5366793,"03/19":5.5366793,"03/20":5.3663673,"03/21":5.361218,"03/22":5.361218,"03/23":5.33649,"03/24":5.3272285,"03/25":5.3272285,"03/26":5.3272285,"03/27":5.262386,"03/28":5.2449107,"03/29":5.1329594,"03/30":5.1329594,"03/31":4.944533,"04/01":4.944533,"04/02":4.944533,"04/03":5.006925,"04/04":5.006925,"04/05":4.7761254,"04/06":4.3842683,"04/07":4.3842683,"04/08":4.3842683,"04/09":4.3842683,"04/10":4.3357463,"04/11":4.2479086,"04/12":4.271117,"04/13":4.278182,"04/14":4.278182,"04/15":4.278182,"04/16":4.278182,"04/17":4.240848,"04/18":4.127,"04/19":4.095816,"04/20":4.049565,"04/21":3.9521825,"04/22":3.9521825,"04/23":3.9521825,"04/24":3.7519696,"04/25":3.6740923,"04/26":3.547543,"04/27":3.62024,"04/28":3.596332,"04/29":3.596332,"04/30":3.596332,"05/01":3.596332,"05/02":3.4709675,"05/03":3.2626996,"05/04":3.2280698,"05/05":3.2280698,"05/06":3.2280698,"05/07":3.2280698,"05/08":3.1095135,"05/09":3.1016183,"05/10":3.121354,"05/11":3.1124687,"05/12":2.9410386,"05/13":2.9410386,"05/14":2.9410386,"05/15":2.844736,"05/16":2.7986166,"05/17":2.767233,"05/18":2.8241234,"05/19":2.756455,"05/20":2.756455,"05/21":2.756455,"05/22":2.5920656,"05/23":2.644845,"05/24":2.5862057,"05/25":2.5862057,"05/26":2.5695982,"05/27":2.5695982,"05/28":2.5695982,"05/29":2.562763,"05/30":2.555929,"05/31":2.5051942,"06/01":2.4019163,"06/02":2.3503509,"06/03":2.3503509,"06/04":2.3503509,"06/05":2.3007827,"06/06":2.2551498,"06/07":2.239621,"06/08":2.3406336,"06/09":2.4622967,"06/10":2.4622967,"06/11":2.4622967,"06/12":2.3912055,"06/13":2.3853686,"06/14":2.3659134,"06/15":2.3464656,"06/16":2.3600793,"06/17":2.3600793,"06/18":2.3600793,"06/19":2.2891297,"06/20":2.2765074,"06/21":2.3289623,"06/22":2.3746705,"06/23":2.3873172,"06/24":2.3873172,"06/25":2.3873172,"06/26":2.3289623,"06/27":2.3396602,"06/28":2.190169,"06/29":2.190169,"06/30":2.2833045,"07/01":2.2833045,"07/02":2.2833045,"07/03":2.2852492,"07/04":2.2629158,"07/05":2.2512717,"07/06":2.2978737,"07/07":2.2978737,"07/08":2.2978737,"07/09":2.2978737,"07/10":2.2978737,"07/11":2.1678774,"07/12":2.1853163,"07/13":2.0778482,"07/14":2.0411143,"07/15":2.0411143,"07/16":2.0411143,"07/17":1.9001955,"07/18":1.7971787,"07/19":1.7731326,"07/20":1.749107,"07/21":1.7606372,"07/22":1.7606372,"07/23":1.7606372,"07/24":1.6962833,"07/25":1.727969,"07/26":1.7039557,"07/27":1.7241218,"07/28":1.8558835,"07/29":1.8558835,"07/30":1.8558835,"07/31":1.7837144,"08/01":1.7125999,"08/02":1.7001194,"08/03":1.744296,"08/04":1.7510223,"08/05":1.7510223,"08/06":1.7510223,"08/07":1.695322,"08/08":1.7116383,"08/09":1.6933995,"08/10":1.6492672,"08/11":1.7270073,"08/12":1.7270073,"08/13":1.7270073,"08/14":1.7058785,"08/15":1.7058785,"08/16":1.7058785,"08/17":1.8106465,"08/18":1.7673658,"08/19":1.7673658,"08/20":1.7673658,"08/21":1.690516,"08/22":1.6857196,"08/23":1.6147511,"08/24":1.585045,"08/25":1.5362151,"08/26":1.5362151,"08/27":1.5362151,"08/28":1.3947845,"08/29":1.376659,"08/30":1.3289837,"08/31":1.3080199,"09/01":1.3023057,"09/02":1.3023057,"09/03":1.3023057,"09/04":1.2118998,"09/05":1.2290137,"09/06":1.281353,"09/07":1.1539257,"09/08":1.1263983,"09/09":1.1263983,"09/10":1.1263983,"09/11":1.1178534,"09/12":1.1786315,"09/13":1.1273398,"09/14":1.0145056,"09/15":1.096027,"09/16":1.096027,"09/17":1.096027,"09/18":1.0343993,"09/19":1.0343993,"09/20":0.96338916,"09/21":0.93406254,"09/22":0.9274437,"09/23":0.9274437,"09/24":0.9274437,"09/25":0.8622478,"09/26":0.8650846,"09/27":0.8244935,"09/28":0.93974435,"09/29":0.93974435,"09/30":0.93974435,"10/01":0.93974435,"10/02":0.93974435,"10/03":0.7763919,"10/04":0.7518911,"10/05":0.65963906,"10/06":1.0220845,"10/07":1.0220845,"10/08":1.0220845,"10/09":1.1197542,"10/10":1.1102601,"10/11":0.97853273,"10/12":0.9463649,"10/13":0.91988796,"10/14":0.91988796,"10/15":0.91988796,"10/16":0.8688582,"10/17":0.8358151,"10/18":0.84431237,"10/19":0.8924788,"10/20":0.8650846,"10/21":3.8380415,"10/22":3.8380415,"10/23":3.8383765,"10/24":3.8383765,"10/25":3.8412433,"10/26":3.841474,"10/27":3.8420835,"10/28":3.8362036,"10/29":3.8362036,"10/30":3.8377843,"10/31":3.8156726,"11/01":3.8087904,"11/02":3.8027103,"11/03":3.7949924,"11/04":3.7875056,"11/05":3.7875056,"11/06":3.7909818,"11/07":3.7678208,"11/08":3.7692113,"11/09":3.7544453,"11/10":3.745399,"11/11":3.7373788,"11/12":3.7373788,"11/13":3.7391365,"11/14":3.7150838,"11/15":3.7109911,"11/16":3.710742,"11/17":3.684539,"11/18":3.680262,"11/19":3.680262,"11/20":3.6807954,"11/21":3.661463,"11/22":3.6579185,"11/23":3.6578188,"11/24":3.622981,"11/25":3.5798488,"11/26":3.5798488,"11/27":3.5798488,"11/28":3.5490844,"11/29":3.5447342,"11/30":3.5179102,"12/01":3.5104706,"12/02":3.503035,"12/03":3.503035,"12/04":3.5038645,"12/05":3.4803042,"12/06":3.4861486,"12/07":3.4797726,"12/08":3.469688,"12/09":3.4585447,"12/10":3.4585447,"12/11":3.4585447,"12/12":3.429913,"12/13":3.3991919,"12/14":3.3568754,"12/15":3.3679767,"12/16":3.3938966,"12/17":3.3938966,"12/18":3.3938966,"12/19":3.3695648,"12/20":3.3410285,"12/21":3.325186,"12/22":3.3257148,"12/23":3.3759093,"12/24":3.3759093,"12/25":3.3759093,"12/26":3.3679767,"12/27":3.355293,"12/28":3.400777,"12/29":3.3574047,"12/30":3.3241289,"12/31":3.3241289},"2022":{"10/21":6.8109984,"10/22":6.8109984,"10/23":6.8229966,"10/24":6.8229966,"10/25":6.924,"10/26":6.9320006,"10/27":6.9530015,"10/28":6.9412417,"10/29":6.9412417,"10/30":6.995233,"10/31":6.9961505,"11/01":7.035,"11/02":7.082904,"11/03":7.0768504,"11/04":7.061877,"11/05":7.061877,"11/06":7.1737475,"11/07":7.1386514,"11/08":7.182584,"11/09":7.2063093,"11/10":7.1583204,"11/11":7.14228,"11/12":7.14228,"11/13":7.1971674,"11/14":7.149062,"11/15":7.253688,"11/16":7.291358,"11/17":7.2687283,"11/18":7.2601743,"11/19":7.2601743,"11/20":7.276122,"11/21":7.219782,"11/22":7.2331524,"11/23":7.230169,"11/24":7.0646276,"11/25":6.978363,"11/26":6.978363,"11/27":6.978363,"11/28":7.0127,"11/29":7.077393,"11/30":7.0172453,"12/01":6.9410496,"12/02":6.9261785,"12/03":6.9261785,"12/04":6.952001,"12/05":6.9606085,"12/06":6.972297,"12/07":6.959545,"12/08":6.939376,"12/09":6.9170895,"12/10":6.9170895,"12/11":6.9170895,"12/12":6.859826,"12/13":6.7983837,"12/14":6.713751,"12/15":6.7359533,"12/16":6.787793,"12/17":6.787793,"12/18":6.787793,"12/19":6.7391295,"12/20":6.682057,"12/21":6.650372,"12/22":6.6514297,"12/23":6.7518187,"12/24":6.7518187,"12/25":6.7518187,"12/26":6.7359533,"12/27":6.710586,"12/28":6.801554,"12/29":6.7148094,"12/30":6.6482577,"12/31":6.6482577},"2023":{"01/01":6.6482577,"01/02":6.615546,"01/03":6.615546,"01/04":6.5923386,"01/05":6.567029,"01/06":6.619762,"01/07":6.619762,"01/08":6.619762,"01/09":6.461719,"01/10":6.5164566,"01/11":6.477503,"01/12":6.346124,"01/13":6.4112473,"01/14":6.4112473,