{"0":{"01/01":3.5216036,"01/02":3.5050514,"01/03":3.4864438,"01/04":3.4709375,"01/05":3.4709375,"01/06":3.4709375,"01/07":3.4709375,"01/08":3.3615015,"01/09":3.3295364,"01/10":3.2378907,"01/11":3.1464076,"01/12":3.1464076,"01/13":3.1464076,"01/14":3.1464076,"01/15":2.825941,"01/16":2.7943163,"01/17":2.8494241,"01/18":2.9270864,"01/19":2.8504467,"01/20":2.8504467,"01/21":2.8504467,"01/22":2.8504467,"01/23":2.6893542,"01/24":2.6232278,"01/25":2.451703,"01/26":2.451703,"01/27":2.451703,"01/28":2.451703,"01/29":2.2323017,"01/30":2.1667721,"01/31":2.0078125,"02/01":1.1917297,"02/02":0.9176734,"02/03":0.9176734,"02/04":0.9176734,"02/05":0.9727582,"02/06":0.90980774,"02/07":0.7429864,"02/08":0.67738265,"02/09":0.81455135,"02/10":0.81455135,"02/11":0.81455135,"02/12":0.7263299,"02/13":0.76454616,"02/14":0.81848127,"02/15":0.47135222,"02/16":0.5025494,"02/17":0.5025494,"02/18":0.5025494,"02/19":0.5025494,"02/20":0.3195754,"02/21":0.18665081,"02/22":0.18956164,"02/23":0.20991445,"02/24":0.20991445,"02/25":0.20991445,"02/26":0.14694181,"02/27":0.18956164,"02/28":0.1324202,"02/29":0.15661907,"03/01":0.002890787,"03/02":0.002890787,"03/03":0.002890787,"03/04":-0.09355645,"03/05":-0.16672872,"03/06":-0.17923321,"03/07":-0.35015577,"03/08":-0.35015577,"03/09":-0.35015577,"03/10":-0.35015577,"03/11":-0.55200624,"03/12":-0.47556818,"03/13":-0.41337624,"03/14":-0.40380695,"03/15":-0.3491959,"03/16":-0.3491959,"03/17":-0.3491959,"03/18":-0.3491959,"03/19":-0.10030061,"03/20":-0.070422776,"03/21":-0.30316356,"03/22":-0.15325743,"03/23":-0.15325743,"03/24":-0.15325743,"03/25":-0.15325743,"03/26":-0.110892795,"03/27":-0.3127522,"03/28":-0.74732757,"03/29":-0.74732757,"03/30":-0.74732757,"03/31":-0.7863088,"04/01":-0.7863088,"04/02":-0.33960512,"04/03":-0.32618046,"04/04":-0.37506983,"04/05":-0.23979388,"04/06":-0.23979388,"04/07":-0.23979388,"04/08":0.0,"04/09":0.0,"04/10":0.0,"04/11":0.0,"04/12":0.0,"04/13":0.0,"04/14":0.0,"04/15":0.0,"04/16":0.0,"04/17":0.0,"04/18":0.0,"04/19":0.0,"04/20":0.0,"04/21":0.0,"04/22":0.0,"04/23":0.0,"04/24":0.0,"04/25":0.0,"04/26":0.0,"04/27":0.0,"04/28":0.0,"04/29":0.0,"04/30":0.0,"05/01":0.0,"05/02":0.0,"05/03":0.0,"05/04":0.0,"05/05":0.0,"05/06":0.0,"05/07":0.0,"05/08":0.0,"05/09":0.0,"05/10":0.0,"05/11":0.0,"05/12":0.0,"05/13":0.0,"05/14":0.0,"05/15":0.0,"05/16":0.0,"05/17":0.0,"05/18":0.0,"05/19":0.0,"05/20":0.0,"05/21":0.0,"05/22":0.0,"05/23":0.0,"05/24":0.0,"05/25":0.0,"05/26":0.0,"05/27":0.0,"05/28":0.0,"05/29":0.0,"05/30":0.0,"05/31":0.0,"06/01":0.0,"06/02":0.0,"06/03":0.0,"06/04":0.0,"06/05":0.0,"06/06":0.0,"06/07":0.0,"06/08":0.0,"06/09":0.0,"06/10":0.0,"06/11":0.0,"06/12":0.0,"06/13":0.0,"06/14":0.0,"06/15":0.0,"06/16":0.0,"06/17":0.0,"06/18":0.0,"06/19":0.0,"06/20":0.0,"06/21":0.0,"06/22":0.0,"06/23":0.0,"06/24":0.0,"06/25":0.0,"06/26":0.0,"06/27":0.0,"06/28":0.0,"06/29":0.0,"06/30":0.0,"07/01":0.0,"07/02":0.0,"07/03":0.0,"07/04":0.0,"07/05":0.0,"07/06":0.0,"07/07":0.0,"07/08":0.0,"07/09":0.0,"07/10":0.0,"07/11":0.0,"07/12":0.0,"07/13":0.0,"07/14":0.0,"07/15":0.0,"07/16":0.0,"07/17":0.0,"07/18":0.0,"07/19":0.0,"07/20":0.0,"07/21":0.0,"07/22":0.0,"07/23":0.0,"07/24":0.0,"07/25":0.0,"07/26":0.0,"07/27":0.0,"07/28":0.0,"07/29":0.0,"07/30":0.0,"07/31":0.0,"08/01":0.0,"08/02":0.0,"08/03":0.0,"08/04":0.0,"08/05":0.0,"08/06":0.0,"08/07":0.0,"08/08":0.0,"08/09":0.0,"08/10":0.0,"08/11":0.0,"08/12":0.0,"08/13":0.0,"08/14":0.0,"08/15":0.0,"08/16":0.0,"08/17":0.0,"08/18":0.0,"08/19":0.0,"08/20":0.0,"08/21":0.0,"08/22":0.0,"08/23":0.0,"08/24":0.0,"08/25":0.0,"08/26":0.0,"08/27":0.0,"08/28":0.0,"08/29":0.0,"08/30":0.0,"08/31":0.0,"09/01":0.0,"09/02":0.0,"09/03":0.0,"09/04":0.0,"09/05":0.0,"09/06":0.0,"09/07":0.0,"09/08":0.0,"09/09":0.0,"09/10":0.0,"09/11":0.0,"09/12":0.0,"09/13":0.0,"09/14":0.0,"09/15":0.0,"09/16":0.0,"09/17":0.0,"09/18":0.0,"09/19":0.0,"09/20":0.0,"09/21":0.0,"09/22":0.0,"09/23":0.0,"09/24":0.0,"09/25":0.0,"09/26":0.0,"09/27":0.0,"09/28":0.0,"09/29":0.0,"09/30":0.0,"10/01":0.0,"10/02":0.0,"10/03":0.0,"10/04":0.0,"10/05":0.0,"10/06":0.0,"10/07":0.0,"10/08":0.0,"10/09":0.0,"10/10":0.0,"10/11":0.0,"10/12":0.0,"10/13":0.0,"10/14":0.0,"10/15":0.0,"10/16":0.0,"10/17":0.0,"10/18":0.0,"10/19":0.0,"10/20":0.0,"10/21":0.0,"10/22":0.0,"10/23":0.0,"10/24":0.0,"10/25":0.0,"10/26":0.0,"10/27":0.0,"10/28":0.0,"10/29":0.0,"10/30":0.0,"10/31":0.0,"11/01":0.0,"11/02":0.0,"11/03":0.0,"11/04":0.0,"11/05":0.0,"11/06":0.0,"11/07":0.0,"11/08":0.0,"11/09":0.0,"11/10":0.0,"11/11":0.0,"11/12":0.0,"11/13":0.0,"11/14":0.0,"11/15":0.0,"11/16":0.0,"11/17":0.0,"11/18":0.0,"11/19":0.0,"11/20":0.0,"11/21":0.0,"11/22":0.0,"11/23":0.0,"11/24":0.0,"11/25":0.0,"11/26":0.0,"11/27":0.0,"11/28":0.0,"11/29":0.0,"11/30":0.0,"12/01":0.0,"12/02":0.0,"12/03":0.0,"12/04":0.0,"12/05":0.0,"12/06":0.0,"12/07":0.0,"12/08":0.0,"12/09":0.0,"12/10":0.0,"12/11":0.0,"12/12":0.0,"12/13":0.0,"12/14":0.0,"12/15":0.0,"12/16":0.0,"12/17":0.0,"12/18":0.0,"12/19":0.0,"12/20":0.0,"12/21":0.0,"12/22":0.0,"12/23":0.0,"12/24":0.0,"12/25":0.0,"12/26":1.7959976,"12/27":1.7959976,"12/28":1.7887472,"12/29":1.7892658,"12/30":1.7892658,"12/31":1.7892658},"2023":{"12/26":3.5919952,"12/27":3.5919952,"12/28":3.5774944,"12/29":3.5785315,"12/30":3.5785315,"12/31":3.5785315},"2024":{"01/01":3.5216036,"01/02":3.5050514,"01/03":3.4864438,"01/04":3.4709375,"01/05":3.4709375,"01/06":3.4709375,"01/07":3.4709375,"01/08":3.3615015,"01/09":3.3295364,"01/10":3.2378907,"01/11":3.1464076,"01/12":3.1464076,"01/13":3.1464076,"01/14":3.1464076,"01/15":2.825941,"01/16":2.7943163,"01/17":2.8494241,"01/18":2.9270864,"01/19":2.8504467,"01/20":2.8504467,"01/21":2.8504467,"01/22":2.8504467,"01/23":2.6893542,"01/24":2.6232278,"01/25":2.451703,"01/26":2.451703,"01/27":2.451703,"01/28":2.451703,"01/29":2.2323017,"01/30":2.1667721,"01/31":2.0078125,"02/01":1.1917297,"02/02":0.9176734,"02/03":0.9176734,"02/04":0.9176734,"02/05":0.9727582,"02/06":0.90980774,"02/07":0.7429864,"02/08":0.67738265,"02/09":0.81455135,"02/10":0.81455135,"02/11":0.81455135,"02/12":0.7263299,"02/13":0.76454616,"02/14":0.81848127,"02/15":0.47135222,"02/16":0.5025494,"02/17":0.5025494,"02/18":0.5025494,"02/19":0.5025494,"02/20":0.3195754,"02/21":0.18665081,"02/22":0.18956164,"02/23":0.20991445,"02/24":0.20991445,"02/25":0.20991445,"02/26":0.14694181,"02/27":0.18956164,"02/28":0.1324202,"02/29":0.15661907,"03/01":0.002890787,"03/02":0.002890787,"03/03":0.002890787,"03/04":-0.09355645,"03/05":-0.16672872,"03/06":-0.17923321,"03/07":-0.35015577,"03/08":-0.35015577,"03/09":-0.35015577,"03/10":-0.35015577,"03/11":-0.55200624,"03/12":-0.47556818,"03/13":-0.41337624,"03/14":-0.40380695,"03/15":-0.3491959,"03/16":-0.3491959,"03/17":-0.3491959,"03/18":-0.3491959,"03/19":-0.10030061,"03/20":-0.070422776,"03/21":-0.30316356,"03/22":-0.15325743,"03/23":-0.15325743,"03/24":-0.15325743,"03/25":-0.15325743,"03/26":-0.110892795,"03/27":-0.3127522,"03/28":-0.74732757,"03/29":-0.74732757,"03/30":-0.74732757,"03/31":-0.7863088,"04/01":-0.7863088,"04/02":-0.33960512,"04/03":-0.32618046,"04/04":-0.37506983,"04/05":-0.23979388,"04/06":-0.23979388,"04/07":-0.23979388,"04/08":0.0,"04/09":0.0,"04/10":0.0,"04/11":0.0,"04/12":0.0,"04/13":0.0,"04/14":0.0,"04/15":0.0,"04/16":0.0,"04/17":0.0,"04/18":0.0,"04/19":0.0,"04/20":0.0,"04/21":0.0,"04/22":0.0,"04/23":0.0,"04/24":0.0,"04/25":0.0,"04/26":0.0,"04/27":0.0,"04/28":0.0,"04/29":0.0,"04/30":0.0,"05/01":0.0,"05/02":0.0,"05/03":0.0,"05/04":0.0,"05/05":0.0,"05/06":0.0,"05/07":0.0,"05/08":0.0,"05/09":0.0,"05/10":0.0,"05/11":0.0,"05/12":0.0,"05/13":0.0,"05/14":0.0,"05/15":0.0,"05/16":0.0,"05/17":0.0,"05/18":0.0,"05/19":0.0,"05/20":0.0,"05/21":0.0,"05/22":0.0,"05/23":0.0,"05/24":0.0,"05/25":0.0,"05/26":0.0,"05/27":0.0,"05/28":0.0,"05/29":0.0,"05/30":0.0,"05/31":0.0,"06/01":0.0,"06/02":0.0,"06/03":0.0,"06/04":0.0,"06/05":0.0,"06/06":0.0,"06/07":0.0,"06/08":0.0,"06/09":0.0,"06/10":0.0,"06/11":0.0,"06/12":0.0,"06/13":0.0,"06/14":0.0,"06/15":0.0,"06/16":0.0,"06/17":0.0,"06/18":0.0,"06/19":0.0,"06/20":0.0,"06/21":0.0,"06/22":0.0,"06/23":0.0,