{"0":{"01/01":7.491657,"01/02":7.430978,"01/03":7.41416,"01/04":7.3700004,"01/05":7.344507,"01/06":7.3976254,"01/07":7.3976254,"01/08":7.5064826,"01/09":7.379733,"01/10":7.4823985,"01/11":7.4173975,"01/12":7.2848587,"01/13":7.3505564,"01/14":7.3505564,"01/15":7.578717,"01/16":7.5168595,"01/17":7.5467377,"01/18":7.5284758,"01/19":7.4406643,"01/20":7.4237,"01/21":7.4237,"01/22":7.4237,"01/23":7.4604287,"01/24":7.5014243,"01/25":7.480206,"01/26":7.480206,"01/27":7.6053743,"01/28":7.6053743,"01/29":7.7326937,"01/30":7.787895,"01/31":7.911391,"02/01":7.954991,"02/02":7.954516,"02/03":7.929008,"02/04":7.929008,"02/05":7.885694,"02/06":7.8366637,"02/07":7.8111463,"02/08":8.009211,"02/09":8.054623,"02/10":8.000401,"02/11":8.000401,"02/12":8.037788,"02/13":7.984028,"02/14":8.027725,"02/15":8.111668,"02/16":8.115958,"02/17":8.211788,"02/18":8.211788,"02/19":8.211788,"02/20":8.244046,"02/21":8.346288,"02/22":8.437651,"02/23":8.349163,"02/24":8.282021,"02/25":8.282021,"02/26":8.371531,"02/27":8.415325,"02/28":8.392395,"03/01":8.417547,"03/02":8.412221,"03/03":8.386643,"03/04":8.386643,"03/05":8.386643,"03/06":8.313191,"03/07":8.313191,"03/08":8.374931,"03/09":8.397303,"03/10":8.313191,"03/11":8.313191,"03/12":8.313191,"03/13":8.109326,"03/14":8.004503,"03/15":8.048948,"03/16":8.03519,"03/17":8.0277815,"03/18":8.0277815,"03/19":8.0277815,"03/20":7.8534493,"03/21":7.8481784,"03/22":7.8481784,"03/23":7.8228664,"03/24":7.813387,"03/25":7.813387,"03/26":7.813387,"03/27":7.747014,"03/28":7.7291255,"03/29":7.6145325,"03/30":7.6145325,"03/31":7.421658,"04/01":7.421658,"04/02":7.421658,"04/03":7.4855227,"04/04":7.4855227,"04/05":7.249275,"04/06":6.8481684,"04/07":6.8481684,"04/08":6.8481684,"04/09":6.8481684,"04/10":6.7985015,"04/11":6.70859,"04/12":6.7323465,"04/13":6.7395787,"04/14":6.7395787,"04/15":6.7395787,"04/16":6.7395787,"04/17":6.7013636,"04/18":6.5848274,"04/19":6.552908,"04/20":6.505565,"04/21":6.405884,"04/22":6.405884,"04/23":6.405884,"04/24":6.200945,"04/25":6.1212296,"04/26":5.9916935,"04/27":6.0661063,"04/28":6.041634,"04/29":6.041634,"04/30":6.041634,"05/01":6.041634,"05/02":5.91331,"05/03":5.700126,"05/04":5.664679,"05/05":5.664679,"05/06":5.664679,"05/07":5.664679,"05/08":5.5433245,"05/09":5.535243,"05/10":5.5554447,"05/11":5.5463495,"05/12":5.370873,"05/13":5.370873,"05/14":5.370873,"05/15":5.2722974,"05/16":5.225089,"05/17":5.1929646,"05/18":5.251198,"05/19":5.181932,"05/20":5.181932,"05/21":5.181932,"05/22":5.013663,"05/23":5.067688,"05/24":5.007664,"05/25":5.007664,"05/26":4.990665,"05/27":4.990665,"05/28":4.990665,"05/29":4.9836683,"05/30":4.9766726,"05/31":4.924741,"06/01":4.819025,"06/02":4.7662425,"06/03":4.7662425,"06/04":4.7662425,"06/05":4.715504,"06/06":4.668794,"06/07":4.652899,"06/08":4.7562957,"06/09":4.880831,"06/10":4.880831,"06/11":4.880831,"06/12":4.8080616,"06/13":4.802087,"06/14":4.782172,"06/15":4.762265,"06/16":4.7762003,"06/17":4.7762003,"06/18":4.7762003,"06/19":4.703576,"06/20":4.6906557,"06/21":4.744349,"06/22":4.7911363,"06/23":4.8040814,"06/24":4.8040814,"06/25":4.8040814,"06/26":4.744349,"06/27":4.7552996,"06/28":4.6022797,"06/29":4.6022797,"06/30":4.6976132,"07/01":4.6976132,"07/02":4.6976132,"07/03":4.699604,"07/04":4.6767435,"07/05":4.6648245,"07/06":4.712527,"07/07":4.712527,"07/08":4.712527,"07/09":4.712527,"07/10":4.712527,"07/11":4.5794616,"07/12":4.5973125,"07/13":4.4873075,"07/14":4.4497066,"07/15":4.4497066,"07/16":4.4497066,"07/17":4.3054614,"07/18":4.200013,"07/19":4.1753993,"07/20":4.150807,"07/21":4.162609,"07/22":4.162609,"07/23":4.162609,"07/24":4.096736,"07/25":4.12917,"07/26":4.1045895,"07/27":4.1252317,"07/28":4.2601037,"07/29":4.2601037,"07/30":4.2601037,"07/31":4.186231,"08/01":4.113438,"08/02":4.1006627,"08/03":4.145882,"08/04":4.152767,"08/05":4.152767,"08/06":4.152767,"08/07":4.0957522,"08/08":4.1124535,"08/09":4.0937843,"08/10":4.04861,"08/11":4.1281853,"08/12":4.1281853,"08/13":4.1281853,"08/14":4.106558,"08/15":4.106558,"08/16":4.106558,"08/17":4.213799,"08/18":4.1694965,"08/19":4.1694965,"08/20":4.1694965,"08/21":4.0908327,"08/22":4.085923,"08/23":4.0132794,"08/24":3.982872,"08/25":3.9328897,"08/26":3.9328897,"08/27":3.9328897,"08/28":3.7881207,"08/29":3.7695675,"08/30":3.7207668,"08/31":3.6993082,"09/01":3.693459,"09/02":3.693459,"09/03":3.693459,"09/04":3.600919,"09/05":3.618437,"09/06":3.6720119,"09/07":3.5415766,"09/08":3.5133996,"09/09":3.5133996,"09/10":3.5133996,"09/11":3.504653,"09/12":3.5668657,"09/13":3.5143633,"09/14":3.3988657,"09/15":3.4823112,"09/16":3.4823112,"09/17":3.4823112,"09/18":3.4192288,"09/19":3.4192288,"09/20":3.3465426,"09/21":3.3165238,"09/22":3.3097486,"09/23":3.3097486,"09/24":3.3097486,"09/25":3.243014,"09/26":3.2459178,"09/27":3.2043686,"09/28":3.3223398,"09/29":3.3223398,"09/30":3.3223398,"10/01":3.3223398,"10/02":3.3223398,"10/03":3.1551316,"10/04":3.1300523,"10/05":3.0356228,"10/06":3.4066236,"10/07":3.4066236,"10/08":3.4066236,"10/09":3.5065985,"10/10":3.4968803,"10/11":3.3620436,"10/12":3.3291166,"10/13":3.3020146,"10/14":3.3020146,"10/15":3.3020146,"10/16":3.2497804,"10/17":3.2159574,"10/18":3.2246552,"10/19":3.2739587,"10/20":3.2459178,"10/21":5.028458,"10/22":5.028458,"10/23":5.0286593,"10/24":5.0286593,"10/25":5.0304017,"10/26":5.030544,"10/27":5.0309196,"10/28":5.0250397,"10/29":5.0250397,"10/30":5.02602,"10/31":5.003376,"11/01":4.9958725,"11/02":4.989084,"11/03":4.981255,"11/04":4.973768,"11/05":4.973768,"11/06":4.9760065,"11/07":4.952713,"11/08":4.953618,"11/09":4.9382234,"11/10":4.9295297,"11/11":4.9215097,"11/12":4.9215097,"11/13":4.922661,"11/14":4.898608,"11/15":4.893184,"11/16":4.8924847,"11/17":4.86593,"11/18":4.8616533,"11/19":4.8616533,"11/20":4.862011,"11/21":4.842887,"11/22":4.839101,"11/23":4.839034,"11/24":4.805328,"11/25":4.7621956,"11/26":4.7621956,"11/27":4.7621956,"11/28":4.7303,"11/29":4.7250834,"11/30":4.698336,"12/01":4.69162,"12/02":4.6841846,"12/03":4.6841846,"12/04":4.684729,"12/05":4.660511,"12/06":4.6665263,"12/07":4.6613417,"12/08":4.6519094,"12/09":4.6407557,"12/10":4.6407557,"12/11":4.641064,"12/12":4.611948,"12/13":4.582259,"12/14":4.5432434,"12/15":4.5563927,"12/16":4.5824027,"12/17":4.5824027,"12/18":4.584264,"12/19":4.560513,"12/20":4.5332212,"12/21":4.519549,"12/22":4.521412,"12/23":4.571922,"12/24":4.571922,"12/25":4.571922,"12/26":4.5655017,"12/27":4.5535336,"12/28":4.5992045,"12/29":4.556553,"12/30":4.52303,"12/31":4.52303},"2022":{"10/21":6.8109984,"10/22":6.8109984,"10/23":6.8229966,"10/24":6.8229966,"10/25":6.924,"10/26":6.9320006,"10/27":6.9530015,"10/28":6.9412417,"10/29":6.9412417,"10/30":6.995233,"10/31":6.9961505,"11/01":7.035,"11/02":7.082904,"11/03":7.0768504,"11/04":7.061877,"11/05":7.061877,"11/06":7.1737475,"11/07":7.1386514,"11/08":7.182584,"11/09":7.2063093,"11/10":7.1583204,"11/11":7.14228,"11/12":7.14228,"11/13":7.1971674,"11/14":7.149062,"11/15":7.253688,"11/16":7.291358,"11/17":7.2687283,"11/18":7.2601743,"11/19":7.2601743,"11/20":7.276122,"11/21":7.219782,"11/22":7.2331524,"11/23":7.230169,"11/24":7.0646276,"11/25":6.978363,"11/26":6.978363,"11/27":6.978363,"11/28":7.0127,"11/29":7.077393,"11/30":7.0172453,"12/01":6.9410496,"12/02":6.9261785,"12/03":6.9261785,"12/04":6.952001,"12/05":6.9606085,"12/06":6.980232,"12/07":7.0220914,"12/08":7.0316825,"12/09":7.0093756,"12/10":7.0093756,"12/11":7.023269,"12/12":6.9451203,"12/13":6.9322023,"12/14":6.9980297,"12/15":7.106478,"12/16":7.158498,"12/17":7.158498,"12/18":7.2348213,"12/19":7.2136946,"12/20":7.2118206,"12/21":7.2690797,"12/22":7.3216147,"12/23":7.4226346,"12/24":7.4226346,"12/25":7.4226346,"12/26":7.465126,"12/27":7.4692936,"12/28":7.5559545,"12/29":7.506242,"12/30":7.4391956,"12/31":7.4391956},"2023":{"01/01":7.491657,"01/02":7.430978,"01/03":7.41416,"01/04":7.3700004,"01/05":7.344507,"01/06":7.3976254,"01/07":7.3976254,"01/08":7.5064826,"01/09":7.379733,"01/10":7.4823985,"01/11":7.4173975,"01/12":7.2848587,"01/13":7.3505564,"01/14":7.3505564,"01/15":7.578717,"01/16":7.5168595,"01/17":7.5467377,"01/18":7.5284758,"01/19":7.4406643,