"Month (MM)","Day (DD)","2023","Average Across Years"
12,26,0.7180023,0.7180023
12,27,0.7180023,0.7180023
12,28,0.7180023,0.7180023
12,29,0.7180023,0.7180023
12,30,0.7180023,0.7180023
12,31,0.7180023,0.7180023
