"Month (MM)","Day (DD)","2023","Average Across Years"
12,26,1.0949993,1.0949993
12,27,1.0949993,1.0949993
12,28,1.0949993,1.0949993
12,29,1.0949993,1.0949993
12,30,1.0949993,1.0949993
12,31,1.0949993,1.0949993
