{"0":{"01/01":4.3512096,"01/02":4.32434,"01/03":4.3164625,"01/04":4.306774,"01/05":4.2978644,"01/06":4.289482,"01/07":4.289482,"01/08":4.2908487,"01/09":4.2661824,"01/10":4.258141,"01/11":4.2483783,"01/12":4.2400084,"01/13":4.2316403,"01/14":4.2316403,"01/15":4.23419,"01/16":4.209043,"01/17":4.2004776,"01/18":4.193601,"01/19":4.183698,"01/20":4.1753383,"01/21":4.1753383,"01/22":4.1753383,"01/23":4.1512523,"01/24":4.142084,"01/25":4.133587,"01/26":4.133587,"01/27":4.115305,"01/28":4.115305,"01/29":4.1172266,"01/30":4.090762,"01/31":4.083375,"02/01":4.0806875,"02/02":4.07534,"02/03":4.0664263,"02/04":4.0664263,"02/05":4.068889,"02/06":4.042953,"02/07":4.0352645,"02/08":4.0248017,"02/09":4.0162687,"02/10":4.006842,"02/11":4.006842,"02/12":4.007765,"02/13":3.979804,"02/14":3.9694557,"02/15":3.9623456,"02/16":3.9550576,"02/17":3.946169,"02/18":3.946169,"02/19":3.946169,"02/20":3.9213388,"02/21":3.9140024,"02/22":3.9062562,"02/23":3.8963177,"02/24":3.8874283,"02/25":3.8874283,"02/26":3.8891134,"02/27":3.8612747,"02/28":3.8551311,"02/29":1.0104035,"03/01":3.8491716,"03/02":3.8402863,"03/03":3.8314,"03/04":3.8330657,"03/05":3.833119,"03/06":3.808169,"03/07":3.8088827,"03/08":3.7879705,"03/09":3.7775226,"03/10":3.767602,"03/11":3.771236,"03/12":3.771264,"03/13":3.7379963,"03/14":3.726671,"03/15":3.7183795,"03/16":3.7126381,"03/17":3.70324,"03/18":3.70324,"03/19":3.7020772,"03/20":3.6776972,"03/21":3.666524,"03/22":3.6681352,"03/23":3.6404734,"03/24":3.627961,"03/25":3.627961,"03/26":3.6291556,"03/27":3.6034734,"03/28":3.6094675,"03/29":3.6214812,"03/30":3.6214812,"03/31":3.5721412,"04/01":3.5721412,"04/02":3.574688,"04/03":3.5203469,"04/04":3.5184627,"04/05":3.492011,"04/06":3.4842055,"04/07":3.4842055,"04/08":3.4843009,"04/09":3.4843009,"04/10":3.4354446,"04/11":3.4240215,"04/12":3.4141622,"04/13":3.4017098,"04/14":3.4017098,"04/15":3.4017098,"04/16":3.4017098,"04/17":3.363873,"04/18":3.3529994,"04/19":3.3447208,"04/20":3.33644,"04/21":3.327126,"04/22":3.327126,"04/23":3.327126,"04/24":3.301283,"04/25":3.2924986,"04/26":3.284751,"04/27":3.2759767,"04/28":3.2672002,"04/29":3.2672002,"04/30":3.2672002,"05/01":3.2672002,"05/02":3.2300704,"05/03":3.2197666,"05/04":3.2099824,"05/05":3.2099824,"05/06":3.2099824,"05/07":3.2099824,"05/08":3.1708772,"05/09":3.160082,"05/10":3.1503148,"05/11":3.1410708,"05/12":3.1313157,"05/13":3.1313157,"05/14":3.1313157,"05/15":3.1025803,"05/16":3.0928342,"05/17":3.080536,"05/18":3.0672126,"05/19":3.0549262,"05/20":3.0549262,"05/21":3.0549262,"05/22":3.0226939,"05/23":3.0073576,"05/24":2.9986699,"05/25":2.9986699,"05/26":2.9787562,"05/27":2.9787562,"05/28":2.9787562,"05/29":2.9603853,"05/30":2.9466166,"05/31":2.928778,"06/01":2.9089122,"06/02":2.8636405,"06/03":2.8636405,"06/04":2.8636405,"06/05":2.8616097,"06/06":2.8088095,"06/07":2.8022127,"06/08":2.8814354,"06/09":2.921136,"06/10":2.921136,"06/11":2.921136,"06/12":2.9216459,"06/13":2.9033144,"06/14":2.8936465,"06/15":2.8875377,"06/16":2.8956797,"06/17":2.8956797,"06/18":2.8956797,"06/19":2.8687258,"06/20":2.8585615,"06/21":2.828087,"06/22":2.839765,"06/23":2.853987,"06/24":2.853987,"06/25":2.853987,"06/26":2.8550045,"06/27":2.8499222,"06/28":2.8093126,"06/29":2.8093126,"06/30":2.8291037,"07/01":2.8291037,"07/02":2.8291037,"07/03":2.8417943,"07/04":2.8230147,"07/05":2.7986634,"07/06":2.8458579,"07/07":2.8458579,"07/08":2.8458579,"07/09":2.8458579,"07/10":2.8458579,"07/11":2.7935967,"07/12":2.801202,"07/13":2.7343524,"07/14":2.7146368,"07/15":2.7146368,"07/16":2.7146368,"07/17":2.6530495,"07/18":2.6021767,"07/19":2.596639,"07/20":2.5815527,"07/21":2.599158,"07/22":2.599158,"07/23":2.599158,"07/24":2.5684788,"07/25":2.58809,"07/26":2.578532,"07/27":2.5689821,"07/28":2.6480107,"07/29":2.6480107,"07/30":2.6480107,"07/31":2.6082149,"08/01":2.5760195,"08/02":2.552403,"08/03":2.6077106,"08/04":2.6490204,"08/05":2.6490204,"08/06":2.6490204,"08/07":2.6142542,"08/08":2.6172793,"08/09":2.6051955,"08/10":2.5890925,"08/11":2.6192915,"08/12":2.6192915,"08/13":2.6192915,"08/14":2.6127467,"08/15":2.6127467,"08/16":2.6127467,"08/17":2.6414587,"08/18":2.580546,"08/19":2.580546,"08/20":2.580546,"08/21":2.5589328,"08/22":2.5559192,"08/23":2.5127513,"08/24":2.523788,"08/25":2.529808,"08/26":2.529808,"08/27":2.529808,"08/28":2.4691577,"08/29":2.3941593,"08/30":2.3881702,"08/31":2.3736985,"09/01":2.3637235,"09/02":2.3637235,"09/03":2.3637235,"09/04":2.337304,"09/05":2.337304,"09/06":2.3343158,"09/07":2.2785857,"09/08":2.2557282,"09/09":2.2557282,"09/10":2.2557282,"09/11":2.2751064,"09/12":2.2751064,"09/13":2.2517595,"09/14":2.2061162,"09/15":2.2815676,"09/16":2.2815676,"09/17":2.2815676,"09/18":2.2180126,"09/19":2.2180126,"09/20":2.1853056,"09/21":2.1734195,"09/22":2.1768851,"09/23":2.1768851,"09/24":2.1768851,"09/25":2.152635,"09/26":2.152635,"09/27":2.1308775,"09/28":2.187285,"09/29":2.187285,"09/30":2.187285,"10/01":2.187285,"10/02":2.187285,"10/03":2.09433,"10/04":2.0963025,"10/05":2.0553665,"10/06":2.272623,"10/07":2.272623,"10/08":2.272623,"10/09":2.319375,"10/10":2.297483,"10/11":2.2259495,"10/12":2.1932282,"10/13":2.1605523,"10/14":2.1605523,"10/15":2.1605523,"10/16":2.1293974,"10/17":2.081502,"10/18":2.1284077,"10/19":2.1397781,"10/20":2.1501632,"10/21":3.2447748,"10/22":3.2447748,"10/23":3.2448814,"10/24":3.2448814,"10/25":3.2451773,"10/26":3.2452328,"10/27":3.2452805,"10/28":3.2452805,"10/29":3.2452805,"10/30":3.2455924,"10/31":3.2307441,"11/01":3.2127907,"11/02":3.199992,"11/03":3.2018547,"11/04":3.196581,"11/05":3.196581,"11/06":3.1971083,"11/07":3.1813595,"11/08":3.1817741,"11/09":3.1713889,"11/10":3.1665955,"11/11":3.161321,"11/12":3.161321,"11/13":3.1616173,"11/14":3.1457965,"11/15":3.141631,"11/16":3.1383622,"11/17":3.1333313,"11/18":3.1280558,"11/19":3.1280558,"11/20":3.1280413,"11/21":3.1121864,"11/22":3.1063907,"11/23":3.106355,"11/24":3.0947552,"11/25":3.0891454,"11/26":3.0891454,"11/27":3.0891454,"11/28":3.0726464,"11/29":3.0680816,"11/30":3.0627058,"12/01":3.057153,"12/02":3.0518959,"12/03":3.0518959,"12/04":3.0520103,"12/05":3.0362062,"12/06":3.0312464,"12/07":3.02649,"12/08":3.021116,"12/09":3.0155141,"12/10":3.0155141,"12/11":3.0156333,"12/12":2.9982853,"12/13":2.993229,"12/14":2.9892375,"12/15":2.98401,"12/16":2.978407,"12/17":2.978407,"12/18":2.9791706,"12/19":2.9615996,"12/20":2.9558613,"12/21":2.9504051,"12/22":2.9454632,"12/23":2.9398594,"12/24":2.9398594,"12/25":2.9398594,"12/26":2.9229333,"12/27":2.916914,"12/28":2.9117138,"12/29":2.9065456,"12/30":2.9002464,"12/31":2.9002464},"2022":{"10/21":5.433998,"10/22":5.433998,"10/23":5.4629993,"10/24":5.4629993,"10/25":5.5370045,"10/26":5.550003,"10/27":5.560999,"10/28":5.560999,"10/29":5.560999,"10/30":5.628996,"10/31":5.6425724,"11/01":5.5867414,"11/02":5.589678,"11/03":5.615921,"11/04":5.6001,"11/05":5.6001,"11/06":5.6979613,"11/07":5.6644554,"11/08":5.735325,"11/09":5.73062,"11/10":5.7368035,"11/11":5.7209806,"11/12":5.7209806,"11/13":5.7678723,"11/14":5.7204103,"11/15":5.819311,"11/16":5.8436584,"11/17":5.861719,"11/18":5.8458934,"11/19":5.8458934,"11/20":5.8438973,"11/21":5.838237,"11/22":5.7974615,"11/23":5.7924843,"11/24":5.7060084,"11/25":5.689179,"11/26":5.689179,"11/27":5.689179,"11/28":5.737143,"11/29":5.8158784,"11/30":5.785167,"12/01":5.729605,"12/02":5.7138333,"12/03":5.7138333,"12/04":5.729737,"12/05":5.6764894,"12/06":5.7014794,"12/07":5.706647,"12/08":5.7206435,"12/09":5.703838,"12/10":5.703838,"12/11":5.719734,"12/12":5.591906,"12/13":5.6505766,"12/14":5.8362894,"12/15":5.8631496,"12/16":5.84634,"12/17":5.84634,"12/18":5.931676,"12/19":5.909826,"12/20":5.9147873,"12/21":5.949473,"12/22":6.000079,"12/23":5.9832673,"12/24":5.9832673,"12/25":5.9832673,"12/26":6.021849,"12/27":5.997071,"12/28":6.0515156,"12/29":6.0753055,"12/30":6.0564084,"12/31":6.0564084},"2023":{"01/01":6.1078887,"01/02":6.048398,"01/03":6.0632715,"01/04":5.965389,"01/05":5.9475694,"01/06":5.9308047,"01/07":5.9308047,"01/08":6.0168242,"01/09":5.9961843,"01/10":6.0001745,"01/11":5.8964744,"01/12":5.879734,"01/13":5.8629985,"01/14":5.8629985,