{"0":{"01/01":7.269223,"01/02":7.1730795,"01/03":7.1177726,"01/04":7.070424,"01/05":7.0535736,"01/06":7.036727,"01/07":7.036727,"01/08":7.2048717,"01/09":7.255457,"01/10":7.335889,"01/11":7.3681407,"01/12":7.3512607,"01/13":7.334388,"01/14":7.334388,"01/15":7.5720944,"01/16":7.495732,"01/17":7.442524,"01/18":7.366082,"01/19":7.3896003,"01/20":7.3748484,"01/21":7.3748484,"01/22":7.3748484,"01/23":7.444867,"01/24":7.444598,"01/25":7.520803,"01/26":7.520803,"01/27":7.484975,"01/28":7.484975,"01/29":7.6261134,"01/30":7.605582,"01/31":7.6884637,"02/01":8.0788965,"02/02":8.166639,"02/03":8.149695,"02/04":8.149695,"02/05":8.128157,"02/06":8.165356,"02/07":8.236639,"02/08":8.248145,"02/09":8.111147,"02/10":8.118549,"02/11":8.118549,"02/12":8.233969,"02/13":8.1564045,"02/14":8.112678,"02/15":8.26568,"02/16":8.183826,"02/17":8.282174,"02/18":8.282174,"02/19":8.282174,"02/20":8.389744,"02/21":8.501951,"02/22":8.461578,"02/23":8.375322,"02/24":8.38378,"02/25":8.38378,"02/26":8.47068,"02/27":8.437058,"02/28":8.600148,"03/01":8.6430025,"03/02":8.627088,"03/03":8.559244,"03/04":8.641215,"03/05":8.708548,"03/06":8.670379,"03/07":8.763037,"03/08":8.827779,"03/09":8.768338,"03/10":8.714258,"03/11":8.879986,"03/12":8.838066,"03/13":8.482696,"03/14":8.532169,"03/15":8.473945,"03/16":8.411778,"03/17":8.44443,"03/18":8.44443,"03/19":8.320055,"03/20":8.151239,"03/21":8.408938,"03/22":8.250772,"03/23":8.178345,"03/24":8.103916,"03/25":8.103916,"03/26":8.136862,"03/27":8.241147,"03/28":8.44726,"03/29":8.417846,"03/30":8.417846,"03/31":8.382616,"04/01":8.382616,"04/02":8.130004,"04/03":8.111246,"04/04":8.180898,"04/05":8.002398,"04/06":7.779477,"04/07":7.779477,"04/08":7.6550565,"04/09":7.6550565,"04/10":7.5606537,"04/11":7.5368266,"04/12":7.497468,"04/13":7.4902215,"04/14":7.4902215,"04/15":7.4902215,"04/16":7.4902215,"04/17":7.443667,"04/18":7.374412,"04/19":7.360988,"04/20":7.3176346,"04/21":7.2722507,"04/22":7.2722507,"04/23":7.2722507,"04/24":7.15074,"04/25":7.1106443,"04/26":7.0911117,"04/27":7.0572195,"04/28":7.0510597,"04/29":7.0510597,"04/30":7.0510597,"05/01":7.0510597,"05/02":6.981284,"05/03":6.866568,"05/04":6.822599,"05/05":6.822599,"05/06":6.822599,"05/07":6.822599,"05/08":6.7745647,"05/09":6.759245,"05/10":6.7337284,"05/11":6.6959763,"05/12":6.648066,"05/13":6.648066,"05/14":6.648066,"05/15":6.5900145,"05/16":6.5238914,"05/17":6.4954343,"05/18":6.484263,"05/19":6.484263,"05/20":6.484263,"05/21":6.484263,"05/22":6.3756757,"05/23":6.392917,"05/24":6.3584404,"05/25":6.3584404,"05/26":6.339191,"05/27":6.339191,"05/28":6.339191,"05/29":6.32501,"05/30":6.2916007,"05/31":6.258212,"06/01":6.1935124,"06/02":6.1753244,"06/03":6.1753244,"06/04":6.1753244,"06/05":6.1349435,"06/06":6.107704,"06/07":6.091565,"06/08":6.123839,"06/09":6.122838,"06/10":6.122838,"06/11":6.122838,"06/12":6.055275,"06/13":6.0351267,"06/14":6.028076,"06/15":6.023043,"06/16":5.9696903,"06/17":5.9696903,"06/18":5.9696903,"06/19":5.9485674,"06/20":5.9264464,"06/21":5.923436,"06/22":5.9214234,"06/23":5.912375,"06/24":5.912375,"06/25":5.912375,"06/26":5.8430796,"06/27":5.828026,"06/28":5.8159895,"06/29":5.8159895,"06/30":5.828026,"07/01":5.828026,"07/02":5.828026,"07/03":5.7678623,"07/04":5.753833,"07/05":5.7157683,"07/06":5.7378016,"07/07":5.7378016,"07/08":5.7378016,"07/09":5.7378016,"07/10":5.7378016,"07/11":5.610743,"07/12":5.5997567,"07/13":5.542841,"07/14":5.5318685,"07/15":5.5318685,"07/16":5.5318685,"07/17":5.4620624,"07/18":5.4062915,"07/19":5.389378,"07/20":5.3903747,"07/21":5.3714647,"07/22":5.3714647,"07/23":5.3714647,"07/24":5.311819,"07/25":5.312814,"07/26":5.2959213,"07/27":5.2949266,"07/28":5.326727,"07/29":5.326727,"07/30":5.326727,"07/31":5.285995,"08/01":5.243307,"08/02":5.223466,"08/03":5.2224727,"08/04":5.21553,"08/05":5.21553,"08/06":5.21553,"08/07":5.1530848,"08/08":5.119416,"08/09":5.1055584,"08/10":5.0827975,"08/11":5.1006036,"08/12":5.1006036,"08/13":5.1006036,"08/14":5.0551047,"08/15":5.0551047,"08/16":5.0551047,"08/17":5.025448,"08/18":4.9770484,"08/19":4.9770484,"08/20":4.9770484,"08/21":4.921789,"08/22":4.893194,"08/23":4.8626513,"08/24":4.834089,"08/25":4.8301454,"08/26":4.8301454,"08/27":4.8301454,"08/28":4.7583294,"08/29":4.722945,"08/30":4.720978,"08/31":4.691509,"09/01":4.665005,"09/02":4.665005,"09/03":4.665005,"09/04":4.6159554,"09/05":4.5992947,"09/06":4.5787144,"09/07":4.4690905,"09/08":4.465174,"09/09":4.465174,"09/10":4.465174,"09/11":4.421202,"09/12":5.657111,"09/13":5.6607895,"09/14":5.6769915,"09/15":5.669672,"09/16":5.662177,"09/17":5.662177,"09/18":5.662731,"09/19":5.641321,"09/20":5.6392217,"09/21":5.6321383,"09/22":5.6246643,"09/23":5.6166353,"09/24":5.6166353,"09/25":5.617116,"09/26":5.5969543,"09/27":5.58966,"09/28":5.5809803,"09/29":5.5735035,"09/30":5.5660295,"10/01":5.5660295,"10/02":5.5660295,"10/03":5.542023,"10/04":5.543001,"10/05":5.5434484,"10/06":5.524681,"10/07":5.517228,"10/08":5.517228,"10/09":5.51732,"10/10":5.493203,"10/11":5.485198,"10/12":5.477605,"10/13":5.470424,"10/14":5.4629774,"10/15":5.4629774,"10/16":5.463148,"10/17":5.4401402,"10/18":5.4314957,"10/19":5.42303,"10/20":5.4145403,"10/21":5.405515,"10/22":5.405515,"10/23":5.4050827,"10/24":5.4050827,"10/25":5.371604,"10/26":5.371557,"10/27":5.3547363,"10/28":5.346257,"10/29":5.346257,"10/30":5.347195,"10/31":5.3218927,"11/01":5.31402,"11/02":5.306027,"11/03":5.298418,"11/04":5.291005,"11/05":5.291005,"11/06":5.2924147,"11/07":5.2697415,"11/08":5.270445,"11/09":5.255105,"11/10":5.247244,"11/11":5.239301,"11/12":5.239301,"11/13":5.2399487,"11/14":5.2161283,"11/15":5.2095165,"11/16":5.2020965,"11/17":5.1949306,"11/18":5.1875176,"11/19":5.1875176,"11/20":5.1878424,"11/21":5.1638217,"11/22":5.155948,"11/23":5.15617,"11/24":5.1389446,"11/25":5.129962,"11/26":5.129962,"11/27":5.129962,"11/28":5.1050916,"11/29":5.098667,"11/30":5.090053,"12/01":5.0824,"12/02":5.0750065,"12/03":5.0750065,"12/04":5.0761385,"12/05":5.05331,"12/06":5.0452805,"12/07":5.038542,"12/08":5.029926,"12/09":5.02201,"12/10":5.02201,"12/11":5.0236325,"12/12":4.9977655,"12/13":4.990218,"12/14":4.985935,"12/15":4.9805617,"12/16":4.9720974,"12/17":4.9720974,"12/18":4.974082,"12/19":4.947436,"12/20":4.939419,"12/21":4.9299936,"12/22":4.9216757,"12/23":4.912686,"12/24":4.912686,"12/25":4.912686,"12/26":4.8866444,"12/27":4.87782,"12/28":4.869942,"12/29":4.8633637,"12/30":4.854387,"12/31":4.854387},"2022":{"09/12":6.8509965,"09/13":6.943344,"09/14":7.1102676,"09/15":7.069338,"09/16":7.054347,"09/17":7.054347,"09/18":7.0963492,"09/19":7.0535297,"09/20":7.0911655,"09/21":7.1061673,"09/22":7.130081,"09/23":7.114023,"09/24":7.114023,"09/25":7.1479936,"09/26":7.0445495,"09/27":7.0435643,"09/28":6.977604,"09/29":6.9626513,"09/30":6.947703,"10/01":6.947703,"10/02":6.947703,"10/03":6.89969,"10/04":6.93567,"10/05":6.9695935,"10/06":6.755979,"10/07":6.741073,"10/08":6.741073,"10/09":6.7490535,"10/10":6.6384234,"10/11":6.7130494,"10/12":6.7737646,"10/13":6.780793,"10/14":6.765899,"10/15":6.765899,"10/16":6.779847,"10/17":6.722172,"10/18":6.6932206,"10/19":6.721958,"10/20":6.6622214,"10/21":6.6441708,"10/22":6.6441708,"10/23":6.6063576,"10/24":6.6063576,"10/25":6.62396,"10/26":6.619985,"10/27":6.5979958,"10/28":6.5810366,"10/29":6.5810366,"10/30":6.659574,"10/31":6.619631,"11/01":6.6097,"11/02":6.6315093,"11/03":6.6424365,"11/04":6.6276107,"11/05":6.6276107,"11/06":6.735848,"11/07":6.6982317,"11/08":6.7498517,"11/09":6.75776,"11/10":6.747822,"11/11":6.7319365,"11/12":6.7319365,"11/13":6.777575,"11/14":6.729934,"11/15":6.805275,"11/16":6.824087,"11/17":6.8587456,"11/18":6.8439198,"11/19":6.8439198,"11/20":6.8647313,"11/21":6.836844,"11/22":6.85755,"11/23":6.8714156,"11/24":6.7861385,"11/25":6.768173,"11/26":6.768173,"11/27":6.768173,"11/28":6.749125,"11/29":6.8282537,"11/30":6.801457,"12/01":6.8024197,"12/02":6.7876334,"12/03":6.7876334,"12/04":6.8568544,"12/05":6.8350945,"12/06":6.8123474,"12/07":6.866674,"12/08":6.8398933,"12/09":6.824061,"12/10":6.824061,"12/11":6.9179115,"12/12":6.8366275,"12/13":6.8710885,"12/14":7.078276,