{"0":{"01/01":24.88402,"01/02":26.510597,"01/03":25.351929,"01/04":25.052288,"01/05":25.052288,"01/06":22.46867,"01/07":22.661898,"01/08":24.333792,"01/09":24.087666,"01/10":22.532791,"01/11":22.359264,"01/12":22.359264,"01/13":20.159698,"01/14":21.102797,"01/15":19.068031,"01/16":19.85398,"01/17":21.344694,"01/18":21.282713,"01/19":19.765419,"01/20":20.794931,"01/21":19.56664,"01/22":20.261883,"01/23":21.465816,"01/24":19.524815,"01/25":21.222965,"01/26":21.222965,"01/27":19.781183,"01/28":19.985579,"01/29":20.106424,"01/30":21.452112,"01/31":21.532785,"02/01":21.19065,"02/02":20.495607,"02/03":20.406546,"02/04":21.467436,"02/05":21.255526,"02/06":20.193008,"02/07":20.027506,"02/08":20.962029,"02/09":20.606337,"02/10":20.040781,"02/11":18.419556,"02/12":19.514145,"02/13":18.896084,"02/14":17.619213,"02/15":17.090027,"02/16":16.93662,"02/17":16.978342,"02/18":16.978342,"02/19":16.978342,"02/20":16.253035,"02/21":16.153778,"02/22":15.295152,"02/23":15.5322,"02/24":14.6463995,"02/25":14.151619,"02/26":14.561052,"02/27":14.841647,"02/28":13.746649,"02/29":12.969069,"03/01":11.924747,"03/02":11.924747,"03/03":11.924747,"03/04":11.773771,"03/05":11.828336,"03/06":11.706445,"03/07":11.798373,"03/08":11.798373,"03/09":11.798373,"03/10":11.798373,"03/11":12.654282,"03/12":12.757563,"03/13":13.773225,"03/14":13.412093,"03/15":14.104346,"03/16":14.104346,"03/17":14.104346,"03/18":14.104346,"03/19":15.199022,"03/20":15.049288,"03/21":13.942997,"03/22":13.55429,"03/23":13.55429,"03/24":13.55429,"03/25":13.55429,"03/26":14.08318,"03/27":13.965224,"03/28":13.020437,"03/29":13.020437,"03/30":13.020437,"03/31":13.016058,"04/01":13.016058,"04/02":11.876515,"04/03":11.75025,"04/04":11.637064,"04/05":10.696765,"04/06":10.696765,"04/07":10.696765,"04/08":10.118764,"04/09":10.118764,"04/10":9.621793,"04/11":9.621793,"04/12":10.859569,"04/13":10.859569,"04/14":10.859569,"04/15":12.09011,"04/16":12.459094,"04/17":12.459094,"04/18":13.303209,"04/19":12.473166,"04/20":12.473166,"04/21":12.473166,"04/22":12.046039,"04/23":11.549667,"04/24":11.325398,"04/25":10.672645,"04/26":10.512482,"04/27":10.512482,"04/28":10.512482,"04/29":9.638254,"04/30":9.395979,"05/01":9.395979,"05/02":8.969497,"05/03":9.365265,"05/04":9.365265,"05/05":9.365265,"05/06":9.576553,"05/07":9.86713,"05/08":9.611514,"05/09":11.109426,"05/10":10.5752325,"05/11":10.5752325,"05/12":10.5752325,"05/13":10.293403,"05/14":9.700015,"05/15":9.643395,"05/16":8.656354,"05/17":8.066419,"05/18":8.066419,"05/19":8.066419,"05/20":8.066419,"05/21":8.1024065,"05/22":7.810138,"05/23":7.810138,"05/24":6.6031675,"05/25":6.6031675,"05/26":6.6031675,"05/27":6.6352725,"05/28":6.564277,"05/29":7.398864,"05/30":7.94261,"05/31":7.9216723,"06/01":7.9216723,"06/02":7.9216723,"06/03":4.9343495,"06/04":10.1374445,"06/05":6.6927285,"06/06":5.3981895,"06/07":3.593628,"06/08":3.593628,"06/09":3.593628,"06/10":3.5899577,"06/11":3.7150218,"06/12":3.5036912,"06/13":3.3188047,"06/14":2.8685212,"06/15":2.8685212,"06/16":2.8685212,"06/17":2.8685212,"06/18":2.4400961,"06/19":2.1275902,"06/20":1.7930269,"06/21":2.149909,"06/22":2.149909,"06/23":2.149909,"06/24":1.3418477,"06/25":0.9068497,"06/26":0.83282614,"06/27":0.19811204,"06/28":-0.04961156,"06/29":-0.04961156,"06/30":-0.04961156,"07/01":-1.0593815,"07/02":-0.86629915,"07/03":-2.0858953,"07/04":-2.6407175,"07/05":-2.578208,"07/06":-2.578208,"07/07":-2.578208,"07/08":-3.0390503,"07/09":-3.5473397,"07/10":-3.2317884,"07/11":-3.4987383,"07/12":-3.9517238,"07/13":-3.9517238,"07/14":-3.9517238,"07/15":-4.470824,"07/16":-4.470824,"07/17":-4.470824,"07/18":-5.0322256,"07/19":-4.5371704,"07/20":-4.5371704,"07/21":-4.5371704,"07/22":-4.9657917,"07/23":-4.8884263,"07/24":-4.886883,"07/25":-4.886883,"07/26":-6.304076,"07/27":-6.304076,"07/28":-6.304076,"07/29":-6.388156,"07/30":-6.3483906,"07/31":-6.639492,"08/01":-6.4885545,"08/02":-5.7918534,"08/03":-5.7918534,"08/04":-5.7918534,"08/05":-3.610197,"08/06":-3.3158696,"08/07":-4.659468,"08/08":-4.5215693,"08/09":-5.1955943,"08/10":-5.1955943,"08/11":-5.1955943,"08/12":-5.2870483,"08/13":-4.1455717,"08/14":-4.3950005,"08/15":-4.3950005,"08/16":-5.989701,"08/17":-5.989701,"08/18":-5.989701,"08/19":-5.8631997,"08/20":-6.4631023,"08/21":-6.533443,"08/22":-6.737123,"08/23":-6.391904,"08/24":-6.391904,"08/25":-6.391904,"08/26":-6.8315744,"08/27":-7.1026974,"08/28":-7.140354,"08/29":-7.4089575,"08/30":-7.7248697,"08/31":-7.7248697,"09/01":-7.7248697,"09/02":-8.356728,"09/03":-8.571157,"09/04":-8.37326,"09/05":-8.37326,"09/06":-7.2273593,"09/07":-7.2273593,"09/08":-7.2273593,"09/09":-7.18978,"09/10":-7.4661574,"09/11":-7.04875,"09/12":-8.217065,"09/13":-7.984309,"09/14":-7.984309,"09/15":-7.984309,"09/16":-8.097222,"09/17":-8.199755,"09/18":-8.199755,"09/19":-8.589038,"09/20":-9.800043,"09/21":-9.800043,"09/22":-9.800043,"09/23":-10.424503,"09/24":-10.22559,"09/25":-10.50684,"09/26":-11.149979,"09/27":-10.761801,"09/28":-10.761801,"09/29":-10.761801,"09/30":-9.923829,"10/01":-10.255932,"10/02":-10.255932,"10/03":-8.869957,"10/04":-7.935726,"10/05":-7.935726,"10/06":-7.935726,"10/07":-6.802586,"10/08":-7.4961944,"10/09":-7.6636124,"10/10":-8.309985,"10/11":-8.117459,"10/12":-8.117459,"10/13":-8.117459,"10/14":-8.501706,"10/15":-8.475903,"10/16":-8.13624,"10/17":-7.286994,"10/18":-7.348016,"10/19":-7.348016,"10/20":-7.348016,"10/21":-6.9354715,"10/22":-5.772855,"10/23":-5.768296,"10/24":-5.6412053,"10/25":-5.2647767,"10/26":-5.2647767,"10/27":-5.2647767,"10/28":-5.4870195,"10/29":-6.368654,"10/30":-6.368654,"10/31":-5.3990116,"11/01":-5.3990116,"11/02":-5.3990116,"11/03":-5.3990116,"11/04":-5.210206,"11/05":-6.1588373,"11/06":-6.8382554,"11/07":-6.244677,"11/08":-5.9276266,"11/09":-5.9276266,"11/10":-5.9276266,"11/11":-6.953255,"11/12":-5.748534,"11/13":-4.403602,"11/14":-4.5004916,"11/15":-4.5004916,"11/16":-4.5004916,"11/17":-4.5004916,"11/18":-4.167586,"11/19":-4.4231567,"11/20":-4.4231567,"11/21":-3.9769807,"11/22":-5.6967983,"11/23":-5.6967983,"11/24":-5.6967983,"11/25":-6.7713523,"11/26":-6.5424123,"11/27":-6.605166,"11/28":-5.71659,"11/29":-6.2672443,"11/30":-6.2672443,"12/01":-6.2672443,"12/02":-6.4908032,"12/03":-7.2487183,"12/04":-7.2722783,"12/05":-7.8485966,"12/06":-7.8515,"12/07":-7.8515,"12/08":-7.8515,"12/09":-8.074803,"12/10":-8.170897,"12/11":-8.16945,"12/12":-7.9676366,"12/13":-8.473031,"12/14":-8.473031,"12/15":-8.473031,"12/16":-8.473031,"12/17":-7.5934987,"12/18":-6.949552,"12/19":-6.6118865,"12/20":-4.9302235,"12/21":-4.9302235,"12/22":-4.9302235,"12/23":-5.733326,"12/24":-5.5007763,"12/25":-5.5007763,"12/26":9.12152,"12/27":9.135185,"12/28":9.125872,"12/29":9.120283,"12/30":9.222934,"12/31":9.164295},"2023":{"12/26":24.084997,"12/27":24.197998,"12/28":24.179369,"12/29":24.168194,"12/30":24.997995,"12/31":24.528109},"2024":{"01/01":24.88402,"01/02":26.510597,"01/03":25.351929,"01/04":25.052288,"01/05":25.052288,"01/06":22.46867,"01/07":22.661898,"01/08":24.333792,"01/09":24.087666,"01/10":22.532791,"01/11":22.359264,"01/12":22.359264,"01/13":20.159698,"01/14":21.102797,"01/15":19.068031,"01/16":19.85398,"01/17":21.344694,"01/18":21.282713,"01/19":19.765419,"01/20":20.794931,"01/21":19.56664,"01/22":20.261883,"01/23":21.465816,"01/24":19.524815,"01/25":21.222965,"01/26":21.222965,"01/27":19.781183,"01/28":19.985579,"01/29":20.106424,"01/30":21.452112,"01/31":21.532785,"02/01":21.19065,"02/02":20.495607,"02/03":20.406546,"02/04":21.467436,"02/05":21.255526,"02/06":20.193008,"02/07":20.027506,"02/08":20.962029,"02/09":20.606337,"02/10":20.040781,"02/11":18.419556,"02/12":19.514145,"02/13":18.896084,"02/14":17.619213,"02/15":17.090027,"02/16":16.93662,"02/17":16.978342,"02/18":16.978342,"02/19":16.978342,"02/20":16.253035,"02/21":16.153778,"02/22":15.295152,"02/23":15.5322,"02/24":14.6463995,"02/25":14.151619,"02/26":14.561052,"02/27":14.841647,"02/28":13.746649,"02/29":12.969069,"03/01":11.924747,"03/02":11.924747,"03/03":11.924747,"03/04":11.773771,"03/05":11.828336,"03/06":11.706445,"03/07":11.798373,"03/08":11.798373,"03/09":11.798373,