"Month (MM)","Day (DD)","2023","Average Across Years"
12,26,3.5890007,3.5890007
12,27,3.5890007,3.5890007
12,28,3.5745003,3.5745003
12,29,3.5755374,3.5755374
12,30,3.5755374,3.5755374
12,31,3.5755374,3.5755374
