{"0":{"01/01":5.422907,"01/02":5.423051,"01/03":5.4232063,"01/04":5.4232063,"01/05":5.4232063,"01/06":5.423562,"01/07":5.4237013,"01/08":5.423836,"01/09":5.4239235,"01/10":5.424034,"01/11":5.424034,"01/12":5.424034,"01/13":5.4244823,"01/14":5.424644,"01/15":5.3993154,"01/16":5.390973,"01/17":5.3821316,"01/18":5.373637,"01/19":5.3651447,"01/20":5.365592,"01/21":5.365759,"01/22":5.365937,"01/23":5.3374286,"01/24":5.330703,"01/25":5.323277,"01/26":5.323277,"01/27":5.323803,"01/28":5.324004,"01/29":5.296077,"01/30":5.2888565,"01/31":5.28216,"02/01":5.277918,"02/02":5.269436,"02/03":5.270005,"02/04":5.270211,"02/05":5.244995,"02/06":5.236781,"02/07":5.229597,"02/08":5.221649,"02/09":5.2137046,"02/10":5.214319,"02/11":5.214519,"02/12":5.190915,"02/13":5.1832414,"02/14":5.1755033,"02/15":5.167037,"02/16":5.1590986,"02/17":5.1597433,"02/18":5.1597433,"02/19":5.1597433,"02/20":5.1286416,"02/21":5.1209273,"02/22":5.1129932,"02/23":5.1055913,"02/24":5.106285,"02/25":5.1065607,"02/26":5.0827627,"02/27":5.0752716,"02/28":5.0675335,"02/29":6.414775,"03/01":5.0532684,"03/02":5.0532684,"03/03":5.054,"03/04":5.032342,"03/05":5.024888,"03/06":5.016675,"03/07":5.008999,"03/08":5.008999,"03/09":5.008999,"03/10":5.009703,"03/11":4.9772153,"03/12":4.9695244,"03/13":4.9613304,"03/14":4.9534187,"03/15":4.945509,"03/16":4.945509,"03/17":4.9466147,"03/18":4.9468603,"03/19":4.915994,"03/20":4.9083614,"03/21":4.900673,"03/22":4.8922415,"03/23":4.8922415,"03/24":4.893229,"03/25":4.89373,"03/26":4.8614388,"03/27":4.8534236,"03/28":4.845539,"03/29":4.845539,"03/30":4.845539,"03/31":4.8211155,"04/01":4.8211155,"04/02":4.809645,"04/03":4.8022647,"04/04":4.7941256,"04/05":4.7851667,"04/06":4.7851667,"04/07":4.7861915,"04/08":4.7595205,"04/09":4.7599673,"04/10":4.7425942,"04/11":4.743424,"04/12":4.725528,"04/13":4.725528,"04/14":4.725528,"04/15":4.698704,"04/16":4.691473,"04/17":4.6917715,"04/18":4.6744194,"04/19":4.6660085,"04/20":4.6660085,"04/21":4.6673226,"04/22":4.6399946,"04/23":4.6310635,"04/24":4.6231613,"04/25":4.614031,"04/26":4.6051083,"04/27":4.6051083,"04/28":4.6060743,"04/29":4.579047,"04/30":4.5701313,"05/01":4.5701313,"05/02":4.5522985,"05/03":4.543391,"05/04":4.543391,"05/05":4.545364,"05/06":4.5206165,"05/07":4.5125895,"05/08":4.5044837,"05/09":4.495862,"05/10":4.485383,"05/11":4.485383,"05/12":4.485383,"05/13":4.4576473,"05/14":4.45066,"05/15":4.4416733,"05/16":4.4331255,"05/17":4.4242363,"05/18":4.4242363,"05/19":4.425442,"05/20":4.4259076,"05/21":4.3886676,"05/22":4.3798103,"05/23":4.380322,"05/24":4.361506,"05/25":4.361506,"05/26":4.362709,"05/27":4.3355126,"05/28":4.3270063,"05/29":4.3185415,"05/30":4.310062,"05/31":4.301187,"06/01":4.301187,"06/02":4.302399,"06/03":4.276203,"06/04":4.2673397,"06/05":4.2598386,"06/06":4.251397,"06/07":4.243058,"06/08":4.243058,"06/09":4.2451286,"06/10":4.219492,"06/11":4.210975,"06/12":4.202373,"06/13":4.1937675,"06/14":4.1854324,"06/15":4.1854324,"06/16":4.1864786,"06/17":4.1867604,"06/18":4.1507306,"06/19":4.1412187,"06/20":4.132278,"06/21":4.1234336,"06/22":4.1234336,"06/23":4.124614,"06/24":4.096984,"06/25":4.0885725,"06/26":4.079998,"06/27":4.070648,"06/28":4.061817,"06/29":4.061817,"06/30":4.061817,"07/01":4.032754,"07/02":4.0234213,"07/03":4.014092,"07/04":4.0047607,"07/05":3.9959557,"07/06":3.9959557,"07/07":3.9959557,"07/08":3.97566,"07/09":3.9672143,"07/10":3.9587271,"07/11":3.9502616,"07/12":3.940936,"07/13":3.940936,"07/14":3.9420617,"07/15":3.9166837,"07/16":3.9170108,"07/17":3.9174664,"07/18":3.8914864,"07/19":3.8826861,"07/20":3.8826861,"07/21":3.8838038,"07/22":3.8608782,"07/23":3.8519478,"07/24":3.8435688,"07/25":3.8439531,"07/26":3.8258598,"07/27":3.8258598,"07/28":3.8270435,"07/29":3.8010743,"07/30":3.7926788,"07/31":3.7842393,"08/01":3.7759001,"08/02":3.767128,"08/03":3.767128,"08/04":3.7684054,"08/05":3.743562,"08/06":3.735183,"08/07":3.7278662,"08/08":3.7185168,"08/09":3.7092342,"08/10":3.7092342,"08/11":3.710504,"08/12":3.6835866,"08/13":3.6747677,"08/14":3.6664884,"08/15":3.6664884,"08/16":3.6479533,"08/17":3.6479533,"08/18":3.6497738,"08/19":3.6229796,"08/20":3.6141741,"08/21":3.605377,"08/22":3.596551,"08/23":3.5872982,"08/24":3.5872982,"08/25":3.5886602,"08/26":3.5618773,"08/27":3.5531456,"08/28":3.544745,"08/29":3.5363457,"08/30":3.527101,"08/31":3.527101,"09/01":3.5284517,"09/02":3.5006616,"09/03":3.4918163,"09/04":3.483051,"09/05":3.4834678,"09/06":3.4655204,"09/07":3.4655204,"09/08":3.4655204,"09/09":3.4402523,"09/10":3.4313636,"09/11":3.4230504,"09/12":3.4143069,"09/13":3.4050927,"09/14":3.4050927,"09/15":3.4064474,"09/16":3.3793163,"09/17":3.370699,"09/18":3.3712687,"09/19":3.3528588,"09/20":3.34314,"09/21":3.34314,"09/22":3.3446014,"09/23":3.3169167,"09/24":3.307613,"09/25":3.2983356,"09/26":3.2893467,"09/27":3.2801595,"09/28":3.2801595,"09/29":3.2815747,"09/30":3.2545302,"10/01":3.2439048,"10/02":3.2439048,"10/03":3.2245233,"10/04":3.2143297,"10/05":3.2143297,"10/06":3.2143297,"10/07":3.1873322,"10/08":3.178172,"10/09":3.16952,"10/10":3.1598568,"10/11":3.1512108,"10/12":3.1512108,"10/13":3.1512108,"10/14":3.1242816,"10/15":3.1161556,"10/16":3.1075282,"10/17":3.0988994,"10/18":3.0902777,"10/19":3.0902777,"10/20":3.0902777,"10/21":3.063913,"10/22":3.0552979,"10/23":3.0466905,"10/24":3.0375743,"10/25":3.028466,"10/26":3.028466,"10/27":3.028466,"10/28":3.0011547,"10/29":2.9925601,"10/30":2.9925601,"10/31":2.9748783,"11/01":2.9748783,"11/02":2.9748783,"11/03":2.9748783,"11/04":2.9395502,"11/05":2.9309754,"11/06":2.9203897,"11/07":2.910817,"11/08":2.901752,"11/09":2.901752,"11/10":2.901752,"11/11":2.8740675,"11/12":2.8650105,"11/13":2.8554578,"11/14":2.8464072,"11/15":2.8464072,"11/16":2.8464072,"11/17":2.8464072,"11/18":2.8087418,"11/19":2.799712,"11/20":2.799712,"11/21":2.7806525,"11/22":2.7721293,"11/23":2.7721293,"11/24":2.7721293,"11/25":2.7440789,"11/26":2.7345698,"11/27":2.7255652,"11/28":2.7160583,"11/29":2.7075605,"11/30":2.7075605,"12/01":2.7075605,"12/02":2.6790786,"12/03":2.6690931,"12/04":2.660606,"12/05":2.6516266,"12/06":2.6416514,"12/07":2.6416514,"12/08":2.6416514,"12/09":2.6132407,"12/10":2.6042728,"12/11":2.5953126,"12/12":2.586849,"12/13":2.578393,"12/14":2.578393,"12/15":2.578393,"12/16":2.578393,"12/17":2.541104,"12/18":2.5316682,"12/19":2.523225,"12/20":2.5142925,"12/21":2.5142925,"12/22":2.5142925,"12/23":2.4865155,"12/24":2.4805684,"12/25":2.4805684,"12/26":3.6147983,"12/27":3.6148517,"12/28":3.6148517,"12/29":3.6148517,"12/30":3.6150467,"12/31":3.6151192},"2023":{"12/26":5.9119987,"12/27":5.929003,"12/28":5.929003,"12/29":5.929003,"12/30":5.9869957,"12/31":6.007004},"2024":{"01/01":6.047001,"01/02":6.0709953,"01/03":6.0960007,"01/04":6.0960007,"01/05":6.0960007,"01/06":6.1499977,"01/07":6.1699963,"01/08":6.189003,"01/09":6.201,"01/10":6.2160015,"01/11":6.2160015,"01/12":6.2160015,"01/13":6.274004,"01/14":6.2940025,"01/15":6.2639976,"01/16":6.2659883,"01/17":6.269927,"01/18":6.2529373,"01/19":6.2359533,"01/20":6.2888894,"01/21":6.3078747,"01/22":6.3278503,"01/23":6.2874985,"01/24":6.29268,"01/25":6.2778277,"01/26":6.2778277,"01/27":6.3347187,"01/28":6.355678,"01/29":6.319392,"01/30":6.3254914,"01/31":6.331652,"02/01":6.3231683,"02/02":6.3062043,"02/03":6.363036,"02/04":6.382975,"02/05":6.3540144,"02/06":6.361972,"02/07":6.369056,"02/08":6.3531613,"02/09":6.3372717,"02/10":6.3940425,"02/11":6.411965,"02/12":6.3851967,"02/13":6.3932037,"02/14":6.39523,"02/15":6.3782973,"02/16":6.362421,"02/17":6.4181356,"02/18":6.4181356,"02/19":6.4181356,"02/20":6.4093375,"02/21":6.4113693,"02/22":6.395501,"02/23":6.3806973,"02/24":6.43735,"02/25":6.4592156,"02/26":6.41162,"02/27":6.4305286,"02/28":6.4295707,"02/29":6.414775,"03/01":6.4010406,"03/02":6.4010406,"03/03":6.457636,"03/04":6.414319,"03/05":6.4341927,"03/06":6.4351583,"03/07":6.437181,"03/08":6.437181,"03/09":6.437181,"03/10":6.48877,"03/11":6.4411473,"03/12":6.4411917,"03/13":6.442156,"03/14":6.426332,"03/15":6.410513,"03/16":6.410513,"03/17":6.48878,"03/18":6.505628,"03/19":6.4602385,"03/20":6.4632444,"03/21":6.4622846,