{"0":{"01/01":3.2400036,"01/02":3.2400036,"01/03":3.2400036,"01/04":3.2400036,"01/05":3.2400036,"01/06":3.2400036,"01/07":3.2400036,"01/08":3.2400036,"01/09":3.2400036,"01/10":3.2400036,"01/11":3.2400036,"01/12":3.2400036,"01/13":3.2400036,"01/14":3.2400036,"01/15":3.1904738,"01/16":3.1739712,"01/17":3.1564515,"01/18":3.1399596,"01/19":3.1234732,"01/20":3.1234732,"01/21":3.1234732,"01/22":3.1234732,"01/23":3.0678823,"01/24":3.0545092,"01/25":3.0401094,"01/26":3.0401094,"01/27":3.0401094,"01/28":3.0401094,"01/29":2.9856274,"01/30":2.971247,"01/31":2.9578989,"02/01":2.949684,"02/02":2.9332583,"02/03":2.9332583,"02/04":2.9332583,"02/05":2.8840222,"02/06":2.8676271,"02/07":2.8532798,"02/08":2.8379104,"02/09":2.8225458,"02/10":2.8225458,"02/11":2.8225458,"02/12":2.7764795,"02/13":2.7611332,"02/14":2.7457914,"02/15":2.7294405,"02/16":2.7141082,"02/17":2.7141082,"02/18":2.7141082,"02/19":2.7141082,"02/20":2.6528249,"02/21":2.6375253,"02/22":2.6222205,"02/23":2.6079414,"02/24":2.6079414,"02/25":2.6079414,"02/26":2.562067,"02/27":2.5467846,"02/28":2.531507,"02/29":2.5172532,"03/01":2.5040224,"03/02":2.5040224,"03/03":2.5040224,"03/04":2.462314,"03/05":2.4470613,"03/06":2.4307954,"03/07":2.415562,"03/08":2.415562,"03/09":2.415562,"03/10":2.415562,"03/11":2.352602,"03/12":2.3373916,"03/13":2.3211608,"03/14":2.3059502,"03/15":2.290744,"03/16":2.290744,"03/17":2.290744,"03/18":2.290744,"03/19":2.230988,"03/20":2.2158043,"03/21":2.200625,"03/22":2.1844373,"03/23":2.1844373,"03/24":2.1844373,"03/25":2.1844373,"03/26":2.1217709,"03/27":2.1056082,"03/28":2.0904617,"03/29":2.0904617,"03/30":2.0904617,"03/31":2.0390084,"04/01":2.0390084,"04/02":2.015815,"04/03":1.9996859,"04/04":1.9825627,"04/05":1.9654356,"04/06":1.9654356,"04/07":1.9654356,"04/08":1.9140986,"04/09":1.9140986,"04/10":1.8809125,"04/11":1.8809125,"04/12":1.846742,"04/13":1.846742,"04/14":1.846742,"04/15":1.7955245,"04/16":1.7784601,"04/17":1.7784601,"04/18":1.7453624,"04/19":1.7293187,"04/20":1.7293187,"04/21":1.7293187,"04/22":1.677226,"04/23":1.6602012,"04/24":1.6431918,"04/25":1.6251769,"04/26":1.6081792,"04/27":1.6081792,"04/28":1.6081792,"04/29":1.5562009,"04/30":1.5392262,"05/01":1.5392262,"05/02":1.5052749,"05/03":1.4883174,"05/04":1.4883174,"05/05":1.4883174,"05/06":1.4404536,"05/07":1.424506,"05/08":1.4085633,"05/09":1.3916379,"05/10":1.3717185,"05/11":1.3717185,"05/12":1.3717185,"05/13":1.3189955,"05/14":1.3020906,"05/15":1.2842058,"05/16":1.2673125,"05/17":1.2504343,"05/18":1.2504343,"05/19":1.2504343,"05/20":1.2504343,"05/21":1.1789869,"05/22":1.1611456,"05/23":1.1611456,"05/24":1.1254723,"05/25":1.1254723,"05/26":1.1254723,"05/27":1.0729957,"05/28":1.0561821,"05/29":1.0393648,"05/30":1.0225625,"05/31":1.0057564,"06/01":1.0057564,"06/02":1.0057564,"06/03":0.9553809,"06/04":0.9386065,"06/05":0.9228162,"06/06":0.90604323,"06/07":0.8902725,"06/08":0.8902725,"06/09":0.8902725,"06/10":0.8409985,"06/11":0.82425267,"06/12":0.8075218,"06/13":0.79078716,"06/14":0.7750431,"06/15":0.7750431,"06/16":0.7750431,"06/17":0.7750431,"06/18":0.70623213,"06/19":0.68757373,"06/20":0.66990525,"06/21":0.65321624,"06/22":0.65321624,"06/23":0.65321624,"06/24":0.60025615,"06/25":0.5835902,"06/26":0.5669298,"06/27":0.54930365,"06/28":0.5326546,"06/29":0.5326546,"06/30":0.5326546,"07/01":0.47786275,"07/02":0.46026778,"07/03":0.44267896,"07/04":0.42508698,"07/05":0.40848836,"07/06":0.40848836,"07/07":0.40848836,"07/08":0.35968366,"07/09":0.34309733,"07/10":0.32652578,"07/11":0.3099504,"07/12":0.2924142,"07/13":0.2924142,"07/14":0.2924142,"07/15":0.24372223,"07/16":0.24372223,"07/17":0.24372223,"07/18":0.19410382,"07/19":0.17757218,"07/20":0.17757218,"07/21":0.17757218,"07/22":0.13385406,"07/23":0.11637009,"07/24":0.09987334,"07/25":0.09987334,"07/26":0.065915674,"07/27":0.065915674,"07/28":0.065915674,"07/29":0.016473085,"07/30":0.0,"07/31":0.0,"08/01":0.0,"08/02":0.0,"08/03":0.0,"08/04":0.0,"08/05":0.0,"08/06":0.0,"08/07":0.0,"08/08":0.0,"08/09":0.0,"08/10":0.0,"08/11":0.0,"08/12":0.0,"08/13":0.0,"08/14":0.0,"08/15":0.0,"08/16":0.0,"08/17":0.0,"08/18":0.0,"08/19":0.0,"08/20":0.0,"08/21":0.0,"08/22":0.0,"08/23":0.0,"08/24":0.0,"08/25":0.0,"08/26":0.0,"08/27":0.0,"08/28":0.0,"08/29":0.0,"08/30":0.0,"08/31":0.0,"09/01":0.0,"09/02":0.0,"09/03":0.0,"09/04":0.0,"09/05":0.0,"09/06":0.0,"09/07":0.0,"09/08":0.0,"09/09":0.0,"09/10":0.0,"09/11":0.0,"09/12":0.0,"09/13":0.0,"09/14":0.0,"09/15":0.0,"09/16":0.0,"09/17":0.0,"09/18":0.0,"09/19":0.0,"09/20":0.0,"09/21":0.0,"09/22":0.0,"09/23":0.0,"09/24":0.0,"09/25":0.0,"09/26":0.0,"09/27":0.0,"09/28":0.0,"09/29":0.0,"09/30":0.0,"10/01":0.0,"10/02":0.0,"10/03":0.0,"10/04":0.0,"10/05":0.0,"10/06":0.0,"10/07":0.0,"10/08":0.0,"10/09":0.0,"10/10":0.0,"10/11":0.0,"10/12":0.0,"10/13":0.0,"10/14":0.0,"10/15":0.0,"10/16":0.0,"10/17":0.0,"10/18":0.0,"10/19":0.0,"10/20":0.0,"10/21":0.0,"10/22":0.0,"10/23":0.0,"10/24":0.0,"10/25":0.0,"10/26":0.0,"10/27":0.0,"10/28":0.0,"10/29":0.0,"10/30":0.0,"10/31":0.0,"11/01":0.0,"11/02":0.0,"11/03":0.0,"11/04":0.0,"11/05":0.0,"11/06":0.0,"11/07":0.0,"11/08":0.0,"11/09":0.0,"11/10":0.0,"11/11":0.0,"11/12":0.0,"11/13":0.0,"11/14":0.0,"11/15":0.0,"11/16":0.0,"11/17":0.0,"11/18":0.0,"11/19":0.0,"11/20":0.0,"11/21":0.0,"11/22":0.0,"11/23":0.0,"11/24":0.0,"11/25":0.0,"11/26":0.0,"11/27":0.0,"11/28":0.0,"11/29":0.0,"11/30":0.0,"12/01":0.0,"12/02":0.0,"12/03":0.0,"12/04":0.0,"12/05":0.0,"12/06":0.0,"12/07":0.0,"12/08":0.0,"12/09":0.0,"12/10":0.0,"12/11":0.0,"12/12":0.0,"12/13":0.0,"12/14":0.0,"12/15":0.0,"12/16":0.0,"12/17":0.0,"12/18":0.0,"12/19":0.0,"12/20":0.0,"12/21":0.0,"12/22":0.0,"12/23":0.0,"12/24":0.0,"12/25":0.0,"12/26":1.6200018,"12/27":1.6200018,"12/28":1.6200018,"12/29":1.6200018,"12/30":1.6200018,"12/31":1.6200018},"2023":{"12/26":3.2400036,"12/27":3.2400036,"12/28":3.2400036,"12/29":3.2400036,"12/30":3.2400036,"12/31":3.2400036},"2024":{"01/01":3.2400036,"01/02":3.2400036,"01/03":3.2400036,"01/04":3.2400036,"01/05":3.2400036,"01/06":3.2400036,"01/07":3.2400036,"01/08":3.2400036,"01/09":3.2400036,"01/10":3.2400036,"01/11":3.2400036,"01/12":3.2400036,"01/13":3.2400036,"01/14":3.2400036,"01/15":3.1904738,"01/16":3.1739712,"01/17":3.1564515,"01/18":3.1399596,"01/19":3.1234732,"01/20":3.1234732,"01/21":3.1234732,"01/22":3.1234732,"01/23":3.0678823,"01/24":3.0545092,"01/25":3.0401094,"01/26":3.0401094,"01/27":3.0401094,"01/28":3.0401094,"01/29":2.9856274,"01/30":2.971247,"01/31":2.9578989,"02/01":2.949684,"02/02":2.9332583,"02/03":2.9332583,"02/04":2.9332583,"02/05":2.8840222,"02/06":2.8676271,"02/07":2.8532798,"02/08":2.8379104,"02/09":2.8225458,"02/10":2.8225458,"02/11":2.8225458,"02/12":2.7764795,"02/13":2.7611332,"02/14":2.7457914,"02/15":2.7294405,"02/16":2.7141082,"02/17":2.7141082,"02/18":2.7141082,"02/19":2.7141082,"02/20":2.6528249,"02/21":2.6375253,"02/22":2.6222205,"02/23":2.6079414,"02/24":2.6079414,"02/25":2.6079414,"02/26":2.562067,"02/27":2.5467846,"02/28":2.531507,"02/29":2.5172532,"03/01":2.5040224,"03/02":2.5040224,"03/03":2.5040224,"03/04":2.462314,"03/05":2.4470613,"03/06":2.4307954,"03/07":2.415562,"03/08":2.415562,"03/09":2.415562,"03/10":2.415562,"03/11":2.352602,"03/12":2.3373916,"03/13":2.3211608,"03/14":2.3059502,"03/15":2.290744,"03/16":2.290744,"03/17":2.290744,"03/18":2.290744,"03/19":2.230988,"03/20":2.2158043,"03/21":2.200625,"03/22":2.1844373,"03/23":2.1844373,"03/24":2.1844373,"03/25":2.1844373,"03/26":2.1217709,"03/27":2.1056082,"03/28":2.0904617,"03/29":2.0904617,"03/30":2.0904617,"03/31":2.0390084,"04/01":2.0390084,"04/02":2.015815,"04/03":1.9996859,"04/04":1.9825627,"04/05":1.9654356,"04/06":1.9654356,"04/07":1.9654356,"04/08":1.9140986,"04/09":1.9140986,"04/10":1.8809125,"04/11":1.8809125,"04/12":1.846742,"04/13":1.846742,"04/14":1.846742,"04/15":1.7955245,"04/16":1.7784601,"04/17":1.7784601,"04/18":1.7453624,"04/19":1.7293187,"04/20":1.7293187,"04/21":1.7293187,"04/22":1.677226,"04/23":1.6602012,"04/24":1.6431918,"04/25":1.6251769,"04/26":1.6081792,"04/27":1.6081792,"04/28":1.6081792,"04/29":1.5562009,