{"0":{"01/01":4.8407865,"01/02":4.81394,"01/03":4.80599,"01/04":4.798005,"01/05":4.7896004,"01/06":4.7811933,"01/07":4.7811933,"01/08":4.7828236,"01/09":4.7580414,"01/10":4.74955,"01/11":4.741568,"01/12":4.7331705,"01/13":4.7247705,"01/14":4.7247705,"01/15":4.726442,"01/16":4.70113,"01/17":4.6931257,"01/18":4.6867003,"01/19":4.6803193,"01/20":4.67245,"01/21":4.67245,"01/22":4.67245,"01/23":4.648442,"01/24":4.63937,"01/25":4.6308413,"01/26":4.6308413,"01/27":4.6130257,"01/28":4.6130257,"01/29":4.6147814,"01/30":4.5890627,"01/31":4.580596,"02/01":4.571636,"02/02":4.5637,"02/03":4.554803,"02/04":4.554803,"02/05":4.5561714,"02/06":4.5310173,"02/07":4.523074,"02/08":4.5151567,"02/09":4.5067234,"02/10":4.4973063,"02/11":4.4973063,"02/12":4.4987144,"02/13":4.470917,"02/14":4.4625416,"02/15":4.4541507,"02/16":4.445782,"02/17":4.436903,"02/18":4.436903,"02/19":4.436903,"02/20":4.4111857,"02/21":4.404378,"02/22":4.3955116,"02/23":4.387191,"02/24":4.377798,"02/25":4.377798,"02/26":4.3792877,"02/27":4.351618,"02/28":4.3427477,"02/29":1.6117747,"03/01":4.3344283,"03/02":4.32556,"03/03":4.3166943,"03/04":4.318223,"03/05":4.3187566,"03/06":4.2921777,"03/07":4.292714,"03/08":4.2749944,"03/09":4.266137,"03/10":4.2572823,"03/11":4.2594867,"03/12":4.260061,"03/13":4.2335234,"03/14":4.225297,"03/15":4.2195234,"03/16":4.2127566,"03/17":4.202349,"03/18":4.202349,"03/19":4.204523,"03/20":4.174377,"03/21":4.161938,"03/22":4.162422,"03/23":4.133826,"03/24":4.1213617,"03/25":4.1213617,"03/26":4.123542,"03/27":4.0947294,"03/28":4.1012225,"03/29":4.113697,"03/30":4.113697,"03/31":4.0643263,"04/01":4.0643263,"04/02":4.0655823,"04/03":4.015235,"04/04":4.0450397,"04/05":4.0247197,"04/06":4.016875,"04/07":4.016875,"04/08":4.0149574,"04/09":4.0149574,"04/10":3.966395,"04/11":3.9538798,"04/12":3.9434538,"04/13":3.9304228,"04/14":3.9304228,"04/15":3.9304228,"04/16":3.9304228,"04/17":3.8918986,"04/18":3.8814962,"04/19":3.8726547,"04/20":3.8638158,"04/21":3.8544645,"04/22":3.8544645,"04/23":3.8544645,"04/24":3.8274605,"04/25":3.8186414,"04/26":3.8108592,"04/27":3.8020408,"04/28":3.7927115,"04/29":3.7927115,"04/30":3.7927115,"05/01":3.7927115,"05/02":3.7543833,"05/03":3.7445474,"05/04":3.7342017,"05/05":3.7342017,"05/06":3.7342017,"05/07":3.7342017,"05/08":3.6938887,"05/09":3.6830451,"05/10":3.67324,"05/11":3.6634383,"05/12":3.6531196,"05/13":3.6531196,"05/14":3.6531196,"05/15":3.6242583,"05/16":3.6144745,"05/17":3.6026328,"05/18":3.5887403,"05/19":3.5779397,"05/20":3.5779397,"05/21":3.5779397,"05/22":3.5476215,"05/23":3.5337527,"05/24":3.5245159,"05/25":3.5245159,"05/26":3.5055332,"05/27":3.5055332,"05/28":3.5055332,"05/29":3.476318,"05/30":3.469147,"05/31":3.4589074,"06/01":3.4486713,"06/02":3.4374151,"06/03":3.4374151,"06/04":3.4374151,"06/05":3.4082737,"06/06":3.3970344,"06/07":3.3878443,"06/08":3.379164,"06/09":3.3710024,"06/10":3.3710024,"06/11":3.3710024,"06/12":3.3439703,"06/13":3.3337781,"06/14":3.3261356,"06/15":3.3123863,"06/16":3.301697,"06/17":3.301697,"06/18":3.301697,"06/19":3.2727034,"06/20":3.2635565,"06/21":3.2528863,"06/22":3.2422209,"06/23":3.2330797,"06/24":3.2330797,"06/25":3.2330797,"06/26":3.205176,"06/27":3.1985853,"06/28":3.1894639,"06/29":3.1894639,"06/30":3.169704,"07/01":3.169704,"07/02":3.169704,"07/03":3.1403475,"07/04":3.1256862,"07/05":3.1150713,"07/06":3.1059735,"07/07":3.1059735,"07/08":3.1059735,"07/09":3.1059735,"07/10":3.1059735,"07/11":3.0590308,"07/12":3.0499568,"07/13":3.0393724,"07/14":3.0287921,"07/15":3.0287921,"07/16":3.0287921,"07/17":3.0011024,"07/18":2.9915402,"07/19":2.9819858,"07/20":2.9719317,"07/21":2.9628878,"07/22":2.9628878,"07/23":2.9628878,"07/24":2.935262,"07/25":2.925728,"07/26":2.9167,"07/27":2.9066658,"07/28":2.897644,"07/29":2.897644,"07/30":2.897644,"07/31":2.8695896,"08/01":2.8600793,"08/02":2.8500714,"08/03":2.8395665,"08/04":2.8295617,"08/05":2.8295617,"08/06":2.8295617,"08/07":2.7970884,"08/08":2.789099,"08/09":2.7806122,"08/10":2.7706344,"08/11":2.7636516,"08/12":2.7636516,"08/13":2.7636516,"08/14":2.7347417,"08/15":2.7347417,"08/16":2.7347417,"08/17":2.7073581,"08/18":2.697906,"08/19":2.697906,"08/20":2.697906,"08/21":2.6690679,"08/22":2.6601272,"08/23":2.6501946,"08/24":2.6407585,"08/25":2.6308334,"08/26":2.6308334,"08/27":2.6308334,"08/28":2.6020687,"08/29":2.592158,"08/30":2.5827475,"08/31":2.57334,"09/01":2.562945,"09/02":2.562945,"09/03":2.562945,"09/04":2.5332642,"09/05":2.5238743,"09/06":2.5139933,"09/07":2.5046105,"09/08":2.4957206,"09/09":2.4957206,"09/10":2.4957206,"09/11":2.468091,"09/12":3.7781441,"09/13":3.779993,"09/14":3.7768993,"09/15":3.772403,"09/16":3.7674363,"09/17":3.7674363,"09/18":3.7677343,"09/19":3.7539005,"09/20":3.7498465,"09/21":3.74499,"09/22":3.7401464,"09/23":3.7348278,"09/24":3.7348278,"09/25":3.7351568,"09/26":3.7217922,"09/27":3.7176216,"09/28":3.7124414,"09/29":3.7074804,"09/30":3.7021658,"10/01":3.7021658,"10/02":3.7021658,"10/03":3.6868904,"10/04":3.6849034,"10/05":3.6850483,"10/06":3.6749103,"10/07":3.6703033,"10/08":3.6703033,"10/09":3.6706836,"10/10":3.6562946,"10/11":3.6507576,"10/12":3.6452262,"10/13":3.639704,"10/14":3.6343956,"10/15":3.6343956,"10/16":3.6348164,"10/17":3.618333,"10/18":3.6128216,"10/19":3.6076882,"10/20":3.6028512,"10/21":3.5971966,"10/22":3.5971966,"10/23":3.5976207,"10/24":3.5976207,"10/25":3.5749562,"10/26":3.5751076,"10/27":3.5636005,"10/28":3.5579484,"10/29":3.5579484,"10/30":3.558438,"10/31":3.5416505,"11/01":3.536538,"11/02":3.5314102,"11/03":3.526302,"11/04":3.521361,"11/05":3.521361,"11/06":3.5218725,"11/07":3.5068805,"11/08":3.5070496,"11/09":3.4969962,"11/10":3.49222,"11/11":3.4869297,"11/12":3.4869297,"11/13":3.487479,"11/14":3.4719646,"11/15":3.4670665,"11/16":3.4619768,"11/17":3.4572318,"11/18":3.452298,"11/19":3.452298,"11/20":3.4528787,"11/21":3.4372141,"11/22":3.4317772,"11/23":3.431966,"11/24":3.4209023,"11/25":3.41562,"11/26":3.41562,"11/27":3.41562,"11/28":3.399575,"11/29":3.3941596,"11/30":3.3890917,"12/01":3.384012,"12/02":3.3787339,"12/03":3.3787339,"12/04":3.3793728,"12/05":3.3640957,"12/06":3.359047,"12/07":3.3540115,"12/08":3.3486292,"12/09":3.3433552,"12/10":3.3433552,"12/11":3.3440247,"12/12":3.3273528,"12/13":3.3222506,"12/14":3.316878,"12/15":3.311473,"12/16":3.3055038,"12/17":3.3055038,"12/18":3.3061752,"12/19":3.2884846,"12/20":3.2827969,"12/21":3.2770913,"12/22":3.2713728,"12/23":3.2654097,"12/24":3.2654097,"12/25":3.2654097,"12/26":3.2485898,"12/27":3.2428834,"12/28":3.2374961,"12/29":3.2321947,"12/30":3.2262335,"12/31":3.2262335},"2022":{"09/12":6.4159966,"09/13":6.4373183,"09/14":6.4477444,"09/15":6.4579,"09/16":6.443001,"09/17":6.443001,"09/18":6.500984,"09/19":6.4594827,"09/20":6.4846845,"09/21":6.489771,"09/22":6.4968553,"09/23":6.480899,"09/24":6.480899,"09/25":6.53883,"09/26":6.5173726,"09/27":6.5185914,"09/28":6.525602,"09/29":6.510719,"09/30":6.4947753,"10/01":6.4947753,"10/02":6.4947753,"10/03":6.5547037,"10/04":6.5702515,"10/05":6.5921936,"10/06":6.5813217,"10/07":6.5675006,"10/08":6.5675006,"10/09":6.623326,"10/10":6.5987067,"10/11":6.5996494,"10/12":6.6015816,"10/13":6.6045184,"10/14":6.5885925,"10/15":6.5885925,"10/16":6.6463456,"10/17":6.616371,"10/18":6.6192946,"10/19":6.626259,"10/20":6.6263328,"10/21":6.6093683,"10/22":6.6093683,"10/23":6.6640797,"10/24":6.6640797,"10/25":6.634924,"10/26":6.65381,"10/27":6.6377144,"10/28":6.620758,"10/29":6.620758,"10/30":6.6803827,"10/31":6.649389,"11/01":6.6553497,"11/02":6.65932,"11/03":6.6652775,"11/04":6.650455,"11/05":6.650455,"11/06":6.709013,"11/07":6.684321,"11/08":6.7031794,"11/09":6.6923213,"11/10":6.695355,"11/11":6.679484,"11/12":6.679484,"11/13":6.7389855,"11/14":6.6924424,"11/15":6.7182035,"11/16":6.7231493,"11/17":6.7281594,"11/18":6.713358,"11/19":6.713358,"11/20":6.7727904,"11/21":6.745022,"11/22":6.7479196,"11/23":6.766727,"11/24":6.753691,"11/25":6.7378445,"11/26":6.7378445,"11/27":6.7378445,"11/28":6.7702537,"11/29":6.774124,"11/30":6.778071,"12/01":6.7810254,"12/02":6.765191,"12/03":6.765191,"12/04":6.8244953,"12/05":6.7968225,"12/06":6.801741,