{"0":{"01/01":7.269223,"01/02":7.1730795,"01/03":7.1177726,"01/04":7.070424,"01/05":7.0535736,"01/06":7.036727,"01/07":7.036727,"01/08":7.2048717,"01/09":7.255457,"01/10":7.335889,"01/11":7.3681407,"01/12":7.3512607,"01/13":7.334388,"01/14":7.334388,"01/15":7.5720944,"01/16":7.495732,"01/17":7.442524,"01/18":7.366082,"01/19":7.3896003,"01/20":7.3748484,"01/21":7.3748484,"01/22":7.3748484,"01/23":7.444867,"01/24":7.444598,"01/25":7.520803,"01/26":7.520803,"01/27":7.484975,"01/28":7.484975,"01/29":7.6261134,"01/30":7.605582,"01/31":7.6884637,"02/01":8.0788965,"02/02":8.166639,"02/03":8.149695,"02/04":8.149695,"02/05":8.128157,"02/06":8.165356,"02/07":8.236639,"02/08":8.248145,"02/09":8.111147,"02/10":8.118549,"02/11":8.118549,"02/12":8.233969,"02/13":8.1564045,"02/14":8.112678,"02/15":8.26568,"02/16":8.183826,"02/17":8.282174,"02/18":8.282174,"02/19":8.282174,"02/20":8.389744,"02/21":8.501951,"02/22":8.461578,"02/23":8.375322,"02/24":8.38378,"02/25":8.38378,"02/26":8.47068,"02/27":8.437058,"02/28":8.600148,"03/01":8.6430025,"03/02":8.627088,"03/03":8.559244,"03/04":8.641215,"03/05":8.708548,"03/06":8.670379,"03/07":8.763037,"03/08":8.827779,"03/09":8.768338,"03/10":8.714258,"03/11":8.879986,"03/12":8.838066,"03/13":8.482696,"03/14":8.532169,"03/15":8.473945,"03/16":8.411778,"03/17":8.44443,"03/18":8.44443,"03/19":8.320055,"03/20":8.151239,"03/21":8.408938,"03/22":8.250772,"03/23":8.178345,"03/24":8.103916,"03/25":8.103916,"03/26":8.136862,"03/27":8.093918,"03/28":8.128478,"03/29":8.099151,"03/30":8.099151,"03/31":8.007086,"04/01":8.007086,"04/02":8.007086,"04/03":7.9506683,"04/04":7.9506683,"04/05":7.8525934,"04/06":7.629983,"04/07":7.629983,"04/08":7.629983,"04/09":7.629983,"04/10":7.535602,"04/11":7.511781,"04/12":7.472431,"04/13":7.4651866,"04/14":7.4651866,"04/15":7.4651866,"04/16":7.4651866,"04/17":7.418642,"04/18":7.349404,"04/19":7.3359823,"04/20":7.292639,"04/21":7.247267,"04/22":7.247267,"04/23":7.247267,"04/24":7.125784,"04/25":7.0856967,"04/26":7.0661693,"04/27":7.0322847,"04/28":7.0261273,"04/29":7.0261273,"04/30":7.0261273,"05/01":7.0261273,"05/02":6.956367,"05/03":6.841678,"05/04":6.797719,"05/05":6.797719,"05/06":6.797719,"05/07":6.797719,"05/08":6.7496967,"05/09":6.7343802,"05/10":6.7088685,"05/11":6.6711254,"05/12":6.623226,"05/13":6.623226,"05/14":6.623226,"05/15":6.565189,"05/16":6.499081,"05/17":6.4706306,"05/18":6.4594626,"05/19":6.4594626,"05/20":6.4594626,"05/21":6.4594626,"05/22":6.3509007,"05/23":6.3681374,"05/24":6.3336687,"05/25":6.3336687,"05/26":6.314424,"05/27":6.314424,"05/28":6.314424,"05/29":6.3002462,"05/30":6.2668443,"05/31":6.233464,"06/01":6.1687784,"06/02":6.1505947,"06/03":6.1505947,"06/04":6.1505947,"06/05":6.1102247,"06/06":6.0829906,"06/07":6.0668554,"06/08":6.099121,"06/09":6.0981207,"06/10":6.0981207,"06/11":6.0981207,"06/12":6.030574,"06/13":6.0104303,"06/14":6.0033813,"06/15":5.9983497,"06/16":5.945009,"06/17":5.945009,"06/18":5.945009,"06/19":5.923891,"06/20":5.9017754,"06/21":5.898766,"06/22":5.8967533,"06/23":5.887707,"06/24":5.887707,"06/25":5.887707,"06/26":5.818428,"06/27":5.8033776,"06/28":5.791344,"06/29":5.791344,"06/30":5.8033776,"07/01":5.8033776,"07/02":5.8033776,"07/03":5.743228,"07/04":5.7292023,"07/05":5.6911464,"07/06":5.7131743,"07/07":5.7131743,"07/08":5.7131743,"07/09":5.7131743,"07/10":5.7131743,"07/11":5.5861454,"07/12":5.5751615,"07/13":5.518259,"07/14":5.5072894,"07/15":5.5072894,"07/16":5.5072894,"07/17":5.4374995,"07/18":5.3817415,"07/19":5.3648324,"07/20":5.3658285,"07/21":5.346923,"07/22":5.346923,"07/23":5.346923,"07/24":5.2872915,"07/25":5.288286,"07/26":5.271397,"07/27":5.270403,"07/28":5.302195,"07/29":5.302195,"07/30":5.302195,"07/31":5.2614727,"08/01":5.218795,"08/02":5.198959,"08/03":5.1979656,"08/04":5.1910243,"08/05":5.1910243,"08/06":5.1910243,"08/07":5.128594,"08/08":5.094933,"08/09":5.0810785,"08/10":5.058323,"08/11":5.0761247,"08/12":5.0761247,"08/13":5.0761247,"08/14":5.030637,"08/15":5.030637,"08/16":5.030637,"08/17":5.0009866,"08/18":4.9525986,"08/19":4.9525986,"08/20":4.9525986,"08/21":4.897352,"08/22":4.868764,"08/23":4.838228,"08/24":4.8096724,"08/25":4.8057294,"08/26":4.8057294,"08/27":4.8057294,"08/28":4.73393,"08/29":4.6985545,"08/30":4.6965876,"08/31":4.6671257,"09/01":4.640628,"09/02":4.640628,"09/03":4.640628,"09/04":4.5915895,"09/05":4.5749326,"09/06":4.554357,"09/07":4.444759,"09/08":4.4408436,"09/09":4.4408436,"09/10":4.4408436,"09/11":4.3968816,"09/12":5.644946,"09/13":5.6486344,"09/14":5.664852,"09/15":5.65753,"09/16":5.650034,"09/17":5.650034,"09/18":5.6505933,"09/19":5.629184,"09/20":5.6270885,"09/21":5.6200085,"09/22":5.6125393,"09/23":5.6045103,"09/24":5.6045103,"09/25":5.604995,"09/26":5.5848255,"09/27":5.5775332,"09/28":5.5688477,"09/29":5.561371,"09/30":5.553897,"10/01":5.553897,"10/02":5.553897,"10/03":5.5298905,"10/04":5.5308723,"10/05":5.5313234,"10/06":5.512536,"10/07":5.505083,"10/08":5.505083,"10/09":5.5051756,"10/10":5.4810514,"10/11":5.473057,"10/12":5.465472,"10/13":5.4582944,"10/14":5.4508476,"10/15":5.4508476,"10/16":5.4510202,"10/17":5.4280105,"10/18":5.419365,"10/19":5.410904,"10/20":5.4024096,"10/21":5.3933845,"10/22":5.3933845,"10/23":5.3929477,"10/24":5.3929477,"10/25":5.359479,"10/26":5.3594313,"10/27":5.3426123,"10/28":5.334133,"10/29":5.334133,"10/30":5.33508,"10/31":5.309779,"11/01":5.3019066,"11/02":5.2939177,"11/03":5.286312,"11/04":5.278899,"11/05":5.278899,"11/06":5.280321,"11/07":5.257649,"11/08":5.258358,"11/09":5.243023,"11/10":5.2351623,"11/11":5.2272196,"11/12":5.2272196,"11/13":5.2278724,"11/14":5.204052,"11/15":5.1974506,"11/16":5.1900344,"11/17":5.1828737,"11/18":5.175461,"11/19":5.175461,"11/20":5.175788,"11/21":5.1517696,"11/22":5.1439004,"11/23":5.1441236,"11/24":5.1268926,"11/25":5.11791,"11/26":5.11791,"11/27":5.11791,"11/28":5.0930433,"11/29":5.0866294,"11/30":5.0780144,"12/01":5.070363,"12/02":5.0629697,"12/03":5.0629697,"12/04":5.0641093,"12/05":5.0412836,"12/06":5.0332537,"12/07":5.0265226,"12/08":5.017905,"12/09":5.0099893,"12/10":5.0099893,"12/11":5.011623,"12/12":4.9857526,"12/13":4.9782104,"12/14":4.973953,"12/15":4.9685965,"12/16":4.960132,"12/17":4.960132,"12/18":4.9621277,"12/19":4.9354825,"12/20":4.9274735,"12/21":4.918046,"12/22":4.9097314,"12/23":4.900742,"12/24":4.900742,"12/25":4.900742,"12/26":4.8747044,"12/27":4.865881,"12/28":4.8580036,"12/29":4.851437,"12/30":4.84246,"12/31":4.84246},"2022":{"09/12":6.8509965,"09/13":6.943344,"09/14":7.1102676,"09/15":7.069338,"09/16":7.054347,"09/17":7.054347,"09/18":7.0963492,"09/19":7.0535297,"09/20":7.0911655,"09/21":7.1061673,"09/22":7.130081,"09/23":7.114023,"09/24":7.114023,"09/25":7.1479936,"09/26":7.0445495,"09/27":7.0435643,"09/28":6.977604,"09/29":6.9626513,"09/30":6.947703,"10/01":6.947703,"10/02":6.947703,"10/03":6.89969,"10/04":6.93567,"10/05":6.9695935,"10/06":6.755979,"10/07":6.741073,"10/08":6.741073,"10/09":6.7490535,"10/10":6.6384234,"10/11":6.7130494,"10/12":6.7737646,"10/13":6.780793,"10/14":6.765899,"10/15":6.765899,"10/16":6.779847,"10/17":6.722172,"10/18":6.6932206,"10/19":6.721958,"10/20":6.6622214,"10/21":6.6441708,"10/22":6.6441708,"10/23":6.6063576,"10/24":6.6063576,"10/25":6.62396,"10/26":6.619985,"10/27":6.5979958,"10/28":6.5810366,"10/29":6.5810366,"10/30":6.659574,"10/31":6.619631,"11/01":6.6097,"11/02":6.6315093,"11/03":6.6424365,"11/04":6.6276107,"11/05":6.6276107,"11/06":6.735848,"11/07":6.6982317,"11/08":6.7498517,"11/09":6.75776,"11/10":6.747822,"11/11":6.7319365,"11/12":6.7319365,"11/13":6.777575,"11/14":6.729934,"11/15":6.805275,"11/16":6.824087,"11/17":6.8587456,"11/18":6.8439198,"11/19":6.8439198,"11/20":6.8647313,"11/21":6.836844,"11/22":6.85755,"11/23":6.8714156,"11/24":6.7861385,"11/25":6.768173,"11/26":6.768173,"11/27":6.768173,"11/28":6.749125,"11/29":6.8282537,"11/30":6.801457,"12/01":6.8024197,"12/02":6.7876334,"12/03":6.7876334,"12/04":6.8568544,"12/05":6.8350945,"12/06":6.8123474,"12/07":6.866674,"12/08":6.8398933,"12/09":6.824061,"12/10":6.824061,"12/11":6.9179115,"12/12":6.8366275,"12/13":6.8710885,