{"0":{"01/01":26.227064,"01/02":25.114199,"01/03":24.531445,"01/04":27.057545,"01/05":27.156593,"01/06":27.969597,"01/07":27.969597,"01/08":27.100752,"01/09":25.82325,"01/10":27.208208,"01/11":27.964317,"01/12":28.020735,"01/13":27.328278,"01/14":27.328278,"01/15":27.328278,"01/16":27.84535,"01/17":26.762472,"01/18":25.938894,"01/19":26.331013,"01/20":27.018806,"01/21":27.018806,"01/22":27.018806,"01/23":26.597878,"01/24":26.974363,"01/25":28.725842,"01/26":28.725842,"01/27":30.553696,"01/28":30.553696,"01/29":30.553696,"01/30":30.38693,"01/31":30.032644,"02/01":30.641167,"02/02":30.506758,"02/03":29.104904,"02/04":29.104904,"02/05":29.104904,"02/06":29.441319,"02/07":29.855585,"02/08":28.855333,"02/09":28.481518,"02/10":28.595331,"02/11":28.595331,"02/12":28.595331,"02/13":29.21216,"02/14":28.462566,"02/15":27.667961,"02/16":27.412724,"02/17":28.104845,"02/18":28.104845,"02/19":28.104845,"02/20":28.55358,"02/21":28.686533,"02/22":30.54587,"02/23":30.807285,"02/24":31.168436,"02/25":31.168436,"02/26":31.168436,"02/27":31.452177,"02/28":32.086098,"03/01":31.022411,"03/02":31.798286,"03/03":29.961504,"03/04":29.961504,"03/05":29.961504,"03/06":29.191727,"03/07":29.191727,"03/08":28.68907,"03/09":29.71248,"03/10":30.958061,"03/11":30.958061,"03/12":30.958061,"03/13":33.10208,"03/14":33.653538,"03/15":34.159966,"03/16":34.00173,"03/17":33.074955,"03/18":33.074955,"03/19":33.074955,"03/20":33.93442,"03/21":33.294903,"03/22":33.294903,"03/23":33.481483,"03/24":34.516354,"03/25":34.516354,"03/26":34.516354,"03/27":34.425003,"03/28":34.535744,"03/29":33.420135,"03/30":33.420135,"03/31":31.548803,"04/01":31.548803,"04/02":31.548803,"04/03":31.256721,"04/04":31.256721,"04/05":30.390827,"04/06":30.000301,"04/07":30.000301,"04/08":30.000301,"04/09":30.000301,"04/10":29.73953,"04/11":29.110016,"04/12":28.607996,"04/13":28.424692,"04/14":28.424692,"04/15":28.424692,"04/16":28.424692,"04/17":29.230055,"04/18":29.486217,"04/19":29.868498,"04/20":29.715063,"04/21":29.956337,"04/22":29.956337,"04/23":29.956337,"04/24":29.19683,"04/25":28.946905,"04/26":28.552313,"04/27":27.85787,"04/28":26.732954,"04/29":26.732954,"04/30":26.732954,"05/01":26.732954,"05/02":26.171185,"05/03":26.401894,"05/04":25.478056,"05/05":25.478056,"05/06":25.478056,"05/07":25.478056,"05/08":25.554024,"05/09":25.539549,"05/10":25.133139,"05/11":25.432274,"05/12":25.3276,"05/13":25.3276,"05/14":25.3276,"05/15":24.347097,"05/16":24.77461,"05/17":25.322783,"05/18":26.090822,"05/19":25.637331,"05/20":25.637331,"05/21":25.637331,"05/22":25.033743,"05/23":24.927332,"05/24":25.41181,"05/25":25.41181,"05/26":23.712442,"05/27":23.712442,"05/28":23.712442,"05/29":22.840057,"05/30":22.65094,"05/31":23.150377,"06/01":23.497282,"06/02":22.91518,"06/03":22.91518,"06/04":22.91518,"06/05":22.442877,"06/06":22.33626,"06/07":21.552052,"06/08":22.229815,"06/09":22.506033,"06/10":22.506033,"06/11":22.506033,"06/12":22.270998,"06/13":21.477453,"06/14":21.174376,"06/15":21.664114,"06/16":20.739885,"06/17":20.739885,"06/18":20.739885,"06/19":21.315031,"06/20":20.938822,"06/21":20.929865,"06/22":21.462774,"06/23":22.081331,"06/24":22.081331,"06/25":22.081331,"06/26":21.899086,"06/27":21.095757,"06/28":20.254229,"06/29":20.254229,"06/30":18.915602,"07/01":18.915602,"07/02":18.915602,"07/03":18.131765,"07/04":18.15313,"07/05":18.114674,"07/06":17.236027,"07/07":17.236027,"07/08":17.236027,"07/09":17.236027,"07/10":17.236027,"07/11":17.558832,"07/12":17.851505,"07/13":17.971756,"07/14":17.204473,"07/15":17.204473,"07/16":17.204473,"07/17":16.40561,"07/18":16.267832,"07/19":15.615522,"07/20":14.837089,"07/21":16.00459,"07/22":16.00459,"07/23":16.00459,"07/24":16.199587,"07/25":15.963396,"07/26":15.390869,"07/27":15.667717,"07/28":15.238196,"07/29":15.238196,"07/30":15.238196,"07/31":14.586296,"08/01":14.901727,"08/02":16.027256,"08/03":16.767664,"08/04":16.057137,"08/05":16.057137,"08/06":16.057137,"08/07":15.521471,"08/08":15.6114235,"08/09":15.243285,"08/10":15.627798,"08/11":16.288528,"08/12":16.288528,"08/13":16.288528,"08/14":16.435696,"08/15":16.435696,"08/16":16.435696,"08/17":16.543713,"08/18":16.810467,"08/19":14.328733,"08/20":14.328733,"08/21":14.314128,"08/22":14.313107,"08/23":14.309086,"08/24":14.096058,"08/25":14.133196,"08/26":14.251042,"08/27":14.251042,"08/28":14.240484,"08/29":14.1319475,"08/30":14.775154,"08/31":14.782588,"09/01":13.6593075,"09/02":14.110205,"09/03":14.110205,"09/04":14.102787,"09/05":14.097554,"09/06":13.876633,"09/07":13.889139,"09/08":13.930006,"09/09":13.719095,"09/10":13.719095,"09/11":13.732819,"09/12":13.666176,"09/13":13.554071,"09/14":13.5538845,"09/15":13.554522,"09/16":13.746229,"09/17":13.746229,"09/18":13.741997,"09/19":13.622482,"09/20":13.222111,"09/21":13.482634,"09/22":13.614315,"09/23":14.416512,"09/24":14.416512,"09/25":14.416058,"09/26":15.327122,"09/27":15.296217,"09/28":15.6607275,"09/29":15.620031,"09/30":14.733004,"10/01":14.733004,"10/02":14.733004,"10/03":15.397234,"10/04":14.228033,"10/05":14.227577,"10/06":14.087807,"10/07":14.175799,"10/08":14.175799,"10/09":14.175322,"10/10":14.511965,"10/11":15.459949,"10/12":14.915915,"10/13":15.284197,"10/14":14.899234,"10/15":14.899234,"10/16":14.897486,"10/17":14.599146,"10/18":13.898272,"10/19":13.869873,"10/20":13.706989,"10/21":13.92767,"10/22":13.92767,"10/23":13.939037,"10/24":13.939037,"10/25":13.600585,"10/26":13.642973,"10/27":13.197268,"10/28":13.042154,"10/29":13.042154,"10/30":13.022722,"10/31":12.327026,"11/01":11.80106,"11/02":12.069012,"11/03":12.210518,"11/04":12.031252,"11/05":12.031252,"11/06":12.014782,"11/07":11.884678,"11/08":11.87959,"11/09":12.065872,"11/10":12.489681,"11/11":11.839341,"11/12":11.839341,"11/13":11.835802,"11/14":11.7735405,"11/15":11.4719925,"11/16":11.6393585,"11/17":11.779711,"11/18":12.036752,"11/19":12.036752,"11/20":12.03475,"11/21":12.448472,"11/22":12.187274,"11/23":12.185495,"11/24":11.44108,"11/25":11.346542,"11/26":11.346542,"11/27":11.346542,"11/28":11.274651,"11/29":11.19876,"11/30":10.634627,"12/01":10.433977,"12/02":10.744812,"12/03":10.744812,"12/04":10.832983,"12/05":10.77231,"12/06":10.926369,"12/07":11.191843,"12/08":11.095356,"12/09":11.267823,"12/10":11.267823,"12/11":11.293316,"12/12":11.309016,"12/13":11.037025,"12/14":10.931236,"12/15":11.761044,"12/16":12.333914,"12/17":12.333914,"12/18":12.332599,"12/19":11.762795,"12/20":11.783797,"12/21":12.294051,"12/22":12.5461,"12/23":13.828394,"12/24":13.828394,"12/25":13.828394,"12/26":13.204073,"12/27":12.92645,"12/28":13.072351,"12/29":12.805227,"12/30":13.21663,"12/31":13.21663},"2022":{"08/19":11.847,"08/20":11.847,"08/21":12.635002,"08/22":12.705002,"08/23":13.017998,"08/24":12.258563,"08/25":11.334657,"08/26":11.570349,"08/27":11.570349,"08/28":12.055642,"08/29":12.121119,"08/30":13.45398,"08/31":12.924696,"09/01":11.726623,"09/02":12.628418,"09/03":12.628418,"09/04":13.393721,"09/05":13.631926,"09/06":13.38263,"09/07":14.251395,"09/08":15.187851,"09/09":14.766029,"09/10":14.766029,"09/11":15.786456,"09/12":14.706813,"09/13":14.922627,"09/14":15.278514,"09/15":15.619514,"09/16":16.00293,"09/17":16.00293,"09/18":15.7742605,"09/19":15.535232,"09/20":13.806059,"09/21":13.361385,"09/22":13.4823265,"09/23":15.086721,"09/24":15.086721,"09/25":15.003559,"09/26":16.808823,"09/27":17.39409,"09/28":16.997864,"09/29":16.916471,"09/30":15.142417,"10/01":15.142417,"10/02":15.142417,"10/03":17.18466,"10/04":13.903931,"10/05":14.252475,"10/06":14.531218,"10/07":14.707203,"10/08":14.707203,"10/09":13.759324,"10/10":15.643846,"10/11":18.36519,"10/12":17.31008,"10/13":17.805792,"10/14":17.035866,"10/15":17.035866,"10/16":16.937885,"10/17":16.932766,"10/18":14.790105,"10/19":14.484487,"10/20":13.620123,"10/21":14.061481,"10/22":14.061481,"10/23":12.323914,"10/24":12.323914,"10/25":10.7976265,"10/26":9.461005,"10/27":9.854974,"10/28":9.544747,"10/29":9.544747,"10/30":10.222884,"10/31":8.618563,"11/01":7.0459223,"11/02":8.81743,"11/03":9.826697,"11/04":9.468167,"11/05":9.468167,"11/06":10.317912,"11/07":10.132867,