{"0":{"01/01":5.7675657,"01/02":5.7676315,"01/03":5.767706,"01/04":5.767706,"01/05":5.767706,"01/06":5.767887,"01/07":5.7679605,"01/08":5.768034,"01/09":5.7680826,"01/10":5.7681446,"01/11":5.7681446,"01/12":5.7681446,"01/13":5.768405,"01/14":5.768502,"01/15":5.7431054,"01/16":5.7347016,"01/17":5.7257895,"01/18":5.7172947,"01/19":5.7088027,"01/20":5.709079,"01/21":5.7091837,"01/22":5.709298,"01/23":5.6807346,"01/24":5.6739473,"01/25":5.6665215,"01/26":5.6665215,"01/27":5.666864,"01/28":5.666998,"01/29":5.6390057,"01/30":5.6317177,"01/31":5.6249566,"02/01":5.6207147,"02/02":5.6122327,"02/03":5.6126184,"02/04":5.6127615,"02/05":5.587474,"02/06":5.5791802,"02/07":5.571925,"02/08":5.5639772,"02/09":5.5560327,"02/10":5.556465,"02/11":5.5566072,"02/12":5.5329356,"02/13":5.525185,"02/14":5.5173893,"02/15":5.5089235,"02/16":5.500985,"02/17":5.5014505,"02/18":5.5014505,"02/19":5.5014505,"02/20":5.470173,"02/21":5.462402,"02/22":5.454468,"02/23":5.447066,"02/24":5.447578,"02/25":5.447783,"02/26":5.4239855,"02/27":5.416383,"02/28":5.4085965,"02/29":6.414775,"03/01":5.3943315,"03/02":5.3943315,"03/03":5.394882,"03/04":5.3732233,"03/05":5.3656554,"03/06":5.3573856,"03/07":5.349652,"03/08":5.349652,"03/09":5.349652,"03/10":5.350191,"03/11":5.3176465,"03/12":5.3099046,"03/13":5.301654,"03/14":5.293742,"03/15":5.2858324,"03/16":5.2858324,"03/17":5.286688,"03/18":5.2868795,"03/19":5.2559595,"03/20":5.248267,"03/21":5.240531,"03/22":5.2320995,"03/23":5.2320995,"03/24":5.232876,"03/25":5.2332726,"03/26":5.2009025,"03/27":5.192802,"03/28":5.184914,"03/29":5.184914,"03/30":5.184914,"03/31":5.1600094,"04/01":5.1600094,"04/02":5.1484165,"04/03":5.1408415,"04/04":5.132555,"04/05":5.123596,"04/06":5.123596,"04/07":5.1244392,"04/08":5.0977335,"04/09":5.0981026,"04/10":5.0807295,"04/11":5.081415,"04/12":5.0635195,"04/13":5.0635195,"04/14":5.0635195,"04/15":5.0366955,"04/16":5.029171,"04/17":5.029419,"04/18":5.0120673,"04/19":5.0036564,"04/20":5.0036564,"04/21":5.004752,"04/22":4.9774246,"04/23":4.968493,"04/24":4.9604225,"04/25":4.9512396,"04/26":4.9423165,"04/27":4.9423165,"04/28":4.9431276,"04/29":4.916057,"04/30":4.907141,"05/01":4.907141,"05/02":4.889308,"05/03":4.880401,"05/04":4.880401,"05/05":4.88206,"05/06":4.8572474,"05/07":4.8491645,"05/08":4.841016,"05/09":4.8323503,"05/10":4.8218713,"05/11":4.8218713,"05/12":4.8218713,"05/13":4.7941356,"05/14":4.7868547,"05/15":4.7778025,"05/16":4.7692027,"05/17":4.760313,"05/18":4.760313,"05/19":4.76134,"05/20":4.761738,"05/21":4.724436,"05/22":4.715498,"05/23":4.7159357,"05/24":4.69712,"05/25":4.69712,"05/26":4.6981506,"05/27":4.670883,"05/28":4.6623244,"05/29":4.653801,"05/30":4.6452665,"05/31":4.6363916,"06/01":4.6363916,"06/02":4.637435,"06/03":4.611181,"06/04":4.602317,"06/05":4.5946994,"06/06":4.5861993,"06/07":4.577861,"06/08":4.577861,"06/09":4.5796523,"06/10":4.5539575,"06/11":4.5453944,"06/12":4.536759,"06/13":4.5281196,"06/14":4.519785,"06/15":4.519785,"06/16":4.5206933,"06/17":4.5209384,"06/18":4.4848533,"06/19":4.4752927,"06/20":4.466297,"06/21":4.457453,"06/22":4.457453,"06/23":4.4584804,"06/24":4.4307923,"06/25":4.4223266,"06/26":4.413718,"06/27":4.4043684,"06/28":4.3955374,"06/29":4.3955374,"06/30":4.3955374,"07/01":4.366474,"07/02":4.3571415,"07/03":4.347812,"07/04":4.338481,"07/05":4.3296757,"07/06":4.3296757,"07/07":4.3296757,"07/08":4.3086658,"07/09":4.3001747,"07/10":4.291648,"07/11":4.28314,"07/12":4.2738147,"07/13":4.2738147,"07/14":4.2748036,"07/15":4.249362,"07/16":4.24965,"07/17":4.250051,"07/18":4.2240195,"07/19":4.2152195,"07/20":4.2152195,"07/21":4.2162037,"07/22":4.193236,"07/23":4.1842604,"07/24":4.1758327,"07/25":4.176172,"07/26":4.1580787,"07/27":4.1580787,"07/28":4.1591234,"07/29":4.133109,"07/30":4.124668,"07/31":4.1161895,"08/01":4.107799,"08/02":4.099027,"08/03":4.099027,"08/04":4.100157,"08/05":4.075262,"08/06":4.066838,"08/07":4.059473,"08/08":4.0500727,"08/09":4.04079,"08/10":4.04079,"08/11":4.0419154,"08/12":4.014953,"08/13":4.006083,"08/14":3.9977498,"08/15":3.9977498,"08/16":3.9792147,"08/17":3.9792147,"08/18":3.9808311,"08/19":3.9539828,"08/20":3.9451265,"08/21":3.9362783,"08/22":3.9274044,"08/23":3.9181519,"08/24":3.9181519,"08/25":3.919364,"08/26":3.8925302,"08/27":3.8837986,"08/28":3.8753052,"08/29":3.8668702,"08/30":3.8576255,"08/31":3.8576255,"09/01":3.8588297,"09/02":3.8309917,"09/03":3.8221045,"09/04":3.8132887,"09/05":3.8136609,"09/06":3.7957134,"09/07":3.7957134,"09/08":3.7957134,"09/09":3.7702425,"09/10":3.7613182,"09/11":3.752963,"09/12":3.744169,"09/13":3.7349548,"09/14":3.7349548,"09/15":3.7361667,"09/16":3.708982,"09/17":3.7003021,"09/18":3.7008128,"09/19":3.6823492,"09/20":3.6726303,"09/21":3.6726303,"09/22":3.6739404,"09/23":3.6462114,"09/24":3.6368659,"09/25":3.627544,"09/26":3.6185346,"09/27":3.6093473,"09/28":3.6093473,"09/29":3.6106172,"09/30":3.5835195,"10/01":3.5727816,"10/02":3.5727816,"10/03":3.5534,"10/04":3.5432065,"10/05":3.5432065,"10/06":3.5456834,"10/07":3.5191405,"10/08":3.5103972,"10/09":3.5020816,"10/10":3.49278,"10/11":3.4841218,"10/12":3.4841218,"10/13":3.4854372,"10/14":3.4589162,"10/15":3.451232,"10/16":3.4430454,"10/17":3.4348295,"10/18":3.4261866,"10/19":3.4261866,"10/20":3.427522,"10/21":3.401081,"10/22":3.3924415,"10/23":3.3852262,"10/24":3.376574,"10/25":3.3674338,"10/26":3.3674338,"10/27":3.3688164,"10/28":3.3418674,"10/29":3.3336816,"10/30":3.3340993,"10/31":3.3167849,"11/01":3.3167849,"11/02":3.3167849,"11/03":3.318303,"11/04":3.283387,"11/05":3.2747679,"11/06":3.2650833,"11/07":3.2559104,"11/08":3.246794,"11/09":3.246794,"11/10":3.2482727,"11/11":3.2208743,"11/12":3.212245,"11/13":3.2031164,"11/14":3.1940062,"11/15":3.1940062,"11/16":3.1940062,"11/17":3.1940062,"11/18":3.1560934,"11/19":3.1470037,"11/20":3.1470037,"11/21":3.127819,"11/22":3.1192396,"11/23":3.1192396,"11/24":3.1192396,"11/25":3.0910046,"11/26":3.081433,"11/27":3.0723696,"11/28":3.0627997,"11/29":3.0542467,"11/30":3.0542467,"12/01":3.0542467,"12/02":3.025577,"12/03":3.015526,"12/04":3.0069828,"12/05":2.9979444,"12/06":2.9879038,"12/07":2.9879038,"12/08":2.9879038,"12/09":2.9593062,"12/10":2.9502792,"12/11":2.94126,"12/12":2.932741,"12/13":2.9242291,"12/14":2.9242291,"12/15":2.9242291,"12/16":2.9242291,"12/17":2.886695,"12/18":2.877197,"12/19":2.8686984,"12/20":2.859707,"12/21":2.859707,"12/22":2.859707,"12/23":2.8317473,"12/24":2.825761,"12/25":2.825761,"12/26":3.844864,"12/27":3.84488,"12/28":3.84488,"12/29":3.84488,"12/30":3.8449497,"12/31":3.8449783},"2023":{"12/26":5.9119987,"12/27":5.929003,"12/28":5.929003,"12/29":5.929003,"12/30":5.9869957,"12/31":6.007004},"2024":{"01/01":6.047001,"01/02":6.0709953,"01/03":6.0960007,"01/04":6.0960007,"01/05":6.0960007,"01/06":6.1499977,"01/07":6.1699963,"01/08":6.189003,"01/09":6.201,"01/10":6.2160015,"01/11":6.2160015,"01/12":6.2160015,"01/13":6.274004,"01/14":6.2940025,"01/15":6.2639976,"01/16":6.2659883,"01/17":6.269927,"01/18":6.2529373,"01/19":6.2359533,"01/20":6.2888894,"01/21":6.3078747,"01/22":6.3278503,"01/23":6.2874985,"01/24":6.29268,"01/25":6.2778277,"01/26":6.2778277,"01/27":6.3347187,"01/28":6.355678,"01/29":6.319392,"01/30":6.3254914,"01/31":6.331652,"02/01":6.3231683,"02/02":6.3062043,"02/03":6.363036,"02/04":6.382975,"02/05":6.3540144,"02/06":6.361972,"02/07":6.369056,"02/08":6.3531613,"02/09":6.3372717,"02/10":6.3940425,"02/11":6.411965,"02/12":6.3851967,"02/13":6.3932037,"02/14":6.39523,"02/15":6.3782973,"02/16":6.362421,"02/17":6.4181356,"02/18":6.4181356,"02/19":6.4181356,"02/20":6.4093375,"02/21":6.4113693,"02/22":6.395501,"02/23":6.3806973,"02/24":6.43735,"02/25":6.4592156,"02/26":6.41162,"02/27":6.4305286,"02/28":6.4295707,"02/29":6.414775,"03/01":6.4010406,"03/02":6.4010406,"03/03":6.457636,"03/04":6.414319,"03/05":6.4341927,"03/06":6.4351583,"03/07":6.437181,"03/08":6.437181,"03/09":6.437181,"03/10":6.48877,"03/11":6.4411473,"03/12":6.4411917,"03/13":6.442156,"03/14":6.426332,"03/15":6.410513,"03/16":6.410513,"03/17":6.48878,"03/18":6.505628,"03/19":6.4602385,"03/20":6.4632444,"03/21":6.4622846,