{"0":{"12/26":1.9190025,"12/27":1.9190025,"12/28":1.9190025,"12/29":1.9057562,"12/30":1.9057562,"12/31":1.9057562},"2023":{"12/26":1.9190025,"12/27":1.9190025,"12/28":1.9190025,"12/29":1.9057562,"12/30":1.9057562,"12/31":1.9057562}}