{"0":{"01/01":6.945074,"01/02":6.9629946,"01/03":6.88142,"01/04":6.862756,"01/05":6.860642,"01/06":6.9705534,"01/07":6.9705534,"01/08":7.092207,"01/09":6.9069715,"01/10":6.9886384,"01/11":6.826706,"01/12":6.6551747,"01/13":6.703521,"01/14":6.703521,"01/15":6.9390616,"01/16":6.8899612,"01/17":6.939355,"01/18":6.9360538,"01/19":6.913303,"01/20":6.9775915,"01/21":6.9775915,"01/22":6.9775915,"01/23":6.9394727,"01/24":6.949643,"01/25":6.9521112,"01/26":6.9521112,"01/27":7.0627623,"01/28":7.0627623,"01/29":7.191836,"01/30":7.3267803,"01/31":7.411356,"02/01":7.5862765,"02/02":7.559699,"02/03":7.547018,"02/04":7.547018,"02/05":7.474304,"02/06":7.4311156,"02/07":7.4464483,"02/08":7.7985897,"02/09":7.8600497,"02/10":7.7390804,"02/11":7.7390804,"02/12":7.7813883,"02/13":7.808452,"02/14":7.883648,"02/15":7.8844852,"02/16":7.9720783,"02/17":8.142476,"02/18":8.142476,"02/19":8.142476,"02/20":8.173604,"02/21":8.195168,"02/22":8.250669,"02/23":8.224928,"02/24":8.166344,"02/25":8.166344,"02/26":8.230313,"02/27":8.270576,"02/28":8.31135,"03/01":8.331042,"03/02":8.246888,"03/03":8.206452,"03/04":8.279185,"03/05":8.298842,"03/06":8.422894,"03/07":8.471074,"03/08":8.507349,"03/09":8.505212,"03/10":8.468938,"03/11":8.667567,"03/12":8.70591,"03/13":8.468945,"03/14":8.376613,"03/15":8.494545,"03/16":8.495609,"03/17":8.440344,"03/18":8.440344,"03/19":8.367856,"03/20":8.282621,"03/21":8.36204,"03/22":8.357148,"03/23":8.394278,"03/24":8.312626,"03/25":8.312626,"03/26":8.392853,"03/27":8.403267,"03/28":8.695479,"03/29":8.588116,"03/30":8.588116,"03/31":8.470029,"04/01":8.470029,"04/02":8.523728,"04/03":8.55516,"04/04":8.519992,"04/05":8.324962,"04/06":7.9850326,"04/07":7.9850326,"04/08":7.9597754,"04/09":7.9597754,"04/10":7.8759375,"04/11":7.7880416,"04/12":7.763997,"04/13":7.78176,"04/14":7.78176,"04/15":7.78176,"04/16":7.78176,"04/17":7.7023697,"04/18":7.590789,"04/19":7.541854,"04/20":7.5002418,"04/21":7.3672905,"04/22":7.3672905,"04/23":7.3672905,"04/24":7.137487,"04/25":6.9920387,"04/26":6.8469844,"04/27":6.8264422,"04/28":6.8233576,"04/29":6.8233576,"04/30":6.8233576,"05/01":6.8233576,"05/02":6.7823,"05/03":6.5427256,"05/04":6.5958743,"05/05":6.5958743,"05/06":6.5958743,"05/07":6.5958743,"05/08":6.4743333,"05/09":6.442712,"05/10":6.395835,"05/11":6.431502,"05/12":6.298124,"05/13":6.298124,"05/14":6.298124,"05/15":6.237154,"05/16":6.185378,"05/17":6.1742215,"05/18":6.128587,"05/19":6.008107,"05/20":6.008107,"05/21":6.008107,"05/22":5.8515887,"05/23":5.898997,"05/24":5.853608,"05/25":5.853608,"05/26":5.8314276,"05/27":5.8314276,"05/28":5.8314276,"05/29":5.842512,"05/30":5.820346,"05/31":5.7830715,"06/01":5.7347593,"06/02":5.6714144,"06/03":5.6714144,"06/04":5.6714144,"06/05":5.6071405,"06/06":5.6021156,"06/07":5.555977,"06/08":5.6583447,"06/09":5.824373,"06/10":5.824373,"06/11":5.824373,"06/12":5.7538753,"06/13":5.748846,"06/14":5.72671,"06/15":5.7448153,"06/16":5.759913,"06/17":5.759913,"06/18":5.759913,"06/19":5.7045827,"06/20":5.6714144,"06/21":5.6804523,"06/22":5.7800465,"06/23":5.775015,"06/24":5.775015,"06/25":5.775015,"06/26":5.745823,"06/27":5.7357664,"06/28":5.6161675,"06/29":5.6161675,"06/30":5.669402,"07/01":5.669402,"07/02":5.669402,"07/03":5.721683,"07/04":5.722681,"07/05":5.6915145,"07/06":5.7498536,"07/07":5.7498536,"07/08":5.7498536,"07/09":5.7498536,"07/10":5.7498536,"07/11":5.6262107,"07/12":5.6553364,"07/13":5.541941,"07/14":5.512878,"07/15":5.512878,"07/16":5.512878,"07/17":5.3977957,"07/18":5.265996,"07/19":5.2341003,"07/20":5.212179,"07/21":5.2380824,"07/22":5.2380824,"07/23":5.2380824,"07/24":5.1723504,"07/25":5.199232,"07/26":5.1534348,"07/27":5.176328,"07/28":5.3218675,"07/29":5.3218675,"07/30":5.3218675,"07/31":5.271978,"08/01":5.2241316,"08/02":5.2241316,"08/03":5.267993,"08/04":5.3168793,"08/05":5.3168793,"08/06":5.3168793,"08/07":5.2989197,"08/08":5.2590165,"08/09":5.2151713,"08/10":5.1743345,"08/11":5.2909365,"08/12":5.2909365,"08/13":5.2909365,"08/14":5.2699904,"08/15":5.2699904,"08/16":5.2699904,"08/17":5.413786,"08/18":5.3977957,"08/19":5.4148955,"08/20":5.4148955,"08/21":5.415004,"08/22":5.4150114,"08/23":5.415147,"08/24":5.4898496,"08/25":5.486951,"08/26":5.480059,"08/27":5.480059,"08/28":5.4804754,"08/29":5.461211,"08/30":5.453212,"08/31":5.4537296,"09/01":5.439975,"09/02":5.4325476,"09/03":5.4325476,"09/04":5.433347,"09/05":5.408954,"09/06":5.399477,"09/07":5.3928165,"09/08":5.385519,"09/09":5.3786254,"09/10":5.3786254,"09/11":5.3784986,"09/12":5.356475,"09/13":5.350707,"09/14":5.346266,"09/15":5.3402615,"09/16":5.3344326,"09/17":5.3344326,"09/18":5.3351192,"09/19":5.3133955,"09/20":5.3078637,"09/21":5.3044004,"09/22":5.29844,"09/23":5.2905016,"09/24":5.2905016,"09/25":5.291181,"09/26":5.283634,"09/27":5.2777834,"09/28":5.276781,"09/29":5.273075,"09/30":5.2582555,"10/01":5.2582555,"10/02":5.2582555,"10/03":5.22503,"10/04":5.2050157,"10/05":5.205817,"10/06":5.185033,"10/07":5.1771336,"10/08":5.1771336,"10/09":5.176466,"10/10":5.1550255,"10/11":5.1490383,"10/12":5.1469965,"10/13":5.1408806,"10/14":5.13246,"10/15":5.13246,"10/16":5.1326838,"10/17":5.108268,"10/18":5.0993648,"10/19":5.089987,"10/20":5.081744,"10/21":5.0733395,"10/22":5.0733395,"10/23":5.073333,"10/24":5.073333,"10/25":5.0419893,"10/26":5.042051,"10/27":5.024388,"10/28":5.0154643,"10/29":5.0154643,"10/30":5.0159135,"10/31":4.9894295,"11/01":4.98068,"11/02":4.9702806,"11/03":4.9589777,"11/04":4.9490123,"11/05":4.9490123,"11/06":4.9500933,"11/07":4.9246564,"11/08":4.925061,"11/09":4.906766,"11/10":4.89848,"11/11":4.889039,"11/12":4.889039,"11/13":4.88961,"11/14":4.862857,"11/15":4.8551035,"11/16":4.846367,"11/17":4.837551,"11/18":4.828637,"11/19":4.828637,"11/20":4.8288603,"11/21":4.8023934,"11/22":4.794366,"11/23":4.794836,"11/24":4.777027,"11/25":4.7691784,"11/26":4.7691784,"11/27":4.7691784,"11/28":4.7428656,"11/29":4.737179,"11/30":4.765003,"12/01":4.7700663,"12/02":4.749662,"12/03":4.749662,"12/04":4.750326,"12/05":4.7371492,"12/06":4.737994,"12/07":4.772717,"12/08":4.838807,"12/09":4.822011,"12/10":4.822011,"12/11":4.822673,"12/12":4.849196,"12/13":4.81655,"12/14":4.7382298,"12/15":4.791172,"12/16":4.854337,"12/17":4.854337,"12/18":4.855853,"12/19":4.8454704,"12/20":4.814661,"12/21":4.8075027,"12/22":4.797655,"12/23":4.822955,"12/24":4.822955,"12/25":4.822955,"12/26":4.8574452,"12/27":4.826365,"12/28":4.8527417,"12/29":4.8102894,"12/30":4.8113465,"12/31":4.8113465},"2022":{"08/19":5.4319954,"08/20":5.4319954,"08/21":5.5669975,"08/22":5.5720043,"08/23":5.646,"08/24":5.8332295,"08/25":5.904969,"08/26":5.891186,"08/27":5.891186,"08/28":5.98731,"08/29":6.021115,"08/30":5.997202,"08/31":6.09026,"09/01":6.06967,"09/02":6.0548162,"09/03":6.0548162,"09/04":6.1788597,"09/05":6.1340146,"09/06":6.0440054,"09/07":6.1451163,"09/08":6.14825,"09/09":6.134463,"09/10":6.134463,"09/11":6.11648,"09/12":6.105922,"09/13":6.103251,"09/14":6.2055073,"09/15":6.103032,"09/16":6.0913734,"09/17":6.0913734,"09/18":6.1822295,"09/19":6.1387825,"09/20":6.164052,"09/21":6.186574,"09/22":6.158948,"09/23":6.1430717,"09/24":6.1430717,"09/25":6.2238803,"09/26":6.2528744,"09/27":6.2950015,"09/28":6.1843023,"09/29":6.17689,"09/30":6.147251,"10/01":6.147251,"10/02":6.147251,"10/03":6.264762,"10/04":6.234495,"10/05":6.314173,"10/06":5.8024106,"10/07":5.786611,"10/08":5.786611,"10/09":5.6572056,"10/10":5.638974,"10/11":5.785495,"10/12":5.792228,"10/13":5.811431,"10/14":5.7945895,"10/15":5.7945895,"10/16":5.829401,"10/17":5.826687,"10/18":5.8147626,"10/19":5.727325,"10/20":5.7373405,"10/21":5.72053,"10/22":5.72053,"10/23":5.719535,"10/24":5.719535,"10/25":5.7617493,"10/26":5.7706785,"10/27":5.7617927,"10/28":5.7439456,"10/29":5.7439456,"10/30":5.806466,"10/31":5.790626,"11/01":5.7946153,"11/02":5.849926,"11/03":5.8555894,"11/04":5.8356586,"11/05":5.8356586,"11/06":5.9565682,"11/07":5.9348574,"11/08":5.976464,"11/09":5.9981036,"11/10":5.992196,"11/11":5.973314,"11/12":5.973314,"11/13":6.027759,"11/14":5.974253,"11/15":6.1067424,"11/16":6.104725,"11/17":6.0957856,"11/18":6.0779576,"11/19":6.0779576,