{"0":{"01/01":7.6538014,"01/02":7.6344347,"01/03":7.6236873,"01/04":7.6043315,"01/05":7.6043315,"01/06":7.6043315,"01/07":7.6043315,"01/08":7.529147,"01/09":7.508761,"01/10":7.494817,"01/11":7.4755073,"01/12":7.4755073,"01/13":7.4755073,"01/14":7.4755073,"01/15":7.4005027,"01/16":7.382309,"01/17":7.3651824,"01/18":7.34593,"01/19":7.343787,"01/20":7.343787,"01/21":7.343787,"01/22":7.343787,"01/23":7.268966,"01/24":7.2433333,"01/25":7.39943,"01/26":7.39943,"01/27":7.39943,"01/28":7.39943,"01/29":7.144134,"01/30":7.126027,"01/31":7.1057935,"02/01":7.0866237,"02/02":7.068536,"02/03":7.068536,"02/04":7.068536,"02/05":7.0153537,"02/06":6.998345,"02/07":6.9802766,"02/08":6.963289,"02/09":6.9452324,"02/10":6.9452324,"02/11":6.9452324,"02/12":6.887935,"02/13":6.8699045,"02/14":6.8508286,"02/15":6.8328104,"02/16":6.813748,"02/17":6.813748,"02/18":6.813748,"02/19":6.813748,"02/20":6.739664,"02/21":6.721684,"02/22":6.7037187,"02/23":6.6857505,"02/24":6.6857505,"02/25":6.6857505,"02/26":6.6308336,"02/27":6.6118436,"02/28":6.5939064,"02/29":6.575984,"03/01":6.558059,"03/02":6.558059,"03/03":6.558059,"03/04":6.5022297,"03/05":6.4853835,"03/06":6.4674883,"03/07":6.4506626,"03/08":6.4506626,"03/09":6.4506626,"03/10":6.4506626,"03/11":6.378133,"03/12":6.3602734,"03/13":6.3424206,"03/14":6.325634,"03/15":6.307793,"03/16":6.307793,"03/17":6.307793,"03/18":6.307793,"03/19":6.234409,"03/20":6.2176466,"03/21":6.1998515,"03/22":6.1810045,"03/23":6.1810045,"03/24":6.1810045,"03/25":6.1810045,"03/26":6.1046653,"03/27":6.085852,"03/28":6.068101,"03/29":6.068101,"03/30":6.068101,"03/31":6.006516,"04/01":6.006516,"04/02":5.971063,"04/03":5.9533405,"04/04":5.9345903,"04/05":5.9158473,"04/06":5.9158473,"04/07":5.9158473,"04/08":5.8617206,"04/09":5.8617206,"04/10":5.825323,"04/11":5.825323,"04/12":5.789991,"04/13":5.789991,"04/14":5.789991,"04/15":5.734954,"04/16":5.71732,"04/17":5.71732,"04/18":5.68206,"04/19":5.6644335,"04/20":5.6644335,"04/21":5.6644335,"04/22":5.6116004,"04/23":5.5929713,"04/24":5.574339,"04/25":5.5557227,"04/26":5.478212,"04/27":5.478212,"04/28":5.478212,"04/29":5.437944,"04/30":5.418343,"05/01":5.418343,"05/02":5.302932,"05/03":5.2638273,"05/04":5.2638273,"05/05":5.2638273,"05/06":5.1241336,"05/07":5.1425977,"05/08":5.127206,"05/09":5.0974617,"05/10":5.0646663,"05/11":5.0646663,"05/12":5.0646663,"05/13":4.98685,"05/14":4.946956,"05/15":4.8907566,"05/16":4.8499236,"05/17":4.865235,"05/18":4.865235,"05/19":4.865235,"05/20":4.865235,"05/21":4.7591715,"05/22":4.6655407,"05/23":4.6655407,"05/24":4.6269083,"05/25":4.6269083,"05/26":4.6269083,"05/27":4.5365515,"05/28":4.543653,"05/29":4.549739,"05/30":4.5264044,"05/31":4.473688,"06/01":4.473688,"06/02":4.473688,"06/03":4.3441687,"06/04":4.4828105,"06/05":4.450397,"06/06":4.409897,"06/07":4.394728,"06/08":4.394728,"06/09":4.394728,"06/10":4.361347,"06/11":4.31082,"06/12":4.2876015,"06/13":4.224037,"06/14":4.2008476,"06/15":4.2008476,"06/16":4.2008476,"06/17":4.2008476,"06/18":4.1182685,"06/19":4.086071,"06/20":4.071994,"06/21":4.046869,"06/22":4.046869,"06/23":4.046869,"06/24":3.9845927,"06/25":3.987608,"06/26":3.9956403,"06/27":3.9835973,"06/28":3.9775672,"06/29":3.9775672,"06/30":3.9775672,"07/01":3.9224007,"07/02":3.8863213,"07/03":3.844262,"07/04":3.8192468,"07/05":3.7932422,"07/06":3.7932422,"07/07":3.7932422,"07/08":3.7322695,"07/09":3.7152975,"07/10":3.675365,"07/11":3.6643949,"07/12":3.6504312,"07/13":3.6504312,"07/14":3.6504312,"07/15":3.5826633,"07/16":3.5826633,"07/17":3.5826633,"07/18":3.5040383,"07/19":3.4831588,"07/20":3.4831588,"07/21":3.4831588,"07/22":3.4275215,"07/23":3.4126275,"07/24":3.386826,"07/25":3.386826,"07/26":3.3114746,"07/27":3.3114746,"07/28":3.3114746,"07/29":3.2263362,"07/30":3.2292984,"07/31":3.197658,"08/01":3.1680062,"08/02":3.142327,"08/03":3.142327,"08/04":3.142327,"08/05":3.027896,"08/06":3.025932,"08/07":2.994407,"08/08":2.995393,"08/09":2.980623,"08/10":2.980623,"08/11":2.980623,"08/12":2.9225798,"08/13":2.905862,"08/14":2.8577175,"08/15":2.8577175,"08/16":2.8312097,"08/17":2.8312097,"08/18":2.8312097,"08/19":2.7645085,"08/20":2.732162,"08/21":2.7086604,"08/22":2.6890805,"08/23":2.678309,"08/24":2.678309,"08/25":2.678309,"08/26":2.6127846,"08/27":2.6059432,"08/28":2.5873716,"08/29":2.57175,"08/30":2.5571012,"08/31":2.5571012,"09/01":2.5571012,"09/02":2.515134,"09/03":2.4888022,"09/04":2.4585807,"09/05":2.4585807,"09/06":1.2747843,"09/07":1.2747843,"09/08":1.2747843,"09/09":1.2072301,"09/10":1.2300587,"09/11":1.1065425,"09/12":1.086619,"09/13":0.8953754,"09/14":0.8953754,"09/15":0.8953754,"09/16":0.76325345,"09/17":0.6248973,"09/18":0.6248973,"09/19":0.49535978,"09/20":0.5000449,"09/21":0.5000449,"09/22":0.5000449,"09/23":0.5178594,"09/24":0.3942092,"09/25":0.32595292,"09/26":0.2344721,"09/27":0.27365774,"09/28":0.27365774,"09/29":0.27365774,"09/30":0.26059246,"10/01":0.22421807,"10/02":0.22421807,"10/03":0.25779828,"10/04":0.31848648,"10/05":0.31848648,"10/06":0.31848648,"10/07":0.23727387,"10/08":0.15899006,"10/09":0.09384689,"10/10":0.060376402,"10/11":0.03436026,"10/12":0.03436026,"10/13":0.03436026,"10/14":0.0,"10/15":0.0,"10/16":0.0,"10/17":0.0,"10/18":0.0,"10/19":0.0,"10/20":0.0,"10/21":0.0,"10/22":0.0,"10/23":0.0,"10/24":0.0,"10/25":0.0,"10/26":0.0,"10/27":0.0,"10/28":0.0,"10/29":0.0,"10/30":0.0,"10/31":0.0,"11/01":0.0,"11/02":0.0,"11/03":0.0,"11/04":0.0,"11/05":0.0,"11/06":0.0,"11/07":0.0,"11/08":0.0,"11/09":0.0,"11/10":0.0,"11/11":0.0,"11/12":0.0,"11/13":0.0,"11/14":0.0,"11/15":0.0,"11/16":0.0,"11/17":0.0,"11/18":0.0,"11/19":0.0,"11/20":0.0,"11/21":0.0,"11/22":0.0,"11/23":0.0,"11/24":0.0,"11/25":0.0,"11/26":0.0,"11/27":0.0,"11/28":0.0,"11/29":0.0,"11/30":0.0,"12/01":0.0,"12/02":0.0,"12/03":0.0,"12/04":0.0,"12/05":0.0,"12/06":0.0,"12/07":0.0,"12/08":0.0,"12/09":0.0,"12/10":0.0,"12/11":0.0,"12/12":0.0,"12/13":0.0,"12/14":0.0,"12/15":0.0,"12/16":0.0,"12/17":0.0,"12/18":0.0,"12/19":0.0,"12/20":0.0,"12/21":0.0,"12/22":0.0,"12/23":0.0,"12/24":0.0,"12/25":0.0,"12/26":3.8635018,"12/27":3.8635018,"12/28":3.8635018,"12/29":3.855962,"12/30":3.855962,"12/31":3.855962},"2023":{"12/26":7.7270036,"12/27":7.7270036,"12/28":7.7270036,"12/29":7.711924,"12/30":7.711924,"12/31":7.711924},"2024":{"01/01":7.6538014,"01/02":7.6344347,"01/03":7.6236873,"01/04":7.6043315,"01/05":7.6043315,"01/06":7.6043315,"01/07":7.6043315,"01/08":7.529147,"01/09":7.508761,"01/10":7.494817,"01/11":7.4755073,"01/12":7.4755073,"01/13":7.4755073,"01/14":7.4755073,"01/15":7.4005027,"01/16":7.382309,"01/17":7.3651824,"01/18":7.34593,"01/19":7.343787,"01/20":7.343787,"01/21":7.343787,"01/22":7.343787,"01/23":7.268966,"01/24":7.2433333,"01/25":7.39943,"01/26":7.39943,"01/27":7.39943,"01/28":7.39943,"01/29":7.144134,"01/30":7.126027,"01/31":7.1057935,"02/01":7.0866237,"02/02":7.068536,"02/03":7.068536,"02/04":7.068536,"02/05":7.0153537,"02/06":6.998345,"02/07":6.9802766,"02/08":6.963289,"02/09":6.9452324,"02/10":6.9452324,"02/11":6.9452324,"02/12":6.887935,"02/13":6.8699045,"02/14":6.8508286,"02/15":6.8328104,"02/16":6.813748,"02/17":6.813748,"02/18":6.813748,"02/19":6.813748,"02/20":6.739664,"02/21":6.721684,"02/22":6.7037187,"02/23":6.6857505,"02/24":6.6857505,"02/25":6.6857505,"02/26":6.6308336,"02/27":6.6118436,"02/28":6.5939064,"02/29":6.575984,"03/01":6.558059,"03/02":6.558059,"03/03":6.558059,"03/04":6.5022297,"03/05":6.4853835,"03/06":6.4674883,"03/07":6.4506626,"03/08":6.4506626,"03/09":6.4506626,"03/10":6.4506626,"03/11":6.378133,"03/12":6.3602734,"03/13":6.3424206,"03/14":6.325634,"03/15":6.307793,"03/16":6.307793,"03/17":6.307793,"03/18":6.307793,"03/19":6.234409,"03/20":6.2176466,"03/21":6.1998515,"03/22":6.1810045,"03/23":6.1810045,"03/24":6.1810045,"03/25":6.1810045,"03/26":6.1046653,"03/27":6.085852,"03/28":6.068101,"03/29":6.068101,"03/30":6.068101,"03/31":6.006516,"04/01":6.006516,"04/02":5.971063,"04/03":5.9533405,"04/04":5.9345903,"04/05":5.9158473,"04/06":5.9158473,"04/07":5.9158473,"04/08":5.8617206,"04/09":5.8617206,"04/10":5.825323,"04/11":5.825323,"04/12":5.789991,"04/13":5.789991,