{"0":{"01/01":8.854623,"01/02":8.864203,"01/03":8.876496,"01/04":8.858016,"01/05":8.858016,"01/06":8.920938,"01/07":9.040791,"01/08":8.9710245,"01/09":8.974623,"01/10":8.905897,"01/11":8.927639,"01/12":8.927639,"01/13":8.729978,"01/14":8.764916,"01/15":8.639599,"01/16":8.863417,"01/17":8.814475,"01/18":8.825315,"01/19":8.841591,"01/20":8.8635235,"01/21":9.02103,"01/22":9.101786,"01/23":9.008874,"01/24":8.978874,"01/25":9.002767,"01/26":9.002767,"01/27":9.2249775,"01/28":9.303689,"01/29":9.2007,"01/30":9.15034,"01/31":9.13946,"02/01":8.97363,"02/02":8.803984,"02/03":8.881326,"02/04":8.805969,"02/05":8.939796,"02/06":8.870118,"02/07":8.741873,"02/08":8.608324,"02/09":8.620163,"02/10":8.713263,"02/11":8.794489,"02/12":8.710339,"02/13":8.89896,"02/14":8.993018,"02/15":8.799754,"02/16":8.795437,"02/17":8.86577,"02/18":8.86577,"02/19":8.86577,"02/20":8.789497,"02/21":8.671194,"02/22":8.638971,"02/23":8.626091,"02/24":8.749615,"02/25":8.694276,"02/26":8.651331,"02/27":8.363875,"02/28":8.205206,"02/29":8.16782,"03/01":8.099523,"03/02":8.099523,"03/03":8.166606,"03/04":8.083433,"03/05":7.982614,"03/06":8.045573,"03/07":7.980977,"03/08":7.980977,"03/09":7.980977,"03/10":7.977033,"03/11":7.844288,"03/12":7.8839016,"03/13":7.9201655,"03/14":7.9137936,"03/15":7.758128,"03/16":7.758128,"03/17":7.825836,"03/18":7.8896227,"03/19":8.330884,"03/20":8.477109,"03/21":8.450692,"03/22":8.417715,"03/23":8.417715,"03/24":8.523666,"03/25":8.609024,"03/26":8.586332,"03/27":8.848918,"03/28":8.927908,"03/29":8.927908,"03/30":8.927908,"03/31":8.86184,"04/01":8.86184,"04/02":8.808636,"04/03":8.806504,"04/04":8.854388,"04/05":8.827782,"04/06":8.827782,"04/07":8.827782,"04/08":8.866105,"04/09":8.866105,"04/10":8.80969,"04/11":8.80969,"04/12":8.899122,"04/13":8.899122,"04/14":8.899122,"04/15":8.835232,"04/16":8.916176,"04/17":8.916176,"04/18":8.896997,"04/19":9.082708,"04/20":9.082708,"04/21":9.082708,"04/22":8.932168,"04/23":8.8554535,"04/24":8.81182,"04/25":8.788421,"04/26":8.846935,"04/27":8.846935,"04/28":8.846935,"04/29":8.72466,"04/30":8.652476,"05/01":8.652476,"05/02":8.614312,"05/03":8.572984,"05/04":8.572984,"05/05":8.572984,"05/06":8.454487,"05/07":8.392164,"05/08":8.422788,"05/09":8.420683,"05/10":8.406945,"05/11":8.406945,"05/12":8.406945,"05/13":8.301463,"05/14":8.269854,"05/15":8.182506,"05/16":8.086898,"05/17":8.076398,"05/18":8.076398,"05/19":8.076398,"05/20":8.076398,"05/21":7.9841247,"05/22":7.969459,"05/23":7.969459,"05/24":7.9359465,"05/25":7.9359465,"05/26":7.9359465,"05/27":7.8376455,"05/28":7.8146625,"05/29":7.847043,"05/30":7.7760296,"05/31":7.74786,"06/01":7.74786,"06/02":7.74786,"06/03":7.611387,"06/04":7.9129214,"06/05":7.8627224,"06/06":7.8188353,"06/07":7.796906,"06/08":7.796906,"06/09":7.796906,"06/10":7.6821823,"06/11":7.6644697,"06/12":7.6124187,"06/13":7.551069,"06/14":7.4389358,"06/15":7.4389358,"06/16":7.4389358,"06/17":7.4389358,"06/18":7.3539596,"06/19":7.273249,"06/20":7.186467,"06/21":7.190592,"06/22":7.190592,"06/23":7.190592,"06/24":7.1121907,"06/25":7.119408,"06/26":7.1359086,"06/27":7.1482835,"06/28":7.106008,"06/29":7.106008,"06/30":7.106008,"07/01":7.0781865,"07/02":7.048318,"07/03":7.055526,"07/04":6.9547043,"07/05":6.9177146,"07/06":6.9177146,"07/07":6.9177146,"07/08":6.897177,"07/09":6.8335595,"07/10":6.7956266,"07/11":6.739296,"07/12":6.6605306,"07/13":6.6605306,"07/14":6.6605306,"07/15":6.572693,"07/16":6.572693,"07/17":6.572693,"07/18":6.5084405,"07/19":6.4656487,"07/20":6.4656487,"07/21":6.4656487,"07/22":6.4147487,"07/23":6.382204,"07/24":6.369997,"07/25":6.369997,"07/26":6.1468163,"07/27":6.1468163,"07/28":6.1468163,"07/29":6.122521,"07/30":6.0941954,"07/31":6.1093698,"08/01":6.018401,"08/02":5.9840765,"08/03":5.9840765,"08/04":5.9840765,"08/05":5.824849,"08/06":5.851024,"08/07":5.810764,"08/08":5.807751,"08/09":5.805737,"08/10":5.805737,"08/11":5.805737,"08/12":5.7283425,"08/13":5.738382,"08/14":5.709265,"08/15":5.709265,"08/16":5.6831603,"08/17":5.6831603,"08/18":5.6831603,"08/19":5.6340103,"08/20":5.582909,"08/21":5.520837,"08/22":5.5318484,"08/23":5.454854,"08/24":5.454854,"08/25":5.454854,"08/26":5.39593,"08/27":5.36001,"08/28":5.2982087,"08/29":5.249416,"08/30":5.2135954,"08/31":5.2135954,"09/01":5.2135954,"09/02":5.2036557,"09/03":5.1102567,"09/04":5.082469,"09/05":5.082469,"09/06":5.0854497,"09/07":5.0854497,"09/08":5.0854497,"09/09":5.010088,"09/10":4.9754214,"09/11":4.962553,"09/12":4.904187,"09/13":4.679221,"09/14":4.679221,"09/15":4.679221,"09/16":4.593631,"09/17":4.575945,"09/18":4.575945,"09/19":4.372943,"09/20":4.349453,"09/21":4.349453,"09/22":4.349453,"09/23":4.1638937,"09/24":4.0587087,"09/25":4.0470376,"09/26":3.903276,"09/27":3.918801,"09/28":3.918801,"09/29":3.918801,"09/30":3.8703072,"10/01":3.8722486,"10/02":3.8722486,"10/03":3.8644927,"10/04":3.933359,"10/05":3.933359,"10/06":3.933359,"10/07":3.8916397,"10/08":3.8722486,"10/09":3.6845121,"10/10":3.621771,"10/11":3.5966868,"10/12":3.5966868,"10/13":3.5966868,"10/14":3.5224893,"10/15":3.4647505,"10/16":3.494571,"10/17":3.3465738,"10/18":3.3792107,"10/19":3.3792107,"10/20":3.3792107,"10/21":3.3580976,"10/22":3.3849804,"10/23":3.3696144,"10/24":3.3341012,"10/25":3.3168387,"10/26":3.3168387,"10/27":3.3168387,"10/28":3.3158784,"10/29":3.2832813,"10/30":3.2832813,"10/31":3.1263273,"11/01":3.1263273,"11/02":3.1263273,"11/03":3.1263273,"11/04":3.1177251,"11/05":3.112951,"11/06":3.0757113,"11/07":3.0642507,"11/08":2.9831884,"11/09":2.9831884,"11/10":2.9831884,"11/11":2.9660428,"11/12":2.915584,"11/13":2.8917928,"11/14":2.8889444,"11/15":2.8889444,"11/16":2.8889444,"11/17":2.8889444,"11/18":2.826202,"11/19":2.8005595,"11/20":2.8005595,"11/21":2.81765,"11/22":2.918434,"11/23":2.918434,"11/24":2.918434,"11/25":2.8110015,"11/26":2.8642137,"11/27":2.981289,"11/28":2.9469957,"11/29":2.7474132,"11/30":2.7474132,"12/01":2.7474132,"12/02":2.5268729,"12/03":2.5004342,"12/04":2.3740933,"12/05":2.324213,"12/06":2.5155427,"12/07":2.5155427,"12/08":2.5155427,"12/09":2.42591,"12/10":2.3740933,"12/11":2.3006945,"12/12":2.2959957,"12/13":2.2922297,"12/14":2.2922297,"12/15":2.2922297,"12/16":2.2922297,"12/17":2.2048755,"12/18":2.218017,"12/19":2.445709,"12/20":2.3759792,"12/21":2.3759792,"12/22":2.3759792,"12/23":2.198306,"12/24":2.2076862,"12/25":2.2076862,"12/26":5.548411,"12/27":5.55046,"12/28":5.542837,"12/29":5.540662,"12/30":5.541496,"12/31":5.5412474},"2023":{"12/26":8.8449955,"12/27":8.912001,"12/28":8.896755,"12/29":8.892405,"12/30":8.919398,"12/31":8.911398},"2024":{"01/01":8.854623,"01/02":8.864203,"01/03":8.876496,"01/04":8.858016,"01/05":8.858016,"01/06":8.920938,"01/07":9.040791,"01/08":8.9710245,"01/09":8.974623,"01/10":8.905897,"01/11":8.927639,"01/12":8.927639,"01/13":8.729978,"01/14":8.764916,"01/15":8.639599,"01/16":8.863417,"01/17":8.814475,"01/18":8.825315,"01/19":8.841591,"01/20":8.8635235,"01/21":9.02103,"01/22":9.101786,"01/23":9.008874,"01/24":8.978874,"01/25":9.002767,"01/26":9.002767,"01/27":9.2249775,"01/28":9.303689,"01/29":9.2007,"01/30":9.15034,"01/31":9.13946,"02/01":8.97363,"02/02":8.803984,"02/03":8.881326,"02/04":8.805969,"02/05":8.939796,"02/06":8.870118,"02/07":8.741873,"02/08":8.608324,"02/09":8.620163,"02/10":8.713263,"02/11":8.794489,"02/12":8.710339,"02/13":8.89896,"02/14":8.993018,"02/15":8.799754,"02/16":8.795437,"02/17":8.86577,"02/18":8.86577,"02/19":8.86577,"02/20":8.789497,"02/21":8.671194,"02/22":8.638971,"02/23":8.626091,"02/24":8.749615,"02/25":8.694276,"02/26":8.651331,"02/27":8.363875,"02/28":8.205206,"02/29":8.16782,"03/01":8.099523,"03/02":8.099523,"03/03":8.166606,"03/04":8.083433,"03/05":7.982614,"03/06":8.045573,"03/07":7.980977,"03/08":7.980977,"03/09":7.980977,"03/10":7.977033,"03/11":7.844288,"03/12":7.8839016,"03/13":7.9201655,"03/14":7.9137936,"03/15":7.758128,"03/16":7.758128,"03/17":7.825836,"03/18":7.8896227,"03/19":8.330884,"03/20":8.477109,"03/21":8.450692,"03/22":8.417715,"03/23":8.417715,"03/24":8.523666,"03/25":8.609024,"03/26":8.586332,"03/27":8.848918,"03/28":8.927908,"03/29":8.927908,"03/30":8.927908,