{"0":{"01/01":6.1078887,"01/02":6.048398,"01/03":6.0632715,"01/04":5.965389,"01/05":5.9475694,"01/06":5.9308047,"01/07":5.9308047,"01/08":6.0168242,"01/09":5.9961843,"01/10":6.0001745,"01/11":5.8964744,"01/12":5.879734,"01/13":5.8629985,"01/14":5.8629985,"01/15":6.0210385,"01/16":5.999362,"01/17":5.9707866,"01/18":6.070444,"01/19":5.9648895,"01/20":5.9481697,"01/21":5.9481697,"01/22":5.9481697,"01/23":6.043781,"01/24":6.0102344,"01/25":6.014163,"01/26":6.014163,"01/27":5.977599,"01/28":5.977599,"01/29":6.084019,"01/30":6.0946317,"01/31":6.1546645,"02/01":6.4352217,"02/02":6.573934,"02/03":6.556107,"02/04":6.556107,"02/05":6.659454,"02/06":6.577602,"02/07":6.6109285,"02/08":6.5066247,"02/09":6.5045524,"02/10":6.485699,"02/11":6.485699,"02/12":6.525031,"02/13":6.4812837,"02/14":6.4006186,"02/15":6.459475,"02/16":6.530021,"02/17":6.5122437,"02/18":6.5122437,"02/19":6.5122437,"02/20":6.5344987,"02/21":6.5990953,"02/22":6.645994,"02/23":6.606569,"02/24":6.58879,"02/25":6.58879,"02/26":6.654507,"02/27":6.632288,"02/28":6.6813,"03/01":6.717626,"03/02":6.699856,"03/03":6.6820827,"03/04":6.743799,"03/05":6.7457514,"03/06":6.7902374,"03/07":6.815692,"03/08":6.7738676,"03/09":6.752972,"03/10":6.7331305,"03/11":6.8613033,"03/12":6.8622737,"03/13":6.801276,"03/14":6.766635,"03/15":6.8541183,"03/16":6.8426356,"03/17":6.823839,"03/18":6.823839,"03/19":6.7837815,"03/20":6.90598,"03/21":6.9093184,"03/22":6.962036,"03/23":6.9067125,"03/24":6.8816876,"03/25":6.8816876,"03/26":6.9207077,"03/27":6.9443645,"03/28":7.101487,"03/29":7.1255145,"03/30":7.1255145,"03/31":7.0787635,"04/01":7.0787635,"04/02":7.1557407,"04/03":7.058876,"04/04":7.001443,"04/05":6.9812903,"04/06":6.965679,"04/07":6.965679,"04/08":6.9686017,"04/09":6.9686017,"04/10":6.870889,"04/11":6.848043,"04/12":6.8283243,"04/13":6.8034196,"04/14":6.8034196,"04/15":6.8034196,"04/16":6.8034196,"04/17":6.727746,"04/18":6.705999,"04/19":6.6894417,"04/20":6.67288,"04/21":6.654252,"04/22":6.654252,"04/23":6.654252,"04/24":6.602566,"04/25":6.584997,"04/26":6.569502,"04/27":6.5519533,"04/28":6.5344005,"04/29":6.5344005,"04/30":6.5344005,"05/01":6.5344005,"05/02":6.4601407,"05/03":6.439533,"05/04":6.419965,"05/05":6.419965,"05/06":6.419965,"05/07":6.419965,"05/08":6.3417544,"05/09":6.320164,"05/10":6.3006296,"05/11":6.2821417,"05/12":6.2626314,"05/13":6.2626314,"05/14":6.2626314,"05/15":6.2051606,"05/16":6.1856685,"05/17":6.161072,"05/18":6.134425,"05/19":6.1098523,"05/20":6.1098523,"05/21":6.1098523,"05/22":6.0453877,"05/23":6.014715,"05/24":5.9973397,"05/25":5.9973397,"05/26":5.9575124,"05/27":5.9575124,"05/28":5.9575124,"05/29":5.9207706,"05/30":5.8932333,"05/31":5.857556,"06/01":5.8178244,"06/02":5.727281,"06/03":5.727281,"06/04":5.727281,"06/05":5.7232194,"06/06":5.617619,"06/07":5.6044254,"06/08":5.762871,"06/09":5.842272,"06/10":5.842272,"06/11":5.842272,"06/12":5.8432918,"06/13":5.8066287,"06/14":5.787293,"06/15":5.7750754,"06/16":5.7913594,"06/17":5.7913594,"06/18":5.7913594,"06/19":5.7374516,"06/20":5.717123,"06/21":5.656174,"06/22":5.67953,"06/23":5.707974,"06/24":5.707974,"06/25":5.707974,"06/26":5.710009,"06/27":5.6998444,"06/28":5.618625,"06/29":5.618625,"06/30":5.6582074,"07/01":5.6582074,"07/02":5.6582074,"07/03":5.6835885,"07/04":5.6460295,"07/05":5.5973268,"07/06":5.6917157,"07/07":5.6917157,"07/08":5.6917157,"07/09":5.6917157,"07/10":5.6917157,"07/11":5.5871935,"07/12":5.602404,"07/13":5.4687047,"07/14":5.4292736,"07/15":5.4292736,"07/16":5.4292736,"07/17":5.306099,"07/18":5.2043533,"07/19":5.193278,"07/20":5.1631055,"07/21":5.198316,"07/22":5.198316,"07/23":5.198316,"07/24":5.1369576,"07/25":5.17618,"07/26":5.157064,"07/27":5.1379642,"07/28":5.2960215,"07/29":5.2960215,"07/30":5.2960215,"07/31":5.2164297,"08/01":5.152039,"08/02":5.104806,"08/03":5.215421,"08/04":5.298041,"08/05":5.298041,"08/06":5.298041,"08/07":5.2285085,"08/08":5.2345586,"08/09":5.210391,"08/10":5.178185,"08/11":5.238583,"08/12":5.238583,"08/13":5.238583,"08/14":5.2254934,"08/15":5.2254934,"08/16":5.2254934,"08/17":5.2829175,"08/18":5.161092,"08/19":5.161092,"08/20":5.161092,"08/21":5.1178656,"08/22":5.1118383,"08/23":5.0255027,"08/24":5.047576,"08/25":5.059616,"08/26":5.059616,"08/27":5.059616,"08/28":4.9383154,"08/29":4.7883186,"08/30":4.7763405,"08/31":4.747397,"09/01":4.727447,"09/02":4.727447,"09/03":4.727447,"09/04":4.674608,"09/05":4.674608,"09/06":4.6686316,"09/07":4.5571713,"09/08":4.5114565,"09/09":4.5114565,"09/10":4.5114565,"09/11":4.550213,"09/12":4.550213,"09/13":4.503519,"09/14":4.4122324,"09/15":4.563135,"09/16":4.563135,"09/17":4.563135,"09/18":4.436025,"09/19":4.436025,"09/20":4.370611,"09/21":4.346839,"09/22":4.3537703,"09/23":4.3537703,"09/24":4.3537703,"09/25":4.30527,"09/26":4.30527,"09/27":4.261755,"09/28":4.37457,"09/29":4.37457,"09/30":4.37457,"10/01":4.37457,"10/02":4.37457,"10/03":4.18866,"10/04":4.192605,"10/05":4.110733,"10/06":4.545246,"10/07":4.545246,"10/08":4.545246,"10/09":4.63875,"10/10":4.594966,"10/11":4.451899,"10/12":4.3864565,"10/13":4.3211045,"10/14":4.3211045,"10/15":4.3211045,"10/16":4.258795,"10/17":4.163004,"10/18":4.2568154,"10/19":4.2795563,"10/20":4.3003263,"10/21":4.867162,"10/22":4.867162,"10/23":4.867322,"10/24":4.867322,"10/25":4.867766,"10/26":4.8678493,"10/27":4.867921,"10/28":4.867921,"10/29":4.867921,"10/30":4.8683887,"10/31":4.846116,"11/01":4.819186,"11/02":4.799988,"11/03":4.802782,"11/04":4.7948713,"11/05":4.7948713,"11/06":4.7956624,"11/07":4.7720394,"11/08":4.772661,"11/09":4.7570834,"11/10":4.749893,"11/11":4.7419815,"11/12":4.7419815,"11/13":4.742426,"11/14":4.7186947,"11/15":4.712446,"11/16":4.7075434,"11/17":4.699997,"11/18":4.692084,"11/19":4.692084,"11/20":4.692062,"11/21":4.6682796,"11/22":4.659586,"11/23":4.6595325,"11/24":4.6421328,"11/25":4.633718,"11/26":4.633718,"11/27":4.633718,"11/28":4.6089697,"11/29":4.6021223,"11/30":4.5940585,"12/01":4.5857296,"12/02":4.5778437,"12/03":4.5778437,"12/04":4.5780153,"12/05":4.5543094,"12/06":4.5468698,"12/07":4.539735,"12/08":4.531674,"12/09":4.523271,"12/10":4.523271,"12/11":4.52345,"12/12":4.497428,"12/13":4.4898434,"12/14":4.483856,"12/15":4.476015,"12/16":4.4676104,"12/17":4.4676104,"12/18":4.4687557,"12/19":4.4423995,"12/20":4.433792,"12/21":4.4256077,"12/22":4.418195,"12/23":4.409789,"12/24":4.409789,"12/25":4.409789,"12/26":4.3844,"12/27":4.375371,"12/28":4.367571,"12/29":4.3598185,"12/30":4.3503695,"12/31":4.3503695},"2022":{"10/21":5.433998,"10/22":5.433998,"10/23":5.4629993,"10/24":5.4629993,"10/25":5.5370045,"10/26":5.550003,"10/27":5.560999,"10/28":5.560999,"10/29":5.560999,"10/30":5.628996,"10/31":5.6425724,"11/01":5.5867414,"11/02":5.589678,"11/03":5.615921,"11/04":5.6001,"11/05":5.6001,"11/06":5.6979613,"11/07":5.6644554,"11/08":5.735325,"11/09":5.73062,"11/10":5.7368035,"11/11":5.7209806,"11/12":5.7209806,"11/13":5.7678723,"11/14":5.7204103,"11/15":5.819311,"11/16":5.8436584,"11/17":5.861719,"11/18":5.8458934,"11/19":5.8458934,"11/20":5.8438973,"11/21":5.838237,"11/22":5.7974615,"11/23":5.7924843,"11/24":5.7060084,"11/25":5.689179,"11/26":5.689179,"11/27":5.689179,"11/28":5.737143,"11/29":5.8158784,"11/30":5.785167,"12/01":5.729605,"12/02":5.7138333,"12/03":5.7138333,"12/04":5.729737,"12/05":5.6764894,"12/06":5.7014794,"12/07":5.706647,"12/08":5.7206435,"12/09":5.703838,"12/10":5.703838,"12/11":5.719734,"12/12":5.591906,"12/13":5.6505766,"12/14":5.8362894,"12/15":5.8631496,"12/16":5.84634,"12/17":5.84634,"12/18":5.931676,"12/19":5.909826,"12/20":5.9147873,"12/21":5.949473,"12/22":6.000079,"12/23":5.9832673,"12/24":5.9832673,"12/25":5.9832673,"12/26":6.021849,"12/27":5.997071,"12/28":6.0515156,"12/29":6.0753055,"12/30":6.0564084,"12/31":6.0564084},"2023":{"01/01":6.1078887,"01/02":6.048398,"01/03":6.0632715,"01/04":5.965389,"01/05":5.9475694,"01/06":5.9308047,"01/07":5.9308047,"01/08":6.0168242,"01/09":5.9961843,"01/10":6.0001745,"01/11":5.8964744,"01/12":5.879734,"01/13":5.8629985,"01/14":5.8629985,"01/15":6.0210385,"01/16":5.999362,"01/17":5.9707866,"01/18":6.070444,"01/19":5.9648895,"01/20":5.9481697,