"Month (MM)","Day (DD)","2023","Average Across Years"
12,26,1.5289974,1.5289974
12,27,1.5289974,1.5289974
12,28,1.5289974,1.5289974
12,29,1.5147854,1.5147854
12,30,1.5147854,1.5147854
12,31,1.5147854,1.5147854
