{"0":{"01/01":26.227064,"01/02":25.114199,"01/03":24.531445,"01/04":27.057545,"01/05":27.156593,"01/06":27.969597,"01/07":27.969597,"01/08":27.100752,"01/09":25.82325,"01/10":27.208208,"01/11":27.964317,"01/12":28.020735,"01/13":27.328278,"01/14":27.328278,"01/15":29.310575,"01/16":29.131145,"01/17":25.9232,"01/18":24.768654,"01/19":26.330044,"01/20":27.017834,"01/21":27.017834,"01/22":27.017834,"01/23":24.239342,"01/24":26.21338,"01/25":27.75534,"01/26":27.75534,"01/27":29.56941,"01/28":29.56941,"01/29":31.978657,"01/30":30.667366,"01/31":31.610165,"02/01":32.36406,"02/02":32.972065,"02/03":31.543732,"02/04":31.543732,"02/05":31.49333,"02/06":32.734585,"02/07":33.503296,"02/08":31.844719,"02/09":31.849695,"02/10":31.96649,"02/11":31.96649,"02/12":30.675117,"02/13":32.062458,"02/14":32.071148,"02/15":32.210888,"02/16":32.75405,"02/17":33.47519,"02/18":33.47519,"02/19":33.47519,"02/20":34.735806,"02/21":34.160057,"02/22":37.364483,"02/23":37.774715,"02/24":38.1551,"02/25":38.1551,"02/26":37.814754,"02/27":38.566647,"02/28":37.627384,"03/01":38.85373,"03/02":39.67598,"03/03":37.729412,"03/04":37.729412,"03/05":37.729412,"03/06":36.913624,"03/07":36.913624,"03/08":36.380924,"03/09":37.465504,"03/10":38.785534,"03/11":38.785534,"03/12":38.785534,"03/13":41.0577,"03/14":41.64212,"03/15":42.178818,"03/16":42.011127,"03/17":41.028957,"03/18":41.028957,"03/19":41.028957,"03/20":41.939793,"03/21":41.26205,"03/22":41.26205,"03/23":41.45978,"03/24":42.55651,"03/25":42.55651,"03/26":42.55651,"03/27":42.459698,"03/28":42.57706,"03/29":41.394768,"03/30":41.394768,"03/31":39.411583,"04/01":39.411583,"04/02":39.411583,"04/03":39.102043,"04/04":39.102043,"04/05":38.1844,"04/06":37.770527,"04/07":37.770527,"04/08":37.770527,"04/09":37.770527,"04/10":37.494175,"04/11":36.82703,"04/12":36.295002,"04/13":36.100742,"04/14":36.100742,"04/15":36.100742,"04/16":36.100742,"04/17":36.954243,"04/18":37.225716,"04/19":37.630848,"04/20":37.46824,"04/21":37.723938,"04/22":37.723938,"04/23":37.723938,"04/24":36.919033,"04/25":36.654167,"04/26":36.235992,"04/27":35.500042,"04/28":34.30789,"04/29":34.30789,"04/30":34.30789,"05/01":34.30789,"05/02":33.71254,"05/03":33.95704,"05/04":32.97798,"05/05":32.97798,"05/06":32.97798,"05/07":32.97798,"05/08":33.058495,"05/09":33.04315,"05/10":32.61245,"05/11":32.929466,"05/12":32.818535,"05/13":32.818535,"05/14":32.818535,"05/15":31.779428,"05/16":32.232494,"05/17":32.81343,"05/18":33.627377,"05/19":33.14678,"05/20":33.14678,"05/21":33.14678,"05/22":32.507114,"05/23":32.39434,"05/24":32.90778,"05/25":32.90778,"05/26":31.10684,"05/27":31.10684,"05/28":31.10684,"05/29":30.18231,"05/30":29.981892,"05/31":30.511177,"06/01":30.878817,"06/02":30.261923,"06/03":30.261923,"06/04":30.261923,"06/05":29.76139,"06/06":29.6484,"06/07":28.817318,"06/08":29.535593,"06/09":29.828321,"06/10":29.828321,"06/11":29.828321,"06/12":29.579237,"06/13":28.738262,"06/14":28.41707,"06/15":28.936079,"06/16":27.95661,"06/17":27.95661,"06/18":27.95661,"06/19":28.56613,"06/20":28.167437,"06/21":28.157944,"06/22":28.722706,"06/23":29.378235,"06/24":29.378235,"06/25":29.378235,"06/26":29.185095,"06/27":28.33375,"06/28":27.441925,"06/29":27.441925,"06/30":26.023285,"07/01":26.023285,"07/02":26.023285,"07/03":25.192598,"07/04":25.21524,"07/05":25.174486,"07/06":24.243322,"07/07":24.243322,"07/08":24.243322,"07/09":24.243322,"07/10":24.243322,"07/11":24.58542,"07/12":24.89559,"07/13":25.023027,"07/14":24.209883,"07/15":24.209883,"07/16":24.209883,"07/17":23.36327,"07/18":23.217258,"07/19":22.525959,"07/20":21.700998,"07/21":22.93828,"07/22":22.93828,"07/23":22.93828,"07/24":23.144936,"07/25":22.894625,"07/26":22.287878,"07/27":22.581272,"07/28":22.12608,"07/29":22.12608,"07/30":22.12608,"07/31":21.435213,"08/01":21.769499,"08/02":22.962301,"08/03":23.746965,"08/04":22.993969,"08/05":22.993969,"08/06":22.993969,"08/07":22.426285,"08/08":22.521616,"08/09":22.131474,"08/10":22.538967,"08/11":23.239191,"08/12":23.239191,"08/13":23.239191,"08/14":23.395153,"08/15":23.395153,"08/16":23.395153,"08/17":23.509628,"08/18":23.792328,"08/19":17.819664,"08/20":17.819664,"08/21":17.780636,"08/22":17.777462,"08/23":17.763845,"08/24":17.56078,"08/25":17.62775,"08/26":17.745596,"08/27":17.745596,"08/28":17.719902,"08/29":17.602922,"08/30":18.244741,"08/31":18.268436,"09/01":17.113823,"09/02":17.56472,"09/03":17.56472,"09/04":17.533987,"09/05":17.521322,"09/06":17.294647,"09/07":17.281937,"09/08":17.29726,"09/09":17.08635,"09/10":17.08635,"09/11":17.070396,"09/12":17.032038,"09/13":16.906782,"09/14":16.895948,"09/15":16.886433,"09/16":17.07814,"09/17":17.07814,"09/18":17.080488,"09/19":16.960974,"09/20":16.588348,"09/21":16.877733,"09/22":17.013672,"09/23":17.815868,"09/24":17.815868,"09/25":17.817871,"09/26":18.729439,"09/27":18.679197,"09/28":19.077335,"09/29":19.03664,"09/30":18.149612,"10/01":18.149612,"10/02":18.149612,"10/03":18.792511,"10/04":17.651474,"10/05":17.640572,"10/06":17.484118,"10/07":17.57211,"10/08":17.57211,"10/09":17.59993,"10/10":17.900375,"10/11":18.823692,"10/12":18.278675,"10/13":18.654156,"10/14":18.269192,"10/15":18.269192,"10/16":18.270267,"10/17":17.954248,"10/18":17.275515,"10/19":17.254555,"10/20":17.107765,"10/21":17.328445,"10/22":17.328445,"10/23":17.392422,"10/24":17.392422,"10/25":17.079353,"10/26":17.164219,"10/27":16.6801,"10/28":16.524986,"10/29":16.524986,"10/30":16.484129,"10/31":15.794796,"11/01":15.284391,"11/02":15.515415,"11/03":15.635218,"11/04":15.455952,"11/05":15.455952,"11/06":15.413103,"11/07":15.28075,"11/08":15.264681,"11/09":15.450701,"11/10":15.863016,"11/11":15.212677,"11/12":15.212677,"11/13":15.1939335,"11/14":15.131673,"11/15":14.796866,"11/16":14.951765,"11/17":15.093973,"11/18":15.351015,"11/19":15.351015,"11/20":15.355467,"11/21":15.7594185,"11/22":15.498613,"11/23":15.501335,"11/24":14.756805,"11/25":14.662268,"11/26":14.662268,"11/27":14.662268,"11/28":14.574768,"11/29":14.469792,"11/30":13.894844,"12/01":13.667035,"12/02":13.977871,"12/03":13.977871,"12/04":13.992578,"12/05":13.902998,"12/06":14.052921,"12/07":14.315443,"12/08":14.212721,"12/09":14.385189,"12/10":14.385189,"12/11":14.399595,"12/12":14.433016,"12/13":14.14469,"12/14":14.005718,"12/15":14.8025,"12/16":15.37537,"12/17":15.37537,"12/18":15.3744335,"12/19":14.793886,"12/20":14.872336,"12/21":15.360252,"12/22":15.5971575,"12/23":16.879452,"12/24":16.879452,"12/25":16.879452,"12/26":16.241602,"12/27":15.939623,"12/28":16.063091,"12/29":15.802073,"12/30":16.213474,"12/31":16.213474},"2022":{"08/19":11.847,"08/20":11.847,"08/21":12.635002,"08/22":12.705002,"08/23":13.017998,"08/24":12.258563,"08/25":11.334657,"08/26":11.570349,"08/27":11.570349,"08/28":12.055642,"08/29":12.121119,"08/30":13.45398,"08/31":12.924696,"09/01":11.726623,"09/02":12.628418,"09/03":12.628418,"09/04":13.393721,"09/05":13.631926,"09/06":13.38263,"09/07":14.251395,"09/08":15.187851,"09/09":14.766029,"09/10":14.766029,"09/11":15.786456,"09/12":14.706813,"09/13":14.922627,"09/14":15.278514,"09/15":15.619514,"09/16":16.00293,"09/17":16.00293,"09/18":15.7742605,"09/19":15.535232,"09/20":13.806059,"09/21":13.361385,"09/22":13.4823265,"09/23":15.086721,"09/24":15.086721,"09/25":15.003559,"09/26":16.808823,"09/27":17.39409,"09/28":16.997864,"09/29":16.916471,"09/30":15.142417,"10/01":15.142417,"10/02":15.142417,"10/03":17.18466,"10/04":13.903931,"10/05":14.252475,"10/06":14.531218,"10/07":14.707203,"10/08":14.707203,"10/09":13.759324,"10/10":15.643846,"10/11":18.36519,"10/12":17.31008,"10/13":17.805792,"10/14":17.035866,"10/15":17.035866,"10/16":16.937885,"10/17":16.932766,"10/18":14.790105,"10/19":14.484487,"10/20":13.620123,"10/21":14.061481,"10/22":14.061481,"10/23":12.323914,"10/24":12.323914,"10/25":10.7976265,"10/26":9.461005,"10/27":9.854974,"10/28":9.544747,"10/29":9.544747,"10/30":10.222884,"10/31":8.618563,"11/01":7.0459223,"11/02":8.81743,"11/03":9.826697,"11/04":9.468167,"11/05":9.468167,"11/06":10.317912,"11/07":10.132867,"11/08":10.490171,"11/09":10.871577,"11/10":12.103755,"11/11":10.803075,