{"0":{"01/01":24.930946,"01/02":24.178368,"01/03":23.505835,"01/04":25.713955,"01/05":25.758211,"01/06":26.632807,"01/07":26.632807,"01/08":25.60579,"01/09":24.50579,"01/10":25.941133,"01/11":26.588846,"01/12":26.681267,"01/13":26.1327,"01/14":26.1327,"01/15":28.626026,"01/16":28.458265,"01/17":25.116758,"01/18":23.922478,"01/19":25.49056,"01/20":26.132368,"01/21":26.132368,"01/22":26.132368,"01/23":23.220123,"01/24":24.787945,"01/25":25.870365,"01/26":25.870365,"01/27":27.55884,"01/28":27.55884,"01/29":30.1444,"01/30":29.124815,"01/31":29.754759,"02/01":29.576046,"02/02":30.381905,"02/03":28.831581,"02/04":28.831581,"02/05":28.639673,"02/06":29.98274,"02/07":30.19547,"02/08":28.912449,"02/09":28.6332,"02/10":28.764378,"02/11":28.764378,"02/12":27.181622,"02/13":28.491543,"02/14":28.800955,"02/15":29.040485,"02/16":29.399466,"02/17":29.961523,"02/18":29.961523,"02/19":29.961523,"02/20":31.416521,"02/21":30.47925,"02/22":33.369526,"02/23":33.827637,"02/24":34.216614,"02/25":34.216614,"02/26":33.746685,"02/27":34.599434,"02/28":33.64847,"03/01":35.049805,"03/02":35.920734,"03/03":34.318813,"03/04":34.318813,"03/05":34.318813,"03/06":33.58728,"03/07":33.58728,"03/08":33.18198,"03/09":34.30181,"03/10":35.36718,"03/11":35.36718,"03/12":35.36718,"03/13":37.415802,"03/14":38.15549,"03/15":38.64148,"03/16":38.31761,"03/17":37.56579,"03/18":37.56579,"03/19":37.56579,"03/20":38.48312,"03/21":37.735455,"03/22":37.735455,"03/23":38.001236,"03/24":38.85774,"03/25":38.85774,"03/26":38.85774,"03/27":38.629402,"03/28":39.00785,"03/29":37.792114,"03/30":37.792114,"03/31":35.878654,"04/01":35.878654,"04/02":35.878654,"04/03":35.66146,"04/04":35.66146,"04/05":34.58435,"04/06":34.19704,"04/07":34.19704,"04/08":34.19704,"04/09":34.19704,"04/10":33.958385,"04/11":33.329838,"04/12":32.59934,"04/13":32.41452,"04/14":32.41452,"04/15":32.41452,"04/16":32.41452,"04/17":32.81516,"04/18":32.8498,"04/19":33.15691,"04/20":33.102604,"04/21":33.324257,"04/22":33.324257,"04/23":33.324257,"04/24":32.571724,"04/25":32.32231,"04/26":31.849491,"04/27":31.3177,"04/28":29.995506,"04/29":29.995506,"04/30":29.995506,"05/01":29.995506,"05/02":29.344343,"05/03":29.525953,"05/04":28.590471,"05/05":28.590471,"05/06":28.590471,"05/07":28.590471,"05/08":28.28466,"05/09":28.265268,"05/10":27.732456,"05/11":27.660725,"05/12":27.683767,"05/13":27.683767,"05/14":27.683767,"05/15":27.164656,"05/16":27.53411,"05/17":28.15939,"05/18":28.760862,"05/19":28.762165,"05/20":28.762165,"05/21":28.762165,"05/22":28.207134,"05/23":27.868456,"05/24":28.10135,"05/25":28.10135,"05/26":26.620783,"05/27":26.620783,"05/28":26.620783,"05/29":25.940582,"05/30":25.848444,"05/31":26.055313,"06/01":26.252834,"06/02":25.746511,"06/03":25.746511,"06/04":25.746511,"06/05":25.47261,"06/06":25.350298,"06/07":24.38395,"06/08":25.046167,"06/09":25.444172,"06/10":25.444172,"06/11":25.444172,"06/12":25.183886,"06/13":24.29044,"06/14":23.89609,"06/15":24.097797,"06/16":23.120821,"06/17":23.120821,"06/18":23.120821,"06/19":23.59417,"06/20":23.243587,"06/21":23.024437,"06/22":23.824995,"06/23":24.576273,"06/24":24.576273,"06/25":24.576273,"06/26":24.303785,"06/27":23.642195,"06/28":22.731474,"06/29":22.731474,"06/30":21.533997,"07/01":21.533997,"07/02":21.533997,"07/03":20.664253,"07/04":20.519175,"07/05":20.198284,"07/06":19.479662,"07/07":19.479662,"07/08":19.479662,"07/09":19.479662,"07/10":19.479662,"07/11":19.63462,"07/12":19.767431,"07/13":20.137024,"07/14":19.330704,"07/15":19.330704,"07/16":19.330704,"07/17":18.545074,"07/18":18.43699,"07/19":17.794779,"07/20":17.029179,"07/21":17.918076,"07/22":17.918076,"07/23":17.918076,"07/24":18.180803,"07/25":17.867859,"07/26":17.356071,"07/27":17.79587,"07/28":17.405855,"07/29":17.405855,"07/30":17.405855,"07/31":16.455343,"08/01":16.70517,"08/02":18.093094,"08/03":18.727493,"08/04":18.037258,"08/05":18.037258,"08/06":18.037258,"08/07":17.52509,"08/08":17.537022,"08/09":17.17891,"08/10":17.740303,"08/11":18.231287,"08/12":18.231287,"08/13":18.231287,"08/14":18.505346,"08/15":18.505346,"08/16":18.505346,"08/17":18.690968,"08/18":19.078438,"08/19":19.078438,"08/20":19.078438,"08/21":18.396233,"08/22":18.085426,"08/23":17.771893,"08/24":17.974903,"08/25":18.97939,"08/26":18.97939,"08/27":18.97939,"08/28":18.629028,"08/29":18.449108,"08/30":18.38192,"08/31":18.71532,"09/01":17.62173,"09/02":17.62173,"09/03":17.62173,"09/04":16.93995,"09/05":16.452154,"09/06":16.324461,"09/07":15.548408,"09/08":14.758851,"09/09":14.758851,"09/10":14.758851,"09/11":13.828163,"09/12":12.844566,"09/13":12.840555,"09/14":12.860225,"09/15":13.547539,"09/16":14.549896,"09/17":14.549896,"09/18":14.547905,"09/19":14.2673025,"09/20":13.745125,"09/21":14.25707,"09/22":14.381548,"09/23":15.238694,"09/24":15.238694,"09/25":15.238314,"09/26":16.227612,"09/27":16.394287,"09/28":17.457531,"09/29":17.72779,"09/30":16.824997,"10/01":16.824997,"10/02":16.824997,"10/03":17.501003,"10/04":16.277178,"10/05":16.274273,"10/06":16.133987,"10/07":16.17582,"10/08":16.17582,"10/09":16.17986,"10/10":16.44381,"10/11":17.325579,"10/12":16.882347,"10/13":17.231499,"10/14":16.77074,"10/15":16.77074,"10/16":16.770555,"10/17":16.43087,"10/18":15.8435955,"10/19":15.797272,"10/20":15.671818,"10/21":15.805836,"10/22":15.805836,"10/23":15.839922,"10/24":15.839922,"10/25":15.610914,"10/26":15.675636,"10/27":15.352602,"10/28":15.250599,"10/29":15.250599,"10/30":15.236198,"10/31":14.590185,"11/01":14.2170925,"11/02":14.359281,"11/03":14.364147,"11/04":14.275236,"11/05":14.275236,"11/06":14.24269,"11/07":14.02326,"11/08":14.014137,"11/09":14.156522,"11/10":14.506052,"11/11":13.790548,"11/12":13.790548,"11/13":13.785274,"11/14":13.851945,"11/15":13.631498,"11/16":13.611284,"11/17":13.81265,"11/18":13.99417,"11/19":13.99417,"11/20":13.995756,"11/21":14.427635,"11/22":14.138903,"11/23":14.138479,"11/24":13.443215,"11/25":13.408817,"11/26":13.408817,"11/27":13.408817,"11/28":13.263842,"11/29":13.113611,"11/30":12.686843,"12/01":12.503922,"12/02":12.790971,"12/03":12.790971,"12/04":12.813345,"12/05":12.790148,"12/06":12.9849415,"12/07":13.201807,"12/08":13.056,"12/09":13.294664,"12/10":13.294664,"12/11":13.311083,"12/12":13.310076,"12/13":13.046632,"12/14":12.92507,"12/15":13.7471,"12/16":14.289286,"12/17":14.289286,"12/18":14.294275,"12/19":13.767908,"12/20":13.794804,"12/21":14.425504,"12/22":14.668238,"12/23":15.803825,"12/24":15.803825,"12/25":15.803825,"12/26":15.093375,"12/27":14.803837,"12/28":14.838726,"12/29":14.655695,"12/30":14.947222,"12/31":14.947222},"2022":{"09/12":10.922003,"09/13":11.372562,"09/14":11.744516,"09/15":13.479245,"09/16":15.48396,"09/17":15.48396,"09/18":15.193305,"09/19":14.6321,"09/20":12.351511,"09/21":12.520376,"09/22":12.488569,"09/23":14.202862,"09/24":14.202862,"09/25":14.245637,"09/26":16.136076,"09/27":16.722889,"09/28":17.64763,"09/29":18.188152,"09/30":16.382565,"10/01":16.382565,"10/02":16.382565,"10/03":18.322515,"10/04":15.248033,"10/05":15.65477,"10/06":16.04759,"10/07":16.13125,"10/08":16.13125,"10/09":15.209923,"10/10":16.750994,"10/11":19.075466,"10/12":18.200552,"10/13":18.67707,"10/14":17.755554,"10/15":17.755554,"10/16":17.733065,"10/17":17.421255,"10/18":15.280826,"10/19":15.015483,"10/20":14.112929,"10/21":14.380965,"10/22":14.380965,"10/23":12.689329,"10/24":12.689329,"10/25":11.509583,"10/26":10.037331,"10/27":10.654283,"10/28":10.450276,"10/29":10.450276,"10/30":10.795044,"10/31":9.141898,"11/01":7.797368,"11/02":9.248983,"11/03":9.892185,"11/04":9.714363,"11/05":9.714363,"11/06":10.586958,"11/07":10.287696,"11/08":10.568253,"11/09":10.530249,"11/10":11.429487,"11/11":9.99848,"11/12":9.99848,"11/13":10.154943,"11/14":10.288286,"11/15":11.404361,"11/16":12.001498,"11/17":12.209926,"11/18":12.572967,"11/19":12.572967,"11/20":12.452536,"11/21":13.78938,"11/22":13.138024,"11/23":13.18714,"11/24":11.663274,"11/25":11.594477,"11/26":11.594477,"11/27":11.594477,"11/28":11.834995,"11/29":12.489579,"11/30":11.976458,"12/01":12.202466,"12/02":12.776563,"12/03":12.776563,"12/04":15.06006,"12/05":15.846653,