{"0":{"01/01":2.8930352,"01/02":2.8745248,"01/03":2.8642528,"01/04":2.845753,"01/05":2.845753,"01/06":2.845753,"01/07":2.845753,"01/08":2.7738934,"01/09":2.7544088,"01/10":2.741081,"01/11":2.7226253,"01/12":2.7226253,"01/13":2.7226253,"01/14":2.7226253,"01/15":2.6509376,"01/16":2.6335485,"01/17":2.6171796,"01/18":2.598778,"01/19":2.5967307,"01/20":2.5967307,"01/21":2.5967307,"01/22":2.5967307,"01/23":2.5252185,"01/24":2.5007188,"01/25":2.6499128,"01/26":2.6499128,"01/27":2.6499128,"01/28":2.6499128,"01/29":2.4059067,"01/30":2.3886003,"01/31":2.3692615,"02/01":2.3509393,"02/02":2.3336515,"02/03":2.3336515,"02/04":2.3336515,"02/05":2.2828217,"02/06":2.2665644,"02/07":2.2492955,"02/08":2.2330585,"02/09":2.215801,"02/10":2.215801,"02/11":2.215801,"02/12":2.1610372,"02/13":2.143804,"02/14":2.125572,"02/15":2.1083505,"02/16":2.090131,"02/17":2.090131,"02/18":2.090131,"02/19":2.090131,"02/20":2.0193233,"02/21":2.002138,"02/22":1.9849677,"02/23":1.9677938,"02/24":1.9677938,"02/25":1.9677938,"02/26":1.9153062,"02/27":1.8971555,"02/28":1.8800112,"02/29":1.8628823,"03/01":1.8457494,"03/02":1.8457494,"03/03":1.8457494,"03/04":1.7923892,"03/05":1.7762874,"03/06":1.7591838,"03/07":1.7431021,"03/08":1.7431021,"03/09":1.7431021,"03/10":1.7431021,"03/11":1.6737801,"03/12":1.6567107,"03/13":1.6396472,"03/14":1.6236033,"03/15":1.6065509,"03/16":1.6065509,"03/17":1.6065509,"03/18":1.6065509,"03/19":1.536412,"03/20":1.5203912,"03/21":1.5033829,"03/22":1.4853691,"03/23":1.4853691,"03/24":1.4853691,"03/25":1.4853691,"03/26":1.4124063,"03/27":1.3944248,"03/28":1.3774587,"03/29":1.3774587,"03/30":1.3774587,"03/31":1.3185974,"04/01":1.3185974,"04/02":1.2847121,"04/03":1.2677732,"04/04":1.2498524,"04/05":1.231938,"04/06":1.231938,"04/07":1.231938,"04/08":1.180205,"04/09":1.180205,"04/10":1.1454172,"04/11":1.1454172,"04/12":1.1116476,"04/13":1.1116476,"04/14":1.1116476,"04/15":1.0590442,"04/16":1.0421902,"04/17":1.0421902,"04/18":1.0084895,"04/19":0.99164283,"04/20":0.99164283,"04/21":0.99164283,"04/22":0.941146,"04/23":0.9233406,"04/24":0.9055321,"04/25":0.88773936,"04/26":0.8136561,"04/27":0.8136561,"04/28":0.8136561,"04/29":0.77516896,"04/30":0.7564348,"05/01":0.7564348,"05/02":0.64612734,"05/03":0.6087525,"05/04":0.6087525,"05/05":0.6087525,"05/06":0.47523648,"05/07":0.49288407,"05/08":0.47817266,"05/09":0.44974402,"05/10":0.41839865,"05/11":0.41839865,"05/12":0.41839865,"05/13":0.34402356,"05/14":0.30589414,"05/15":0.25217992,"05/16":0.21315286,"05/17":0.22778678,"05/18":0.22778678,"05/19":0.22778678,"05/20":0.22778678,"05/21":0.12641403,"05/22":0.0369239,"05/23":0.0369239,"05/24":0.0,"05/25":0.0,"05/26":0.0,"05/27":0.0,"05/28":0.0,"05/29":0.0,"05/30":0.0,"05/31":0.0,"06/01":0.0,"06/02":0.0,"06/03":0.0,"06/04":0.0,"06/05":0.0,"06/06":0.0,"06/07":0.0,"06/08":0.0,"06/09":0.0,"06/10":0.0,"06/11":0.0,"06/12":0.0,"06/13":0.0,"06/14":0.0,"06/15":0.0,"06/16":0.0,"06/17":0.0,"06/18":0.0,"06/19":0.0,"06/20":0.0,"06/21":0.0,"06/22":0.0,"06/23":0.0,"06/24":0.0,"06/25":0.0,"06/26":0.0,"06/27":0.0,"06/28":0.0,"06/29":0.0,"06/30":0.0,"07/01":0.0,"07/02":0.0,"07/03":0.0,"07/04":0.0,"07/05":0.0,"07/06":0.0,"07/07":0.0,"07/08":0.0,"07/09":0.0,"07/10":0.0,"07/11":0.0,"07/12":0.0,"07/13":0.0,"07/14":0.0,"07/15":0.0,"07/16":0.0,"07/17":0.0,"07/18":0.0,"07/19":0.0,"07/20":0.0,"07/21":0.0,"07/22":0.0,"07/23":0.0,"07/24":0.0,"07/25":0.0,"07/26":0.0,"07/27":0.0,"07/28":0.0,"07/29":0.0,"07/30":0.0,"07/31":0.0,"08/01":0.0,"08/02":0.0,"08/03":0.0,"08/04":0.0,"08/05":0.0,"08/06":0.0,"08/07":0.0,"08/08":0.0,"08/09":0.0,"08/10":0.0,"08/11":0.0,"08/12":0.0,"08/13":0.0,"08/14":0.0,"08/15":0.0,"08/16":0.0,"08/17":0.0,"08/18":0.0,"08/19":0.0,"08/20":0.0,"08/21":0.0,"08/22":0.0,"08/23":0.0,"08/24":0.0,"08/25":0.0,"08/26":0.0,"08/27":0.0,"08/28":0.0,"08/29":0.0,"08/30":0.0,"08/31":0.0,"09/01":0.0,"09/02":0.0,"09/03":0.0,"09/04":0.0,"09/05":0.0,"09/06":0.0,"09/07":0.0,"09/08":0.0,"09/09":0.0,"09/10":0.0,"09/11":0.0,"09/12":0.0,"09/13":0.0,"09/14":0.0,"09/15":0.0,"09/16":0.0,"09/17":0.0,"09/18":0.0,"09/19":0.0,"09/20":0.0,"09/21":0.0,"09/22":0.0,"09/23":0.0,"09/24":0.0,"09/25":0.0,"09/26":0.0,"09/27":0.0,"09/28":0.0,"09/29":0.0,"09/30":0.0,"10/01":0.0,"10/02":0.0,"10/03":0.0,"10/04":0.0,"10/05":0.0,"10/06":0.0,"10/07":0.0,"10/08":0.0,"10/09":0.0,"10/10":0.0,"10/11":0.0,"10/12":0.0,"10/13":0.0,"10/14":0.0,"10/15":0.0,"10/16":0.0,"10/17":0.0,"10/18":0.0,"10/19":0.0,"10/20":0.0,"10/21":0.0,"10/22":0.0,"10/23":0.0,"10/24":0.0,"10/25":0.0,"10/26":0.0,"10/27":0.0,"10/28":0.0,"10/29":0.0,"10/30":0.0,"10/31":0.0,"11/01":0.0,"11/02":0.0,"11/03":0.0,"11/04":0.0,"11/05":0.0,"11/06":0.0,"11/07":0.0,"11/08":0.0,"11/09":0.0,"11/10":0.0,"11/11":0.0,"11/12":0.0,"11/13":0.0,"11/14":0.0,"11/15":0.0,"11/16":0.0,"11/17":0.0,"11/18":0.0,"11/19":0.0,"11/20":0.0,"11/21":0.0,"11/22":0.0,"11/23":0.0,"11/24":0.0,"11/25":0.0,"11/26":0.0,"11/27":0.0,"11/28":0.0,"11/29":0.0,"11/30":0.0,"12/01":0.0,"12/02":0.0,"12/03":0.0,"12/04":0.0,"12/05":0.0,"12/06":0.0,"12/07":0.0,"12/08":0.0,"12/09":0.0,"12/10":0.0,"12/11":0.0,"12/12":0.0,"12/13":0.0,"12/14":0.0,"12/15":0.0,"12/16":0.0,"12/17":0.0,"12/18":0.0,"12/19":0.0,"12/20":0.0,"12/21":0.0,"12/22":0.0,"12/23":0.0,"12/24":0.0,"12/25":0.0,"12/26":1.4814997,"12/27":1.4814997,"12/28":1.4814997,"12/29":1.4742934,"12/30":1.4742934,"12/31":1.4742934},"2023":{"12/26":2.9629993,"12/27":2.9629993,"12/28":2.9629993,"12/29":2.9485867,"12/30":2.9485867,"12/31":2.9485867},"2024":{"01/01":2.8930352,"01/02":2.8745248,"01/03":2.8642528,"01/04":2.845753,"01/05":2.845753,"01/06":2.845753,"01/07":2.845753,"01/08":2.7738934,"01/09":2.7544088,"01/10":2.741081,"01/11":2.7226253,"01/12":2.7226253,"01/13":2.7226253,"01/14":2.7226253,"01/15":2.6509376,"01/16":2.6335485,"01/17":2.6171796,"01/18":2.598778,"01/19":2.5967307,"01/20":2.5967307,"01/21":2.5967307,"01/22":2.5967307,"01/23":2.5252185,"01/24":2.5007188,"01/25":2.6499128,"01/26":2.6499128,"01/27":2.6499128,"01/28":2.6499128,"01/29":2.4059067,"01/30":2.3886003,"01/31":2.3692615,"02/01":2.3509393,"02/02":2.3336515,"02/03":2.3336515,"02/04":2.3336515,"02/05":2.2828217,"02/06":2.2665644,"02/07":2.2492955,"02/08":2.2330585,"02/09":2.215801,"02/10":2.215801,"02/11":2.215801,"02/12":2.1610372,"02/13":2.143804,"02/14":2.125572,"02/15":2.1083505,"02/16":2.090131,"02/17":2.090131,"02/18":2.090131,"02/19":2.090131,"02/20":2.0193233,"02/21":2.002138,"02/22":1.9849677,"02/23":1.9677938,"02/24":1.9677938,"02/25":1.9677938,"02/26":1.9153062,"02/27":1.8971555,"02/28":1.8800112,"02/29":1.8628823,"03/01":1.8457494,"03/02":1.8457494,"03/03":1.8457494,"03/04":1.7923892,"03/05":1.7762874,"03/06":1.7591838,"03/07":1.7431021,"03/08":1.7431021,"03/09":1.7431021,"03/10":1.7431021,"03/11":1.6737801,"03/12":1.6567107,"03/13":1.6396472,"03/14":1.6236033,"03/15":1.6065509,"03/16":1.6065509,"03/17":1.6065509,"03/18":1.6065509,"03/19":1.536412,"03/20":1.5203912,"03/21":1.5033829,"03/22":1.4853691,"03/23":1.4853691,"03/24":1.4853691,"03/25":1.4853691,"03/26":1.4124063,"03/27":1.3944248,"03/28":1.3774587,"03/29":1.3774587,"03/30":1.3774587,"03/31":1.3185974,"04/01":1.3185974,"04/02":1.2847121,"04/03":1.2677732,"04/04":1.2498524,"04/05":1.231938,"04/06":1.231938,"04/07":1.231938,"04/08":1.180205,"04/09":1.180205,"04/10":1.1454172,"04/11":1.1454172,"04/12":1.1116476,"04/13":1.1116476,"04/14":1.1116476,"04/15":1.0590442,"04/16":1.0421902,"04/17":1.0421902,"04/18":1.0084895,"04/19":0.99164283,"04/20":0.99164283,"04/21":0.99164283,"04/22":0.941146,"04/23":0.9233406,"04/24":0.9055321,"04/25":0.88773936,"04/26":0.8136561,"04/27":0.8136561,"04/28":0.8136561,"04/29":0.77516896,"04/30":0.7564348,"05/01":0.7564348,"05/02":0.64612734,"05/03":0.6087525,"05/04":0.6087525,"05/05":0.6087525,"05/06":0.47523648,"05/07":0.49288407,"05/08":0.47817266,"05/09":0.44974402,"05/10":0.41839865,"05/11":0.41839865,"05/12":0.41839865,"05/13":0.34402356,"05/14":0.30589414,"05/15":0.25217992,"05/16":0.21315286,"05/17":0.22778678,"05/18":0.22778678,"05/19":0.22778678,"05/20":0.22778678,"05/21":0.12641403,"05/22":0.0369239,