{"0":{"01/27":-3.6779976,"01/28":-3.67029,"01/29":-3.67029,"01/30":-2.967719,"01/31":-2.967719,"02/01":-2.967719,"02/02":-2.9726129,"02/03":-3.30767,"02/04":-3.5081713,"02/05":-3.3716846,"02/06":-3.4104404,"02/07":-3.4104404,"02/08":-3.4104404,"02/09":-3.8376238,"02/10":-3.9258664,"02/11":-4.0799,"02/12":-3.750182,"02/13":-2.9784753,"02/14":-2.9784753,"02/15":-2.9784753,"02/16":-3.4269073,"02/17":-3.511075,"02/18":-3.817459,"02/19":-3.817459,"02/20":-3.1433525,"02/21":-3.1433525,"02/22":-3.1433525,"02/23":-3.421099,"02/24":-2.8061714,"02/25":-3.1891034,"02/26":-3.4191594,"02/27":-2.474536,"02/28":-2.474536,"03/01":-2.474536,"03/02":-1.4971417,"03/03":-1.4971417,"03/04":-0.19066371,"03/05":-1.0986468,"03/06":-0.36101532,"03/07":-0.36101532,"03/08":-0.36101532,"03/09":0.982339,"03/10":0.11849558,"03/11":1.2381308,"03/12":1.9712062,"03/13":3.6567504,"03/14":3.6567504,"03/15":3.6567504,"03/16":3.242331,"03/17":2.5585897,"03/18":1.7783433,"03/19":1.7783433,"03/20":3.8881795,"03/21":3.8881795,"03/22":3.8881795,"03/23":6.0312867,"03/24":4.486581,"03/25":3.0997834,"03/26":3.0997834,"03/27":4.686447,"03/28":4.686447,"03/29":4.686447,"03/30":4.686447,"03/31":6.37086,"04/01":6.37086,"04/02":5.302176,"04/03":5.302176,"04/04":5.302176,"04/05":5.302176,"04/06":4.4050455,"04/07":3.9576943,"04/08":0.96645993,"04/09":1.4952115,"04/10":0.54383755,"04/11":0.54383755,"04/12":0.54383755,"04/13":1.1668841,"04/14":1.1668841,"04/15":0.0,"04/16":0.0,"04/17":0.0,"04/18":0.0,"04/19":0.0,"04/20":0.0,"04/21":0.0,"04/22":0.0,"04/23":0.0,"04/24":0.0,"04/25":0.0,"04/26":0.0,"04/27":0.0,"04/28":0.0,"04/29":0.0,"04/30":0.0,"05/01":0.0,"05/02":0.0,"05/03":0.0,"05/04":0.0,"05/05":0.0,"05/06":0.0,"05/07":0.0,"05/08":0.0,"05/09":0.0,"05/10":0.0,"05/11":0.0,"05/12":0.0,"05/13":0.0,"05/14":0.0,"05/15":0.0,"05/16":0.0,"05/17":0.0,"05/18":0.0,"05/19":0.0,"05/20":0.0,"05/21":0.0,"05/22":0.0,"05/23":0.0,"05/24":0.0,"05/25":0.0,"05/26":0.0,"05/27":0.0,"05/28":0.0,"05/29":0.0,"05/30":0.0,"05/31":0.0,"06/01":0.0,"06/02":0.0,"06/03":0.0,"06/04":0.0,"06/05":0.0,"06/06":0.0,"06/07":0.0,"06/08":0.0,"06/09":0.0,"06/10":0.0,"06/11":0.0,"06/12":0.0,"06/13":0.0,"06/14":0.0,"06/15":0.0,"06/16":0.0,"06/17":0.0,"06/18":0.0,"06/19":0.0,"06/20":0.0,"06/21":0.0,"06/22":0.0,"06/23":0.0,"06/24":0.0,"06/25":0.0,"06/26":0.0,"06/27":0.0,"06/28":0.0,"06/29":0.0,"06/30":0.0,"07/01":0.0,"07/02":0.0,"07/03":0.0,"07/04":0.0,"07/05":0.0,"07/06":0.0,"07/07":0.0,"07/08":0.0,"07/09":0.0,"07/10":0.0,"07/11":0.0,"07/12":0.0,"07/13":0.0,"07/14":0.0,"07/15":0.0,"07/16":0.0,"07/17":0.0,"07/18":0.0,"07/19":0.0,"07/20":0.0,"07/21":0.0,"07/22":0.0,"07/23":0.0,"07/24":0.0,"07/25":0.0,"07/26":0.0,"07/27":0.0,"07/28":0.0,"07/29":0.0,"07/30":0.0,"07/31":0.0,"08/01":0.0,"08/02":0.0,"08/03":0.0,"08/04":0.0,"08/05":0.0,"08/06":0.0,"08/07":0.0,"08/08":0.0,"08/09":0.0,"08/10":0.0,"08/11":0.0,"08/12":0.0,"08/13":0.0,"08/14":0.0,"08/15":0.0,"08/16":0.0,"08/17":0.0,"08/18":0.0,"08/19":0.0,"08/20":0.0,"08/21":0.0,"08/22":0.0,"08/23":0.0,"08/24":0.0,"08/25":0.0,"08/26":0.0,"08/27":0.0,"08/28":0.0,"08/29":0.0,"08/30":0.0,"08/31":0.0,"09/01":0.0,"09/02":0.0,"09/03":0.0,"09/04":0.0,"09/05":0.0,"09/06":0.0,"09/07":0.0,"09/08":0.0,"09/09":0.0,"09/10":0.0,"09/11":0.0,"09/12":0.0,"09/13":0.0,"09/14":0.0,"09/15":0.0,"09/16":0.0,"09/17":0.0,"09/18":0.0,"09/19":0.0,"09/20":0.0,"09/21":0.0,"09/22":0.0,"09/23":0.0,"09/24":0.0,"09/25":0.0,"09/26":0.0,"09/27":0.0,"09/28":0.0,"09/29":0.0,"09/30":0.0,"10/01":0.0,"10/02":0.0,"10/03":0.0,"10/04":0.0,"10/05":0.0,"10/06":0.0,"10/07":0.0,"10/08":0.0,"10/09":0.0,"10/10":0.0,"10/11":0.0,"10/12":0.0,"10/13":0.0,"10/14":0.0,"10/15":0.0,"10/16":0.0,"10/17":0.0,"10/18":0.0,"10/19":0.0,"10/20":0.0,"10/21":0.0,"10/22":0.0,"10/23":0.0,"10/24":0.0,"10/25":0.0,"10/26":0.0,"10/27":0.0,"10/28":0.0,"10/29":0.0,"10/30":0.0,"10/31":0.0,"11/01":0.0,"11/02":0.0,"11/03":0.0,"11/04":0.0,"11/05":0.0,"11/06":0.0,"11/07":0.0,"11/08":0.0,"11/09":0.0,"11/10":0.0,"11/11":0.0,"11/12":0.0,"11/13":0.0,"11/14":0.0,"11/15":0.0,"11/16":0.0,"11/17":0.0,"11/18":0.0,"11/19":0.0,"11/20":0.0,"11/21":0.0,"11/22":0.0,"11/23":0.0,"11/24":0.0,"11/25":0.0,"11/26":0.0,"11/27":0.0,"11/28":0.0,"11/29":0.0,"11/30":0.0,"12/01":0.0,"12/02":0.0,"12/03":0.0,"12/04":0.0,"12/05":0.0,"12/06":0.0,"12/07":0.0,"12/08":0.0,"12/09":0.0,"12/10":0.0,"12/11":0.0,"12/12":0.0,"12/13":0.0,"12/14":0.0,"12/15":0.0,"12/16":0.0,"12/17":0.0,"12/18":0.0,"12/19":0.0,"12/20":0.0,"12/21":0.0,"12/22":0.0,"12/23":0.0,"12/24":0.0,"12/25":0.0,"12/26":0.0,"12/27":0.0,"12/28":0.0,"12/29":0.0,"12/30":0.0,"12/31":0.0},"2026":{"01/27":-3.6779976,"01/28":-3.67029,"01/29":-3.67029,"01/30":-2.967719,"01/31":-2.967719,"02/01":-2.967719,"02/02":-2.9726129,"02/03":-3.30767,"02/04":-3.5081713,"02/05":-3.3716846,"02/06":-3.4104404,"02/07":-3.4104404,"02/08":-3.4104404,"02/09":-3.8376238,"02/10":-3.9258664,"02/11":-4.0799,"02/12":-3.750182,"02/13":-2.9784753,"02/14":-2.9784753,"02/15":-2.9784753,"02/16":-3.4269073,"02/17":-3.511075,"02/18":-3.817459,"02/19":-3.817459,"02/20":-3.1433525,"02/21":-3.1433525,"02/22":-3.1433525,"02/23":-3.421099,"02/24":-2.8061714,"02/25":-3.1891034,"02/26":-3.4191594,"02/27":-2.474536,"02/28":-2.474536,"03/01":-2.474536,"03/02":-1.4971417,"03/03":-1.4971417,"03/04":-0.19066371,"03/05":-1.0986468,"03/06":-0.36101532,"03/07":-0.36101532,"03/08":-0.36101532,"03/09":0.982339,"03/10":0.11849558,"03/11":1.2381308,"03/12":1.9712062,"03/13":3.6567504,"03/14":3.6567504,"03/15":3.6567504,"03/16":3.242331,"03/17":2.5585897,"03/18":1.7783433,"03/19":1.7783433,"03/20":3.8881795,"03/21":3.8881795,"03/22":3.8881795,"03/23":6.0312867,"03/24":4.486581,"03/25":3.0997834,"03/26":3.0997834,"03/27":4.686447,"03/28":4.686447,"03/29":4.686447,"03/30":4.686447,"03/31":6.37086,"04/01":6.37086,"04/02":5.302176,"04/03":5.302176,"04/04":5.302176,"04/05":5.302176,"04/06":4.4050455,"04/07":3.9576943,"04/08":0.96645993,"04/09":1.4952115,"04/10":0.54383755,"04/11":0.54383755,"04/12":0.54383755,"04/13":1.1668841,"04/14":1.1668841,"04/15":0.0,"04/16":0.0,"04/17":0.0,"04/18":0.0,"04/19":0.0,"04/20":0.0,"04/21":0.0,"04/22":0.0,"04/23":0.0,"04/24":0.0,"04/25":0.0,"04/26":0.0,"04/27":0.0,"04/28":0.0,"04/29":0.0,"04/30":0.0,"05/01":0.0,"05/02":0.0,"05/03":0.0,"05/04":0.0,"05/05":0.0,"05/06":0.0,"05/07":0.0,"05/08":0.0,"05/09":0.0,"05/10":0.0,"05/11":0.0,"05/12":0.0,"05/13":0.0,"05/14":0.0,"05/15":0.0,"05/16":0.0,"05/17":0.0,"05/18":0.0,"05/19":0.0,"05/20":0.0,"05/21":0.0,"05/22":0.0,"05/23":0.0,"05/24":0.0,"05/25":0.0,"05/26":0.0,"05/27":0.0,"05/28":0.0,"05/29":0.0,"05/30":0.0,"05/31":0.0,"06/01":0.0,"06/02":0.0,"06/03":0.0,"06/04":0.0,"06/05":0.0,"06/06":0.0,"06/07":0.0,"06/08":0.0,"06/09":0.0,"06/10":0.0,"06/11":0.0,"06/12":0.0,"06/13":0.0,"06/14":0.0,"06/15":0.0,"06/16":0.0,"06/17":0.0,"06/18":0.0,"06/19":0.0,"06/20":0.0,"06/21":0.0,"06/22":0.0,"06/23":0.0,"06/24":0.0,"06/25":0.0,"06/26":0.0,"06/27":0.0,"06/28":0.0,"06/29":0.0,"06/30":0.0,"07/01":0.0,"07/02":0.0,"07/03":0.0,"07/04":0.0,"07/05":0.0,"07/06":0.0,"07/07":0.0,"07/08":0.0,"07/09":0.0,"07/10":0.0,"07/11":0.0,"07/12":0.0,"07/13":0.0,"07/14":0.0,"07/15":0.0,"07/16":0.0,"07/17":0.0,"07/18":0.0,"07/19":0.0,"07/20":0.0,"07/21":0.0,"07/22":0.0,"07/23":0.0,"07/24":0.0,"07/25":0.0,"07/26":0.0,"07/27":0.0,"07/28":0.0,"07/29":0.0,"07/30":0.0,"07/31":0.0,"08/01":0.0,"08/02":0.0,"08/03":0.0,"08/04":0.0,"08/05":0.0,"08/06":0.0,"08/07":0.0,"08/08":0.0,"08/09":0.0,"08/10":0.0,"08/11":0.0,"08/12":0.0,"08/13":0.0,"08/14":0.0,"08/15":0.0,"08/16":0.0,"08/17":0.0,"08/18":0.0,"08/19":0.0,"08/20":0.0,"08/21":0.0,"08/22":0.0,"08/23":0.0,"08/24":0.0,"08/25":0.0,"08/26":0.0,"08/27":0.0,"08/28":0.0,"08/29":0.0,"08/30":0.0,"08/31":0.0,"09/01":0.0,"09/02":0.0,"09/03":0.0,"09/04":0.0,"09/05":0.0,"09/06":0.0,"09/07":0.0,"09/08":0.0,"09/09":0.0,"09/10":0.0,"09/11":0.0,"09/12":0.0,"09/13":0.0,"09/14":0.0,"09/15":0.0,"09/16":0.0,"09/17":0.0,"09/18":0.0,"09/19":0.0,"09/20":0.0,"09/21":0.0,"09/22":0.0,"09/23":0.0,"09/24":0.0,"09/25":0.0,"09/26":0.0,"09/27":0.0,"09/28":0.0,