{"0":{"01/01":6.517229,"01/02":6.5007696,"01/03":6.4628887,"01/04":6.4301643,"01/05":6.4175773,"01/06":6.4937315,"01/07":6.4937315,"01/08":6.496385,"01/09":6.387438,"01/10":6.294576,"01/11":6.2298384,"01/12":6.205784,"01/13":6.175481,"01/14":6.175481,"01/15":6.1809444,"01/16":6.215641,"01/17":6.214661,"01/18":6.1809006,"01/19":6.1116915,"01/20":6.216379,"01/21":6.216379,"01/22":6.216379,"01/23":6.1757126,"01/24":6.17799,"01/25":6.1818147,"01/26":6.1818147,"01/27":6.2581143,"01/28":6.2581143,"01/29":6.2635117,"01/30":6.306192,"01/31":6.22412,"02/01":6.0462747,"02/02":6.0264626,"02/03":5.9978943,"02/04":5.9978943,"02/05":5.994602,"02/06":6.0424566,"02/07":6.0240545,"02/08":6.1030188,"02/09":6.129502,"02/10":6.186951,"02/11":6.186951,"02/12":6.1904383,"02/13":6.1791687,"02/14":6.182754,"02/15":6.1193724,"02/16":6.0800977,"02/17":6.1706357,"02/18":6.1706357,"02/19":6.1706357,"02/20":6.0945415,"02/21":6.14736,"02/22":6.2283278,"02/23":6.1413207,"02/24":6.1819105,"02/25":6.1819105,"02/26":6.18597,"02/27":6.2244787,"02/28":6.231926,"02/29":2.031337,"03/01":6.1853333,"03/02":6.1831923,"03/03":6.130209,"03/04":6.1340904,"03/05":6.1366215,"03/06":6.1162825,"03/07":6.1213965,"03/08":6.2244515,"03/09":6.195963,"03/10":6.174486,"03/11":6.1833525,"03/12":6.181112,"03/13":5.9648414,"03/14":5.938547,"03/15":5.91021,"03/16":5.850691,"03/17":5.8570657,"03/18":5.8570657,"03/19":5.8472257,"03/20":5.737954,"03/21":5.788106,"03/22":5.781336,"03/23":5.7332377,"03/24":5.670467,"03/25":5.670467,"03/26":5.6703253,"03/27":5.63622,"03/28":5.6561418,"03/29":5.5901413,"03/30":5.5901413,"03/31":5.546622,"04/01":5.546622,"04/02":5.5322094,"04/03":5.4931083,"04/04":5.4950414,"04/05":5.325608,"04/06":5.2113023,"04/07":5.2113023,"04/08":5.203112,"04/09":5.203112,"04/10":5.170086,"04/11":5.162321,"04/12":5.107232,"04/13":5.139678,"04/14":5.139678,"04/15":5.144347,"04/16":5.1401525,"04/17":5.150976,"04/18":5.0880804,"04/19":5.0554123,"04/20":5.025158,"04/21":4.8759336,"04/22":4.8816643,"04/23":4.8872433,"04/24":4.667409,"04/25":4.5928135,"04/26":4.5853653,"04/27":4.552552,"04/28":4.5560837,"04/29":4.5588965,"04/30":4.557955,"05/01":4.557955,"05/02":4.51056,"05/03":4.225713,"05/04":4.1512494,"05/05":4.1512494,"05/06":4.1624007,"05/07":4.159081,"05/08":4.1735187,"05/09":4.1633554,"05/10":4.1508775,"05/11":4.1138177,"05/12":4.001957,"05/13":4.005168,"05/14":4.0086575,"05/15":3.969588,"05/16":3.880092,"05/17":3.84032,"05/18":3.8741455,"05/19":3.8850994,"05/20":3.8850994,"05/21":3.8899863,"05/22":3.8329928,"05/23":3.8859186,"05/24":3.8490067,"05/25":3.8490067,"05/26":3.84651,"05/27":3.84651,"05/28":3.84651,"05/29":3.8759975,"05/30":3.8480055,"05/31":3.7941062,"06/01":3.7487726,"06/02":3.7587287,"06/03":3.7587287,"06/04":3.7587287,"06/05":3.753748,"06/06":3.7055006,"06/07":3.6900973,"06/08":3.7921093,"06/09":3.845009,"06/10":3.845009,"06/11":3.845009,"06/12":3.7891188,"06/13":3.7617157,"06/14":3.7706792,"06/15":3.8120625,"06/16":3.8140564,"06/17":3.8140564,"06/18":3.8140564,"06/19":3.81655,"06/20":3.828031,"06/21":3.8520036,"06/22":3.9050214,"06/23":3.8965094,"06/24":3.8965094,"06/25":3.8965094,"06/26":3.8460095,"06/27":3.8255363,"06/28":3.814556,"06/29":3.814556,"06/30":3.9250534,"07/01":3.9250534,"07/02":3.9250534,"07/03":3.9015167,"07/04":3.9080245,"07/05":3.8629994,"07/06":3.9591482,"07/07":3.9591482,"07/08":3.9591482,"07/09":3.9591482,"07/10":3.9591482,"07/11":3.8040795,"07/12":3.8460095,"07/13":3.700037,"07/14":3.7228997,"07/15":3.7228997,"07/16":3.7228997,"07/17":3.6320512,"07/18":3.5207732,"07/19":3.530151,"07/20":3.540521,"07/21":3.555838,"07/22":3.555838,"07/23":3.555838,"07/24":3.5025172,"07/25":3.57215,"07/26":3.5331173,"07/27":3.582041,"07/28":3.7378235,"07/29":3.7378235,"07/30":3.7378235,"07/31":3.7472773,"08/01":3.6886103,"08/02":3.6866212,"08/03":3.8105636,"08/04":3.7995894,"08/05":3.7995894,"08/06":3.7995894,"08/07":3.7577314,"08/08":3.6821554,"08/09":3.6622982,"08/10":3.6201622,"08/11":3.7154408,"08/12":3.7154408,"08/13":3.7154408,"08/14":3.7059982,"08/15":3.7059982,"08/16":3.7059982,"08/17":3.823537,"08/18":3.7059982,"08/19":3.7059982,"08/20":3.7059982,"08/21":3.6722276,"08/22":3.644939,"08/23":3.5464516,"08/24":3.5025172,"08/25":3.5350902,"08/26":3.5350902,"08/27":3.5350902,"08/28":3.4374943,"08/29":3.3961976,"08/30":3.4129043,"08/31":3.3628147,"09/01":3.357907,"09/02":3.357907,"09/03":3.357907,"09/04":3.3834293,"09/05":3.3780262,"09/06":3.4070077,"09/07":3.3044937,"09/08":3.3608496,"09/09":3.3608496,"09/10":3.3608496,"09/11":3.4399529,"09/12":5.162209,"09/13":5.1653576,"09/14":5.164308,"09/15":5.157142,"09/16":5.152061,"09/17":5.152061,"09/18":5.152901,"09/19":5.1383743,"09/20":5.1365905,"09/21":5.1327724,"09/22":5.1265793,"09/23":5.12767,"09/24":5.12767,"09/25":5.1280904,"09/26":5.0920796,"09/27":4.905084,"09/28":4.9876075,"09/29":4.9911914,"09/30":5.051544,"10/01":5.051544,"10/02":5.051544,"10/03":5.1637745,"10/04":5.003216,"10/05":5.004005,"10/06":5.1037574,"10/07":5.1572876,"10/08":5.1572876,"10/09":5.157155,"10/10":5.1986117,"10/11":5.1249547,"10/12":5.1182556,"10/13":5.1013265,"10/14":5.1748295,"10/15":5.1748295,"10/16":5.174786,"10/17":4.984857,"10/18":4.9904666,"10/19":5.0436625,"10/20":5.077324,"10/21":5.133701,"10/22":5.133701,"10/23":5.1336236,"10/24":5.1336236,"10/25":4.9666405,"10/26":4.966541,"10/27":4.9021554,"10/28":4.914963,"10/29":4.914963,"10/30":4.914995,"10/31":4.9606733,"11/01":4.889424,"11/02":4.888005,"11/03":5.0186605,"11/04":5.014706,"11/05":5.014706,"11/06":5.015498,"11/07":4.950869,"11/08":4.9515247,"11/09":4.8616815,"11/10":4.765832,"11/11":4.648028,"11/12":4.648028,"11/13":4.648401,"11/14":4.625817,"11/15":4.5807643,"11/16":4.5752635,"11/17":4.566204,"11/18":4.6047397,"11/19":4.6047397,"11/20":4.603965,"11/21":4.6154437,"11/22":4.552483,"11/23":4.552572,"11/24":4.471115,"11/25":4.5170746,"11/26":4.5170746,"11/27":4.5170746,"11/28":4.458445,"11/29":4.4649806,"11/30":4.4572444,"12/01":4.3355007,"12/02":4.3195477,"12/03":4.3195477,"12/04":4.3196254,"12/05":4.3110595,"12/06":4.3388577,"12/07":4.380709,"12/08":4.374844,"12/09":4.4111905,"12/10":4.4111905,"12/11":4.4113464,"12/12":4.3780007,"12/13":4.313188,"12/14":4.2581253,"12/15":4.310467,"12/16":4.344526,"12/17":4.344526,"12/18":4.3456893,"12/19":4.3409996,"12/20":4.3580465,"12/21":4.3180523,"12/22":4.339111,"12/23":4.3563447,"12/24":4.3563447,"12/25":4.3563447,"12/26":4.359196,"12/27":4.325607,"12/28":4.3425636,"12/29":4.339392,"12/30":4.3467884,"12/31":4.3467884},"2022":{"09/12":8.649998,"09/13":8.870444,"09/14":9.267349,"09/15":8.914313,"09/16":8.89907,"09/17":8.89907,"09/18":9.011033,"09/19":8.967452,"09/20":9.05475,"09/21":9.146491,"09/22":9.043225,"09/23":9.046497,"09/24":9.046497,"09/25":9.096445,"09/26":8.978685,"09/27":8.333916,"09/28":8.085864,"09/29":8.096616,"09/30":8.277674,"10/01":8.277674,"10/02":8.277674,"10/03":8.7352705,"10/04":8.177941,"10/05":8.347188,"10/06":7.7848487,"10/07":7.9454393,"10/08":7.9454393,"10/09":7.767458,"10/10":8.000642,"10/11":8.072085,"10/12":8.106523,"10/13":8.0487995,"10/14":8.269308,"10/15":8.269308,"10/16":8.255302,"10/17":7.7073107,"10/18":7.6368737,"10/19":7.719986,"10/20":7.8090444,"10/21":7.978175,"10/22":7.978175,"10/23":7.9292107,"10/24":7.9292107,"10/25":7.6496935,"10/26":7.5373,"10/27":7.4532623,"10/28":7.491683,"10/29":7.491683,"10/30":7.529429,"10/31":7.703094,"11/01":7.5012183,"11/02":7.7092576,"11/03":8.224276,"11/04":8.212413,"11/05":8.212413,"11/06":8.378732,"11/07":8.260266,"11/08":8.379563,"11/09":8.191033,"11/10":7.658153,"11/11":7.304741,"11/12":7.304741,"11/13":7.452604,"11/14":7.3848524,"11/15":7.6468186,"11/16":7.6603727,"11/17":7.7232523,"11/18":7.838859,"11/19":7.838859,"11/20":7.6931477,"11/21":7.6897306,"11/22":7.5483975,"11/23":7.5680585,"11/24":7.1566586,"11/25":7.294537,"11/26":7.294537,"11/27":7.294537,"11/28":7.095294,"11/29":7.1956043,"11/30":7.0264587,"12/01":6.507063,"12/02":6.4592037,"12/03":6.4592037,"12/04":6.6389256,"12/05":6.704692,"12/06":6.9404883,"12/07":7.167729,"12/08":7.06977,"12/09":7.178809,