{"0":{"01/01":4.3201075,"01/02":4.294555,"01/03":4.286543,"01/04":4.2785144,"01/05":4.270029,"01/06":4.261546,"01/07":4.261546,"01/08":4.2634034,"01/09":4.2384443,"01/10":4.2304277,"01/11":4.2224445,"01/12":4.213967,"01/13":4.2060223,"01/14":4.2060223,"01/15":4.2079296,"01/16":4.1830072,"01/17":4.175011,"01/18":4.167043,"01/19":4.159058,"01/20":4.15112,"01/21":4.15112,"01/22":4.15112,"01/23":4.126653,"01/24":4.118173,"01/25":4.109147,"01/26":4.109147,"01/27":4.091175,"01/28":4.091175,"01/29":4.09323,"01/30":4.066241,"01/31":4.057789,"02/01":4.049308,"02/02":4.04083,"02/03":4.0318565,"02/04":4.0318565,"02/05":4.0333505,"02/06":4.0085177,"02/07":4.0005555,"02/08":3.992597,"02/09":3.9841442,"02/10":3.9746466,"02/11":3.9746466,"02/12":3.976255,"02/13":3.948825,"02/14":3.9409378,"02/15":3.9324985,"02/16":3.9240673,"02/17":3.9151082,"02/18":3.9151082,"02/19":3.9151082,"02/20":3.890389,"02/21":3.8814404,"02/22":3.8730268,"02/23":3.8645828,"02/24":3.8551123,"02/25":3.8551123,"02/26":3.856787,"02/27":3.8289385,"02/28":3.8215628,"02/29":0.6916349,"03/01":3.814244,"03/02":3.805302,"03/03":3.7963684,"03/04":3.7980478,"03/05":3.798575,"03/06":3.7712352,"03/07":3.771763,"03/08":3.7528477,"03/09":3.7439232,"03/10":3.7339458,"03/11":3.7361789,"03/12":3.7367747,"03/13":3.704234,"03/14":3.6948314,"03/15":3.6838562,"03/16":3.6780894,"03/17":3.6691737,"03/18":3.6691737,"03/19":3.6715174,"03/20":3.642174,"03/21":3.6306949,"03/22":3.6312726,"03/23":3.6035142,"03/24":3.591475,"03/25":3.591475,"03/26":3.5938785,"03/27":3.5662293,"03/28":3.5683858,"03/29":3.5804214,"03/30":3.5804214,"03/31":3.530759,"04/01":3.530759,"04/02":3.5323467,"04/03":3.4806807,"04/04":3.4812717,"04/05":3.4552462,"04/06":3.4479423,"04/07":3.4479423,"04/08":3.4497247,"04/09":3.4497247,"04/10":3.4007094,"04/11":3.3892503,"04/12":3.37936,"04/13":3.3673892,"04/14":3.3673892,"04/15":3.3673892,"04/16":3.3673892,"04/17":3.3289175,"04/18":3.3185296,"04/19":3.31022,"04/20":3.3019133,"04/21":3.2925744,"04/22":3.2925744,"04/23":3.2925744,"04/24":3.266645,"04/25":3.257833,"04/26":3.2500608,"04/27":3.241259,"04/28":3.232455,"04/29":3.232455,"04/30":3.232455,"05/01":3.232455,"05/02":3.195726,"05/03":3.1859071,"05/04":3.176092,"05/05":3.176092,"05/06":3.176092,"05/07":3.176092,"05/08":3.1368628,"05/09":3.1260326,"05/10":3.1162348,"05/11":3.1069613,"05/12":3.0971754,"05/13":3.0971754,"05/14":3.0971754,"05/15":3.0683491,"05/16":3.0585723,"05/17":3.046235,"05/18":3.0328698,"05/19":3.0205445,"05/20":3.0205445,"05/21":3.0205445,"05/22":2.9887242,"05/23":2.9733393,"05/24":2.9656503,"05/25":2.9656503,"05/26":2.9482322,"05/27":2.9482322,"05/28":2.9482322,"05/29":2.9195673,"05/30":2.912918,"05/31":2.9026916,"06/01":2.892464,"06/02":2.881227,"06/03":2.881227,"06/04":2.881227,"06/05":2.8521237,"06/06":2.8414097,"06/07":2.832227,"06/08":2.822542,"06/09":2.8148966,"06/10":2.8148966,"06/11":2.8148966,"06/12":2.78841,"06/13":2.778741,"06/14":2.770599,"06/15":2.760427,"06/16":2.7497504,"06/17":2.7497504,"06/18":2.7497504,"06/19":2.7207916,"06/20":2.7116554,"06/21":2.7009983,"06/22":2.6898377,"06/23":2.6812153,"06/24":2.6812153,"06/25":2.6812153,"06/26":2.653346,"06/27":2.6467636,"06/28":2.63816,"06/29":2.63816,"06/30":2.6189306,"07/01":2.6189306,"07/02":2.6189306,"07/03":2.5891035,"07/04":2.573449,"07/05":2.5633528,"07/06":2.5537615,"07/07":2.5537615,"07/08":2.5537615,"07/09":2.5537615,"07/10":2.5537615,"07/11":2.5073833,"07/12":2.4983213,"07/13":2.4877503,"07/14":2.4766798,"07/15":2.4766798,"07/16":2.4766798,"07/17":2.4490263,"07/18":2.4394813,"07/19":2.4299347,"07/20":2.419894,"07/21":2.410862,"07/22":2.410862,"07/23":2.410862,"07/24":2.383278,"07/25":2.3742537,"07/26":2.3652372,"07/27":2.3552213,"07/28":2.3457055,"07/29":2.3457055,"07/30":2.3457055,"07/31":2.3191915,"08/01":2.3096936,"08/02":2.2991984,"08/03":2.2887073,"08/04":2.2787158,"08/05":2.2787158,"08/06":2.2787158,"08/07":2.250771,"08/08":2.2427957,"08/09":2.2348182,"08/10":2.2253509,"08/11":2.2183762,"08/12":2.2183762,"08/13":2.2183762,"08/14":2.1899977,"08/15":2.1899977,"08/16":2.1899977,"08/17":2.1631384,"08/18":2.1546922,"08/19":2.1546922,"08/20":2.1546922,"08/21":2.125886,"08/22":2.116955,"08/23":2.1070337,"08/24":2.0976079,"08/25":2.0871975,"08/26":2.0871975,"08/27":2.0871975,"08/28":2.0584705,"08/29":2.0480711,"08/30":2.0391667,"08/31":2.029275,"09/01":2.018892,"09/02":2.018892,"09/03":2.018892,"09/04":1.989741,"09/05":1.9803623,"09/06":1.970493,"09/07":1.9611212,"09/08":1.9522419,"09/09":1.9522419,"09/10":1.9522419,"09/11":1.9246451,"09/12":1.9157829,"09/13":1.9083977,"09/14":1.8990437,"09/15":1.8872397,"09/16":1.8872397,"09/17":1.8872397,"09/18":1.8582361,"09/19":1.8582361,"09/20":1.8395768,"09/21":1.8307389,"09/22":1.8199438,"09/23":1.8199438,"09/24":1.8199438,"09/25":1.7915106,"09/26":1.7821987,"09/27":1.7753419,"09/28":1.7640842,"09/29":1.7640842,"09/30":1.7640842,"10/01":1.7640842,"10/02":1.7640842,"10/03":1.7112705,"10/04":1.701014,"10/05":1.6907617,"10/06":1.6814905,"10/07":1.6814905,"10/08":1.6814905,"10/09":1.6551521,"10/10":1.6458937,"10/11":1.6371264,"10/12":1.6278698,"10/13":1.6186212,"10/14":1.6186212,"10/15":1.6186212,"10/16":1.5904039,"10/17":1.580682,"10/18":1.5709639,"10/19":1.5607629,"10/20":1.5534784,"10/21":3.0959861,"10/22":3.0959861,"10/23":3.096536,"10/24":3.096536,"10/25":3.0969305,"10/26":3.097126,"10/27":3.097334,"10/28":3.097334,"10/29":3.097334,"10/30":3.0979621,"10/31":3.0985458,"11/01":3.098733,"11/02":3.0989552,"11/03":3.0991914,"11/04":3.0991914,"11/05":3.0991914,"11/06":3.099857,"11/07":3.1000679,"11/08":3.1002924,"11/09":3.1005192,"11/10":3.1007242,"11/11":3.1007242,"11/12":3.1007242,"11/13":3.101436,"11/14":3.102148,"11/15":3.09766,"11/16":3.0932763,"11/17":3.0888977,"11/18":3.0846336,"11/19":3.0846336,"11/20":3.0853832,"11/21":3.0728471,"11/22":3.068477,"11/23":3.0687282,"11/24":3.0601113,"11/25":3.0554903,"11/26":3.0554903,"11/27":3.0554903,"11/28":3.0433843,"11/29":3.0429325,"11/30":3.0378783,"12/01":3.0328262,"12/02":3.027499,"12/03":3.027499,"12/04":3.0283096,"12/05":3.012954,"12/06":3.008605,"12/07":3.0035677,"12/08":2.998515,"12/09":2.9931917,"12/10":2.9931917,"12/11":2.9940288,"12/12":2.9790466,"12/13":2.9743578,"12/14":2.9693308,"12/15":2.9639359,"12/16":2.9589717,"12/17":2.9589717,"12/18":2.9598207,"12/19":2.9420412,"12/20":2.936301,"12/21":2.930578,"12/22":2.9248455,"12/23":2.9188223,"12/24":2.9188223,"12/25":2.9188223,"12/26":2.9019585,"12/27":2.8962326,"12/28":2.890509,"12/29":2.8851604,"12/30":2.879144,"12/31":2.879144},"2022":{"10/21":6.1810017,"10/22":6.1810017,"10/23":6.2370014,"10/24":6.2370014,"10/25":6.275997,"10/26":6.295004,"10/27":6.3150024,"10/28":6.3150024,"10/29":6.3150024,"10/30":6.3739967,"10/31":6.396062,"11/01":6.4130664,"11/02":6.4330645,"11/03":6.4540653,"11/04":6.4540653,"11/05":6.4540653,"11/06":6.512068,"11/07":6.530064,"11/08":6.549071,"11/09":6.568068,"11/10":6.5850635,"11/11":6.5850635,"11/12":6.5850635,"11/13":6.643066,"11/14":6.645202,"11/15":6.669274,"11/16":6.674394,"11/17":6.679524,"11/18":6.6667314,"11/19":6.6667314,"11/20":6.7247057,"11/21":6.7062974,"11/22":6.711419,"11/23":6.7304077,"11/24":6.7237363,"11/25":6.7098722,"11/26":6.7098722,"11/27":6.7098722,"11/28":6.7473316,"11/29":6.764162,"11/30":6.768137,"12/01":6.772111,"12/02":6.756129,"12/03":6.756129,"12/04":6.814004,"12/05":6.786093,"12/06":6.791186,"12/07":6.795162,"12/08":6.79813,"12/09":6.7821608,"12/10":6.7821608,"12/11":6.8399763,"12/12":6.8131294,"12/13":6.817167,"12/14":6.821126,"12/15":6.823022,"12/16":6.80813,"12/17":6.80813,"12/18":6.8648896,"12/19":6.830558,"12/20":6.831386,"12/21":6.8332186,"12/22":6.834056,"12/23":6.815987,"12/24":6.815987,"12/25":6.815987,"12/26":6.8393807,"12/27":6.840206,"12/28":6.8410316,"12/29":6.843924,"12/30":6.8258753,"12/31":6.8258753},"2023":{"01/01":6.8844924,"01/02":6.851351,"01/03":6.85423,"01/04":6.856133,"01/05":6.839162,"01/06":6.822196,"01/07":6.822196,"01/08":6.8986044,"01/09":6.8675485,"01/10":6.869428,"01/11":6.8723106,"01/12":6.8553557,"01/13":6.839466,"01/14":6.839466,