"Month (MM)","Day (DD)","2023","Average Across Years"
12,26,-0.082998276,-0.082998276
12,27,-0.082998276,-0.082998276
12,28,-0.082998276,-0.082998276
12,29,-0.09598438,-0.09598438
12,30,-0.09598438,-0.09598438
12,31,-0.09598438,-0.09598438
