{"0":{"01/27":-2.4260044,"01/28":-2.4250274,"01/29":-2.4250274,"01/30":-2.4152741,"01/31":-2.4152741,"02/01":-2.4152741,"02/02":-2.4503877,"02/03":-2.4845095,"02/04":-2.5001028,"02/05":-2.5371144,"02/06":-2.4981515,"02/07":-2.4981515,"02/08":-2.4981515,"02/09":-2.893093,"02/10":-2.984812,"02/11":-3.1831157,"02/12":-2.929798,"02/13":-2.1490836,"02/14":-2.1490836,"02/15":-2.1490836,"02/16":-2.6868052,"02/17":-2.8379748,"02/18":-3.096572,"02/19":-3.096572,"02/20":-2.4767203,"02/21":-2.4767203,"02/22":-2.4767203,"02/23":-2.9462156,"02/24":-2.3097534,"02/25":-2.6207674,"02/26":-2.781824,"02/27":-1.9672143,"02/28":-1.9672143,"03/01":-1.9672143,"03/02":-1.1127812,"03/03":-1.1127812,"03/04":0.20744954,"03/05":-0.6597327,"03/06":0.12210711,"03/07":0.12210711,"03/08":0.12210711,"03/09":1.595127,"03/10":0.71218455,"03/11":1.7858986,"03/12":2.4377406,"03/13":4.0755935,"03/14":4.0755935,"03/15":4.0755935,"03/16":3.6554663,"03/17":3.0250556,"03/18":2.3678823,"03/19":2.3678823,"03/20":4.230136,"03/21":4.230136,"03/22":4.230136,"03/23":6.514856,"03/24":5.04591,"03/25":3.6059337,"03/26":3.6059337,"03/27":5.171588,"03/28":5.171588,"03/29":5.171588,"03/30":5.171588,"03/31":6.9620533,"04/01":6.9620533,"04/02":5.850446,"04/03":5.850446,"04/04":5.850446,"04/05":5.850446,"04/06":4.88106,"04/07":4.4242263,"04/08":1.3808435,"04/09":1.8028828,"04/10":0.657125,"04/11":0.657125,"04/12":0.657125,"04/13":1.1454393,"04/14":1.1454393,"04/15":0.0,"04/16":0.0,"04/17":0.0,"04/18":0.0,"04/19":0.0,"04/20":0.0,"04/21":0.0,"04/22":0.0,"04/23":0.0,"04/24":0.0,"04/25":0.0,"04/26":0.0,"04/27":0.0,"04/28":0.0,"04/29":0.0,"04/30":0.0,"05/01":0.0,"05/02":0.0,"05/03":0.0,"05/04":0.0,"05/05":0.0,"05/06":0.0,"05/07":0.0,"05/08":0.0,"05/09":0.0,"05/10":0.0,"05/11":0.0,"05/12":0.0,"05/13":0.0,"05/14":0.0,"05/15":0.0,"05/16":0.0,"05/17":0.0,"05/18":0.0,"05/19":0.0,"05/20":0.0,"05/21":0.0,"05/22":0.0,"05/23":0.0,"05/24":0.0,"05/25":0.0,"05/26":0.0,"05/27":0.0,"05/28":0.0,"05/29":0.0,"05/30":0.0,"05/31":0.0,"06/01":0.0,"06/02":0.0,"06/03":0.0,"06/04":0.0,"06/05":0.0,"06/06":0.0,"06/07":0.0,"06/08":0.0,"06/09":0.0,"06/10":0.0,"06/11":0.0,"06/12":0.0,"06/13":0.0,"06/14":0.0,"06/15":0.0,"06/16":0.0,"06/17":0.0,"06/18":0.0,"06/19":0.0,"06/20":0.0,"06/21":0.0,"06/22":0.0,"06/23":0.0,"06/24":0.0,"06/25":0.0,"06/26":0.0,"06/27":0.0,"06/28":0.0,"06/29":0.0,"06/30":0.0,"07/01":0.0,"07/02":0.0,"07/03":0.0,"07/04":0.0,"07/05":0.0,"07/06":0.0,"07/07":0.0,"07/08":0.0,"07/09":0.0,"07/10":0.0,"07/11":0.0,"07/12":0.0,"07/13":0.0,"07/14":0.0,"07/15":0.0,"07/16":0.0,"07/17":0.0,"07/18":0.0,"07/19":0.0,"07/20":0.0,"07/21":0.0,"07/22":0.0,"07/23":0.0,"07/24":0.0,"07/25":0.0,"07/26":0.0,"07/27":0.0,"07/28":0.0,"07/29":0.0,"07/30":0.0,"07/31":0.0,"08/01":0.0,"08/02":0.0,"08/03":0.0,"08/04":0.0,"08/05":0.0,"08/06":0.0,"08/07":0.0,"08/08":0.0,"08/09":0.0,"08/10":0.0,"08/11":0.0,"08/12":0.0,"08/13":0.0,"08/14":0.0,"08/15":0.0,"08/16":0.0,"08/17":0.0,"08/18":0.0,"08/19":0.0,"08/20":0.0,"08/21":0.0,"08/22":0.0,"08/23":0.0,"08/24":0.0,"08/25":0.0,"08/26":0.0,"08/27":0.0,"08/28":0.0,"08/29":0.0,"08/30":0.0,"08/31":0.0,"09/01":0.0,"09/02":0.0,"09/03":0.0,"09/04":0.0,"09/05":0.0,"09/06":0.0,"09/07":0.0,"09/08":0.0,"09/09":0.0,"09/10":0.0,"09/11":0.0,"09/12":0.0,"09/13":0.0,"09/14":0.0,"09/15":0.0,"09/16":0.0,"09/17":0.0,"09/18":0.0,"09/19":0.0,"09/20":0.0,"09/21":0.0,"09/22":0.0,"09/23":0.0,"09/24":0.0,"09/25":0.0,"09/26":0.0,"09/27":0.0,"09/28":0.0,"09/29":0.0,"09/30":0.0,"10/01":0.0,"10/02":0.0,"10/03":0.0,"10/04":0.0,"10/05":0.0,"10/06":0.0,"10/07":0.0,"10/08":0.0,"10/09":0.0,"10/10":0.0,"10/11":0.0,"10/12":0.0,"10/13":0.0,"10/14":0.0,"10/15":0.0,"10/16":0.0,"10/17":0.0,"10/18":0.0,"10/19":0.0,"10/20":0.0,"10/21":0.0,"10/22":0.0,"10/23":0.0,"10/24":0.0,"10/25":0.0,"10/26":0.0,"10/27":0.0,"10/28":0.0,"10/29":0.0,"10/30":0.0,"10/31":0.0,"11/01":0.0,"11/02":0.0,"11/03":0.0,"11/04":0.0,"11/05":0.0,"11/06":0.0,"11/07":0.0,"11/08":0.0,"11/09":0.0,"11/10":0.0,"11/11":0.0,"11/12":0.0,"11/13":0.0,"11/14":0.0,"11/15":0.0,"11/16":0.0,"11/17":0.0,"11/18":0.0,"11/19":0.0,"11/20":0.0,"11/21":0.0,"11/22":0.0,"11/23":0.0,"11/24":0.0,"11/25":0.0,"11/26":0.0,"11/27":0.0,"11/28":0.0,"11/29":0.0,"11/30":0.0,"12/01":0.0,"12/02":0.0,"12/03":0.0,"12/04":0.0,"12/05":0.0,"12/06":0.0,"12/07":0.0,"12/08":0.0,"12/09":0.0,"12/10":0.0,"12/11":0.0,"12/12":0.0,"12/13":0.0,"12/14":0.0,"12/15":0.0,"12/16":0.0,"12/17":0.0,"12/18":0.0,"12/19":0.0,"12/20":0.0,"12/21":0.0,"12/22":0.0,"12/23":0.0,"12/24":0.0,"12/25":0.0,"12/26":0.0,"12/27":0.0,"12/28":0.0,"12/29":0.0,"12/30":0.0,"12/31":0.0},"2026":{"01/27":-2.4260044,"01/28":-2.4250274,"01/29":-2.4250274,"01/30":-2.4152741,"01/31":-2.4152741,"02/01":-2.4152741,"02/02":-2.4503877,"02/03":-2.4845095,"02/04":-2.5001028,"02/05":-2.5371144,"02/06":-2.4981515,"02/07":-2.4981515,"02/08":-2.4981515,"02/09":-2.893093,"02/10":-2.984812,"02/11":-3.1831157,"02/12":-2.929798,"02/13":-2.1490836,"02/14":-2.1490836,"02/15":-2.1490836,"02/16":-2.6868052,"02/17":-2.8379748,"02/18":-3.096572,"02/19":-3.096572,"02/20":-2.4767203,"02/21":-2.4767203,"02/22":-2.4767203,"02/23":-2.9462156,"02/24":-2.3097534,"02/25":-2.6207674,"02/26":-2.781824,"02/27":-1.9672143,"02/28":-1.9672143,"03/01":-1.9672143,"03/02":-1.1127812,"03/03":-1.1127812,"03/04":0.20744954,"03/05":-0.6597327,"03/06":0.12210711,"03/07":0.12210711,"03/08":0.12210711,"03/09":1.595127,"03/10":0.71218455,"03/11":1.7858986,"03/12":2.4377406,"03/13":4.0755935,"03/14":4.0755935,"03/15":4.0755935,"03/16":3.6554663,"03/17":3.0250556,"03/18":2.3678823,"03/19":2.3678823,"03/20":4.230136,"03/21":4.230136,"03/22":4.230136,"03/23":6.514856,"03/24":5.04591,"03/25":3.6059337,"03/26":3.6059337,"03/27":5.171588,"03/28":5.171588,"03/29":5.171588,"03/30":5.171588,"03/31":6.9620533,"04/01":6.9620533,"04/02":5.850446,"04/03":5.850446,"04/04":5.850446,"04/05":5.850446,"04/06":4.88106,"04/07":4.4242263,"04/08":1.3808435,"04/09":1.8028828,"04/10":0.657125,"04/11":0.657125,"04/12":0.657125,"04/13":1.1454393,"04/14":1.1454393,"04/15":0.0,"04/16":0.0,"04/17":0.0,"04/18":0.0,"04/19":0.0,"04/20":0.0,"04/21":0.0,"04/22":0.0,"04/23":0.0,"04/24":0.0,"04/25":0.0,"04/26":0.0,"04/27":0.0,"04/28":0.0,"04/29":0.0,"04/30":0.0,"05/01":0.0,"05/02":0.0,"05/03":0.0,"05/04":0.0,"05/05":0.0,"05/06":0.0,"05/07":0.0,"05/08":0.0,"05/09":0.0,"05/10":0.0,"05/11":0.0,"05/12":0.0,"05/13":0.0,"05/14":0.0,"05/15":0.0,"05/16":0.0,"05/17":0.0,"05/18":0.0,"05/19":0.0,"05/20":0.0,"05/21":0.0,"05/22":0.0,"05/23":0.0,"05/24":0.0,"05/25":0.0,"05/26":0.0,"05/27":0.0,"05/28":0.0,"05/29":0.0,"05/30":0.0,"05/31":0.0,"06/01":0.0,"06/02":0.0,"06/03":0.0,"06/04":0.0,"06/05":0.0,"06/06":0.0,"06/07":0.0,"06/08":0.0,"06/09":0.0,"06/10":0.0,"06/11":0.0,"06/12":0.0,"06/13":0.0,"06/14":0.0,"06/15":0.0,"06/16":0.0,"06/17":0.0,"06/18":0.0,"06/19":0.0,"06/20":0.0,"06/21":0.0,"06/22":0.0,"06/23":0.0,"06/24":0.0,"06/25":0.0,"06/26":0.0,"06/27":0.0,"06/28":0.0,"06/29":0.0,"06/30":0.0,"07/01":0.0,"07/02":0.0,"07/03":0.0,"07/04":0.0,"07/05":0.0,"07/06":0.0,"07/07":0.0,"07/08":0.0,"07/09":0.0,"07/10":0.0,"07/11":0.0,"07/12":0.0,"07/13":0.0,"07/14":0.0,"07/15":0.0,"07/16":0.0,"07/17":0.0,"07/18":0.0,"07/19":0.0,"07/20":0.0,"07/21":0.0,"07/22":0.0,"07/23":0.0,"07/24":0.0,"07/25":0.0,"07/26":0.0,"07/27":0.0,"07/28":0.0,"07/29":0.0,"07/30":0.0,"07/31":0.0,"08/01":0.0,"08/02":0.0,"08/03":0.0,"08/04":0.0,"08/05":0.0,"08/06":0.0,"08/07":0.0,"08/08":0.0,"08/09":0.0,"08/10":0.0,"08/11":0.0,"08/12":0.0,"08/13":0.0,"08/14":0.0,"08/15":0.0,"08/16":0.0,"08/17":0.0,"08/18":0.0,"08/19":0.0,"08/20":0.0,"08/21":0.0,"08/22":0.0,"08/23":0.0,"08/24":0.0,"08/25":0.0,"08/26":0.0,"08/27":0.0,"08/28":0.0,"08/29":0.0,"08/30":0.0,"08/31":0.0,"09/01":0.0,"09/02":0.0,"09/03":0.0,"09/04":0.0,"09/05":0.0,"09/06":0.0,"09/07":0.0,"09/08":0.0,"09/09":0.0,"09/10":0.0,"09/11":0.0,"09/12":0.0,"09/13":0.0,"09/14":0.0,"09/15":0.0,"09/16":0.0,"09/17":0.0,"09/18":0.0,"09/19":0.0,"09/20":0.0,"09/21":0.0,"09/22":0.0,"09/23":0.0,"09/24":0.0,"09/25":0.0,"09/26":0.0,"09/27":0.0,"09/28":0.0,