{"0":{"01/01":15.797522,"01/02":16.02581,"01/03":15.870976,"01/04":15.721156,"01/05":15.540759,"01/06":15.179897,"01/07":15.081505,"01/08":15.325914,"01/09":15.011624,"01/10":14.738531,"01/11":14.651768,"01/12":14.676395,"01/13":14.498213,"01/14":14.392129,"01/15":13.123632,"01/16":13.42153,"01/17":14.407629,"01/18":14.376638,"01/19":13.711302,"01/20":13.15407,"01/21":12.838299,"01/22":13.375899,"01/23":13.661021,"01/24":12.94906,"01/25":13.798136,"01/26":13.798136,"01/27":13.612047,"01/28":14.102463,"01/29":13.613659,"01/30":13.703193,"01/31":13.101106,"02/01":12.930038,"02/02":12.125237,"02/03":13.118844,"02/04":13.127504,"02/05":13.051316,"02/06":12.945199,"02/07":13.025661,"02/08":13.492922,"02/09":13.66251,"02/10":13.629496,"02/11":13.433212,"02/12":13.527624,"02/13":12.523021,"02/14":12.247092,"02/15":11.982499,"02/16":12.28797,"02/17":12.60157,"02/18":12.906452,"02/19":12.906452,"02/20":11.673112,"02/21":11.994845,"02/22":11.565532,"02/23":12.002549,"02/24":11.434,"02/25":11.507418,"02/26":11.660372,"02/27":11.148928,"02/28":11.603458,"02/29":12.969069,"03/01":10.692509,"03/02":10.172548,"03/03":10.168983,"03/04":9.237172,"03/05":9.733139,"03/06":9.133287,"03/07":9.1866,"03/08":9.1866,"03/09":8.233395,"03/10":8.710404,"03/11":8.468508,"03/12":8.070046,"03/13":7.707742,"03/14":7.5245557,"03/15":7.8757067,"03/16":8.168032,"03/17":8.45162,"03/18":8.994058,"03/19":9.5946455,"03/20":8.256048,"03/21":7.7967815,"03/22":7.5910807,"03/23":6.3327713,"03/24":7.2224765,"03/25":7.9283934,"03/26":8.115546,"03/27":7.4202666,"03/28":6.8696985,"03/29":6.8696985,"03/30":6.8696985,"03/31":5.617251,"04/01":5.617251,"04/02":5.5797377,"04/03":5.48426,"04/04":5.303888,"04/05":4.813505,"04/06":5.3349876,"04/07":5.3384094,"04/08":6.873575,"04/09":6.605557,"04/10":6.724993,"04/11":6.8643985,"04/12":7.5128965,"04/13":7.039549,"04/14":7.039549,"04/15":8.447986,"04/16":8.8362055,"04/17":9.006752,"04/18":9.463937,"04/19":9.014374,"04/20":9.014374,"04/21":9.179277,"04/22":8.945093,"04/23":8.672944,"04/24":8.643445,"04/25":8.180414,"04/26":8.09268,"04/27":8.09268,"04/28":8.220043,"04/29":7.6840878,"04/30":7.550641,"05/01":7.550641,"05/02":7.315731,"05/03":7.533723,"05/04":7.533723,"05/05":7.5315127,"05/06":7.5729895,"05/07":7.765912,"05/08":7.53302,"05/09":8.226191,"05/10":7.9380713,"05/11":7.9380713,"05/12":7.9380713,"05/13":7.786066,"05/14":7.7741213,"05/15":7.950632,"05/16":7.4511824,"05/17":7.118886,"05/18":7.118886,"05/19":7.2098126,"05/20":6.977551,"05/21":7.0425854,"05/22":6.784483,"05/23":6.9741983,"05/24":6.2943554,"05/25":6.2943554,"05/26":6.354001,"05/27":6.286365,"05/28":6.2060614,"05/29":6.676261,"05/30":6.954029,"05/31":6.942313,"06/01":6.942313,"06/02":6.9358735,"06/03":5.18529,"06/04":8.075413,"06/05":6.265586,"06/06":5.77011,"06/07":4.7421513,"06/08":4.7421513,"06/09":4.8472157,"06/10":4.8784323,"06/11":4.947608,"06/12":4.6738033,"06/13":4.5144377,"06/14":4.2593546,"06/15":4.2593546,"06/16":4.3557796,"06/17":4.306237,"06/18":4.036986,"06/19":3.8144546,"06/20":3.7546296,"06/21":3.958552,"06/22":3.958552,"06/23":3.8996491,"06/24":3.5103488,"06/25":3.3163562,"06/26":3.353507,"06/27":2.9865704,"06/28":2.843358,"06/29":2.843358,"06/30":2.843358,"07/01":2.2595959,"07/02":2.3712196,"07/03":1.6661549,"07/04":1.3454041,"07/05":1.3815413,"07/06":1.3815413,"07/07":1.3815413,"07/08":1.1052313,"07/09":0.8177142,"07/10":0.95168877,"07/11":0.7507825,"07/12":0.49141407,"07/13":0.49141407,"07/14":0.50183344,"07/15":0.23909569,"07/16":0.23514366,"07/17":0.21077156,"07/18":-0.16937923,"07/19":0.112698555,"07/20":0.112698555,"07/21":0.17201805,"07/22":-0.087481976,"07/23":-0.0141944885,"07/24":-0.04544115,"07/25":-0.10846567,"07/26":-0.9138522,"07/27":-0.9138522,"07/28":-0.9809077,"07/29":-0.99987555,"07/30":-0.9812207,"07/31":-1.1570318,"08/01":-1.1173704,"08/02":-0.72735,"08/03":-0.72735,"08/04":-0.702755,"08/05":0.507571,"08/06":0.63445115,"08/07":-0.09904313,"08/08":-0.071302414,"08/09":-0.44544077,"08/10":-0.44544077,"08/11":-0.39912152,"08/12":-0.47657132,"08/13":0.19458318,"08/14":0.061828613,"08/15":0.061828613,"08/16":-0.8318155,"08/17":-0.8318155,"08/18":-0.75982594,"08/19":-0.716413,"08/20":-1.0516996,"08/21":-1.074486,"08/22":-1.2444749,"08/23":-1.0508144,"08/24":-1.0508144,"08/25":-1.0339253,"08/26":-1.3397839,"08/27":-1.4907004,"08/28":-1.5497619,"08/29":-1.7033901,"08/30":-1.8775003,"08/31":-1.8775003,"09/01":-1.8588767,"09/02":-2.2186296,"09/03":-2.309788,"09/04":-2.1833956,"09/05":-2.196545,"09/06":-1.558486,"09/07":-1.558486,"09/08":-1.558486,"09/09":-1.5044045,"09/10":-1.631856,"09/11":-1.3828399,"09/12":-2.0178406,"09/13":-1.8859255,"09/14":-1.8859255,"09/15":-1.8977566,"09/16":-1.9133317,"09/17":-1.9545174,"09/18":-1.9449582,"09/19":-2.205896,"09/20":-2.8948317,"09/21":-2.8948317,"09/22":-2.9128075,"09/23":-3.2667606,"09/24":-3.1694431,"09/25":-3.3676896,"09/26":-3.7562327,"09/27":-3.5412955,"09/28":-3.5412955,"09/29":-3.5446327,"09/30":-3.0876455,"10/01":-3.2535598,"10/02":-3.2535598,"10/03":-2.4840226,"10/04":-1.9653085,"10/05":-1.9653085,"10/06":-1.9280086,"10/07":-1.2770281,"10/08":-1.6810956,"10/09":-1.762698,"10/10":-2.1020136,"10/11":-1.993497,"10/12":-1.993497,"10/13":-1.9925224,"10/14":-2.2324579,"10/15":-2.1765616,"10/16":-1.916563,"10/17":-1.3943069,"10/18":-1.4293551,"10/19":-1.4293551,"10/20":-1.4066801,"10/21":-1.1690614,"10/22":-0.49941444,"10/23":-0.3995285,"10/24":-0.3681388,"10/25":-0.15004158,"10/26":-0.15004158,"10/27":-0.12879705,"10/28":-0.28802872,"10/29":-0.78189754,"10/30":-0.8573873,"10/31":-0.35171938,"11/01":-0.35171938,"11/02":-0.35171938,"11/03":-0.36058044,"11/04":-0.2994275,"11/05":-0.8380444,"11/06":-1.2071652,"11/07":-0.87751245,"11/08":-0.69727135,"11/09":-0.69727135,"11/10":-0.6587775,"11/11":-1.2761655,"11/12":-0.5557263,"11/13":0.19130611,"11/14":0.1360836,"11/15":0.1360836,"11/16":0.1360836,"11/17":0.19214869,"11/18":0.32944584,"11/19":0.21146679,"11/20":0.23035336,"11/21":0.44385767,"11/22":-0.5373726,"11/23":-0.5373726,"11/24":-0.5745504,"11/25":-1.2058482,"11/26":-1.0017672,"11/27":-1.0544903,"11/28":-0.5414295,"11/29":-0.85588,"11/30":-0.85588,"12/01":-0.85789204,"12/02":-1.0159955,"12/03":-1.4442854,"12/04":-1.4576869,"12/05":-1.7232628,"12/06":-1.7249296,"12/07":-1.7249296,"12/08":-1.7943771,"12/09":-1.9393389,"12/10":-2.0100117,"12/11":-1.9900274,"12/12":-1.863606,"12/13":-2.1506248,"12/14":-2.1506248,"12/15":-2.14739,"12/16":-2.170331,"12/17":-1.671679,"12/18":-1.3059273,"12/19":-1.0733249,"12/20":-0.115626335,"12/21":-0.115626335,"12/22":-0.06268406,"12/23":-0.4937973,"12/24":-0.36579323,"12/25":-0.36579323,"12/26":7.6339455,"12/27":7.6389136,"12/28":7.6327043,"12/29":7.6118646,"12/30":7.633265,"12/31":7.6103325},"2023":{"12/26":24.084997,"12/27":24.197998,"12/28":24.179369,"12/29":24.168194,"12/30":24.997995,"12/31":24.528109},"2024":{"01/01":24.88402,"01/02":26.510597,"01/03":25.351929,"01/04":25.052288,"01/05":25.052288,"01/06":22.46867,"01/07":22.661898,"01/08":24.333792,"01/09":24.087666,"01/10":22.532791,"01/11":22.359264,"01/12":22.359264,"01/13":20.159698,"01/14":21.102797,"01/15":19.068031,"01/16":19.85398,"01/17":21.344694,"01/18":21.282713,"01/19":19.765419,"01/20":20.794931,"01/21":19.56664,"01/22":20.261883,"01/23":21.465816,"01/24":19.524815,"01/25":21.222965,"01/26":21.222965,"01/27":19.781183,"01/28":19.985579,"01/29":20.106424,"01/30":21.452112,"01/31":21.532785,"02/01":21.19065,"02/02":20.495607,"02/03":20.406546,"02/04":21.467436,"02/05":21.255526,"02/06":20.193008,"02/07":20.027506,"02/08":20.962029,"02/09":20.606337,"02/10":20.040781,"02/11":18.419556,"02/12":19.514145,"02/13":18.896084,"02/14":17.619213,"02/15":17.090027,"02/16":16.93662,"02/17":16.978342,"02/18":16.978342,"02/19":16.978342,"02/20":16.253035,"02/21":16.153778,"02/22":15.295152,"02/23":15.5322,"02/24":14.6463995,"02/25":14.151619,"02/26":14.561052,"02/27":14.841647,"02/28":13.746649,"02/29":12.969069,"03/01":11.924747,"03/02":11.924747,"03/03":11.680464,"03/04":11.529817,"03/05":13.018059,"03/06":13.580385,