{"0":{"12/26":1.5240002,"12/27":1.5240002,"12/28":1.5240002,"12/29":1.50674,"12/30":1.50674,"12/31":1.50674},"2023":{"12/26":1.5240002,"12/27":1.5240002,"12/28":1.5240002,"12/29":1.50674,"12/30":1.50674,"12/31":1.50674}}