{"0":{"01/01":4.681006,"01/02":4.654155,"01/03":4.6461787,"01/04":4.6367426,"01/05":4.627833,"01/06":4.6194506,"01/07":4.6194506,"01/08":4.620549,"01/09":4.595791,"01/10":4.5876846,"01/11":4.5781927,"01/12":4.5698223,"01/13":4.561455,"01/14":4.561455,"01/15":4.563513,"01/16":4.538274,"01/17":4.529745,"01/18":4.5225043,"01/19":4.5128765,"01/20":4.5045166,"01/21":4.5045166,"01/22":4.5045166,"01/23":4.4799685,"01/24":4.4708495,"01/25":4.462285,"01/26":4.462285,"01/27":4.444003,"01/28":4.444003,"01/29":4.445595,"01/30":4.4189262,"01/31":4.4112988,"02/01":4.4076924,"02/02":4.401864,"02/03":4.3929505,"02/04":4.3929505,"02/05":4.3950973,"02/06":4.3692575,"02/07":4.361412,"02/08":4.3512173,"02/09":4.342636,"02/10":4.3332095,"02/11":4.3332095,"02/12":4.334012,"02/13":4.306012,"02/14":4.2958565,"02/15":4.2885113,"02/16":4.2809496,"02/17":4.272061,"02/18":4.272061,"02/19":4.272061,"02/20":4.2469997,"02/21":4.2394085,"02/22":4.231462,"02/23":4.221586,"02/24":4.2126966,"02/25":4.2126966,"02/26":4.2141814,"02/27":4.1862354,"02/28":4.1798944,"02/29":1.659811,"03/01":4.17378,"03/02":4.1648946,"03/03":4.1560082,"03/04":4.1574864,"03/05":4.1575336,"03/06":4.1322803,"03/07":4.1329165,"03/08":4.1120043,"03/09":4.101557,"03/10":4.0916357,"03/11":4.094881,"03/12":4.0949063,"03/13":4.0616207,"03/14":4.050334,"03/15":4.041708,"03/16":4.035967,"03/17":4.0265684,"03/18":4.0265684,"03/19":4.025527,"03/20":4.0005975,"03/21":3.9893417,"03/22":3.990794,"03/23":3.9631321,"03/24":3.9506197,"03/25":3.9506197,"03/26":3.9516966,"03/27":3.9257731,"03/28":3.9313009,"03/29":3.9433146,"03/30":3.9433146,"03/31":3.8938074,"04/01":3.8938074,"04/02":3.8961232,"04/03":3.841744,"04/04":3.8400323,"04/05":3.8134756,"04/06":3.80567,"04/07":3.80567,"04/08":3.8057566,"04/09":3.8057566,"04/10":3.7583554,"04/11":3.746927,"04/12":3.7326562,"04/13":3.720216,"04/14":3.720216,"04/15":3.7220516,"04/16":3.7217753,"04/17":3.6839561,"04/18":3.6723301,"04/19":3.6623828,"04/20":3.654113,"04/21":3.6448112,"04/22":3.6477928,"04/23":3.6494608,"04/24":3.623473,"04/25":3.6156726,"04/26":3.6041303,"04/27":3.595362,"04/28":3.5865922,"04/29":3.5923202,"04/30":3.5898154,"05/01":3.5898154,"05/02":3.5554209,"05/03":3.5464358,"05/04":3.5366344,"05/05":3.5366344,"05/06":3.540471,"05/07":3.5408192,"05/08":3.50048,"05/09":3.4914832,"05/10":3.4819138,"05/11":3.4726384,"05/12":3.4628503,"05/13":3.4648454,"05/14":3.4657545,"05/15":3.439228,"05/16":3.429671,"05/17":3.4165115,"05/18":3.4031239,"05/19":3.390778,"05/20":3.390778,"05/21":3.3925476,"05/22":3.363037,"05/23":3.3476045,"05/24":3.3394043,"05/25":3.3394043,"05/26":3.3193626,"05/27":3.3193626,"05/28":3.3193626,"05/29":3.3008735,"05/30":3.2870166,"05/31":3.269063,"06/01":3.2490697,"06/02":3.2035072,"06/03":3.2035072,"06/04":3.2035072,"06/05":3.2014632,"06/06":3.1483235,"06/07":3.1416843,"06/08":3.221416,"06/09":3.2613719,"06/10":3.2613719,"06/11":3.2613719,"06/12":3.2618852,"06/13":3.2434359,"06/14":3.2337058,"06/15":3.227558,"06/16":3.2357519,"06/17":3.2357519,"06/18":3.2357519,"06/19":3.2086248,"06/20":3.1983953,"06/21":3.1677253,"06/22":3.1794782,"06/23":3.1937916,"06/24":3.1937916,"06/25":3.1937916,"06/26":3.1948154,"06/27":3.1897004,"06/28":3.14883,"06/29":3.14883,"06/30":3.168748,"07/01":3.168748,"07/02":3.168748,"07/03":3.1815202,"07/04":3.1626203,"07/05":3.1381118,"07/06":3.1856098,"07/07":3.1856098,"07/08":3.1856098,"07/09":3.1856098,"07/10":3.1856098,"07/11":3.1330125,"07/12":3.140667,"07/13":3.0733874,"07/14":3.0535452,"07/15":3.0535452,"07/16":3.0535452,"07/17":2.9915621,"07/18":2.940362,"07/19":2.9347887,"07/20":2.9196057,"07/21":2.937324,"07/22":2.937324,"07/23":2.937324,"07/24":2.9064476,"07/25":2.9261847,"07/26":2.9165652,"07/27":2.906954,"07/28":2.9864907,"07/29":2.9864907,"07/30":2.9864907,"07/31":2.946439,"08/01":2.9140368,"08/02":2.8902683,"08/03":2.9459317,"08/04":2.9875069,"08/05":2.9875069,"08/06":2.9875069,"08/07":2.9525173,"08/08":2.9555619,"08/09":2.9434004,"08/10":2.9271936,"08/11":2.957587,"08/12":2.957587,"08/13":2.957587,"08/14":2.951,"08/15":2.951,"08/16":2.951,"08/17":2.9798968,"08/18":2.9185922,"08/19":2.9185922,"08/20":2.9185922,"08/21":2.89684,"08/22":2.8938072,"08/23":2.8503618,"08/24":2.8614693,"08/25":2.8675282,"08/26":2.8675282,"08/27":2.8675282,"08/28":2.806488,"08/29":2.7310076,"08/30":2.7249799,"08/31":2.710415,"09/01":2.700376,"09/02":2.700376,"09/03":2.700376,"09/04":2.6737866,"09/05":2.6737866,"09/06":2.6707792,"09/07":2.6146908,"09/08":2.5916862,"09/09":2.5916862,"09/10":2.5916862,"09/11":2.6111891,"09/12":2.6111891,"09/13":2.587692,"09/14":2.5417552,"09/15":2.6176918,"09/16":2.6176918,"09/17":2.6176918,"09/18":2.553728,"09/19":2.553728,"09/20":2.520811,"09/21":2.5088484,"09/22":2.5123363,"09/23":2.5123363,"09/24":2.5123363,"09/25":2.4879303,"09/26":2.4879303,"09/27":2.4660327,"09/28":2.522803,"09/29":2.522803,"09/30":2.522803,"10/01":2.522803,"10/02":2.522803,"10/03":2.4292505,"10/04":2.4312356,"10/05":2.3900363,"10/06":2.6086898,"10/07":2.6086898,"10/08":2.6086898,"10/09":2.6557424,"10/10":2.6337094,"10/11":2.5617163,"10/12":2.5287845,"10/13":2.4958985,"10/14":2.4958985,"10/15":2.4958985,"10/16":2.4645433,"10/17":2.4163399,"10/18":2.4635472,"10/19":2.4749908,"10/20":2.4854426,"10/21":3.4682944,"10/22":3.4682944,"10/23":3.4683397,"10/24":3.4683397,"10/25":3.4684784,"10/26":3.4685066,"10/27":3.4685314,"10/28":3.4685314,"10/29":3.4685314,"10/30":3.4686995,"10/31":3.4537265,"11/01":3.4357777,"11/02":3.4228897,"11/03":3.4247086,"11/04":3.4194348,"11/05":3.4194348,"11/06":3.4197557,"11/07":3.4039776,"11/08":3.4042428,"11/09":3.393801,"11/10":3.3889635,"11/11":3.3836892,"11/12":3.3836892,"11/13":3.3838866,"11/14":3.368066,"11/15":3.3636615,"11/16":3.3603199,"11/17":3.3552177,"11/18":3.3499424,"11/19":3.3499424,"11/20":3.349932,"11/21":3.3339875,"11/22":3.3282413,"11/23":3.3282163,"11/24":3.3167274,"11/25":3.3111174,"11/26":3.3111174,"11/27":3.3111174,"11/28":3.2944095,"11/29":3.2896469,"11/30":3.2843025,"12/01":3.2788327,"12/02":3.2735755,"12/03":3.2735755,"12/04":3.2736568,"12/05":3.2578652,"12/06":3.25282,"12/07":3.248022,"12/08":3.2425833,"12/09":3.2369814,"12/10":3.2369814,"12/11":3.2370672,"12/12":3.2198818,"12/13":3.214667,"12/14":3.2102518,"12/15":3.2049334,"12/16":3.1993303,"12/17":3.1993303,"12/18":3.199916,"12/19":3.1822789,"12/20":3.1764934,"12/21":3.1709278,"12/22":3.1658452,"12/23":3.1602414,"12/24":3.1602414,"12/25":3.1602414,"12/26":3.1431239,"12/27":3.137119,"12/28":3.131769,"12/29":3.1265163,"12/30":3.120217,"12/31":3.120217},"2022":{"10/21":5.433998,"10/22":5.433998,"10/23":5.4629993,"10/24":5.4629993,"10/25":5.5370045,"10/26":5.550003,"10/27":5.560999,"10/28":5.560999,"10/29":5.560999,"10/30":5.628996,"10/31":5.6425724,"11/01":5.5867414,"11/02":5.589678,"11/03":5.615921,"11/04":5.6001,"11/05":5.6001,"11/06":5.6979613,"11/07":5.6644554,"11/08":5.735325,"11/09":5.73062,"11/10":5.7368035,"11/11":5.7209806,"11/12":5.7209806,"11/13":5.7678723,"11/14":5.7204103,"11/15":5.819311,"11/16":5.8436584,"11/17":5.861719,"11/18":5.8458934,"11/19":5.8458934,"11/20":5.8438973,"11/21":5.838237,"11/22":5.7974615,"11/23":5.7924843,"11/24":5.7060084,"11/25":5.689179,"11/26":5.689179,"11/27":5.689179,"11/28":5.737143,"11/29":5.8158784,"11/30":5.785167,"12/01":5.729605,"12/02":5.7138333,"12/03":5.7138333,"12/04":5.729737,"12/05":5.6764894,"12/06":5.7014794,"12/07":5.706647,"12/08":5.7206435,"12/09":5.703838,"12/10":5.703838,"12/11":5.719734,"12/12":5.591906,"12/13":5.6505766,"12/14":5.8362894,"12/15":5.8631496,"12/16":5.84634,"12/17":5.84634,"12/18":5.931676,"12/19":5.909826,"12/20":5.9147873,"12/21":5.949473,"12/22":6.000079,"12/23":5.9832673,"12/24":5.9832673,"12/25":5.9832673,"12/26":6.021849,"12/27":5.997071,"12/28":6.0515156,"12/29":6.0753055,"12/30":6.0564084,"12/31":6.0564084},"2023":{"01/01":6.1078887,"01/02":6.048398,"01/03":6.0632715,"01/04":5.965389,"01/05":5.9475694,"01/06":5.9308047,"01/07":5.9308047,"01/08":6.0168242,"01/09":5.9961843,"01/10":6.0001745,"01/11":5.8964744,"01/12":5.879734,"01/13":5.8629985,"01/14":5.8629985,