{"0":{"01/01":7.5395017,"01/02":7.532359,"01/03":7.5236335,"01/04":7.5152855,"01/05":7.5152855,"01/06":7.518923,"01/07":7.5279293,"01/08":7.4647474,"01/09":7.4463854,"01/10":7.395264,"01/11":7.3459444,"01/12":7.3459444,"01/13":7.3258677,"01/14":7.325691,"01/15":7.1571274,"01/16":7.1516623,"01/17":7.1769905,"01/18":7.2187557,"01/19":7.177541,"01/20":7.1846733,"01/21":7.1964736,"01/22":7.2051477,"01/23":7.116023,"01/24":7.085722,"01/25":6.99273,"01/26":6.99273,"01/27":7.004228,"01/28":7.0007944,"01/29":6.8766766,"01/30":6.8420925,"01/31":6.7508125,"02/01":6.3085227,"02/02":6.1599927,"02/03":6.160165,"02/04":6.159878,"02/05":6.1947145,"02/06":6.1688604,"02/07":6.0674057,"02/08":6.031827,"02/09":6.106217,"02/10":6.1053267,"02/11":6.1053834,"02/12":6.060295,"02/13":6.0756674,"02/14":6.106915,"02/15":5.9187417,"02/16":5.935653,"02/17":5.938083,"02/18":5.938083,"02/19":5.938083,"02/20":5.8365703,"02/21":5.7607617,"02/22":5.7623377,"02/23":5.773356,"02/24":5.775454,"02/25":5.7738934,"02/26":5.7397947,"02/27":5.759327,"02/28":5.7263536,"02/29":8.232616,"03/01":5.6563663,"03/02":5.6563663,"03/03":5.65547,"03/04":5.6033773,"03/05":5.568226,"03/06":5.5690904,"03/07":5.4785614,"03/08":5.4785614,"03/09":5.4785614,"03/10":5.480504,"03/11":5.375164,"03/12":5.422445,"03/13":5.4592056,"03/14":5.464429,"03/15":5.4942384,"03/16":5.4942384,"03/17":5.501554,"03/18":5.50708,"03/19":5.656542,"03/20":5.6803904,"03/21":5.551238,"03/22":5.6337605,"03/23":5.6337605,"03/24":5.635539,"03/25":5.635349,"03/26":5.672073,"03/27":5.568166,"03/28":5.3427687,"03/29":5.3427687,"03/30":5.3427687,"03/31":5.3229384,"04/01":5.3229384,"04/02":5.6149135,"04/03":5.6178927,"04/04":5.598141,"04/05":5.67389,"04/06":5.67389,"04/07":5.6706715,"04/08":5.8020315,"04/09":5.8092313,"04/10":5.68139,"04/11":5.6874576,"04/12":5.9445205,"04/13":5.9445205,"04/14":5.9445205,"04/15":5.864173,"04/16":5.9353323,"04/17":5.9395113,"04/18":5.9068265,"04/19":6.050932,"04/20":6.050932,"04/21":6.089065,"04/22":5.956238,"04/23":5.861658,"04/24":5.970464,"04/25":5.969075,"04/26":5.9811535,"04/27":5.9811535,"04/28":5.967403,"04/29":5.9290595,"04/30":5.9537773,"05/01":5.9537773,"05/02":5.8364267,"05/03":5.7195654,"05/04":5.7195654,"05/05":5.730013,"05/06":5.477988,"05/07":5.5451593,"05/08":5.5190506,"05/09":5.473504,"05/10":5.3860617,"05/11":5.3860617,"05/12":5.3860617,"05/13":5.308507,"05/14":5.2780857,"05/15":5.188321,"05/16":5.125178,"05/17":5.1921406,"05/18":5.1921406,"05/19":5.1829996,"05/20":5.1906376,"05/21":5.0978336,"05/22":4.918914,"05/23":4.927922,"05/24":4.857336,"05/25":4.857336,"05/26":4.8604045,"05/27":4.7827168,"05/28":4.81374,"05/29":4.8647346,"05/30":4.8514185,"05/31":4.8223267,"06/01":4.8223267,"06/02":4.823261,"06/03":4.6251383,"06/04":5.0120554,"06/05":4.904279,"06/06":4.7401943,"06/07":4.70456,"06/08":4.70456,"06/09":4.6732464,"06/10":4.639645,"06/11":4.551023,"06/12":4.529108,"06/13":4.428856,"06/14":4.3580894,"06/15":4.3580894,"06/16":4.3727045,"06/17":4.36987,"06/18":4.280338,"06/19":4.138449,"06/20":4.1004815,"06/21":4.008857,"06/22":4.008857,"06/23":4.0144596,"06/24":3.9585743,"06/25":3.9817855,"06/26":4.0117598,"06/27":4.0041733,"06/28":4.063905,"06/29":4.063905,"06/30":4.063905,"07/01":4.0623827,"07/02":4.022383,"07/03":3.980415,"07/04":4.002654,"07/05":4.0456667,"07/06":4.0456667,"07/07":4.0456667,"07/08":3.9957726,"07/09":3.9713519,"07/10":3.9323509,"07/11":3.9569085,"07/12":3.9609659,"07/13":3.9609659,"07/14":3.9690173,"07/15":3.9201987,"07/16":3.9193332,"07/17":3.9234016,"07/18":3.8281612,"07/19":3.787673,"07/20":3.787673,"07/21":3.793186,"07/22":3.739287,"07/23":3.782142,"07/24":3.741403,"07/25":3.7272189,"07/26":3.6548278,"07/27":3.6548278,"07/28":3.648018,"07/29":3.6012557,"07/30":3.7023642,"07/31":3.689769,"08/01":3.6832862,"08/02":3.6161423,"08/03":3.6161423,"08/04":3.6289475,"08/05":3.4234478,"08/06":3.4062498,"08/07":3.3570657,"08/08":3.387445,"08/09":3.4067075,"08/10":3.4067075,"08/11":3.393883,"08/12":3.342384,"08/13":3.3432143,"08/14":3.2589064,"08/15":3.2589064,"08/16":3.2407744,"08/17":3.2407744,"08/18":3.225458,"08/19":3.0965395,"08/20":2.9924955,"08/21":2.9606695,"08/22":2.9584625,"08/23":2.9666498,"08/24":2.9666498,"08/25":2.9593394,"08/26":2.9488034,"08/27":2.9803967,"08/28":2.9931536,"08/29":2.9951565,"08/30":3.0009146,"08/31":3.0009146,"09/01":2.9999857,"09/02":3.0119076,"09/03":2.9608874,"09/04":2.8762584,"09/05":2.888312,"09/06":2.8815386,"09/07":2.8815386,"09/08":2.8815386,"09/09":2.8383908,"09/10":2.785887,"09/11":2.6766207,"09/12":2.615062,"09/13":2.5449162,"09/14":2.5449162,"09/15":2.54535,"09/16":2.4213371,"09/17":2.4668305,"09/18":2.4625003,"09/19":2.3643334,"09/20":2.3633828,"09/21":2.3633828,"09/22":2.3622866,"09/23":2.3050597,"09/24":2.2432814,"09/25":2.0967731,"09/26":1.9904393,"09/27":2.1686082,"09/28":2.1686082,"09/29":2.171476,"09/30":2.0841024,"10/01":1.977757,"10/02":1.977757,"10/03":2.1132965,"10/04":2.366004,"10/05":2.366004,"10/06":2.3797998,"10/07":2.39253,"10/08":2.270715,"10/09":2.1441636,"10/10":2.1812015,"10/11":2.2221923,"10/12":2.2221923,"10/13":2.2339728,"10/14":2.1495886,"10/15":2.107431,"10/16":2.0894861,"10/17":2.1551754,"10/18":2.2543502,"10/19":2.2543502,"10/20":2.2527847,"10/21":2.236078,"10/22":2.205078,"10/23":2.1649175,"10/24":2.1809328,"10/25":2.2689593,"10/26":2.2689593,"10/27":2.2660615,"10/28":2.3360057,"10/29":2.268499,"10/30":2.2567759,"10/31":2.221249,"11/01":2.221249,"11/02":2.221249,"11/03":2.2175722,"11/04":2.137425,"11/05":2.137425,"11/06":2.160523,"11/07":2.164094,"11/08":2.1191964,"11/09":2.1191964,"11/10":2.1218436,"11/11":2.0653334,"11/12":2.1044676,"11/13":2.1668966,"11/14":2.3429406,"11/15":2.3429406,"11/16":2.3429406,"11/17":2.3347478,"11/18":2.267016,"11/19":2.2513573,"11/20":2.2535782,"11/21":2.3338728,"11/22":2.3543243,"11/23":2.3543243,"11/24":2.3606796,"11/25":2.2717543,"11/26":2.280787,"11/27":2.2281384,"11/28":2.241652,"11/29":2.0972142,"11/30":2.0972142,"12/01":2.093447,"12/02":1.8969849,"12/03":1.8839839,"12/04":1.7366761,"12/05":1.7089103,"12/06":1.8912845,"12/07":1.8912845,"12/08":1.8878665,"12/09":1.747431,"12/10":1.7146089,"12/11":1.766711,"12/12":1.7817795,"12/13":1.6785179,"12/14":1.6785179,"12/15":1.6785179,"12/16":1.6785179,"12/17":1.7358851,"12/18":1.7020988,"12/19":1.8733466,"12/20":1.9288154,"12/21":1.9288154,"12/22":1.9288154,"12/23":1.8859209,"12/24":1.9096916,"12/25":1.9096916,"12/26":5.0467277,"12/27":5.0479217,"12/28":5.042729,"12/29":5.0431004,"12/30":5.046519,"12/31":5.051073},"2023":{"12/26":11.233997,"12/27":11.288004,"12/28":11.272426,"12/29":11.27354,"12/30":11.424516,"12/31":11.617495},"2024":{"01/01":11.373272,"01/02":11.406415,"01/03":11.423352,"01/04":11.406656,"01/05":11.406656,"01/06":11.509533,"01/07":11.754254,"01/08":11.525297,"01/09":11.459891,"01/10":11.313201,"01/11":11.214561,"01/12":11.214561,"01/13":10.590256,"01/14":10.584283,"01/15":10.353868,"01/16":10.697987,"01/17":10.620324,"01/18":10.703855,"01/19":10.621424,"01/20":10.84382,"01/21":11.186351,"01/22":11.421652,"01/23":11.196576,"01/24":11.273573,"01/25":11.087589,"01/26":11.087589,"01/27":11.389236,"01/28":11.301209,"01/29":10.929636,"01/30":10.885159,"01/31":10.569845,"02/01":9.685266,"02/02":9.388206,"02/03":9.394049,"02/04":9.384313,"02/05":9.60777,"02/06":9.799524,"02/07":9.270826,"02/08":9.199669,"02/09":9.348449,"02/10":9.318276,"02/11":9.320225,"02/12":9.317902,"02/13":9.175537,"02/14":9.3040495,"02/15":8.927703,"02/16":8.961526,"02/17":9.047869,"02/18":9.047869,"02/19":9.047869,"02/20":8.767021,"02/21":8.476872,"02/22":8.480024,"02/23":8.502061,"02/24":8.584288,"02/25":8.523344,"02/26":8.455147,"02/27":8.357195,"02/28":8.206466,"02/29":8.232616,"03/01":8.066492,"03/02":8.066492,"03/03":8.025948,"03/04":7.921763,"03/05":8.041248,"03/06":8.342808,"03/07":8.245793,"03/08":8.245793,"03/09":8.245793,"03/10":8.320826,"03/11":8.26941,"03/12":8.555344,"03/13":8.719316,"03/14":8.729762,"03/15":8.789381,"03/16":8.789381,"03/17":9.023132,"03/18":9.19051,"03/19":9.822939,"03/20":10.046786,"03/21":9.764499,