{"0":{"01/01":25.279781,"01/02":24.500645,"01/03":23.838322,"01/04":26.11432,"01/05":26.166277,"01/06":27.053617,"01/07":27.053617,"01/08":25.937416,"01/09":24.717625,"01/10":26.123814,"01/11":26.640926,"01/12":26.731033,"01/13":26.148806,"01/14":26.148806,"01/15":28.695812,"01/16":28.570303,"01/17":24.917044,"01/18":23.709743,"01/19":25.21136,"01/20":25.832033,"01/21":25.832033,"01/22":25.832033,"01/23":22.89421,"01/24":24.491768,"01/25":25.702362,"01/26":25.702362,"01/27":27.200058,"01/28":27.200058,"01/29":29.538074,"01/30":28.537945,"01/31":29.15203,"02/01":28.820955,"02/02":29.568335,"02/03":27.988531,"02/04":27.988531,"02/05":27.965929,"02/06":29.320786,"02/07":29.69133,"02/08":28.324444,"02/09":28.068869,"02/10":28.188408,"02/11":28.188408,"02/12":26.452354,"02/13":27.570833,"02/14":27.905313,"02/15":28.186895,"02/16":28.57253,"02/17":29.156126,"02/18":29.156126,"02/19":29.156126,"02/20":30.618044,"02/21":29.744265,"02/22":32.607204,"02/23":32.931797,"02/24":33.337334,"02/25":33.337334,"02/26":32.84521,"02/27":33.732193,"02/28":32.780033,"03/01":34.32517,"03/02":35.18266,"03/03":33.55948,"03/04":33.55948,"03/05":33.55948,"03/06":32.85505,"03/07":32.85505,"03/08":32.40826,"03/09":33.594044,"03/10":34.65659,"03/11":34.65659,"03/12":34.65659,"03/13":36.6605,"03/14":37.398937,"03/15":37.8051,"03/16":37.48759,"03/17":36.749588,"03/18":36.749588,"03/19":36.749588,"03/20":37.700516,"03/21":36.94905,"03/22":36.94905,"03/23":37.199566,"03/24":38.08858,"03/25":38.08858,"03/26":38.08858,"03/27":37.847553,"03/28":38.215096,"03/29":37.14911,"03/30":37.14911,"03/31":35.20035,"04/01":35.20035,"04/02":35.20035,"04/03":34.9503,"04/04":34.9503,"04/05":33.940567,"04/06":33.538235,"04/07":33.538235,"04/08":33.538235,"04/09":33.538235,"04/10":33.334003,"04/11":32.696175,"04/12":32.074802,"04/13":31.878908,"04/14":31.878908,"04/15":31.878908,"04/16":31.878908,"04/17":32.247833,"04/18":32.361267,"04/19":32.728966,"04/20":32.663387,"04/21":32.77096,"04/22":32.77096,"04/23":32.77096,"04/24":31.996897,"04/25":31.733982,"04/26":31.292118,"04/27":30.737244,"04/28":29.427753,"04/29":29.427753,"04/30":29.427753,"05/01":29.427753,"05/02":28.84645,"05/03":28.98385,"05/04":28.037924,"05/05":28.037924,"05/06":28.037924,"05/07":28.037924,"05/08":27.679937,"05/09":27.705442,"05/10":27.161142,"05/11":27.074484,"05/12":27.134651,"05/13":27.134651,"05/14":27.134651,"05/15":26.56894,"05/16":26.878735,"05/17":27.48958,"05/18":28.051352,"05/19":27.9208,"05/20":27.9208,"05/21":27.9208,"05/22":27.238272,"05/23":27.015575,"05/24":27.199692,"05/25":27.199692,"05/26":25.736818,"05/27":25.736818,"05/28":25.736818,"05/29":25.13328,"05/30":25.024918,"05/31":25.273394,"06/01":25.453661,"06/02":24.91906,"06/03":24.91906,"06/04":24.91906,"06/05":24.652292,"06/06":24.541292,"06/07":23.659182,"06/08":24.27844,"06/09":24.656929,"06/10":24.656929,"06/11":24.656929,"06/12":24.406275,"06/13":23.56471,"06/14":23.21317,"06/15":23.347889,"06/16":22.305128,"06/17":22.305128,"06/18":22.305128,"06/19":22.779356,"06/20":22.368668,"06/21":22.138227,"06/22":22.907495,"06/23":23.640957,"06/24":23.640957,"06/25":23.640957,"06/26":23.30597,"06/27":22.707539,"06/28":21.747252,"06/29":21.747252,"06/30":20.533998,"07/01":20.533998,"07/02":20.533998,"07/03":19.61157,"07/04":19.72036,"07/05":19.410505,"07/06":18.767193,"07/07":18.767193,"07/08":18.767193,"07/09":18.767193,"07/10":18.767193,"07/11":18.760893,"07/12":18.85762,"07/13":19.271532,"07/14":18.45598,"07/15":18.45598,"07/16":18.45598,"07/17":17.672117,"07/18":17.548483,"07/19":16.917908,"07/20":16.069853,"07/21":16.751163,"07/22":16.751163,"07/23":16.751163,"07/24":17.058582,"07/25":16.80602,"07/26":16.232641,"07/27":16.692314,"07/28":16.312193,"07/29":16.312193,"07/30":16.312193,"07/31":15.339948,"08/01":15.639972,"08/02":17.037153,"08/03":17.685524,"08/04":16.997381,"08/05":16.997381,"08/06":16.997381,"08/07":16.535316,"08/08":16.642637,"08/09":16.103989,"08/10":16.707521,"08/11":17.351217,"08/12":17.351217,"08/13":17.351217,"08/14":17.575256,"08/15":17.575256,"08/16":17.575256,"08/17":17.919128,"08/18":18.267103,"08/19":18.267103,"08/20":18.267103,"08/21":17.67727,"08/22":17.376863,"08/23":17.010635,"08/24":17.186298,"08/25":18.179657,"08/26":18.179657,"08/27":18.179657,"08/28":17.829088,"08/29":17.647375,"08/30":17.557749,"08/31":17.860123,"09/01":16.7126,"09/02":16.7126,"09/03":16.7126,"09/04":15.986628,"09/05":15.582229,"09/06":15.430188,"09/07":14.67104,"09/08":14.01954,"09/09":14.01954,"09/10":14.01954,"09/11":13.091749,"09/12":15.887117,"09/13":15.901012,"09/14":15.905642,"09/15":15.908595,"09/16":15.910386,"09/17":15.910386,"09/18":15.900291,"09/19":15.867632,"09/20":15.225501,"09/21":15.4885845,"09/22":15.273085,"09/23":15.977464,"09/24":15.977464,"09/25":15.977793,"09/26":16.764805,"09/27":17.008234,"09/28":17.322502,"09/29":17.488728,"09/30":16.840105,"10/01":16.840105,"10/02":16.840105,"10/03":17.420938,"10/04":16.18466,"10/05":16.184464,"10/06":16.057016,"10/07":16.126719,"10/08":16.126719,"10/09":16.125107,"10/10":16.41495,"10/11":17.254522,"10/12":16.79702,"10/13":17.191269,"10/14":16.687653,"10/15":16.687653,"10/16":16.68692,"10/17":16.288322,"10/18":15.639298,"10/19":15.589895,"10/20":15.448526,"10/21":15.582949,"10/22":15.582949,"10/23":15.607063,"10/24":15.607063,"10/25":15.410799,"10/26":15.466901,"10/27":15.167405,"10/28":15.043207,"10/29":15.043207,"10/30":15.026814,"10/31":14.358645,"11/01":13.987838,"11/02":14.159454,"11/03":14.149099,"11/04":14.055077,"11/05":14.055077,"11/06":14.02967,"11/07":13.8468685,"11/08":13.839138,"11/09":13.952488,"11/10":14.314226,"11/11":13.603416,"11/12":13.603416,"11/13":13.597467,"11/14":13.699167,"11/15":13.47818,"11/16":13.434322,"11/17":13.630333,"11/18":13.825596,"11/19":13.825596,"11/20":13.8265,"11/21":14.259781,"11/22":13.967303,"11/23":13.967194,"11/24":13.281619,"11/25":13.254827,"11/26":13.254827,"11/27":13.254827,"11/28":13.110588,"11/29":12.988055,"11/30":12.563908,"12/01":12.384877,"12/02":12.667387,"12/03":12.667387,"12/04":12.701071,"12/05":12.6882305,"12/06":12.888386,"12/07":13.090509,"12/08":12.922818,"12/09":13.179683,"12/10":13.179683,"12/11":13.197835,"12/12":13.210919,"12/13":12.942017,"12/14":12.79454,"12/15":13.61607,"12/16":14.175736,"12/17":14.175736,"12/18":14.181136,"12/19":13.6680355,"12/20":13.698115,"12/21":14.351997,"12/22":14.611384,"12/23":15.735727,"12/24":15.735727,"12/25":15.735727,"12/26":15.069311,"12/27":14.781698,"12/28":14.848741,"12/29":14.672168,"12/30":14.9463005,"12/31":14.9463005},"2022":{"09/12":17.893,"09/13":18.464914,"09/14":18.812813,"09/15":19.207315,"09/16":19.210897,"09/17":19.210897,"09/18":18.824928,"09/19":18.75961,"09/20":16.15775,"09/21":15.816298,"09/22":15.166574,"09/23":16.575333,"09/24":16.575333,"09/25":16.636442,"09/26":18.166874,"09/27":19.1384,"09/28":18.459633,"09/29":18.792084,"09/30":17.49484,"10/01":17.49484,"10/02":17.49484,"10/03":19.088253,"10/04":15.9704,"10/05":16.202654,"10/06":16.63222,"10/07":16.771626,"10/08":16.771626,"10/09":15.920884,"10/10":17.489952,"10/11":19.743898,"10/12":18.853418,"10/13":19.395258,"10/14":18.388023,"10/15":18.388023,"10/16":18.33631,"10/17":17.962378,"10/18":15.69339,"10/19":15.433152,"10/20":14.49006,"10/21":14.758903,"10/22":14.758903,"10/23":13.106203,"10/24":13.106203,"10/25":12.000793,"10/26":10.508993,"10/27":11.14587,"10/28":10.897475,"10/29":10.897475,"10/30":11.364126,"10/31":9.617165,"11/01":8.290535,"11/02":9.803334,"11/03":10.39564,"11/04":10.207596,"11/05":10.207596,"11/06":11.028305,"11/07":10.79008,"11/08":11.085273,"11/09":10.953461,"11/10":11.870182,"11/11":10.448564,"11/12":10.448564,"11/13":10.664682,"11/14":10.868082,"11/15":11.885307,"11/16":12.446807,"11/17":12.727559,"11/18":13.118084,"11/19":13.118084,"11/20":12.985875,"11/21":14.341976,"11/22":13.705528,"11/23":13.758736,"11/24":12.206704,"11/25":12.153119,"11/26":12.153119,"11/27":12.153119,"11/28":12.346704,"11/29":13.069817,"11/30":12.516994,"12/01":12.756469,"12/02":13.321488,"12/03":13.321488,"12/04":15.532911,