{"0":{"12/26":1.7590046,"12/27":1.7590046,"12/28":1.7590046,"12/29":1.7417045,"12/30":1.7417045,"12/31":1.7417045},"2023":{"12/26":1.7590046,"12/27":1.7590046,"12/28":1.7590046,"12/29":1.7417045,"12/30":1.7417045,"12/31":1.7417045}}