{"0":{"01/01":5.6124525,"01/02":5.582528,"01/03":5.509339,"01/04":5.446543,"01/05":5.4218616,"01/06":5.571187,"01/07":5.571187,"01/08":5.571187,"01/09":5.3560843,"01/10":5.1715217,"01/11":5.042717,"01/12":4.9957757,"01/13":4.9366407,"01/14":4.9366407,"01/15":4.9366407,"01/16":5.0018954,"01/17":5.0018954,"01/18":4.939702,"01/19":4.8033314,"01/20":5.006994,"01/21":5.006994,"01/22":5.006994,"01/23":4.9223776,"01/24":4.9244175,"01/25":4.9274683,"01/26":4.9274683,"01/27":5.075405,"01/28":5.075405,"01/29":5.075405,"01/30":5.155155,"01/31":4.9886355,"02/01":4.6045027,"02/02":4.5518746,"02/03":4.497286,"02/04":4.497286,"02/05":4.497286,"02/06":4.5832443,"02/07":4.539741,"02/08":4.6855607,"02/09":4.74847,"02/10":4.8582406,"02/11":4.8582406,"02/12":4.8582406,"02/13":4.8378973,"02/14":4.8501005,"02/15":4.7048383,"02/16":4.63488,"02/17":4.8073926,"02/18":4.8073926,"02/19":4.8073926,"02/20":4.6521096,"02/21":4.744413,"02/22":4.89997,"02/23":4.738323,"02/24":4.815526,"02/25":4.815526,"02/26":4.815526,"02/27":4.891824,"02/28":4.9020095,"03/01":4.8012958,"03/02":4.797235,"03/03":4.696722,"03/04":4.696722,"03/05":4.696722,"03/06":4.657174,"03/07":4.657174,"03/08":4.852138,"03/09":4.7982426,"03/10":4.757611,"03/11":4.757611,"03/12":4.757611,"03/13":4.3539987,"03/14":4.3036385,"03/15":4.2513127,"03/16":4.1387978,"03/17":4.1508484,"03/18":4.1508484,"03/19":4.1508484,"03/20":3.9414794,"03/21":4.0165186,"03/22":4.0165186,"03/23":3.9254932,"03/24":3.8067002,"03/25":3.8067002,"03/26":3.8067002,"03/27":3.7309756,"03/28":3.7429223,"03/29":3.6185858,"03/30":3.6185858,"03/31":3.5332117,"04/01":3.5332117,"04/02":3.5332117,"04/03":3.4608514,"04/04":3.4608514,"04/05":3.1478143,"04/06":2.9316828,"04/07":2.9316828,"04/08":2.9316828,"04/09":2.9316828,"04/10":2.854288,"04/11":2.8396053,"04/12":2.7613707,"04/13":2.8229766,"04/14":2.8229766,"04/15":2.8229766,"04/16":2.8229766,"04/17":2.8435254,"04/18":2.718401,"04/19":2.6705835,"04/20":2.6130624,"04/21":2.3293498,"04/22":2.3293498,"04/23":2.3293498,"04/24":1.9172779,"04/25":1.7790544,"04/26":1.7665961,"04/27":1.7043412,"04/28":1.7110417,"04/29":1.7110417,"04/30":1.7110417,"05/01":1.7110417,"05/02":1.6106278,"05/03":1.061399,"05/04":0.9207847,"05/05":0.9207847,"05/06":0.9207847,"05/07":0.9207847,"05/08":0.950004,"05/09":0.92643845,"05/10":0.89440304,"05/11":0.8247412,"05/12":0.6144735,"05/13":0.6144735,"05/14":0.6144735,"05/15":0.53117543,"05/16":0.3556596,"05/17":0.28674835,"05/18":0.3500696,"05/19":0.37057513,"05/20":0.37057513,"05/21":0.37057513,"05/22":0.24581414,"05/23":0.34448028,"05/24":0.2672086,"05/25":0.2672086,"05/26":0.26255995,"05/27":0.26255995,"05/28":0.26255995,"05/29":0.3174665,"05/30":0.26534554,"05/31":0.16498439,"06/01":0.08057242,"06/02":0.09911104,"06/03":0.09911104,"06/04":0.09911104,"06/05":0.08983645,"06/06":0.0,"06/07":-0.028680805,"06/08":0.16126592,"06/09":0.25976562,"06/10":0.25976562,"06/11":0.25976562,"06/12":0.1556976,"06/13":0.10467308,"06/14":0.12136291,"06/15":0.19841874,"06/16":0.20213109,"06/17":0.20213109,"06/18":0.20213109,"06/19":0.20677416,"06/20":0.22815196,"06/21":0.27278933,"06/22":0.37150863,"06/23":0.3556596,"06/24":0.3556596,"06/25":0.3556596,"06/26":0.26162848,"06/27":0.22350693,"06/28":0.20306145,"06/29":0.20306145,"06/30":0.40880868,"07/01":0.40880868,"07/02":0.40880868,"07/03":0.3649835,"07/04":0.37710097,"07/05":0.2932633,"07/06":0.47229317,"07/07":0.47229317,"07/08":0.47229317,"07/09":0.47229317,"07/10":0.47229317,"07/11":0.1835543,"07/12":0.26162848,"07/13":-0.010173821,"07/14":0.032397065,"07/15":0.032397065,"07/16":0.032397065,"07/17":-0.1367629,"07/18":-0.34396368,"07/19":-0.3265026,"07/20":-0.30719358,"07/21":-0.27867237,"07/22":-0.27867237,"07/23":-0.27867237,"07/24":-0.3779567,"07/25":-0.24829967,"07/26":-0.32097897,"07/27":-0.2298827,"07/28":0.060185216,"07/29":0.060185216,"07/30":0.060185216,"07/31":0.07778824,"08/01":-0.03145009,"08/02":-0.035153985,"08/03":0.195628,"08/04":0.17519389,"08/05":0.17519389,"08/06":0.17519389,"08/07":0.09725422,"08/08":-0.043469116,"08/09":-0.08044279,"08/10":-0.1589002,"08/11":0.018508779,"08/12":0.018508779,"08/13":0.018508779,"08/14":9.2659995E-4,"08/15":9.2659995E-4,"08/16":9.2659995E-4,"08/17":0.21978411,"08/18":9.2659995E-4,"08/19":9.2659995E-4,"08/20":9.2659995E-4,"08/21":-0.061954968,"08/22":-0.11276682,"08/23":-0.29615024,"08/24":-0.3779567,"08/25":-0.317305,"08/26":-0.317305,"08/27":-0.317305,"08/28":-0.49903023,"08/29":-0.5759247,"08/30":-0.5448163,"08/31":-0.6380831,"09/01":-0.6472216,"09/02":-0.6472216,"09/03":-0.6472216,"09/04":-0.5996988,"09/05":-0.6097597,"09/06":-0.5557959,"09/07":-0.7466779,"09/08":-0.6417422,"09/09":-0.6417422,"09/10":-0.6417422,"09/11":-0.4944519,"09/12":4.0576277,"09/13":4.06963,"09/14":4.0818567,"09/15":4.0596704,"09/16":4.0520487,"09/17":4.0520487,"09/18":4.057085,"09/19":4.0352945,"09/20":4.035815,"09/21":4.033648,"09/22":4.021436,"09/23":4.0230722,"09/24":4.0230722,"09/25":4.025383,"09/26":3.9710317,"09/27":3.6876473,"09/28":3.7943344,"09/29":3.7997103,"09/30":3.8902392,"10/01":3.8902392,"10/02":3.8902392,"10/03":4.0627556,"10/04":3.8193078,"10/05":3.826249,"10/06":3.9461536,"10/07":4.026449,"10/08":4.026449,"10/09":4.0201235,"10/10":4.086063,"10/11":3.9856648,"10/12":3.9774973,"10/13":3.9518647,"10/14":4.062119,"10/15":4.062119,"10/16":4.0615754,"10/17":3.7774339,"10/18":3.782837,"10/19":3.859993,"10/20":3.9105074,"10/21":3.9950814,"10/22":3.9950814,"10/23":3.9950814,"10/24":3.9950814,"10/25":3.7442813,"10/26":3.7442813,"10/27":3.647702,"10/28":3.6668842,"10/29":3.6668842,"10/30":3.6668842,"10/31":3.7351935,"11/01":3.6285334,"11/02":3.6258736,"11/03":3.8202972,"11/04":3.8143978,"11/05":3.8143978,"11/06":3.8143978,"11/07":3.7175665,"11/08":3.7175665,"11/09":3.583329,"11/10":3.44236,"11/11":3.2669227,"11/12":3.2669227,"11/13":3.2669227,"11/14":3.2333367,"11/15":3.1642015,"11/16":3.1558323,"11/17":3.1417181,"11/18":3.198749,"11/19":3.198749,"11/20":3.198749,"11/21":3.2160373,"11/22":3.1223912,"11/23":3.1223912,"11/24":3.0025394,"11/25":3.0707376,"11/26":3.0707376,"11/27":3.0707376,"11/28":2.9838288,"11/29":2.993185,"11/30":2.982273,"12/01":2.8015857,"12/02":2.777859,"12/03":2.777859,"12/04":2.777859,"12/05":2.7649767,"12/06":2.8057094,"12/07":2.8671904,"12/08":2.8589194,"12/09":2.9127505,"12/10":2.9127505,"12/11":2.9127505,"12/12":2.863057,"12/13":2.7665198,"12/14":2.6821516,"12/15":2.7562168,"12/16":2.8062263,"12/17":2.8062263,"12/18":2.8062263,"12/19":2.7984858,"12/20":2.822748,"12/21":2.7654877,"12/22":2.7974575,"12/23":2.822748,"12/24":2.822748,"12/25":2.822748,"12/26":2.8258457,"12/27":2.7768266,"12/28":2.802614,"12/29":2.7953913,"12/30":2.8062263,"12/31":2.8062263},"2022":{"09/12":8.649998,"09/13":8.870444,"09/14":9.267349,"09/15":8.914313,"09/16":8.89907,"09/17":8.89907,"09/18":9.011033,"09/19":8.967452,"09/20":9.05475,"09/21":9.146491,"09/22":9.043225,"09/23":9.046497,"09/24":9.046497,"09/25":9.096445,"09/26":8.978685,"09/27":8.333916,"09/28":8.085864,"09/29":8.096616,"09/30":8.277674,"10/01":8.277674,"10/02":8.277674,"10/03":8.7352705,"10/04":8.177941,"10/05":8.347188,"10/06":7.7848487,"10/07":7.9454393,"10/08":7.9454393,"10/09":7.767458,"10/10":8.000642,"10/11":8.072085,"10/12":8.106523,"10/13":8.0487995,"10/14":8.269308,"10/15":8.269308,"10/16":8.255302,"10/17":7.7073107,"10/18":7.6368737,"10/19":7.719986,"10/20":7.821015,"10/21":7.990163,"10/22":7.990163,"10/23":7.990163,"10/24":7.990163,"10/25":7.4885626,"10/26":7.4885626,"10/27":7.295404,"10/28":7.3337684,"10/29":7.3337684,"10/30":7.3337684,"10/31":7.470387,"11/01":7.2570667,"11/02":7.251747,"11/03":7.6405945,"11/04":7.6287956,"11/05":7.6287956,"11/06":7.6287956,"11/07":7.435133,"11/08":7.435133,"11/09":7.166658,"11/10":6.88472,"11/11":6.5338454,"11/12":6.5338454,"11/13":6.5338454,"11/14":6.4666734,"11/15":6.328403,"11/16":6.3116646,"11/17":6.2834363,"11/18":6.397498,"11/19":6.397498,"11/20":6.397498,"11/21":6.4320745,"11/22":6.2447824,"11/23":6.2447824,"11/24":6.005079,"11/25":6.141475,"11/26":6.141475,"11/27":6.141475,"11/28":5.9676576,