{"0":{"01/01":15.560557,"01/02":15.680931,"01/03":15.523323,"01/04":15.373503,"01/05":15.373503,"01/06":15.196569,"01/07":15.208177,"01/08":15.9127655,"01/09":15.994656,"01/10":15.730923,"01/11":15.644159,"01/12":15.644159,"01/13":15.54137,"01/14":15.581007,"01/15":14.306965,"01/16":14.472111,"01/17":15.462938,"01/18":15.431948,"01/19":14.6733,"01/20":14.7210865,"01/21":14.665,"01/22":14.695347,"01/23":15.308086,"01/24":14.604172,"01/25":15.453247,"01/26":15.453247,"01/27":15.392475,"01/28":15.4001255,"01/29":14.8981495,"01/30":15.280146,"01/31":14.658936,"02/01":14.487869,"02/02":14.140347,"02/03":14.135678,"02/04":14.195082,"02/05":14.302329,"02/06":13.855874,"02/07":13.939148,"02/08":14.40641,"02/09":14.228563,"02/10":14.199848,"02/11":14.13098,"02/12":14.604275,"02/13":14.141083,"02/14":13.876205,"02/15":13.611612,"02/16":13.534909,"02/17":13.53613,"02/18":13.53613,"02/19":13.53613,"02/20":12.923443,"02/21":13.253847,"02/22":12.824534,"02/23":12.943058,"02/24":12.926476,"02/25":12.920094,"02/26":13.124811,"02/27":13.172201,"02/28":13.664466,"02/29":12.969069,"03/01":12.753515,"03/02":12.753515,"03/03":12.755596,"03/04":12.680272,"03/05":12.702339,"03/06":12.644348,"03/07":12.692614,"03/08":12.692614,"03/09":12.692614,"03/10":12.690855,"03/11":13.125412,"03/12":13.180998,"03/13":13.690936,"03/14":13.50775,"03/15":13.8589,"03/16":13.8589,"03/17":13.881277,"03/18":13.923754,"03/19":14.50778,"03/20":14.476139,"03/21":13.956109,"03/22":13.750408,"03/23":13.750408,"03/24":13.872706,"03/25":13.870394,"03/26":14.098579,"03/27":14.058287,"03/28":13.528782,"03/29":13.528782,"03/30":13.528782,"03/31":13.527192,"04/01":13.527192,"04/02":12.851891,"04/03":12.773304,"04/04":12.668655,"04/05":12.178272,"04/06":12.178272,"04/07":12.130468,"04/08":11.845353,"04/09":11.844042,"04/10":11.588854,"04/11":11.63136,"04/12":12.279858,"04/13":12.279858,"04/14":12.279858,"04/15":12.924566,"04/16":13.228334,"04/17":13.337109,"04/18":13.794292,"04/19":13.34473,"04/20":13.34473,"04/21":13.457007,"04/22":13.222823,"04/23":12.950674,"04/24":12.892487,"04/25":12.461954,"04/26":12.374219,"04/27":12.374219,"04/28":12.461358,"04/29":11.942175,"04/30":11.808728,"05/01":11.808728,"05/02":11.573818,"05/03":11.79181,"05/04":11.79181,"05/05":11.790328,"05/06":11.856938,"05/07":12.038473,"05/08":11.837832,"05/09":12.574689,"05/10":12.28657,"05/11":12.28657,"05/12":12.28657,"05/13":12.134564,"05/14":12.014386,"05/15":12.1298485,"05/16":11.615,"05/17":11.282703,"05/18":11.282703,"05/19":11.348381,"05/20":11.183355,"05/21":11.2346525,"05/22":11.006292,"05/23":11.13811,"05/24":10.458267,"05/25":10.458267,"05/26":10.50024,"05/27":10.458201,"05/28":10.390479,"05/29":10.859944,"05/30":11.14584,"05/31":11.134124,"06/01":11.134124,"06/02":11.129641,"06/03":9.407684,"06/04":12.297807,"06/05":10.453938,"06/06":9.887382,"06/07":8.859423,"06/08":8.859423,"06/09":8.932994,"06/10":8.954638,"06/11":9.024602,"06/12":8.7964325,"06/13":8.6546,"06/14":8.399517,"06/15":8.399517,"06/16":8.464593,"06/17":8.430883,"06/18":8.1702175,"06/19":7.9634876,"06/20":7.8592577,"06/21":8.06318,"06/22":8.06318,"06/23":8.023612,"06/24":7.610493,"06/25":7.398422,"06/26":7.4104614,"06/27":7.0435247,"06/28":6.9003124,"06/29":6.9003124,"06/30":6.9003124,"07/01":6.3165503,"07/02":6.428174,"07/03":5.7231092,"07/04":5.4023585,"07/05":5.4384956,"07/06":5.4384956,"07/07":5.4384956,"07/08":5.1658525,"07/09":4.8760204,"07/10":5.028531,"07/11":4.846974,"07/12":4.5876055,"07/13":4.5876055,"07/14":4.5935597,"07/15":4.315847,"07/16":4.313564,"07/17":4.299659,"07/18":3.9468403,"07/19":4.228918,"07/20":4.228918,"07/21":4.2612104,"07/22":4.0079136,"07/23":4.0682354,"07/24":4.051393,"07/25":4.018572,"07/26":3.213185,"07/27":3.213185,"07/28":3.1862652,"07/29":3.1494715,"07/30":3.1704524,"07/31":3.0018559,"08/01":3.0722296,"08/02":3.46225,"08/03":3.46225,"08/04":3.4707644,"08/05":4.689594,"08/06":4.8377714,"08/07":4.0940185,"08/08":4.1539893,"08/09":3.779851,"08/10":3.779851,"08/11":3.7940683,"08/12":3.734468,"08/13":4.383991,"08/14":4.2471414,"08/15":4.2471414,"08/16":3.353497,"08/17":3.353497,"08/18":3.3809314,"08/19":3.4407713,"08/20":3.1034987,"08/21":3.0702796,"08/22":2.9364,"08/23":3.1300602,"08/24":3.1300602,"08/25":3.1355934,"08/26":2.8737159,"08/27":2.7227995,"08/28":2.6998072,"08/29":2.5521514,"08/30":2.3780413,"08/31":2.3780413,"09/01":2.3760138,"09/02":2.0278769,"09/03":1.9054618,"09/04":2.016092,"09/05":2.0155625,"09/06":2.6536212,"09/07":2.6536212,"09/08":2.6536212,"09/09":2.6809716,"09/10":2.5331004,"09/11":2.7727368,"09/12":2.120447,"09/13":2.252362,"09/14":2.252362,"09/15":2.248577,"09/16":2.2013736,"09/17":2.1496801,"09/18":2.1535916,"09/19":1.916795,"09/20":1.2278593,"09/21":1.2278593,"09/22":1.223731,"09/23":0.8696837,"09/24":0.98034364,"09/25":0.8229033,"09/26":0.4795419,"09/27":0.69447905,"09/28":0.69447905,"09/29":0.6973056,"09/30":1.1647593,"10/01":0.9705924,"10/02":0.9705924,"10/03":1.7401296,"10/04":2.2588437,"10/05":2.2588437,"10/06":2.2620077,"10/07":2.9008822,"10/08":2.508216,"10/09":2.4169967,"10/10":2.0590847,"10/11":2.167601,"10/12":2.167601,"10/13":2.167849,"10/14":1.9467907,"10/15":1.9703053,"10/16":2.1866515,"10/17":2.6892183,"10/18":2.65417,"10/19":2.65417,"10/20":2.6652856,"10/21":2.9029043,"10/22":3.5725513,"10/23":3.631199,"10/24":3.6799161,"10/25":3.8980134,"10/26":3.8980134,"10/27":3.9106941,"10/28":3.763857,"10/29":3.2628112,"10/30":3.221579,"10/31":3.751372,"11/01":3.751372,"11/02":3.751372,"11/03":3.7468162,"11/04":3.8313427,"11/05":3.2927258,"11/06":2.9139757,"11/07":3.2480958,"11/08":3.4283369,"11/09":3.4283369,"11/10":3.4467728,"11/11":2.847022,"11/12":3.5494556,"11/13":4.3063507,"11/14":4.251128,"11/15":4.251128,"11/16":4.251128,"11/17":4.281738,"11/18":4.442823,"11/19":4.312133,"11/20":4.32263,"11/21":4.554643,"11/22":3.573413,"11/23":3.573413,"11/24":3.5555973,"11/25":2.936912,"11/26":3.0994818,"11/27":3.0556786,"11/28":3.565721,"11/29":3.2512705,"11/30":3.2512705,"12/01":3.2503054,"12/02":3.1088054,"12/03":2.678933,"12/04":2.6655314,"12/05":2.3637338,"12/06":2.3620672,"12/07":2.3620672,"12/08":2.333375,"12/09":2.2003863,"12/10":2.1410954,"12/11":2.1476977,"12/12":2.26623,"12/13":1.9792112,"12/14":1.9792112,"12/15":1.9792112,"12/16":1.9792112,"12/17":2.478707,"12/18":2.844412,"12/19":3.0361762,"12/20":3.9912117,"12/21":3.9912117,"12/22":3.9912117,"12/23":3.5351207,"12/24":3.667188,"12/25":3.667188,"12/26":10.343951,"12/27":10.349183,"12/28":10.342973,"12/29":10.339248,"12/30":10.379407,"12/31":10.356279},"2023":{"12/26":24.084997,"12/27":24.197998,"12/28":24.179369,"12/29":24.168194,"12/30":24.997995,"12/31":24.528109},"2024":{"01/01":24.88402,"01/02":26.510597,"01/03":25.351929,"01/04":25.052288,"01/05":25.052288,"01/06":22.46867,"01/07":22.661898,"01/08":24.333792,"01/09":24.087666,"01/10":22.532791,"01/11":22.359264,"01/12":22.359264,"01/13":20.159698,"01/14":21.102797,"01/15":19.068031,"01/16":19.85398,"01/17":21.344694,"01/18":21.282713,"01/19":19.765419,"01/20":20.794931,"01/21":19.56664,"01/22":20.261883,"01/23":21.465816,"01/24":19.524815,"01/25":21.222965,"01/26":21.222965,"01/27":19.781183,"01/28":19.985579,"01/29":20.106424,"01/30":21.452112,"01/31":21.532785,"02/01":21.19065,"02/02":20.495607,"02/03":20.406546,"02/04":21.467436,"02/05":21.255526,"02/06":20.193008,"02/07":20.027506,"02/08":20.962029,"02/09":20.606337,"02/10":20.040781,"02/11":18.419556,"02/12":19.514145,"02/13":18.896084,"02/14":17.619213,"02/15":17.090027,"02/16":16.93662,"02/17":16.978342,"02/18":16.978342,"02/19":16.978342,"02/20":16.253035,"02/21":16.153778,"02/22":15.295152,"02/23":15.5322,"02/24":14.6463995,"02/25":14.151619,"02/26":14.561052,"02/27":14.841647,"02/28":13.746649,"02/29":12.969069,"03/01":11.924747,"03/02":11.924747,"03/03":11.680464,"03/04":11.529817,"03/05":13.018059,"03/06":13.580385,"03/07":13.837485,"03/08":13.837485,"03/09":13.837485,"03/10":13.647063,"03/11":14.477593,"03/12":14.817069,"03/13":15.424761,"03/14":15.058388,"03/15":15.76069,"03/16":15.76069,"03/17":16.833023,