{"0":{"01/01":24.930946,"01/02":24.178368,"01/03":23.505835,"01/04":25.713955,"01/05":25.758211,"01/06":26.632807,"01/07":26.632807,"01/08":25.60579,"01/09":24.50579,"01/10":25.941133,"01/11":26.588846,"01/12":26.681267,"01/13":26.1327,"01/14":26.1327,"01/15":28.626026,"01/16":28.458265,"01/17":25.116758,"01/18":23.922478,"01/19":25.49056,"01/20":26.132368,"01/21":26.132368,"01/22":26.132368,"01/23":23.220123,"01/24":24.787945,"01/25":25.870365,"01/26":25.870365,"01/27":27.55884,"01/28":27.55884,"01/29":30.1444,"01/30":29.124815,"01/31":29.754759,"02/01":29.576046,"02/02":30.381905,"02/03":28.831581,"02/04":28.831581,"02/05":28.639673,"02/06":29.98274,"02/07":30.19547,"02/08":28.912449,"02/09":28.6332,"02/10":28.764378,"02/11":28.764378,"02/12":27.181622,"02/13":28.491543,"02/14":28.800955,"02/15":29.040485,"02/16":29.399466,"02/17":29.961523,"02/18":29.961523,"02/19":29.961523,"02/20":31.416521,"02/21":30.47925,"02/22":33.369526,"02/23":33.827637,"02/24":34.216614,"02/25":34.216614,"02/26":33.746685,"02/27":34.599434,"02/28":33.64847,"03/01":35.049805,"03/02":35.920734,"03/03":34.318813,"03/04":35.338062,"03/05":35.29269,"03/06":34.567394,"03/07":34.984,"03/08":34.574463,"03/09":35.706,"03/10":36.78251,"03/11":35.70533,"03/12":35.335278,"03/13":34.305912,"03/14":36.293194,"03/15":36.030975,"03/16":35.713207,"03/17":34.975536,"03/18":34.975536,"03/19":33.477783,"03/20":34.590866,"03/21":35.483906,"03/22":35.954556,"03/23":36.2169,"03/24":37.06233,"03/25":37.06233,"03/26":36.853992,"03/27":37.182144,"03/28":38.80366,"03/29":37.589706,"03/30":37.589706,"03/31":35.681202,"04/01":35.681202,"04/02":37.30467,"04/03":37.24824,"04/04":37.573277,"04/05":36.553925,"04/06":36.160946,"04/07":36.160946,"04/08":37.160294,"04/09":37.160294,"04/10":36.91637,"04/11":36.273945,"04/12":35.527313,"04/13":35.338413,"04/14":35.338413,"04/15":35.338413,"04/16":35.338413,"04/17":35.7479,"04/18":35.78331,"04/19":36.0972,"04/20":36.04169,"04/21":36.268238,"04/22":36.268238,"04/23":36.268238,"04/24":35.49909,"04/25":35.244167,"04/26":34.760906,"04/27":34.217373,"04/28":32.865986,"04/29":32.865986,"04/30":32.865986,"05/01":32.865986,"05/02":32.200443,"05/03":32.386063,"05/04":31.429924,"05/05":31.429924,"05/06":31.429924,"05/07":31.429924,"05/08":31.11736,"05/09":31.097544,"05/10":30.552963,"05/11":30.479649,"05/12":30.5032,"05/13":30.5032,"05/14":30.5032,"05/15":29.972628,"05/16":30.350239,"05/17":30.989323,"05/18":31.60408,"05/19":31.605413,"05/20":31.605413,"05/21":31.605413,"05/22":31.038124,"05/23":30.691969,"05/24":30.930002,"05/25":30.930002,"05/26":29.416744,"05/27":29.416744,"05/28":29.416744,"05/29":28.721521,"05/30":28.627348,"05/31":28.838787,"06/01":29.040668,"06/02":28.523169,"06/03":28.523169,"06/04":28.523169,"06/05":28.24322,"06/06":28.118202,"06/07":27.13052,"06/08":27.807358,"06/09":28.21415,"06/10":28.21415,"06/11":28.21415,"06/12":27.94812,"06/13":27.034943,"06/14":26.631884,"06/15":26.838045,"06/16":25.839497,"06/17":25.839497,"06/18":25.839497,"06/19":26.323301,"06/20":25.964975,"06/21":25.740984,"06/22":26.55922,"06/23":27.327091,"06/24":27.327091,"06/25":27.327091,"06/26":27.048582,"06/27":26.372385,"06/28":25.441555,"06/29":25.441555,"06/30":24.217634,"07/01":24.217634,"07/02":24.217634,"07/03":23.328686,"07/04":23.180403,"07/05":22.852427,"07/06":22.117935,"07/07":22.117935,"07/08":22.117935,"07/09":22.117935,"07/10":22.117935,"07/11":22.276316,"07/12":22.412062,"07/13":22.789814,"07/14":21.96569,"07/15":21.96569,"07/16":21.96569,"07/17":21.162712,"07/18":21.052242,"07/19":20.39585,"07/20":19.613342,"07/21":20.521868,"07/22":20.521868,"07/23":20.521868,"07/24":20.790398,"07/25":20.470541,"07/26":19.947456,"07/27":20.396963,"07/28":19.998337,"07/29":19.998337,"07/30":19.998337,"07/31":19.026836,"08/01":19.282179,"08/02":20.70075,"08/03":21.34916,"08/04":20.643682,"08/05":20.643682,"08/06":20.643682,"08/07":20.120205,"08/08":20.1324,"08/09":19.76638,"08/10":20.34017,"08/11":20.841997,"08/12":20.841997,"08/13":20.841997,"08/14":21.122107,"08/15":21.122107,"08/16":21.122107,"08/17":21.311827,"08/18":21.707853,"08/19":21.707853,"08/20":21.707853,"08/21":21.010584,"08/22":20.692915,"08/23":20.372458,"08/24":20.579952,"08/25":21.606617,"08/26":21.606617,"08/27":21.606617,"08/28":21.248522,"08/29":21.064627,"08/30":20.995956,"08/31":21.336718,"09/01":20.218979,"09/02":20.218979,"09/03":20.218979,"09/04":19.522144,"09/05":19.023577,"09/06":18.893064,"09/07":18.099876,"09/08":17.292885,"09/09":17.292885,"09/10":17.292885,"09/11":16.341644,"09/12":14.111673,"09/13":14.1026,"09/14":14.118597,"09/15":14.801935,"09/16":15.804293,"09/17":15.804293,"09/18":15.805468,"09/19":15.524864,"09/20":15.0163355,"09/21":15.537721,"09/22":15.665298,"09/23":16.522446,"09/24":16.522446,"09/25":16.521584,"09/26":17.511856,"09/27":17.675732,"09/28":18.752243,"09/29":19.022503,"09/30":18.119709,"10/01":18.119709,"10/02":18.119709,"10/03":18.789227,"10/04":17.572319,"10/05":17.564861,"10/06":17.417141,"10/07":17.458971,"10/08":17.458971,"10/09":17.473274,"10/10":17.726036,"10/11":18.601612,"10/12":18.158255,"10/13":18.509853,"10/14":18.049095,"10/15":18.049095,"10/16":18.049156,"10/17":17.705414,"10/18":17.128801,"10/19":17.084383,"10/20":16.966124,"10/21":17.100142,"10/22":17.100142,"10/23":17.15366,"10/24":17.15366,"10/25":16.93262,"10/26":17.015026,"10/27":16.678047,"10/28":16.576044,"10/29":16.576044,"10/30":16.557518,"10/31":15.915493,"11/01":15.5490055,"11/02":15.678307,"11/03":15.676179,"11/04":15.587268,"11/05":15.587268,"11/06":15.54437,"11/07":15.323399,"11/08":15.310976,"11/09":15.456924,"11/10":15.804245,"11/11":15.088741,"11/12":15.088741,"11/13":15.081623,"11/14":15.148294,"11/15":14.910656,"11/16":14.883402,"11/17":15.086914,"11/18":15.268435,"11/19":15.268435,"11/20":15.271386,"11/21":15.69804,"11/22":15.410126,"11/23":15.409149,"11/24":14.715359,"11/25":14.68096,"11/26":14.68096,"11/27":14.68096,"11/28":14.530128,"11/29":14.369352,"11/30":13.938826,"12/01":13.749371,"12/02":14.036419,"12/03":14.036419,"12/04":14.034076,"12/05":14.001683,"12/06":14.19167,"12/07":14.407326,"12/08":14.260093,"12/09":14.498757,"12/10":14.498757,"12/11":14.510736,"12/12":14.518932,"12/13":14.253651,"12/14":14.117285,"12/15":14.927311,"12/16":15.469497,"12/17":15.469497,"12/18":15.473694,"12/19":14.947069,"12/20":14.994896,"12/21":15.61422,"12/22":15.850891,"12/23":16.986479,"12/24":16.986479,"12/25":16.986479,"12/26":16.270462,"12/27":15.971498,"12/28":16.000902,"12/29":15.817545,"12/30":16.109072,"12/31":16.109072},"2022":{"09/12":10.922003,"09/13":11.372562,"09/14":11.744516,"09/15":13.479245,"09/16":15.48396,"09/17":15.48396,"09/18":15.193305,"09/19":14.6321,"09/20":12.351511,"09/21":12.520376,"09/22":12.488569,"09/23":14.202862,"09/24":14.202862,"09/25":14.245637,"09/26":16.136076,"09/27":16.722889,"09/28":17.64763,"09/29":18.188152,"09/30":16.382565,"10/01":16.382565,"10/02":16.382565,"10/03":18.322515,"10/04":15.248033,"10/05":15.65477,"10/06":16.04759,"10/07":16.13125,"10/08":16.13125,"10/09":15.209923,"10/10":16.750994,"10/11":19.075466,"10/12":18.200552,"10/13":18.67707,"10/14":17.755554,"10/15":17.755554,"10/16":17.733065,"10/17":17.421255,"10/18":15.280826,"10/19":15.015483,"10/20":14.112929,"10/21":14.380965,"10/22":14.380965,"10/23":12.689329,"10/24":12.689329,"10/25":11.509583,"10/26":10.037331,"10/27":10.654283,"10/28":10.450276,"10/29":10.450276,"10/30":10.795044,"10/31":9.141898,"11/01":7.797368,"11/02":9.248983,"11/03":9.892185,"11/04":9.714363,"11/05":9.714363,"11/06":10.586958,"11/07":10.287696,"11/08":10.568253,"11/09":10.530249,"11/10":11.429487,"11/11":9.99848,"11/12":9.99848,"11/13":10.154943,"11/14":10.288286,"11/15":11.404361,"11/16":12.001498,"11/17":12.209926,"11/18":12.572967,"11/19":12.572967,"11/20":12.452536,"11/21":13.78938,"11/22":13.138024,"11/23":13.18714,"11/24":11.663274,"11/25":11.594477,"11/26":11.594477,"11/27":11.594477,"11/28":11.834995,"11/29":12.489579,"11/30":11.976458,"12/01":12.202466,"12/02":12.776563,"12/03":12.776563,"12/04":15.06006,