{"0":{"01/01":23.253426,"01/02":23.231253,"01/03":23.262049,"01/04":22.979357,"01/05":22.979357,"01/06":22.979357,"01/07":22.979357,"01/08":23.310106,"01/09":23.47923,"01/10":23.384115,"01/11":23.438452,"01/12":23.438452,"01/13":23.438452,"01/14":23.438452,"01/15":23.099646,"01/16":23.019844,"01/17":24.442287,"01/18":24.923782,"01/19":25.01875,"01/20":25.01875,"01/21":25.01875,"01/22":25.01875,"01/23":25.148148,"01/24":24.844118,"01/25":26.844519,"01/26":26.844519,"01/27":26.844519,"01/28":26.844519,"01/29":26.224003,"01/30":27.164932,"01/31":25.600576,"02/01":25.305805,"02/02":24.562948,"02/03":24.562948,"02/04":24.562948,"02/05":24.66871,"02/06":23.72822,"02/07":24.278028,"02/08":25.261265,"02/09":25.00861,"02/10":25.00861,"02/11":25.00861,"02/12":25.672245,"02/13":24.676271,"02/14":24.66871,"02/15":24.142923,"02/16":23.990673,"02/17":23.990673,"02/18":23.990673,"02/19":23.990673,"02/20":22.755363,"02/21":23.686035,"02/22":22.68576,"02/23":22.915632,"02/24":22.915632,"02/25":22.915632,"02/26":23.386587,"02/27":23.546032,"02/28":24.372015,"02/29":23.653786,"03/01":22.957293,"03/02":22.957293,"03/03":22.957293,"03/04":22.658928,"03/05":22.994081,"03/06":22.62721,"03/07":22.770035,"03/08":22.770035,"03/09":22.770035,"03/10":22.770035,"03/11":23.56336,"03/12":23.669914,"03/13":24.697693,"03/14":24.299326,"03/15":25.183714,"03/16":25.183714,"03/17":25.183714,"03/18":25.183714,"03/19":26.582855,"03/20":26.472523,"03/21":25.294346,"03/22":24.799904,"03/23":24.799904,"03/24":24.799904,"03/25":24.799904,"03/26":25.35293,"03/27":25.393707,"03/28":24.25799,"03/29":24.25799,"03/30":24.25799,"03/31":24.254242,"04/01":24.254242,"04/02":22.974457,"04/03":22.787148,"04/04":22.649168,"04/05":21.683533,"04/06":21.683533,"04/07":21.683533,"04/08":21.013744,"04/09":21.013744,"04/10":20.414734,"04/11":20.414734,"04/12":21.862679,"04/13":21.862679,"04/14":21.862679,"04/15":23.30887,"04/16":23.690992,"04/17":23.690992,"04/18":24.834007,"04/19":23.867392,"04/20":23.867392,"04/21":23.867392,"04/22":23.431042,"04/23":22.984268,"04/24":22.636969,"04/25":21.715967,"04/26":21.31132,"04/27":21.31132,"04/28":21.31132,"04/29":20.197643,"04/30":19.777412,"05/01":19.777412,"05/02":19.176733,"05/03":19.530155,"05/04":19.530155,"05/05":19.530155,"05/06":19.808826,"05/07":20.29377,"05/08":19.971983,"05/09":21.622345,"05/10":21.10881,"05/11":21.10881,"05/12":21.10881,"05/13":20.76965,"05/14":20.06308,"05/15":19.968489,"05/16":18.942272,"05/17":18.210394,"05/18":18.210394,"05/19":18.210394,"05/20":18.210394,"05/21":18.253466,"05/22":17.967308,"05/23":17.967308,"05/24":16.708149,"05/25":16.708149,"05/26":16.708149,"05/27":16.728025,"05/28":16.600021,"05/29":17.499783,"05/30":18.097212,"05/31":18.084768,"06/01":18.084768,"06/02":18.084768,"06/03":14.621343,"06/04":20.313723,"06/05":16.647442,"06/06":15.316863,"06/07":13.342589,"06/08":13.342589,"06/09":13.342589,"06/10":13.3352995,"06/11":13.296776,"06/12":13.163713,"06/13":12.803539,"06/14":12.388259,"06/15":12.388259,"06/16":12.388259,"06/17":12.388259,"06/18":11.931319,"06/19":11.438792,"06/20":11.104508,"06/21":11.607195,"06/22":11.607195,"06/23":11.607195,"06/24":10.872792,"06/25":10.270094,"06/26":10.277983,"06/27":9.620311,"06/28":9.331702,"06/29":9.331702,"06/30":9.331702,"07/01":8.293016,"07/02":8.514065,"07/03":7.2188654,"07/04":6.5565386,"07/05":6.6090393,"07/06":6.6090393,"07/07":6.6090393,"07/08":6.1055207,"07/09":5.5507026,"07/10":5.944204,"07/11":5.651969,"07/12":5.1090384,"07/13":5.1090384,"07/14":5.1090384,"07/15":4.5947227,"07/16":4.5947227,"07/17":4.5947227,"07/18":3.9967618,"07/19":4.4529867,"07/20":4.4529867,"07/21":4.4529867,"07/22":3.9450471,"07/23":4.011675,"07/24":4.024835,"07/25":4.024835,"07/26":2.6978447,"07/27":2.6978447,"07/28":2.6978447,"07/29":2.5023875,"07/30":2.5697322,"07/31":2.2720501,"08/01":2.5023875,"08/02":3.2428694,"08/03":3.2428694,"08/04":3.2428694,"08/05":5.6004148,"08/06":5.8360186,"08/07":4.3619537,"08/08":4.5654535,"08/09":3.7823653,"08/10":3.7823653,"08/11":3.7823653,"08/12":3.6785486,"08/13":4.86061,"08/14":4.581418,"08/15":4.581418,"08/16":2.6961322,"08/17":2.6961322,"08/18":2.6961322,"08/19":2.8588595,"08/20":2.124703,"08/21":1.9954816,"08/22":1.792614,"08/23":2.2313612,"08/24":2.2313612,"08/25":2.2313612,"08/26":1.668427,"08/27":1.4176272,"08/28":1.3851094,"08/29":1.0578053,"08/30":0.7400148,"08/31":0.7400148,"09/01":0.7400148,"09/02":-0.0761595,"09/03":-0.2982868,"09/04":-0.08587102,"09/05":-0.08587102,"09/06":0.88091964,"09/07":0.88091964,"09/08":0.88091964,"09/09":0.90732753,"09/10":0.61345756,"09/11":0.95606303,"09/12":0.0064878436,"09/13":0.17543672,"09/14":0.17543672,"09/15":0.17543672,"09/16":0.055161905,"09/17":-0.06724919,"09/18":-0.06724919,"09/19":-0.56034356,"09/20":-1.7931626,"09/21":-1.7931626,"09/22":-1.7931626,"09/23":-2.353754,"09/24":-2.1554418,"09/25":-2.4603193,"09/26":-3.1686692,"09/27":-2.7625353,"09/28":-2.7625353,"09/29":-2.7625353,"09/30":-1.883792,"10/01":-2.2484999,"10/02":-2.2484999,"10/03":-0.7507895,"10/04":0.18764387,"10/05":0.18764387,"10/06":0.18764387,"10/07":1.4518292,"10/08":0.6775193,"10/09":0.52161545,"10/10":-0.2442615,"10/11":0.0,"10/12":0.0,"10/13":0.0,"10/14":0.0,"10/15":0.0,"10/16":0.0,"10/17":0.0,"10/18":0.0,"10/19":0.0,"10/20":0.0,"10/21":0.0,"10/22":0.0,"10/23":0.0,"10/24":0.0,"10/25":0.0,"10/26":0.0,"10/27":0.0,"10/28":0.0,"10/29":0.0,"10/30":0.0,"10/31":0.0,"11/01":0.0,"11/02":0.0,"11/03":0.0,"11/04":0.0,"11/05":0.0,"11/06":0.0,"11/07":0.0,"11/08":0.0,"11/09":0.0,"11/10":0.0,"11/11":0.0,"11/12":0.0,"11/13":0.0,"11/14":0.0,"11/15":0.0,"11/16":0.0,"11/17":0.0,"11/18":0.0,"11/19":0.0,"11/20":0.0,"11/21":0.0,"11/22":0.0,"11/23":0.0,"11/24":0.0,"11/25":0.0,"11/26":0.0,"11/27":0.0,"11/28":0.0,"11/29":0.0,"11/30":0.0,"12/01":0.0,"12/02":0.0,"12/03":0.0,"12/04":0.0,"12/05":0.0,"12/06":0.0,"12/07":0.0,"12/08":0.0,"12/09":0.0,"12/10":0.0,"12/11":0.0,"12/12":0.0,"12/13":0.0,"12/14":0.0,"12/15":0.0,"12/16":0.0,"12/17":0.0,"12/18":0.0,"12/19":0.0,"12/20":0.0,"12/21":0.0,"12/22":0.0,"12/23":0.0,"12/24":0.0,"12/25":0.0,"12/26":11.668,"12/27":11.668,"12/28":11.668,"12/29":11.659985,"12/30":11.659985,"12/31":11.659985},"2023":{"12/26":23.336,"12/27":23.336,"12/28":23.336,"12/29":23.31997,"12/30":23.31997,"12/31":23.31997},"2024":{"01/01":23.253426,"01/02":23.231253,"01/03":23.262049,"01/04":22.979357,"01/05":22.979357,"01/06":22.979357,"01/07":22.979357,"01/08":23.310106,"01/09":23.47923,"01/10":23.384115,"01/11":23.438452,"01/12":23.438452,"01/13":23.438452,"01/14":23.438452,"01/15":23.099646,"01/16":23.019844,"01/17":24.442287,"01/18":24.923782,"01/19":25.01875,"01/20":25.01875,"01/21":25.01875,"01/22":25.01875,"01/23":25.148148,"01/24":24.844118,"01/25":26.844519,"01/26":26.844519,"01/27":26.844519,"01/28":26.844519,"01/29":26.224003,"01/30":27.164932,"01/31":25.600576,"02/01":25.305805,"02/02":24.562948,"02/03":24.562948,"02/04":24.562948,"02/05":24.66871,"02/06":23.72822,"02/07":24.278028,"02/08":25.261265,"02/09":25.00861,"02/10":25.00861,"02/11":25.00861,"02/12":25.672245,"02/13":24.676271,"02/14":24.66871,"02/15":24.142923,"02/16":23.990673,"02/17":23.990673,"02/18":23.990673,"02/19":23.990673,"02/20":22.755363,"02/21":23.686035,"02/22":22.68576,"02/23":22.915632,"02/24":22.915632,"02/25":22.915632,"02/26":23.386587,"02/27":23.546032,"02/28":24.372015,"02/29":23.653786,"03/01":22.957293,"03/02":22.957293,"03/03":22.957293,"03/04":22.658928,"03/05":22.994081,"03/06":22.62721,"03/07":22.770035,"03/08":22.770035,"03/09":22.770035,"03/10":22.770035,"03/11":23.56336,"03/12":23.669914,"03/13":24.697693,"03/14":24.299326,"03/15":25.183714,"03/16":25.183714,"03/17":25.183714,"03/18":25.183714,"03/19":26.582855,"03/20":26.472523,"03/21":25.294346,"03/22":24.799904,"03/23":24.799904,"03/24":24.799904,"03/25":24.799904,"03/26":25.35293,"03/27":25.393707,"03/28":24.25799,"03/29":24.25799,"03/30":24.25799,"03/31":24.254242,"04/01":24.254242,"04/02":22.974457,"04/03":22.787148,"04/04":22.649168,"04/05":21.683533,"04/06":21.683533,"04/07":21.683533,