{"0":{"01/01":4.584515,"01/02":4.58505,"01/03":4.578141,"01/04":4.5685415,"01/05":4.5685415,"01/06":4.5696573,"01/07":4.57007,"01/08":4.5342054,"01/09":4.526394,"01/10":4.5202465,"01/11":4.512787,"01/12":4.512787,"01/13":4.514035,"01/14":4.51448,"01/15":4.477645,"01/16":4.4690766,"01/17":4.462667,"01/18":4.4536195,"01/19":4.444037,"01/20":4.4452825,"01/21":4.445719,"01/22":4.4461584,"01/23":4.4087195,"01/24":4.3995867,"01/25":4.3900175,"01/26":4.3900175,"01/27":4.3912787,"01/28":4.391773,"01/29":4.355576,"01/30":4.347018,"01/31":4.337926,"02/01":4.3283677,"02/02":4.3188076,"02/03":4.320124,"02/04":4.320608,"02/05":4.294107,"02/06":4.2862387,"02/07":4.277774,"02/08":4.268756,"02/09":4.260267,"02/10":4.261677,"02/11":4.262106,"02/12":4.2340074,"02/13":4.2250814,"02/14":4.2165275,"02/15":4.206983,"02/16":4.1985083,"02/17":4.199935,"02/18":4.199935,"02/19":4.199935,"02/20":4.164241,"02/21":4.1551485,"02/22":4.14615,"02/23":4.1382103,"02/24":4.139721,"02/25":4.140299,"02/26":4.1127706,"02/27":4.1047325,"02/28":4.0955863,"02/29":6.802859,"03/01":4.0776076,"03/02":4.0776076,"03/03":4.079104,"03/04":4.0510893,"03/05":4.043602,"03/06":4.0356603,"03/07":4.02767,"03/08":4.02767,"03/09":4.02767,"03/10":4.029049,"03/11":3.9920459,"03/12":3.9829392,"03/13":3.9739137,"03/14":3.965472,"03/15":3.9565046,"03/16":3.9565046,"03/17":3.958693,"03/18":3.9591484,"03/19":3.922683,"03/20":3.9147875,"03/21":3.9063091,"03/22":3.896828,"03/23":3.896828,"03/24":3.89864,"03/25":3.8995466,"03/26":3.8623214,"03/27":3.8541112,"03/28":3.844664,"03/29":3.844664,"03/30":3.844664,"03/31":3.8158772,"04/01":3.8158772,"04/02":3.8022554,"04/03":3.7950726,"04/04":3.78648,"04/05":3.777528,"04/06":3.777528,"04/07":3.7792804,"04/08":3.752238,"04/09":3.7529855,"04/10":3.734571,"04/11":3.736014,"04/12":3.7170773,"04/13":3.7170773,"04/14":3.7170773,"04/15":3.6897473,"04/16":3.6821377,"04/17":3.6826277,"04/18":3.663186,"04/19":3.653736,"04/20":3.653736,"04/21":3.6559474,"04/22":3.629165,"04/23":3.6197214,"04/24":3.6124976,"04/25":3.6036153,"04/26":3.5941703,"04/27":3.5941703,"04/28":3.5957959,"04/29":3.56739,"04/30":3.5579574,"05/01":3.5579574,"05/02":3.539098,"05/03":3.5301952,"05/04":3.5301952,"05/05":3.5334961,"05/06":3.507419,"05/07":3.4986024,"05/08":3.4901805,"05/09":3.4807637,"05/10":3.4713497,"05/11":3.4713497,"05/12":3.4713497,"05/13":3.443118,"05/14":3.433718,"05/15":3.4243157,"05/16":3.414922,"05/17":3.4060488,"05/18":3.4060488,"05/19":3.4060488,"05/20":3.4060488,"05/21":3.3679922,"05/22":3.3580914,"05/23":3.3580914,"05/24":3.3388326,"05/25":3.3388326,"05/26":3.3388326,"05/27":3.3107412,"05/28":3.301387,"05/29":3.292036,"05/30":3.283204,"05/31":3.2743747,"06/01":3.2743747,"06/02":3.2743747,"06/03":3.2458365,"06/04":3.2370245,"06/05":3.2282107,"06/06":3.2188854,"06/07":3.2090402,"06/08":3.2090402,"06/09":3.2090402,"06/10":3.180054,"06/11":3.1707456,"06/12":3.1614358,"06/13":3.1526518,"06/14":3.1433482,"06/15":3.1433482,"06/16":3.1433482,"06/17":3.1433482,"06/18":3.105665,"06/19":3.0963778,"06/20":3.0870988,"06/21":3.0778184,"06/22":3.0778184,"06/23":3.0778184,"06/24":3.0494905,"06/25":3.040228,"06/26":3.031479,"06/27":3.0227375,"06/28":3.0129647,"06/29":3.0129647,"06/30":3.0129647,"07/01":2.9831681,"07/02":2.9723866,"07/03":2.9621234,"07/04":2.9528866,"07/05":2.9436576,"07/06":2.9436576,"07/07":2.9436576,"07/08":2.9164937,"07/09":2.9077902,"07/10":2.8985722,"07/11":2.8893623,"07/12":2.8801508,"07/13":2.8801508,"07/14":2.8801508,"07/15":2.852545,"07/16":2.852545,"07/17":2.852545,"07/18":2.8254793,"07/19":2.81629,"07/20":2.81629,"07/21":2.81629,"07/22":2.7882404,"07/23":2.7785585,"07/24":2.7693856,"07/25":2.7693856,"07/26":2.7500393,"07/27":2.7500393,"07/28":2.7500393,"07/29":2.7230737,"07/30":2.7139246,"07/31":2.7042654,"08/01":2.695123,"08/02":2.685984,"08/03":2.685984,"08/04":2.685984,"08/05":2.6580677,"08/06":2.6489413,"08/07":2.639818,"08/08":2.6306932,"08/09":2.6215763,"08/10":2.6215763,"08/11":2.6215763,"08/12":2.5932264,"08/13":2.5846243,"08/14":2.5755234,"08/15":2.5755234,"08/16":2.5568202,"08/17":2.5568202,"08/18":2.5568202,"08/19":2.5285401,"08/20":2.5194538,"08/21":2.5098703,"08/22":2.5002904,"08/23":2.4912138,"08/24":2.4912138,"08/25":2.4912138,"08/26":2.4635084,"08/27":2.4544494,"08/28":2.4448848,"08/29":2.4358323,"08/30":2.4267826,"08/31":2.4267826,"09/01":2.4267826,"09/02":2.3986423,"09/03":2.3885953,"09/04":2.3795621,"09/05":2.3795621,"09/06":2.3615003,"09/07":2.3615003,"09/08":2.3615003,"09/09":2.33343,"09/10":2.3244157,"09/11":2.3154,"09/12":2.3058908,"09/13":2.2968814,"09/14":2.2968814,"09/15":2.2968814,"09/16":2.2683845,"09/17":2.2588878,"09/18":2.2588878,"09/19":2.239914,"09/20":2.2299325,"09/21":2.2299325,"09/22":2.2299325,"09/23":2.2010047,"09/24":2.1910381,"09/25":2.1810756,"09/26":2.172109,"09/27":2.1626518,"09/28":2.1626518,"09/29":2.1626518,"09/30":2.1337986,"10/01":2.1169007,"10/02":2.1169007,"10/03":2.0950472,"10/04":2.0816476,"10/05":2.0816476,"10/06":2.0816476,"10/07":2.0518959,"10/08":2.0424776,"10/09":2.0330675,"10/10":2.0221734,"10/11":2.0127707,"10/12":2.0127707,"10/13":2.0127707,"10/14":1.9840827,"10/15":1.9756787,"10/16":1.9672819,"10/17":1.957899,"10/18":1.9495033,"10/19":1.9495033,"10/20":1.9495033,"10/21":1.9218727,"10/22":1.9125061,"10/23":1.9051121,"10/24":1.8952582,"10/25":1.8863896,"10/26":1.8863896,"10/27":1.8863896,"10/28":1.8578458,"10/29":1.84899,"10/30":1.84899,"10/31":1.8293285,"11/01":1.8293285,"11/02":1.8293285,"11/03":1.8293285,"11/04":1.7910283,"11/05":1.7802354,"11/06":1.7684653,"11/07":1.7581724,"11/08":1.7483742,"11/09":1.7483742,"11/10":1.7483742,"11/11":1.7209573,"11/12":1.711663,"11/13":1.7023721,"11/14":1.692595,"11/15":1.692595,"11/16":1.692595,"11/17":1.692595,"11/18":1.6544966,"11/19":1.6452215,"11/20":1.6452215,"11/21":1.6257143,"11/22":1.6174256,"11/23":1.6174256,"11/24":1.6174256,"11/25":1.5901471,"11/26":1.5804125,"11/27":1.5716558,"11/28":1.5624151,"11/29":1.5541468,"11/30":1.5541468,"12/01":1.5541468,"12/02":1.5249898,"12/03":1.5147936,"12/04":1.5065452,"12/05":1.496842,"12/06":1.4871426,"12/07":1.4871426,"12/08":1.4871426,"12/09":1.4575764,"12/10":1.4483765,"12/11":1.43918,"12/12":1.4304665,"12/13":1.4222451,"12/14":1.4222451,"12/15":1.4222451,"12/16":1.4222451,"12/17":1.3850276,"12/18":1.375849,"12/19":1.3671618,"12/20":1.3589559,"12/21":1.3589559,"12/22":1.3589559,"12/23":1.3314672,"12/24":1.3261678,"12/25":1.3261678,"12/26":3.0544157,"12/27":3.0546367,"12/28":3.0546367,"12/29":3.0546367,"12/30":3.0554001,"12/31":3.0556812},"2023":{"12/26":6.534996,"12/27":6.5530014,"12/28":6.5530014,"12/29":6.5530014,"12/30":6.6139984,"12/31":6.636},"2024":{"01/01":6.6870027,"01/02":6.7140007,"01/03":6.727059,"01/04":6.707859,"01/05":6.707859,"01/06":6.7628393,"01/07":6.782832,"01/08":6.7302628,"01/09":6.7232633,"01/10":6.7224574,"01/11":6.7075377,"01/12":6.7075377,"01/13":6.7674584,"01/14":6.788429,"01/15":6.735789,"01/16":6.7406216,"01/17":6.750727,"01/18":6.7326317,"01/19":6.7134666,"01/20":6.7713103,"01/21":6.7912536,"01/22":6.811197,"01/23":6.7515693,"01/24":6.752354,"01/25":6.7332163,"01/26":6.7332163,"01/27":6.7900004,"01/28":6.8119173,"01/29":6.7604427,"01/30":6.763286,"01/31":6.765054,"02/01":6.745938,"02/02":6.726818,"02/03":6.7845087,"02/04":6.8053994,"02/05":6.776109,"02/06":6.785963,"02/07":6.791774,"02/08":6.773738,"02/09":6.7567596,"02/10":6.8163743,"02/11":6.834255,"02/12":6.7998095,"02/13":6.806529,"02/14":6.8073783,"02/15":6.7882895,"02/16":6.7713404,"02/17":6.8298883,"02/18":6.8298883,"02/19":6.8298883,"02/20":6.812256,"02/21":6.81104,"02/22":6.793043,"02/23":6.7771635,"02/24":6.8376265,"02/25":6.860428,"02/26":6.8053713,"02/27":6.825027,"02/28":6.820835,"02/29":6.802859,"03/01":6.7848783,"03/02":6.7848783,"03/03":6.843296,"03/04":6.7872663,"03/05":6.807949,"03/06":6.8108335,"03/07":6.8117275,"03/08":6.8117275,"03/09":6.8117275,"03/10":6.8641443,"03/11":6.807937,"03/12":6.8037667,"03/13":6.802557,"03/14":6.7856736,"03/15":6.767739,"03/16":6.767739,"03/17":6.8497167,"03/18":6.8665113,"03/19":6.80945,