{"0":{"01/01":8.047354,"01/02":8.02877,"01/03":8.01988,"01/04":8.011532,"01/05":7.808458,"01/06":7.7894354,"01/07":7.817957,"01/08":7.6414404,"01/09":7.581069,"01/10":7.5300055,"01/11":7.4806857,"01/12":7.5603642,"01/13":7.51494,"01/14":7.454447,"01/15":7.285751,"01/16":7.2063403,"01/17":7.231736,"01/18":7.2735014,"01/19":7.212989,"01/20":7.2160234,"01/21":7.2830887,"01/22":7.3815765,"01/23":7.293871,"01/24":7.2633324,"01/25":7.1703405,"01/26":7.1703405,"01/27":7.0539484,"01/28":7.202944,"01/29":7.079069,"01/30":7.178294,"01/31":7.087448,"02/01":6.645159,"02/02":6.0749416,"02/03":6.216268,"02/04":6.291684,"02/05":6.5481987,"02/06":6.1098595,"02/07":6.0082173,"02/08":5.9726386,"02/09":5.9170923,"02/10":5.934844,"02/11":6.088913,"02/12":6.124779,"02/13":6.136696,"02/14":6.1679044,"02/15":5.979731,"02/16":5.9966426,"02/17":5.9990244,"02/18":5.9990244,"02/19":5.9990244,"02/20":5.8975573,"02/21":5.821831,"02/22":5.823407,"02/23":5.8344254,"02/24":5.8364773,"02/25":5.8349504,"02/26":5.800852,"02/27":5.820465,"02/28":5.7875423,"02/29":8.232616,"03/01":5.717555,"03/02":5.717555,"03/03":5.7166815,"03/04":5.664589,"03/05":5.629325,"03/06":5.6300116,"03/07":5.539433,"03/08":5.539433,"03/09":5.539433,"03/10":5.541333,"03/11":5.4358993,"03/12":5.4830666,"03/13":5.5197735,"03/14":5.5249968,"03/15":5.5548067,"03/16":5.5548067,"03/17":5.561992,"03/18":5.5674257,"03/19":5.7166896,"03/20":5.7404337,"03/21":5.6112957,"03/22":5.693818,"03/23":5.693818,"03/24":5.695572,"03/25":5.695384,"03/26":5.7319307,"03/27":5.627926,"03/28":5.4023366,"03/29":5.4023366,"03/30":5.4023366,"03/31":5.382484,"04/01":5.382484,"04/02":5.673987,"04/03":5.677011,"04/04":5.6571836,"04/05":5.7329326,"04/06":5.7329326,"04/07":5.7297454,"04/08":5.861133,"04/09":5.8682637,"04/10":5.7404222,"04/11":5.7464314,"04/12":6.0034943,"04/13":6.0034943,"04/14":6.0034943,"04/15":5.9231467,"04/16":5.994126,"04/17":5.998268,"04/18":5.9655833,"04/19":6.1096888,"04/20":6.1096888,"04/21":6.147511,"04/22":6.0146837,"04/23":5.920104,"04/24":6.0285754,"04/25":6.027378,"04/26":6.039456,"04/27":6.039456,"04/28":6.0258126,"04/29":5.9872246,"04/30":6.011943,"05/01":6.011943,"05/02":5.8945923,"05/03":5.777731,"05/04":5.777731,"05/05":5.7880983,"05/06":5.53621,"05/07":5.6033373,"05/08":5.577587,"05/09":5.532096,"05/10":5.4446535,"05/11":5.4446535,"05/12":5.4446535,"05/13":5.367099,"05/14":5.3361874,"05/15":5.2463818,"05/16":5.1831274,"05/17":5.2500906,"05/18":5.2500906,"05/19":5.2410216,"05/20":5.248599,"05/21":5.155733,"05/22":4.976928,"05/23":4.9858627,"05/24":4.9152765,"05/25":4.9152765,"05/26":4.91832,"05/27":4.8406143,"05/28":4.8715916,"05/29":4.9226413,"05/30":4.909461,"05/31":4.880369,"06/01":4.880369,"06/02":4.881295,"06/03":4.683187,"06/04":5.070104,"06/05":4.9623094,"06/06":4.798642,"06/07":4.7630076,"06/08":4.7630076,"06/09":4.732011,"06/10":4.698561,"06/11":4.6100416,"06/12":4.588179,"06/13":4.4880095,"06/14":4.417243,"06/15":4.417243,"06/16":4.4316745,"06/17":4.4288745,"06/18":4.3394113,"06/19":4.1977205,"06/20":4.159666,"06/21":4.0680413,"06/22":4.0680413,"06/23":4.0735655,"06/24":4.0175667,"06/25":4.040924,"06/26":4.070889,"06/27":4.0633025,"06/28":4.123034,"06/29":4.123034,"06/30":4.123034,"07/01":4.121512,"07/02":4.0815125,"07/03":4.039544,"07/04":4.0617833,"07/05":4.104796,"07/06":4.104796,"07/07":4.104796,"07/08":4.0547085,"07/09":4.030322,"07/10":3.9913697,"07/11":4.01572,"07/12":4.0197773,"07/13":4.0197773,"07/14":4.0277305,"07/15":3.9789314,"07/16":3.9780765,"07/17":3.9820955,"07/18":3.8867168,"07/19":3.8462286,"07/20":3.8462286,"07/21":3.8516774,"07/22":3.797741,"07/23":3.8406324,"07/24":3.7999563,"07/25":3.7859454,"07/26":3.7135544,"07/27":3.7135544,"07/28":3.7068338,"07/29":3.6601565,"07/30":3.7612658,"07/31":3.7486508,"08/01":3.7421336,"08/02":3.6749897,"08/03":3.6749897,"08/04":3.6876264,"08/05":3.482242,"08/06":3.4653847,"08/07":3.4161806,"08/08":3.4466293,"08/09":3.4658918,"08/10":3.4658918,"08/11":3.4532948,"08/12":3.4020247,"08/13":3.4028366,"08/14":3.3182414,"08/15":3.3182414,"08/16":3.3001094,"08/17":3.3001094,"08/18":3.2851133,"08/19":3.1562953,"08/20":3.0521777,"08/21":3.0204296,"08/22":3.018258,"08/23":3.0264454,"08/24":3.0264454,"08/25":3.0193694,"08/26":3.0089831,"08/27":3.0405762,"08/28":3.0530343,"08/29":3.0552454,"08/30":3.0610034,"08/31":3.0610034,"09/01":3.0601099,"09/02":3.0719633,"09/03":3.0207105,"09/04":2.9358175,"09/05":2.9475975,"09/06":2.940824,"09/07":2.940824,"09/08":2.940824,"09/09":2.8977847,"09/10":2.8453608,"09/11":2.736142,"09/12":2.6744933,"09/13":2.6043475,"09/14":2.6043475,"09/15":2.6047702,"09/16":2.4807289,"09/17":2.5260708,"09/18":2.5218468,"09/19":2.423568,"09/20":2.4226174,"09/21":2.4226174,"09/22":2.4215484,"09/23":2.3642824,"09/24":2.302463,"09/25":2.1559265,"09/26":2.0495987,"09/27":2.2277675,"09/28":2.2277675,"09/29":2.2305648,"09/30":2.1433175,"10/01":2.0367599,"10/02":2.0367599,"10/03":2.1722994,"10/04":2.4250069,"10/05":2.4250069,"10/06":2.4385355,"10/07":2.4512017,"10/08":2.3293343,"10/09":2.202815,"10/10":2.239752,"10/11":2.280743,"10/12":2.280743,"10/13":2.2923317,"10/14":2.2079904,"10/15":2.1657372,"10/16":2.1478505,"10/17":2.213715,"10/18":2.3128896,"10/19":2.3128896,"10/20":2.3113508,"10/21":2.2946439,"10/22":2.2636437,"10/23":2.2235804,"10/24":2.2396605,"10/25":2.327687,"10/26":2.327687,"10/27":2.324844,"10/28":2.3948176,"10/29":2.32728,"10/30":2.315797,"10/31":2.2802074,"11/01":2.2802074,"11/02":2.2802074,"11/03":2.2766116,"11/04":2.1964376,"11/05":2.1964376,"11/06":2.2194629,"11/07":2.2230594,"11/08":2.1781619,"11/09":2.1781619,"11/10":2.1807506,"11/11":2.1242476,"11/12":2.1633518,"11/13":2.2258837,"11/14":2.4019277,"11/15":2.4019277,"11/16":2.4019277,"11/17":2.3939173,"11/18":2.3260841,"11/19":2.3103724,"11/20":2.312545,"11/21":2.3929322,"11/22":2.4133837,"11/23":2.4133837,"11/24":2.419606,"11/25":2.330555,"11/26":2.3396063,"11/27":2.2870023,"11/28":2.30077,"11/29":2.1563323,"11/30":2.1563323,"12/01":2.1526635,"12/02":1.9561555,"12/03":1.943222,"12/04":1.7959143,"12/05":1.7678844,"12/06":1.9502585,"12/07":1.9502585,"12/08":1.9469279,"12/09":1.8068686,"12/10":1.7741292,"12/11":1.8260996,"12/12":1.8410443,"12/13":1.7377827,"12/14":1.7377827,"12/15":1.7442399,"12/16":1.7452267,"12/17":1.8007189,"12/18":1.7688332,"12/19":1.9445112,"12/20":2.0002947,"12/21":2.0002947,"12/22":1.9896845,"12/23":1.9492117,"12/24":1.9866954,"12/25":1.9866954,"12/26":5.0964456,"12/27":5.097524,"12/28":5.092332,"12/29":5.0960546,"12/30":5.098164,"12/31":5.1022253},"2023":{"12/26":11.233997,"12/27":11.288004,"12/28":11.272426,"12/29":11.27354,"12/30":11.424516,"12/31":11.617495},"2024":{"01/01":11.373272,"01/02":11.406415,"01/03":11.423352,"01/04":11.406656,"01/05":11.406656,"01/06":11.509533,"01/07":11.754254,"01/08":11.525297,"01/09":11.459891,"01/10":11.313201,"01/11":11.214561,"01/12":11.214561,"01/13":10.590256,"01/14":10.584283,"01/15":10.353868,"01/16":10.697987,"01/17":10.620324,"01/18":10.703855,"01/19":10.621424,"01/20":10.84382,"01/21":11.186351,"01/22":11.421652,"01/23":11.196576,"01/24":11.273573,"01/25":11.087589,"01/26":11.087589,"01/27":11.389236,"01/28":11.301209,"01/29":10.929636,"01/30":10.885159,"01/31":10.569845,"02/01":9.685266,"02/02":9.388206,"02/03":9.394049,"02/04":9.384313,"02/05":9.60777,"02/06":9.799524,"02/07":9.270826,"02/08":9.199669,"02/09":9.348449,"02/10":9.318276,"02/11":9.320225,"02/12":9.317902,"02/13":9.175537,"02/14":9.3040495,"02/15":8.927703,"02/16":8.961526,"02/17":9.047869,"02/18":9.047869,"02/19":9.047869,"02/20":8.767021,"02/21":8.476872,"02/22":8.480024,"02/23":8.502061,"02/24":8.584288,"02/25":8.523344,"02/26":8.455147,"02/27":8.357195,"02/28":8.206466,"02/29":8.232616,"03/01":8.066492,"03/02":8.066492,"03/03":8.025948,"03/04":7.921763,"03/05":8.041248,"03/06":8.342808,"03/07":8.245793,"03/08":8.245793,"03/09":8.245793,"03/10":8.320826,"03/11":8.26941,"03/12":8.555344,"03/13":8.719316,"03/14":8.729762,"03/15":8.789381,"03/16":8.789381,"03/17":9.023132,"03/18":9.19051,"03/19":9.822939,"03/20":10.046786,"03/21":9.764499,