{"0":{"01/01":5.3140345,"01/02":5.2613497,"01/03":5.236572,"01/04":5.216971,"01/05":5.1984096,"01/06":5.193247,"01/07":5.193247,"01/08":5.193247,"01/09":5.1077337,"01/10":5.1303883,"01/11":5.0717154,"01/12":5.0100307,"01/13":4.9925613,"01/14":4.9925613,"01/15":4.9925613,"01/16":4.976126,"01/17":4.9853716,"01/18":4.958678,"01/19":4.9401975,"01/20":4.928915,"01/21":4.928915,"01/22":4.928915,"01/23":4.8489504,"01/24":4.802869,"01/25":4.7916155,"01/26":4.7916155,"01/27":4.8315344,"01/28":4.8315344,"01/29":4.8315344,"01/30":4.788542,"01/31":4.7445607,"02/01":4.6689653,"02/02":4.708791,"02/03":4.714929,"02/04":4.714929,"02/05":4.714929,"02/06":4.6108065,"02/07":4.609785,"02/08":4.757861,"02/09":4.7414994,"02/10":4.729236,"02/11":4.729236,"02/12":4.729236,"02/13":4.763996,"02/14":4.884816,"02/15":4.891992,"02/16":4.790591,"02/17":4.8766146,"02/18":4.8766146,"02/19":4.8766146,"02/20":4.7455845,"02/21":4.6842823,"02/22":4.788542,"02/23":4.7568374,"02/24":4.681215,"02/25":4.681215,"02/26":4.681215,"02/27":4.729236,"02/28":4.7118597,"03/01":4.704708,"03/02":4.7016397,"03/03":4.608764,"03/04":4.608764,"03/05":4.608764,"03/06":4.5710554,"03/07":4.5710554,"03/08":4.609785,"03/09":4.5700355,"03/10":4.4407873,"03/11":4.4407873,"03/12":4.4407873,"03/13":4.2763834,"03/14":4.2318172,"03/15":4.3057766,"03/16":4.3118587,"03/17":4.200449,"03/18":4.200449,"03/19":4.200449,"03/20":4.0549536,"03/21":4.190328,"03/22":4.190328,"03/23":4.148872,"03/24":4.0842223,"03/25":4.0842223,"03/26":4.0842223,"03/27":3.9551635,"03/28":4.2368865,"03/29":4.149884,"03/30":4.149884,"03/31":3.8817098,"04/01":3.8817098,"04/02":3.8817098,"04/03":3.946108,"04/04":3.946108,"04/05":3.7621837,"04/06":3.4441192,"04/07":3.4441192,"04/08":3.4441192,"04/09":3.4441192,"04/10":3.3624222,"04/11":3.303714,"04/12":3.2927806,"04/13":3.2848263,"04/14":3.2848263,"04/15":3.2848263,"04/16":3.2848263,"04/17":3.2411036,"04/18":3.1349363,"04/19":3.0834265,"04/20":3.0319586,"04/21":2.9114141,"04/22":2.9114141,"04/23":2.9114141,"04/24":2.6652865,"04/25":2.5328624,"04/26":2.433041,"04/27":2.3890584,"04/28":2.401758,"04/29":2.401758,"04/30":2.401758,"05/01":2.401758,"05/02":2.3880801,"05/03":2.0579944,"05/04":2.2086484,"05/05":2.2086484,"05/06":2.2086484,"05/07":2.2086484,"05/08":2.1055748,"05/09":2.0793436,"05/10":2.0910034,"05/11":2.1405525,"05/12":2.0007582,"05/13":2.0007582,"05/14":2.0007582,"05/15":1.9000318,"05/16":1.8652096,"05/17":1.8487706,"05/18":1.8652096,"05/19":1.7078428,"05/20":1.7078428,"05/21":1.7078428,"05/22":1.4943018,"05/23":1.5798012,"05/24":1.5644169,"05/25":1.5644169,"05/26":1.5413581,"05/27":1.5413581,"05/28":1.5413581,"05/29":1.5634543,"05/30":1.5519239,"05/31":1.5058191,"06/01":1.4779824,"06/02":1.4712658,"06/03":1.4712658,"06/04":1.4712658,"06/05":1.4511212,"06/06":1.4137352,"06/07":1.4309847,"06/08":1.4683927,"06/09":1.5682671,"06/10":1.5682671,"06/11":1.5682671,"06/12":1.5432732,"06/13":1.5259854,"06/14":1.5259854,"06/15":1.590375,"06/16":1.5942272,"06/17":1.5942272,"06/18":1.5942272,"06/19":1.5769129,"06/20":1.4655106,"06/21":1.4664713,"06/22":1.5615385,"06/23":1.5000601,"06/24":1.5000601,"06/25":1.5000601,"06/26":1.4290648,"06/27":1.4108561,"06/28":1.3026812,"06/29":1.3026812,"06/30":1.3466939,"07/01":1.3466939,"07/02":1.3466939,"07/03":1.4127754,"07/04":1.3849896,"07/05":1.3696642,"07/06":1.4386561,"07/07":1.4386561,"07/08":1.4386561,"07/09":1.4386561,"07/10":1.4386561,"07/11":1.2778269,"07/12":1.3045964,"07/13":1.2109652,"07/14":1.1995146,"07/15":1.1995146,"07/16":1.1995146,"07/17":1.0803572,"07/18":0.9368019,"07/19":0.8912538,"07/20":0.8703895,"07/21":0.90737605,"07/22":0.90737605,"07/23":0.90737605,"07/24":0.8400535,"07/25":0.8940943,"07/26":0.853321,"07/27":0.88745475,"07/28":0.99949425,"07/29":0.99949425,"07/30":0.99949425,"07/31":0.9728858,"08/01":0.88271534,"08/02":0.8884045,"08/03":0.922562,"08/04":0.9529386,"08/05":0.9529386,"08/06":0.9529386,"08/07":0.9092763,"08/08":0.87797636,"08/09":0.86185455,"08/10":0.84479797,"08/11":0.93870324,"08/12":0.93870324,"08/13":0.93870324,"08/14":0.85237193,"08/15":0.85237193,"08/16":0.85237193,"08/17":0.97004086,"08/18":0.9178193,"08/19":3.6284082,"08/20":3.6284082,"08/21":3.6317973,"08/22":3.6329243,"08/23":3.6338754,"08/24":3.6472888,"08/25":3.6414368,"08/26":3.6345034,"08/27":3.6345034,"08/28":3.6378117,"08/29":3.6189759,"08/30":3.6111193,"08/31":3.6155005,"09/01":3.6001015,"09/02":3.592629,"09/03":3.592629,"09/04":3.5954287,"09/05":3.5720584,"09/06":3.561824,"09/07":3.5580206,"09/08":3.5495415,"09/09":3.5431416,"09/10":3.5431416,"09/11":3.5435486,"09/12":3.5208113,"09/13":3.516916,"09/14":3.5152388,"09/15":3.5058494,"09/16":3.499991,"09/17":3.499991,"09/18":3.502618,"09/19":3.4807632,"09/20":3.4768136,"09/21":3.4733877,"09/22":3.4680789,"09/23":3.4606202,"09/24":3.4606202,"09/25":3.4626095,"09/26":3.443677,"09/27":3.4416678,"09/28":3.4397151,"09/29":3.435987,"09/30":3.4210782,"10/01":3.4210782,"10/02":3.4210782,"10/03":3.3917418,"10/04":3.3709598,"10/05":3.37439,"10/06":3.342362,"10/07":3.334412,"10/08":3.334412,"10/09":3.3305764,"10/10":3.3102336,"10/11":3.3084671,"10/12":3.3074484,"10/13":3.3030121,"10/14":3.2945416,"10/15":3.2945416,"10/16":3.2964213,"10/17":3.2732232,"10/18":3.2638495,"10/19":3.2517228,"10/20":3.2432668,"10/21":3.2348137,"10/22":3.2348137,"10/23":3.2348137,"10/24":3.2348137,"10/25":3.2031453,"10/26":3.2031453,"10/27":3.1846888,"10/28":3.1757262,"10/29":3.1757262,"10/30":3.1757262,"10/31":3.1488624,"11/01":3.1393902,"11/02":3.128341,"11/03":3.1167698,"11/04":3.1067827,"11/05":3.1067827,"11/06":3.1067827,"11/07":3.0810401,"11/08":3.0810401,"11/09":3.061617,"11/10":3.0537465,"11/11":3.043783,"11/12":3.043783,"11/13":3.043783,"11/14":3.0170522,"11/15":3.007627,"11/16":2.9987242,"11/17":2.9898245,"11/18":2.980409,"11/19":2.980409,"11/20":2.980409,"11/21":2.954265,"11/22":2.9459035,"11/23":2.9459035,"11/24":2.9286702,"11/25":2.9197989,"11/26":2.9197989,"11/27":2.9197989,"11/28":2.8926709,"11/29":2.8827677,"11/30":2.8733852,"12/01":2.8634894,"12/02":2.8551562,"12/03":2.8551562,"12/04":2.8551562,"12/05":2.8296568,"12/06":2.820819,"12/07":2.811458,"12/08":2.8031416,"12/09":2.7943122,"12/10":2.7943122,"12/11":2.7943122,"12/12":2.7673125,"12/13":2.7579758,"12/14":2.749676,"12/15":2.7408597,"12/16":2.7330892,"12/17":2.7330892,"12/18":2.7330892,"12/19":2.7066705,"12/20":2.6973503,"12/21":2.6880383,"12/22":2.677176,"12/23":2.6673536,"12/24":2.6673536,"12/25":2.6673536,"12/26":2.6394494,"12/27":2.6678712,"12/28":2.6787298,"12/29":2.668384,"12/30":2.6570172,"12/31":2.6570172},"2022":{"08/19":6.338997,"08/20":6.338997,"08/21":6.469002,"08/22":6.5110016,"08/23":6.5460014,"08/24":6.630458,"08/25":6.6904645,"08/26":6.6765976,"08/27":6.6765976,"08/28":6.790593,"08/29":6.799004,"08/30":6.7710705,"08/31":6.9159827,"09/01":6.855173,"09/02":6.840228,"09/03":6.840228,"09/04":6.931138,"09/05":6.9040637,"09/06":6.8320727,"09/07":6.950841,"09/08":6.903951,"09/09":6.8911514,"09/10":6.8911514,"09/11":6.904124,"09/12":6.8483644,"09/13":6.8835816,"09/14":7.002521,"09/15":6.865192,"09/16":6.853475,"09/17":6.853475,"09/18":6.936237,"09/19":6.892527,"09/20":6.924737,"09/21":6.9421186,"09/22":6.947345,"09/23":6.9324274,"09/24":6.9324274,"09/25":6.9932003,"09/26":7.052019,"09/27":7.095348,"09/28":6.9781084,"09/29":6.970652,"09/30":6.9408345,"10/01":6.9408345,"10/02":6.9408345,"10/03":7.0437174,"10/04":7.0160575,"10/05":7.1155076,"10/06":6.6241245,"10/07":6.608225,"10/08":6.608225,"10/09":6.480989,"10/10":6.466482,"10/11":6.588978,"10/12":6.572018,"10/13":6.5892525,"10/14":6.5723114,"10/15":6.5723114,"10/16":6.6328964,"10/17":6.63676,"10/18":6.6068435,"10/19":6.5034456,"10/20":6.4865336,"10/21":6.4696274,"10/22":6.4696274,"10/23":6.4696274,"10/24":6.4696274,"10/25":6.4062905,"10/26":6.4062905,"10/27":6.3693776,"10/28":6.3514524,"10/29":6.3514524,"10/30":6.3514524,"10/31":6.2977247,"11/01":6.2787805,"11/02":6.256682,"11/03":6.2335396,"11/04":6.2135653,"11/05":6.2135653,"11/06":6.2135653,"11/07":6.1620803,"11/08":6.1620803,"11/09":6.123234,"11/10":6.107493,