"Month (MM)","Day (DD)","2023","Average Across Years"
12,26,1.097002,1.097002
12,27,1.097002,1.097002
12,28,1.097002,1.097002
12,29,1.0828505,1.0828505
12,30,1.0828505,1.0828505
12,31,1.0828505,1.0828505
