{"0":{"01/01":21.766424,"01/02":23.270214,"01/03":22.33061,"01/04":22.050055,"01/05":22.050055,"01/06":19.771658,"01/07":19.951134,"01/08":20.558685,"01/09":20.230461,"01/10":19.115454,"01/11":19.167912,"01/12":19.167912,"01/13":17.056154,"01/14":18.033966,"01/15":18.191067,"01/16":18.580256,"01/17":19.438805,"01/18":19.900938,"01/19":19.992088,"01/20":21.026007,"01/21":19.833958,"01/22":20.442148,"01/23":20.576952,"01/24":19.767794,"01/25":21.686855,"01/26":21.686855,"01/27":20.400269,"01/28":20.724226,"01/29":21.22462,"01/30":22.762371,"01/31":22.584192,"02/01":22.296501,"02/02":21.571486,"02/03":21.496744,"02/04":22.48144,"02/05":22.11542,"02/06":21.07681,"02/07":21.217825,"02/08":22.176853,"02/09":21.93042,"02/10":21.479391,"02/11":19.909378,"02/12":20.704899,"02/13":20.044474,"02/14":19.259892,"02/15":18.756916,"02/16":18.611269,"02/17":18.638412,"02/18":18.638412,"02/19":18.638412,"02/20":18.030712,"02/21":18.132322,"02/22":17.17696,"02/23":17.396511,"02/24":16.642084,"02/25":16.204584,"02/26":16.649826,"02/27":16.967848,"02/28":15.906493,"02/29":15.237151,"03/01":14.588066,"03/02":14.588066,"03/03":14.588066,"03/04":14.310009,"03/05":14.622351,"03/06":14.280452,"03/07":14.413553,"03/08":14.413553,"03/09":14.413553,"03/10":14.413553,"03/11":15.15288,"03/12":15.252182,"03/13":16.210003,"03/14":15.838751,"03/15":16.662943,"03/16":16.662943,"03/17":16.662943,"03/18":16.662943,"03/19":17.966848,"03/20":17.864025,"03/21":16.766045,"03/22":16.305258,"03/23":16.305258,"03/24":16.305258,"03/25":16.305258,"03/26":16.82064,"03/27":16.858643,"03/28":15.80023,"03/29":15.80023,"03/30":15.80023,"03/31":15.796737,"04/01":15.796737,"04/02":14.604061,"04/03":14.429501,"04/04":14.300914,"04/05":13.401007,"04/06":13.401007,"04/07":13.401007,"04/08":12.776807,"04/09":12.776807,"04/10":12.218569,"04/11":12.218569,"04/12":13.567958,"04/13":13.567958,"04/14":13.567958,"04/15":14.915712,"04/16":15.271825,"04/17":15.271825,"04/18":16.337038,"04/19":15.436218,"04/20":15.436218,"04/21":15.436218,"04/22":15.029569,"04/23":14.613205,"04/24":14.289544,"04/25":13.4312315,"04/26":13.054127,"04/27":13.054127,"04/28":13.054127,"04/29":12.016253,"04/30":11.624627,"05/01":11.624627,"05/02":11.064834,"05/03":11.3942,"05/04":11.3942,"05/05":11.3942,"05/06":11.653903,"05/07":12.105838,"05/08":11.805954,"05/09":13.343983,"05/10":12.865403,"05/11":12.865403,"05/12":12.865403,"05/13":12.549328,"05/14":11.89085,"05/15":11.802697,"05/16":10.846332,"05/17":10.1642685,"05/18":10.1642685,"05/19":10.1642685,"05/20":10.1642685,"05/21":10.204411,"05/22":9.93773,"05/23":9.93773,"05/24":8.7642765,"05/25":8.7642765,"05/26":8.7642765,"05/27":8.782801,"05/28":8.663509,"05/29":9.502027,"05/30":10.058791,"05/31":10.047195,"06/01":10.047195,"06/02":10.047195,"06/03":6.819512,"06/04":12.1244335,"06/05":8.707702,"06/06":7.46769,"06/07":5.627798,"06/08":5.627798,"06/09":5.627798,"06/10":5.6210036,"06/11":5.585102,"06/12":5.4610977,"06/13":5.125438,"06/14":4.738425,"06/15":4.738425,"06/16":4.738425,"06/17":4.738425,"06/18":4.3125873,"06/19":3.8535848,"06/20":3.5420544,"06/21":4.010525,"06/22":4.010525,"06/23":4.010525,"06/24":3.3261108,"06/25":2.7644353,"06/26":2.7717872,"06/27":2.15888,"06/28":1.8899168,"06/29":1.8899168,"06/30":1.8899168,"07/01":0.92193013,"07/02":1.1279316,"07/03":-0.07910808,"07/04":-0.6963527,"07/05":-0.64742523,"07/06":-0.64742523,"07/07":-0.64742523,"07/08":-1.1166716,"07/09":-1.6337253,"07/10":-1.2670083,"07/11":-1.5393517,"07/12":-2.045327,"07/13":-2.045327,"07/14":-2.045327,"07/15":-2.5246353,"07/16":-2.5246353,"07/17":-2.5246353,"07/18":-3.0818954,"07/19":-2.6567242,"07/20":-2.6567242,"07/21":-2.6567242,"07/22":-3.13009,"07/23":-3.0679975,"07/24":-3.055733,"07/25":-3.055733,"07/26":-4.2924,"07/27":-4.2924,"07/28":-4.2924,"07/29":-4.4745536,"07/30":-4.4117928,"07/31":-4.6892123,"08/01":-4.4745536,"08/02":-3.7844732,"08/03":-3.7844732,"08/04":-3.7844732,"08/05":-1.5873969,"08/06":-1.3678293,"08/07":-2.7415605,"08/08":-2.551912,"08/09":-3.2816987,"08/10":-3.2816987,"08/11":-3.2816987,"08/12":-3.378449,"08/13":-2.276846,"08/14":-2.5370343,"08/15":-2.5370343,"08/16":-4.293996,"08/17":-4.293996,"08/18":-4.293996,"08/19":-4.142345,"08/20":-4.8265305,"08/21":-4.946956,"08/22":-5.1360154,"08/23":-4.727132,"08/24":-4.727132,"08/25":-4.727132,"08/26":-5.2517495,"08/27":-5.485478,"08/28":-5.515783,"08/29":-5.820808,"08/30":-6.1169686,"08/31":-6.1169686,"09/01":-6.1169686,"09/02":-6.8775883,"09/03":-7.0845966,"09/04":-6.8866396,"09/05":-6.8866396,"09/06":-5.9856544,"09/07":-5.9856544,"09/08":-5.9856544,"09/09":-5.9610434,"09/10":-6.2349114,"09/11":-5.9156256,"09/12":-6.8005667,"09/13":-6.643118,"09/14":-6.643118,"09/15":-6.643118,"09/16":-6.7552056,"09/17":-6.869285,"09/18":-6.869285,"09/19":-7.328816,"09/20":-8.477722,"09/21":-8.477722,"09/22":-8.477722,"09/23":-9.000156,"09/24":-8.815342,"09/25":-9.099468,"09/26":-9.759603,"09/27":-9.381113,"09/28":-9.381113,"09/29":-9.381113,"09/30":-8.562182,"10/01":-8.902066,"10/02":-8.902066,"10/03":-7.506299,"10/04":-6.6317415,"10/05":-6.6317415,"10/06":-6.6317415,"10/07":-5.453604,"10/08":-6.17521,"10/09":-6.3205023,"10/10":-7.034249,"10/11":-6.806613,"10/12":-6.806613,"10/13":-6.806613,"10/14":-7.1813912,"10/15":-7.1783957,"10/16":-6.831539,"10/17":-5.9879646,"10/18":-6.1744432,"10/19":-6.1744432,"10/20":-6.1744432,"10/21":-5.9179387,"10/22":-4.817864,"10/23":-4.817864,"10/24":-4.776857,"10/25":-4.4443727,"10/26":-4.4443727,"10/27":-4.4443727,"10/28":-4.6654944,"10/29":-5.5972633,"10/30":-5.5972633,"10/31":-4.6457257,"11/01":-4.6457257,"11/02":-4.6457257,"11/03":-4.6457257,"11/04":-4.497572,"11/05":-5.4769316,"11/06":-6.046366,"11/07":-5.4901476,"11/08":-5.199395,"11/09":-5.199395,"11/10":-5.199395,"11/11":-6.1997156,"11/12":-5.038834,"11/13":-3.7369277,"11/14":-3.933238,"11/15":-3.933238,"11/16":-3.933238,"11/17":-3.933238,"11/18":-3.6578553,"11/19":-3.8737888,"11/20":-3.8737888,"11/21":-3.4328413,"11/22":-5.030985,"11/23":-5.030985,"11/24":-5.030985,"11/25":-6.0694017,"11/26":-5.8516636,"11/27":-5.9233294,"11/28":-5.0458965,"11/29":-5.5825315,"11/30":-5.5825315,"12/01":-5.5825315,"12/02":-5.8022814,"12/03":-6.5497546,"12/04":-6.638569,"12/05":-7.195628,"12/06":-7.196378,"12/07":-7.196378,"12/08":-7.196378,"12/09":-7.448206,"12/10":-7.541266,"12/11":-7.537549,"12/12":-7.337779,"12/13":-7.89984,"12/14":-7.89984,"12/15":-7.89984,"12/16":-7.89984,"12/17":-7.003411,"12/18":-6.3342476,"12/19":-5.9225583,"12/20":-4.2349925,"12/21":-4.2349925,"12/22":-4.2349925,"12/23":-5.0356913,"12/24":-4.8139253,"12/25":-4.8139253,"12/26":8.009655,"12/27":8.0234585,"12/28":8.0234585,"12/29":8.015579,"12/30":8.081812,"12/31":8.042706},"2023":{"12/26":21.124,"12/27":21.251001,"12/28":21.251001,"12/29":21.235243,"12/30":21.832167,"12/31":21.482212},"2024":{"01/01":21.766424,"01/02":23.270214,"01/03":22.33061,"01/04":22.050055,"01/05":22.050055,"01/06":19.771658,"01/07":19.951134,"01/08":20.558685,"01/09":20.230461,"01/10":19.115454,"01/11":19.167912,"01/12":19.167912,"01/13":17.056154,"01/14":18.033966,"01/15":18.191067,"01/16":18.580256,"01/17":19.438805,"01/18":19.900938,"01/19":19.992088,"01/20":21.026007,"01/21":19.833958,"01/22":20.442148,"01/23":20.576952,"01/24":19.767794,"01/25":21.686855,"01/26":21.686855,"01/27":20.400269,"01/28":20.724226,"01/29":21.22462,"01/30":22.762371,"01/31":22.584192,"02/01":22.296501,"02/02":21.571486,"02/03":21.496744,"02/04":22.48144,"02/05":22.11542,"02/06":21.07681,"02/07":21.217825,"02/08":22.176853,"02/09":21.93042,"02/10":21.479391,"02/11":19.909378,"02/12":20.704899,"02/13":20.044474,"02/14":19.259892,"02/15":18.756916,"02/16":18.611269,"02/17":18.638412,"02/18":18.638412,"02/19":18.638412,"02/20":18.030712,"02/21":18.132322,"02/22":17.17696,"02/23":17.396511,"02/24":16.642084,"02/25":16.204584,"02/26":16.649826,"02/27":16.967848,"02/28":15.906493,"02/29":15.237151,"03/01":14.588066,"03/02":14.588066,"03/03":14.588066,"03/04":14.310009,"03/05":14.622351,"03/06":14.280452,"03/07":14.413553,"03/08":14.413553,"03/09":14.413553,