{"0":{"01/01":7.456218,"01/02":7.4473963,"01/03":7.4416304,"01/04":7.431766,"01/05":7.431766,"01/06":7.4315414,"01/07":7.4343452,"01/08":7.3961563,"01/09":7.3860936,"01/10":7.3785763,"01/11":7.3687243,"01/12":7.3687243,"01/13":7.368224,"01/14":7.365229,"01/15":7.3290143,"01/16":7.3216887,"01/17":7.314907,"01/18":7.3050737,"01/19":7.303979,"01/20":7.306763,"01/21":7.307783,"01/22":7.3071237,"01/23":7.2683477,"01/24":7.2561035,"01/25":7.335948,"01/26":7.335948,"01/27":7.3374147,"01/28":7.339861,"01/29":7.208455,"01/30":7.200013,"01/31":7.190228,"02/01":7.1804047,"02/02":7.171136,"02/03":7.173834,"02/04":7.1741977,"02/05":7.147809,"02/06":7.140502,"02/07":7.138768,"02/08":7.130022,"02/09":7.1207266,"02/10":7.1209974,"02/11":7.1211867,"02/12":7.093093,"02/13":7.082938,"02/14":7.075016,"02/15":7.065731,"02/16":7.0559072,"02/17":7.056345,"02/18":7.056345,"02/19":7.056345,"02/20":7.0180006,"02/21":7.0090036,"02/22":6.9997454,"02/23":6.9904833,"02/24":6.9931016,"02/25":6.991701,"02/26":6.963385,"02/27":6.9550037,"02/28":6.9472623,"02/29":10.010882,"03/01":6.928761,"03/02":6.928761,"03/03":6.927693,"03/04":6.8988886,"03/05":6.88649,"03/06":6.880483,"03/07":6.872363,"03/08":6.872363,"03/09":6.872363,"03/10":6.8728466,"03/11":6.8376527,"03/12":6.8316383,"03/13":6.824653,"03/14":6.815969,"03/15":6.8067393,"03/16":6.8067393,"03/17":6.812287,"03/18":6.8174047,"03/19":6.788539,"03/20":6.785621,"03/21":6.7792597,"03/22":6.769432,"03/23":6.769432,"03/24":6.7714233,"03/25":6.77297,"03/26":6.7441897,"03/27":6.739564,"03/28":6.74178,"03/29":6.74178,"03/30":6.74178,"03/31":6.7114973,"04/01":6.7114973,"04/02":6.727626,"04/03":6.7178216,"04/04":6.7162943,"04/05":6.706362,"04/06":6.706362,"04/07":6.7037034,"04/08":6.6781154,"04/09":6.6882443,"04/10":6.6689215,"04/11":6.678163,"04/12":6.659375,"04/13":6.659375,"04/14":6.659375,"04/15":6.6301093,"04/16":6.6396956,"04/17":6.6480775,"04/18":6.6292434,"04/19":6.619828,"04/20":6.619828,"04/21":6.637231,"04/22":6.608933,"04/23":6.5989547,"04/24":6.6106377,"04/25":6.580752,"04/26":6.539225,"04/27":6.539225,"04/28":6.534258,"04/29":6.5357094,"04/30":6.5251794,"05/01":6.5251794,"05/02":6.463178,"05/03":6.442171,"05/04":6.442171,"05/05":6.453528,"05/06":6.3651958,"05/07":6.379672,"05/08":6.3464046,"05/09":6.326953,"05/10":6.309406,"05/11":6.309406,"05/12":6.309406,"05/13":6.2677712,"05/14":6.290198,"05/15":6.266365,"05/16":6.2555265,"05/17":6.263796,"05/18":6.263796,"05/19":6.2577505,"05/20":6.267483,"05/21":6.219586,"05/22":6.159695,"05/23":6.168619,"05/24":6.147717,"05/25":6.147717,"05/26":6.1487494,"05/27":6.100035,"05/28":6.1094055,"05/29":6.109291,"05/30":6.083092,"05/31":6.0546117,"06/01":6.0546117,"06/02":6.0582647,"06/03":5.98365,"06/04":6.0585423,"06/05":6.0457926,"06/06":5.9927993,"06/07":5.984638,"06/08":5.984638,"06/09":5.964623,"06/10":5.9312162,"06/11":5.9005165,"06/12":5.887135,"06/13":5.8491454,"06/14":5.8367615,"06/15":5.8367615,"06/16":5.8471317,"06/17":5.8490014,"06/18":5.799803,"06/19":5.768612,"06/20":5.7637205,"06/21":5.7503138,"06/22":5.7503138,"06/23":5.7542057,"06/24":5.732248,"06/25":5.723955,"06/26":5.728432,"06/27":5.7219996,"06/28":5.718778,"06/29":5.718778,"06/30":5.718778,"07/01":5.689311,"07/02":5.670039,"07/03":5.647573,"07/04":5.6342106,"07/05":5.6203203,"07/06":5.6203203,"07/07":5.6203203,"07/08":5.601488,"07/09":5.590217,"07/10":5.562924,"07/11":5.5724244,"07/12":5.5649366,"07/13":5.5649366,"07/14":5.569818,"07/15":5.531499,"07/16":5.531547,"07/17":5.53753,"07/18":5.5020013,"07/19":5.490774,"07/20":5.490774,"07/21":5.497036,"07/22":5.4691715,"07/23":5.4622226,"07/24":5.4435186,"07/25":5.4313307,"07/26":5.390868,"07/27":5.390868,"07/28":5.387759,"07/29":5.333877,"07/30":5.3370285,"07/31":5.318967,"08/01":5.306385,"08/02":5.2926145,"08/03":5.2926145,"08/04":5.305094,"08/05":5.2361703,"08/06":5.2150126,"08/07":5.198715,"08/08":5.195409,"08/09":5.187517,"08/10":5.187517,"08/11":5.1756816,"08/12":5.1324625,"08/13":5.1213217,"08/14":5.112957,"08/15":5.112957,"08/16":5.0988207,"08/17":5.0988207,"08/18":5.0787444,"08/19":5.037524,"08/20":5.0262384,"08/21":5.00799,"08/22":4.9969707,"08/23":4.991262,"08/24":4.991262,"08/25":4.9828744,"08/26":4.9384294,"08/27":4.9348226,"08/28":4.9393644,"08/29":4.9211698,"08/30":4.913436,"08/31":4.913436,"09/01":4.9140015,"09/02":4.892914,"09/03":4.886828,"09/04":4.8833475,"09/05":4.8937354,"09/06":4.263371,"09/07":4.263371,"09/08":4.263371,"09/09":4.224125,"09/10":4.2366943,"09/11":4.1714544,"09/12":4.1627183,"09/13":4.0608954,"09/14":4.0608954,"09/15":4.061604,"09/16":3.9926457,"09/17":3.9268184,"09/18":3.9203525,"09/19":3.856566,"09/20":3.859067,"09/21":3.859067,"09/22":3.8614836,"09/23":3.8740344,"09/24":3.8066092,"09/25":3.775108,"09/26":3.7235167,"09/27":3.7444732,"09/28":3.7444732,"09/29":3.7451448,"09/30":3.7336874,"10/01":3.720721,"10/02":3.720721,"10/03":3.7386937,"10/04":3.7711744,"10/05":3.7711744,"10/06":3.7836523,"10/07":3.7434947,"10/08":3.705122,"10/09":3.6679769,"10/10":3.6528344,"10/11":3.6388364,"10/12":3.6388364,"10/13":3.6491723,"10/14":3.6321802,"10/15":3.6561205,"10/16":3.5762272,"10/17":3.5645876,"10/18":3.5710793,"10/19":3.5710793,"10/20":3.5726635,"10/21":3.5901575,"10/22":3.640206,"10/23":3.5909805,"10/24":3.5667071,"10/25":3.563219,"10/26":3.563219,"10/27":3.561846,"10/28":3.5615547,"10/29":3.55685,"10/30":3.5448816,"10/31":3.5067432,"11/01":3.5067432,"11/02":3.5067432,"11/03":3.5051117,"11/04":3.224312,"11/05":3.212036,"11/06":3.1950676,"11/07":3.1961577,"11/08":3.1436708,"11/09":3.1436708,"11/10":3.1489415,"11/11":3.1495502,"11/12":3.1796947,"11/13":3.1724854,"11/14":3.180831,"11/15":3.180831,"11/16":3.180831,"11/17":3.1734262,"11/18":3.1484196,"11/19":3.0972176,"11/20":3.0983148,"11/21":3.0806558,"11/22":3.146679,"11/23":3.146679,"11/24":3.1547132,"11/25":3.0845494,"11/26":3.1326685,"11/27":3.1446698,"11/28":3.1282804,"11/29":3.0910976,"11/30":3.0910976,"12/01":3.0861118,"12/02":2.9570143,"12/03":2.883285,"12/04":2.832432,"12/05":2.8313174,"12/06":2.8279223,"12/07":2.8279223,"12/08":2.8233647,"12/09":2.7759635,"12/10":2.743,"12/11":2.7436056,"12/12":2.7340205,"12/13":2.7296855,"12/14":2.7296855,"12/15":2.7296855,"12/16":2.7296855,"12/17":2.6786985,"12/18":2.6772597,"12/19":2.7585921,"12/20":2.7610009,"12/21":2.7610009,"12/22":2.7610009,"12/23":2.7200587,"12/24":2.7070677,"12/25":2.7070677,"12/26":4.993248,"12/27":4.9926686,"12/28":4.9926686,"12/29":4.987558,"12/30":4.98998,"12/31":4.9902244},"2023":{"12/26":9.581003,"12/27":9.534998,"12/28":9.534998,"12/29":9.519665,"12/30":9.706645,"12/31":9.724638},"2024":{"01/01":9.689418,"01/02":9.720634,"01/03":9.695693,"01/04":9.675964,"01/05":9.675964,"01/06":9.66498,"01/07":9.798828,"01/08":9.730098,"01/09":9.725254,"01/10":9.692066,"01/11":9.672362,"01/12":9.672362,"01/13":9.648424,"01/14":9.499769,"01/15":9.525039,"01/16":9.602184,"01/17":9.677384,"01/18":9.657717,"01/19":9.655528,"01/20":9.782078,"01/21":9.826921,"01/22":9.798023,"01/23":9.698586,"01/24":9.711204,"01/25":9.870893,"01/26":9.870893,"01/27":9.933701,"01/28":10.035386,"01/29":9.746971,"01/30":9.764225,"01/31":9.768345,"02/01":9.748698,"02/02":9.730161,"02/03":9.843466,"02/04":9.8583765,"02/05":9.840567,"02/06":9.880709,"02/07":10.151141,"02/08":10.133649,"02/09":10.115058,"02/10":10.1249895,"02/11":10.131938,"02/12":10.124523,"02/13":10.074205,"02/14":10.123988,"02/15":10.105418,"02/16":10.085772,"02/17":10.101628,"02/18":10.101628,"02/19":10.101628,"02/20":10.019321,"02/21":10.010698,"02/22":9.992181,"02/23":9.973658,"02/24":10.0687275,"02/25":10.018218,"02/26":9.961586,"02/27":9.993468,"02/28":10.029382,"02/29":10.010882,"03/01":9.992379,"03/02":9.992379,"03/03":9.953806,"03/04":9.896197,"03/05":9.739439,"03/06":9.842554,"03/07":9.845945,"03/08":9.845945,"03/09":9.845945,"03/10":9.863738,"03/11":9.870842,"03/12":9.96692,"03/13":10.026449,"03/14":10.009081,"03/15":9.990622,"03/16":9.990622,"03/17":10.177131,"03/18":10.340951,"03/19":10.54583,"03/20":10.696008,"03/21":10.759283,"03/22":10.739627,"03/23":10.739627,"03/24":10.794823,