{"0":{"01/01":12.528847,"01/02":12.045062,"01/03":11.906122,"01/04":13.030873,"01/05":13.070665,"01/06":13.857024,"01/07":13.857024,"01/08":13.857024,"01/09":12.606601,"01/10":13.590541,"01/11":13.807185,"01/12":13.890273,"01/13":13.397096,"01/14":13.397096,"01/15":13.397096,"01/16":13.668584,"01/17":12.82184,"01/18":12.139409,"01/19":12.479015,"01/20":13.054276,"01/21":13.054276,"01/22":13.054276,"01/23":12.62286,"01/24":12.679804,"01/25":13.993714,"01/26":13.993714,"01/27":15.522872,"01/28":15.522872,"01/29":15.522872,"01/30":15.448373,"01/31":15.1816845,"02/01":15.389816,"02/02":15.26801,"02/03":13.897399,"02/04":13.897399,"02/05":13.897399,"02/06":14.193985,"02/07":14.508926,"02/08":13.731323,"02/09":13.5161495,"02/10":13.63191,"02/11":13.63191,"02/12":13.63191,"02/13":14.143851,"02/14":13.411224,"02/15":12.71237,"02/16":12.443106,"02/17":12.931512,"02/18":12.931512,"02/19":12.931512,"02/20":13.427718,"02/21":13.4960985,"02/22":15.09064,"02/23":15.49966,"02/24":15.835363,"02/25":15.835363,"02/26":15.835363,"02/27":16.345074,"02/28":16.783056,"03/01":15.843966,"03/02":16.591036,"03/03":15.216929,"03/04":15.216929,"03/05":15.216929,"03/06":14.589431,"03/07":14.589431,"03/08":14.241768,"03/09":15.202347,"03/10":16.116207,"03/11":16.116207,"03/12":16.116207,"03/13":17.873487,"03/14":18.50798,"03/15":18.92486,"03/16":18.64705,"03/17":18.002144,"03/18":18.002144,"03/19":18.002144,"03/20":18.78902,"03/21":18.147682,"03/22":18.147682,"03/23":18.375664,"03/24":19.110363,"03/25":19.110363,"03/26":19.110363,"03/27":18.914497,"03/28":19.239128,"03/29":18.196281,"03/30":18.196281,"03/31":16.554943,"04/01":16.554943,"04/02":16.554943,"04/03":16.368639,"04/04":16.368639,"04/05":15.444706,"04/06":15.1124735,"04/07":15.1124735,"04/08":15.1124735,"04/09":15.1124735,"04/10":14.90776,"04/11":14.3686,"04/12":13.741988,"04/13":13.583453,"04/14":13.583453,"04/15":13.583453,"04/16":13.583453,"04/17":13.927114,"04/18":13.956831,"04/19":14.220265,"04/20":14.173682,"04/21":14.363813,"04/22":14.363813,"04/23":14.363813,"04/24":13.718301,"04/25":13.504357,"04/26":13.098776,"04/27":12.642614,"04/28":11.508453,"04/29":11.508453,"04/30":11.508453,"05/01":11.508453,"05/02":10.949895,"05/03":11.105678,"05/04":10.303233,"05/05":10.303233,"05/06":10.303233,"05/07":10.303233,"05/08":10.040912,"05/09":10.02428,"05/10":9.567239,"05/11":9.505709,"05/12":9.525475,"05/13":9.525475,"05/14":9.525475,"05/15":9.080188,"05/16":9.3970995,"05/17":9.933455,"05/18":10.449393,"05/19":10.450512,"05/20":10.450512,"05/21":10.450512,"05/22":9.974412,"05/23":9.683899,"05/24":9.883671,"05/25":9.883671,"05/26":8.613661,"05/27":8.613661,"05/28":8.613661,"05/29":8.030192,"05/30":7.951157,"05/31":8.128608,"06/01":8.2980385,"06/02":7.863723,"06/03":7.863723,"06/04":7.863723,"06/05":7.6287746,"06/06":7.5238543,"06/07":6.6949344,"06/08":7.2629747,"06/09":7.604378,"06/10":7.604378,"06/11":7.604378,"06/12":7.3811097,"06/13":6.6147227,"06/14":6.2764535,"06/15":6.449476,"06/16":5.611438,"06/17":5.611438,"06/18":5.611438,"06/19":6.017472,"06/20":5.7167463,"06/21":5.528762,"06/22":6.215469,"06/23":6.8599076,"06/24":6.8599076,"06/25":6.8599076,"06/26":6.6261706,"06/27":6.0586667,"06/28":5.2774625,"06/29":5.2774625,"06/30":4.2502813,"07/01":4.2502813,"07/02":4.2502813,"07/03":3.5042272,"07/04":3.3797798,"07/05":3.1045246,"07/06":2.4880993,"07/07":2.4880993,"07/08":2.4880993,"07/09":2.4880993,"07/10":2.4880993,"07/11":2.6210203,"07/12":2.7349443,"07/13":3.0519755,"07/14":2.360326,"07/15":2.360326,"07/16":2.360326,"07/17":1.6864228,"07/18":1.5937102,"07/19":1.0428283,"07/20":0.3861058,"07/21":1.148591,"07/22":1.148591,"07/23":1.148591,"07/24":1.3739557,"07/25":1.1055149,"07/26":0.6665126,"07/27":1.0437646,"07/28":0.70921546,"07/29":0.70921546,"07/30":0.70921546,"07/31":-0.10612085,"08/01":0.10817576,"08/02":1.2987196,"08/03":1.8428998,"08/04":1.2508239,"08/05":1.2508239,"08/06":1.2508239,"08/07":0.8114935,"08/08":0.8217283,"08/09":0.51454467,"08/10":0.99610054,"08/11":1.417261,"08/12":1.417261,"08/13":1.417261,"08/14":1.6523442,"08/15":1.6523442,"08/16":1.6523442,"08/17":1.8115677,"08/18":2.143934,"08/19":2.143934,"08/20":2.143934,"08/21":1.5587478,"08/22":1.2921422,"08/23":1.023198,"08/24":1.1973382,"08/25":2.0589721,"08/26":2.0589721,"08/27":2.0589721,"08/28":1.7584379,"08/29":1.6041044,"08/30":1.5464716,"08/31":1.8324567,"09/01":0.8943902,"09/02":0.8943902,"09/03":0.8943902,"09/04":0.309569,"09/05":-0.10885725,"09/06":-0.2183908,"09/07":-0.8840782,"09/08":-1.5613505,"09/09":-1.5613505,"09/10":-1.5613505,"09/11":-2.3596826,"09/12":4.6838765,"09/13":4.7124743,"09/14":4.7557945,"09/15":5.4687138,"09/16":6.4710712,"09/17":6.4710712,"09/18":6.448696,"09/19":6.1680937,"09/20":5.5580115,"09/21":6.0091586,"09/22":6.113673,"09/23":6.9708195,"09/24":6.9708195,"09/25":6.973535,"09/26":7.9565644,"09/27":8.141261,"09/28":9.119053,"09/29":9.389314,"09/30":8.48652,"10/01":8.48652,"10/02":8.48652,"10/03":9.204333,"10/04":7.935935,"10/05":7.9623656,"10/06":7.869963,"10/07":7.911793,"10/08":7.911793,"10/09":7.849747,"10/10":8.1857395,"10/11":9.107395,"10/12":8.664986,"10/13":8.998366,"10/14":8.537608,"10/15":8.537608,"10/16":8.535851,"10/17":8.2223015,"10/18":7.566345,"10/19":7.5077415,"10/20":7.3753953,"10/21":7.5101624,"10/22":7.5101624,"10/23":7.5101624,"10/24":7.5101624,"10/25":7.253261,"10/26":7.253261,"10/27":6.974849,"10/28":6.869808,"10/29":6.869808,"10/30":6.869808,"10/31":6.19031,"11/01":5.774731,"11/02":5.9788785,"11/03":6.0098863,"11/04":5.9192533,"11/05":5.9192533,"11/06":5.9192533,"11/07":5.701896,"11/08":5.701896,"11/09":5.8357635,"11/10":6.1943583,"11/11":5.472696,"11/12":5.472696,"11/13":5.472696,"11/14":5.539845,"11/15":5.357958,"11/16":5.3484154,"11/17":5.5449266,"11/18":5.7246346,"11/19":5.7246346,"11/20":5.7246346,"11/21":6.15621,"11/22":5.8706145,"11/23":5.8706145,"11/24":5.182273,"11/25":5.148275,"11/26":5.148275,"11/27":5.148275,"11/28":5.012695,"11/29":4.873919,"11/30":4.460124,"12/01":4.2852287,"12/02":4.5629854,"12/03":4.5629854,"12/04":4.5629854,"12/05":4.5221224,"12/06":4.6925254,"12/07":4.892123,"12/08":4.7512054,"12/09":4.974476,"12/10":4.974476,"12/11":4.974476,"12/12":5.003826,"12/13":4.7512054,"12/14":4.5880823,"12/15":5.290686,"12/16":5.7878404,"12/17":5.7878404,"12/18":5.7878404,"12/19":5.304124,"12/20":5.4270782,"12/21":5.9599466,"12/22":6.1498594,"12/23":7.1932855,"12/24":7.1932855,"12/25":7.1932855,"12/26":6.5049114,"12/27":6.177011,"12/28":6.16892,"12/29":6.001269,"12/30":6.2644234,"12/31":6.2644234},"2022":{"09/12":10.922003,"09/13":11.372562,"09/14":11.744516,"09/15":13.479245,"09/16":15.48396,"09/17":15.48396,"09/18":15.193305,"09/19":14.6321,"09/20":12.351511,"09/21":12.520376,"09/22":12.488569,"09/23":14.202862,"09/24":14.202862,"09/25":14.245637,"09/26":16.136076,"09/27":16.722889,"09/28":17.64763,"09/29":18.188152,"09/30":16.382565,"10/01":16.382565,"10/02":16.382565,"10/03":18.322515,"10/04":15.248033,"10/05":15.65477,"10/06":16.04759,"10/07":16.13125,"10/08":16.13125,"10/09":15.209923,"10/10":16.750994,"10/11":19.075466,"10/12":18.200552,"10/13":18.67707,"10/14":17.755554,"10/15":17.755554,"10/16":17.733065,"10/17":17.421255,"10/18":15.280826,"10/19":15.015483,"10/20":14.750791,"10/21":15.020325,"10/22":15.020325,"10/23":15.020325,"10/24":15.020325,"10/25":14.506522,"10/26":14.506522,"10/27":13.949698,"10/28":13.739616,"10/29":13.739616,"10/30":13.739616,"10/31":12.38062,"11/01":11.549462,"11/02":11.957757,"11/03":12.019773,"11/04":11.838507,"11/05":11.838507,"11/06":11.838507,"11/07":11.403792,"11/08":11.403792,"11/09":11.671527,"11/10":12.388717,"11/11":10.945392,"11/12":10.945392,"11/13":10.945392,"11/14":11.07969,"11/15":10.715916,"11/16":10.696831,"11/17":11.089853,"11/18":11.449269,"11/19":11.449269,"11/20":11.449269,"11/21":12.31242,"11/22":11.741229,"11/23":11.741229,"11/24":10.364546,"11/25":10.29655,"11/26":10.29655,"11/27":10.29655,"11/28":10.02539,"11/29":9.747838,"11/30":8.920248,"12/01":8.570457,"12/02":9.125971,"12/03":9.125971,"12/04":9.125971,"12/05":9.044245,