{"0":{"01/01":7.7167788,"01/02":7.707836,"01/03":7.7021036,"01/04":7.6922393,"01/05":7.6922393,"01/06":7.6920404,"01/07":7.694527,"01/08":7.6563196,"01/09":7.6462183,"01/10":7.6387463,"01/11":7.6288943,"01/12":7.6288943,"01/13":7.628451,"01/14":7.625809,"01/15":7.5893526,"01/16":7.5817995,"01/17":7.5747986,"01/18":7.5649643,"01/19":7.5638704,"01/20":7.5663548,"01/21":7.5672684,"01/22":7.566677,"01/23":7.527956,"01/24":7.5156198,"01/25":7.595464,"01/26":7.595464,"01/27":7.596782,"01/28":7.5989885,"01/29":7.4676466,"01/30":7.45912,"01/31":7.449276,"02/01":7.439453,"02/02":7.4301844,"02/03":7.432615,"02/04":7.4329433,"02/05":7.4064684,"02/06":7.3990254,"02/07":7.3966136,"02/08":7.3878675,"02/09":7.378572,"02/10":7.3788195,"02/11":7.3789926,"02/12":7.3507786,"02/13":7.3406973,"02/14":7.332613,"02/15":7.323328,"02/16":7.313504,"02/17":7.313905,"02/18":7.313905,"02/19":7.313905,"02/20":7.2755747,"02/21":7.2665544,"02/22":7.2572956,"02/23":7.248034,"02/24":7.25043,"02/25":7.2491474,"02/26":7.2208314,"02/27":7.21233,"02/28":7.204461,"02/29":10.010882,"03/01":7.18596,"03/02":7.18596,"03/03":7.1849813,"03/04":7.1561775,"03/05":7.1441054,"03/06":7.1378136,"03/07":7.129645,"03/08":7.129645,"03/09":7.129645,"03/10":7.1300864,"03/11":7.094701,"03/12":7.088419,"03/13":7.0812516,"03/14":7.0725675,"03/15":7.063338,"03/16":7.063338,"03/17":7.068451,"03/18":7.073189,"03/19":7.0436726,"03/20":7.040368,"03/21":7.033819,"03/22":7.0239906,"03/23":7.0239906,"03/24":7.0258555,"03/25":7.027305,"03/26":6.9978504,"03/27":6.992921,"03/28":6.9944963,"03/29":6.9944963,"03/30":6.9944963,"03/31":6.9641027,"04/01":6.9641027,"04/02":6.9784985,"04/03":6.9687138,"04/04":6.966802,"04/05":6.9568696,"04/06":6.9568696,"04/07":6.954332,"04/08":6.928603,"04/09":6.938281,"04/10":6.918958,"04/11":6.9278,"04/12":6.909013,"04/13":6.909013,"04/14":6.909013,"04/15":6.8797464,"04/16":6.8885427,"04/17":6.8965893,"04/18":6.877755,"04/19":6.86834,"04/20":6.86834,"04/21":6.8850684,"04/22":6.8567705,"04/23":6.846792,"04/24":6.857672,"04/25":6.828523,"04/26":6.7869964,"04/27":6.7869964,"04/28":6.7822204,"04/29":6.782804,"04/30":6.772274,"05/01":6.772274,"05/02":6.710273,"05/03":6.6892657,"05/04":6.6892657,"05/05":6.700207,"05/06":6.612363,"05/07":6.6266685,"05/08":6.5943646,"05/09":6.575055,"05/10":6.557508,"05/11":6.557508,"05/12":6.557508,"05/13":6.5158734,"05/14":6.5366135,"05/15":6.512547,"05/16":6.501311,"05/17":6.50958,"05/18":6.50958,"05/19":6.5037484,"05/20":6.513139,"05/21":6.464915,"05/22":6.405347,"05/23":6.4139585,"05/24":6.3930564,"05/25":6.3930564,"05/26":6.394053,"05/27":6.3453326,"05/28":6.3545117,"05/29":6.354515,"05/30":6.3287945,"05/31":6.300314,"06/01":6.300314,"06/02":6.303836,"06/03":6.229388,"06/04":6.3042803,"06/05":6.29136,"06/06":6.2395253,"06/07":6.2313643,"06/08":6.2313643,"06/09":6.2121496,"06/10":6.1794,"06/11":6.148862,"06/12":6.135524,"06/13":6.0977154,"06/14":6.085332,"06/15":6.085332,"06/16":6.095238,"06/17":6.097026,"06/18":6.048049,"06/19":6.017502,"06/20":6.0124874,"06/21":5.9990807,"06/22":5.9990807,"06/23":6.002791,"06/24":5.9803176,"06/25":5.9724755,"06/26":5.976944,"06/27":5.9705114,"06/28":5.96729,"06/29":5.96729,"06/30":5.96729,"07/01":5.937823,"07/02":5.918551,"07/03":5.896085,"07/04":5.8827224,"07/05":5.868832,"07/06":5.868832,"07/07":5.868832,"07/08":5.8493643,"07/09":5.8381925,"07/10":5.8111725,"07/11":5.819975,"07/12":5.812487,"07/13":5.812487,"07/14":5.8171544,"07/15":5.7789207,"07/16":5.7789664,"07/17":5.7846885,"07/18":5.7488723,"07/19":5.737645,"07/20":5.737645,"07/21":5.7436423,"07/22":5.715691,"07/23":5.708698,"07/24":5.6901956,"07/25":5.6785345,"07/26":5.638072,"07/27":5.638072,"07/28":5.635102,"07/29":5.5815964,"07/30":5.5846753,"07/31":5.566665,"08/01":5.553929,"08/02":5.5401583,"08/03":5.5401583,"08/04":5.552071,"08/05":5.483485,"08/06":5.4632936,"08/07":5.446968,"08/08":5.443856,"08/09":5.435964,"08/10":5.435964,"08/11":5.4247513,"08/12":5.382226,"08/13":5.3712187,"08/14":5.3618755,"08/15":5.3618755,"08/16":5.347739,"08/17":5.347739,"08/18":5.3288183,"08/19":5.287964,"08/20":5.276308,"08/21":5.258425,"08/22":5.2474475,"08/23":5.241739,"08/24":5.241739,"08/25":5.2339168,"08/26":5.190192,"08/27":5.1865854,"08/28":5.1900897,"08/29":5.1726003,"08/30":5.1648664,"08/31":5.1648664,"09/01":5.16539,"09/02":5.1442227,"09/03":5.1375775,"09/04":5.1332684,"09/05":5.1430225,"09/06":4.512658,"09/07":4.512658,"09/08":4.512658,"09/09":4.4736447,"09/10":4.486184,"09/11":4.420909,"09/12":4.412038,"09/13":4.310215,"09/14":4.310215,"09/15":4.3108716,"09/16":4.241809,"09/17":4.175408,"09/18":4.1694098,"09/19":4.105233,"09/20":4.107734,"09/21":4.107734,"09/22":4.109978,"09/23":4.1223173,"09/24":4.054985,"09/25":4.0231347,"09/26":3.9717286,"09/27":3.992685,"09/28":3.992685,"09/29":3.9933093,"09/30":3.9821732,"10/01":3.9687436,"10/02":3.9687436,"10/03":3.9867163,"10/04":4.019197,"10/05":4.019197,"10/06":4.030858,"10/07":3.9904847,"10/08":3.951884,"10/09":3.9148688,"10/10":3.8995497,"10/11":3.8855517,"10/12":3.8855517,"10/13":3.895272,"10/14":3.8781908,"10/15":3.9017994,"10/16":3.822117,"10/17":3.8107486,"10/18":3.8172402,"10/19":3.8172402,"10/20":3.8187313,"10/21":3.8362253,"10/22":3.8862739,"10/23":3.8375978,"10/24":3.8135011,"10/25":3.810013,"10/26":3.810013,"10/27":3.8087273,"10/28":3.8083913,"10/29":3.8036056,"10/30":3.7924273,"10/31":3.754011,"11/01":3.754011,"11/02":3.754011,"11/03":3.7524905,"11/04":3.4715433,"11/05":3.4592671,"11/06":3.4421046,"11/07":3.4432225,"11/08":3.3907356,"11/09":3.3907356,"11/10":3.3956292,"11/11":3.3963675,"11/12":3.426395,"11/13":3.419452,"11/14":3.4277976,"11/15":3.4277976,"11/16":3.4277976,"11/17":3.420942,"11/18":3.395604,"11/19":3.344278,"11/20":3.3452942,"11/21":3.3279705,"11/22":3.3939936,"11/23":3.3939936,"11/24":3.4014432,"11/25":3.3308737,"11/26":3.3789248,"11/27":3.3910768,"11/28":3.3851845,"11/29":3.3478892,"11/30":3.3478892,"12/01":3.3478892,"12/02":3.2128806,"12/03":3.1417406,"12/04":3.0906956,"12/05":3.080498,"12/06":3.0771,"12/07":3.0771,"12/08":3.0771,"12/09":3.041685,"12/10":3.012616,"12/11":3.0077722,"12/12":2.9951882,"12/13":2.9908319,"12/14":2.9908319,"12/15":2.9908319,"12/16":2.9908319,"12/17":2.9395926,"12/18":2.938146,"12/19":3.0198815,"12/20":3.0223024,"12/21":3.0223024,"12/22":3.0223024,"12/23":2.981157,"12/24":2.9681017,"12/25":2.9681017,"12/26":5.1672454,"12/27":5.1667395,"12/28":5.1667395,"12/29":5.1616282,"12/30":5.163754,"12/31":5.1639695},"2023":{"12/26":9.581003,"12/27":9.534998,"12/28":9.534998,"12/29":9.519665,"12/30":9.706645,"12/31":9.724638},"2024":{"01/01":9.689418,"01/02":9.720634,"01/03":9.695693,"01/04":9.675964,"01/05":9.675964,"01/06":9.66498,"01/07":9.798828,"01/08":9.730098,"01/09":9.725254,"01/10":9.692066,"01/11":9.672362,"01/12":9.672362,"01/13":9.648424,"01/14":9.499769,"01/15":9.525039,"01/16":9.602184,"01/17":9.677384,"01/18":9.657717,"01/19":9.655528,"01/20":9.782078,"01/21":9.826921,"01/22":9.798023,"01/23":9.698586,"01/24":9.711204,"01/25":9.870893,"01/26":9.870893,"01/27":9.933701,"01/28":10.035386,"01/29":9.746971,"01/30":9.764225,"01/31":9.768345,"02/01":9.748698,"02/02":9.730161,"02/03":9.843466,"02/04":9.8583765,"02/05":9.840567,"02/06":9.880709,"02/07":10.151141,"02/08":10.133649,"02/09":10.115058,"02/10":10.1249895,"02/11":10.131938,"02/12":10.124523,"02/13":10.074205,"02/14":10.123988,"02/15":10.105418,"02/16":10.085772,"02/17":10.101628,"02/18":10.101628,"02/19":10.101628,"02/20":10.019321,"02/21":10.010698,"02/22":9.992181,"02/23":9.973658,"02/24":10.0687275,"02/25":10.018218,"02/26":9.961586,"02/27":9.993468,"02/28":10.029382,"02/29":10.010882,"03/01":9.992379,"03/02":9.992379,"03/03":9.953806,"03/04":9.896197,"03/05":9.739439,"03/06":9.842554,"03/07":9.845945,"03/08":9.845945,"03/09":9.845945,"03/10":9.863738,"03/11":9.870842,"03/12":9.96692,"03/13":10.026449,"03/14":10.009081,"03/15":9.990622,"03/16":9.990622,"03/17":10.177131,"03/18":10.340951,"03/19":10.54583,"03/20":10.696008,"03/21":10.759283,"03/22":10.739627,"03/23":10.739627,"03/24":10.794823,"03/25":10.837207,