{"0":{"01/01":24.753056,"01/02":24.729366,"01/03":24.581179,"01/04":24.283379,"01/05":24.283379,"01/06":24.283379,"01/07":24.283379,"01/08":25.670227,"01/09":25.899736,"01/10":25.505915,"01/11":25.328178,"01/12":25.328178,"01/13":25.328178,"01/14":25.328178,"01/15":22.647705,"01/16":22.943762,"01/17":25.033072,"01/18":24.969208,"01/19":23.405792,"01/20":23.405792,"01/21":23.405792,"01/22":23.405792,"01/23":24.66581,"01/24":23.272903,"01/25":25.024303,"01/26":25.024303,"01/27":25.024303,"01/28":25.024303,"01/29":23.87992,"01/30":24.603579,"01/31":23.174345,"02/01":22.827589,"02/02":22.123156,"02/03":22.123156,"02/04":22.123156,"02/05":22.396278,"02/06":21.515451,"02/07":21.722887,"02/08":22.67061,"02/09":22.309896,"02/10":22.309896,"02/11":22.309896,"02/12":23.274122,"02/13":22.291914,"02/14":21.804869,"02/15":21.256851,"02/16":21.097986,"02/17":21.097986,"02/18":21.097986,"02/19":21.097986,"02/20":19.800495,"02/21":20.528355,"02/22":19.637392,"02/23":19.883368,"02/24":19.883368,"02/25":19.883368,"02/26":20.31336,"02/27":20.40739,"02/28":21.483511,"02/29":20.653044,"03/01":19.53769,"03/02":19.53769,"03/03":19.53769,"03/04":19.376442,"03/05":19.43472,"03/06":19.304537,"03/07":19.40272,"03/08":19.40272,"03/09":19.40272,"03/10":19.40272,"03/11":20.316845,"03/12":20.42715,"03/13":21.511896,"03/14":21.126202,"03/15":21.865541,"03/16":21.865541,"03/17":21.865541,"03/18":21.865541,"03/19":23.034674,"03/20":22.874754,"03/21":21.693214,"03/22":21.27807,"03/23":21.27807,"03/24":21.27807,"03/25":21.27807,"03/26":21.842936,"03/27":21.716955,"03/28":20.707905,"03/29":20.707905,"03/30":20.707905,"03/31":20.703228,"04/01":20.703228,"04/02":19.486176,"04/03":19.351322,"04/04":19.230438,"04/05":18.22618,"04/06":18.22618,"04/07":18.22618,"04/08":17.608864,"04/09":17.608864,"04/10":17.078089,"04/11":17.078089,"04/12":18.400059,"04/13":18.400059,"04/14":18.400059,"04/15":19.714298,"04/16":20.10838,"04/17":20.10838,"04/18":21.009912,"04/19":20.12341,"04/20":20.12341,"04/21":20.12341,"04/22":19.667229,"04/23":19.137096,"04/24":18.897572,"04/25":18.20042,"04/26":18.029364,"04/27":18.029364,"04/28":18.029364,"04/29":17.095673,"04/30":16.836916,"05/01":16.836916,"05/02":16.381426,"05/03":16.804115,"05/04":16.804115,"05/05":16.804115,"05/06":17.029774,"05/07":17.340115,"05/08":17.067112,"05/09":18.666908,"05/10":18.096382,"05/11":18.096382,"05/12":18.096382,"05/13":17.795382,"05/14":17.161634,"05/15":17.101164,"05/16":16.046986,"05/17":15.416923,"05/18":15.416923,"05/19":15.416923,"05/20":15.416923,"05/21":15.455358,"05/22":15.1432085,"05/23":15.1432085,"05/24":13.854143,"05/25":13.854143,"05/26":13.854143,"05/27":13.888431,"05/28":13.812608,"05/29":14.703961,"05/30":15.284693,"05/31":15.262329,"06/01":15.262329,"06/02":15.262329,"06/03":12.071815,"06/04":17.628817,"06/05":13.949796,"06/06":12.567204,"06/07":10.6399,"06/08":10.6399,"06/09":10.6399,"06/10":10.63598,"06/11":10.76955,"06/12":10.543846,"06/13":10.346383,"06/14":9.865472,"06/15":9.865472,"06/16":9.865472,"06/17":9.865472,"06/18":9.407907,"06/19":9.074144,"06/20":8.716825,"06/21":9.097981,"06/22":9.097981,"06/23":9.097981,"06/24":8.234957,"06/25":7.770371,"06/26":7.691313,"06/27":7.0134263,"06/28":6.7488527,"06/29":6.7488527,"06/30":6.7488527,"07/01":5.6704,"07/02":5.8766155,"07/03":4.5740643,"07/04":3.981504,"07/05":4.048265,"07/06":4.048265,"07/07":4.048265,"07/08":3.556077,"07/09":3.0132148,"07/10":3.3502295,"07/11":3.065122,"07/12":2.581325,"07/13":2.581325,"07/14":2.581325,"07/15":2.0269165,"07/16":2.0269165,"07/17":2.0269165,"07/18":1.4273294,"07/19":1.9560574,"07/20":1.9560574,"07/21":1.9560574,"07/22":1.4982821,"07/23":1.5809096,"07/24":1.5825579,"07/25":1.5825579,"07/26":0.06896906,"07/27":0.06896906,"07/28":0.06896906,"07/29":-0.020829557,"07/30":0.021641059,"07/31":-0.289261,"08/01":-0.12805675,"08/02":0.616033,"08/03":0.616033,"08/04":0.616033,"08/05":2.946082,"08/06":3.2604291,"08/07":1.8254414,"08/08":1.9727199,"08/09":1.2528491,"08/10":1.2528491,"08/11":1.2528491,"08/12":1.1551738,"08/13":2.3742921,"08/14":2.1078975,"08/15":2.1078975,"08/16":0.40472838,"08/17":0.40472838,"08/18":0.40472838,"08/19":0.5398338,"08/20":-0.10087299,"08/21":-0.17599827,"08/22":-0.39353263,"08/23":-0.024832483,"08/24":-0.024832483,"08/25":-0.024832483,"08/26":-0.49440822,"08/27":-0.7839725,"08/28":-0.8241908,"08/29":-1.1110644,"08/30":-1.4484639,"08/31":-1.4484639,"09/01":-1.4484639,"09/02":-2.1232998,"09/03":-2.3523154,"09/04":-2.1409564,"09/05":-2.1409564,"09/06":-0.91711396,"09/07":-0.91711396,"09/08":-0.91711396,"09/09":-0.8769785,"09/10":-1.1721547,"09/11":-0.72635573,"09/12":-1.9741379,"09/13":-1.72555,"09/14":-1.72555,"09/15":-1.72555,"09/16":-1.8461432,"09/17":-1.9556499,"09/18":-1.9556499,"09/19":-2.3714118,"09/20":-3.6647878,"09/21":-3.6647878,"09/22":-3.6647878,"09/23":-4.3317227,"09/24":-4.119279,"09/25":-4.4196587,"09/26":-5.106543,"09/27":-4.691962,"09/28":-4.691962,"09/29":-4.691962,"09/30":-3.7969923,"10/01":-4.151686,"10/02":-4.151686,"10/03":-2.6714382,"10/04":-1.6736625,"10/05":-1.6736625,"10/06":-1.6736625,"10/07":-0.4634484,"10/08":-1.2042344,"10/09":-1.38304,"10/10":-2.073378,"10/11":-1.8677565,"10/12":-1.8677565,"10/13":-1.8677565,"10/14":-2.2781398,"10/15":-2.2505805,"10/16":-1.8878154,"10/17":-0.9808045,"10/18":-1.0459774,"10/19":-1.0459774,"10/20":-1.0459774,"10/21":-0.60537195,"10/22":0.63632387,"10/23":0.6411927,"10/24":0.7769279,"10/25":1.1789607,"10/26":1.1789607,"10/27":1.1789607,"10/28":0.9416009,"10/29":0.0,"10/30":0.0,"10/31":0.0,"11/01":0.0,"11/02":0.0,"11/03":0.0,"11/04":0.0,"11/05":0.0,"11/06":0.0,"11/07":0.0,"11/08":0.0,"11/09":0.0,"11/10":0.0,"11/11":0.0,"11/12":0.0,"11/13":0.0,"11/14":0.0,"11/15":0.0,"11/16":0.0,"11/17":0.0,"11/18":0.0,"11/19":0.0,"11/20":0.0,"11/21":0.0,"11/22":0.0,"11/23":0.0,"11/24":0.0,"11/25":0.0,"11/26":0.0,"11/27":0.0,"11/28":0.0,"11/29":0.0,"11/30":0.0,"12/01":0.0,"12/02":0.0,"12/03":0.0,"12/04":0.0,"12/05":0.0,"12/06":0.0,"12/07":0.0,"12/08":0.0,"12/09":0.0,"12/10":0.0,"12/11":0.0,"12/12":0.0,"12/13":0.0,"12/14":0.0,"12/15":0.0,"12/16":0.0,"12/17":0.0,"12/18":0.0,"12/19":0.0,"12/20":0.0,"12/21":0.0,"12/22":0.0,"12/23":0.0,"12/24":0.0,"12/25":0.0,"12/26":12.3915,"12/27":12.3915,"12/28":12.382142,"12/29":12.376528,"12/30":12.376528,"12/31":12.376528},"2023":{"12/26":24.783,"12/27":24.783,"12/28":24.764284,"12/29":24.753056,"12/30":24.753056,"12/31":24.753056},"2024":{"01/01":24.753056,"01/02":24.729366,"01/03":24.581179,"01/04":24.283379,"01/05":24.283379,"01/06":24.283379,"01/07":24.283379,"01/08":25.670227,"01/09":25.899736,"01/10":25.505915,"01/11":25.328178,"01/12":25.328178,"01/13":25.328178,"01/14":25.328178,"01/15":22.647705,"01/16":22.943762,"01/17":25.033072,"01/18":24.969208,"01/19":23.405792,"01/20":23.405792,"01/21":23.405792,"01/22":23.405792,"01/23":24.66581,"01/24":23.272903,"01/25":25.024303,"01/26":25.024303,"01/27":25.024303,"01/28":25.024303,"01/29":23.87992,"01/30":24.603579,"01/31":23.174345,"02/01":22.827589,"02/02":22.123156,"02/03":22.123156,"02/04":22.123156,"02/05":22.396278,"02/06":21.515451,"02/07":21.722887,"02/08":22.67061,"02/09":22.309896,"02/10":22.309896,"02/11":22.309896,"02/12":23.274122,"02/13":22.291914,"02/14":21.804869,"02/15":21.256851,"02/16":21.097986,"02/17":21.097986,"02/18":21.097986,"02/19":21.097986,"02/20":19.800495,"02/21":20.528355,"02/22":19.637392,"02/23":19.883368,"02/24":19.883368,"02/25":19.883368,"02/26":20.31336,"02/27":20.40739,"02/28":21.483511,"02/29":20.653044,"03/01":19.53769,"03/02":19.53769,"03/03":19.53769,"03/04":19.376442,"03/05":19.43472,"03/06":19.304537,"03/07":19.40272,"03/08":19.40272,"03/09":19.40272,"03/10":19.40272,"03/11":20.316845,"03/12":20.42715,"03/13":21.511896,"03/14":21.126202,"03/15":21.865541,"03/16":21.865541,"03/17":21.865541,"03/18":21.865541,"03/19":23.034674,"03/20":22.874754,"03/21":21.693214,"03/22":21.27807,"03/23":21.27807,"03/24":21.27807,"03/25":21.27807,"03/26":21.842936,"03/27":21.716955,"03/28":20.707905,"03/29":20.707905,"03/30":20.707905,"03/31":20.703228,