{"0":{"01/01":8.506882,"01/02":8.498272,"01/03":8.48805,"01/04":8.47881,"01/05":8.47881,"01/06":8.479047,"01/07":8.479599,"01/08":8.456082,"01/09":8.471729,"01/10":8.442316,"01/11":8.453188,"01/12":8.453188,"01/13":8.452505,"01/14":8.452599,"01/15":8.386467,"01/16":8.359793,"01/17":8.364957,"01/18":8.370377,"01/19":8.378515,"01/20":8.37861,"01/21":8.379424,"01/22":8.37993,"01/23":8.330523,"01/24":8.341604,"01/25":8.35355,"01/26":8.35355,"01/27":8.355097,"01/28":8.355751,"01/29":8.312088,"01/30":8.273199,"01/31":8.256018,"02/01":8.173102,"02/02":8.08828,"02/03":8.088816,"02/04":8.088292,"02/05":8.13662,"02/06":8.098848,"02/07":8.090022,"02/08":8.023248,"02/09":8.029167,"02/10":8.029713,"02/11":8.030254,"02/12":8.011625,"02/13":8.075654,"02/14":8.134892,"02/15":8.03826,"02/16":8.036102,"02/17":8.036615,"02/18":8.036615,"02/19":8.036615,"02/20":7.98775,"02/21":7.9285984,"02/22":7.912487,"02/23":7.906047,"02/24":7.9069347,"02/25":7.9065204,"02/26":7.885048,"02/27":7.8961277,"02/28":7.8658104,"02/29":8.16782,"03/01":7.8129687,"03/02":7.8129687,"03/03":7.8131676,"03/04":7.7715816,"03/05":7.749611,"03/06":7.7227764,"03/07":7.712022,"03/08":7.712022,"03/09":7.712022,"03/10":7.7120123,"03/11":7.6187077,"03/12":7.614053,"03/13":7.6067677,"03/14":7.6035814,"03/15":7.5257487,"03/16":7.5257487,"03/17":7.525916,"03/18":7.526112,"03/19":7.5830107,"03/20":7.5647345,"03/21":7.534154,"03/22":7.517665,"03/23":7.517665,"03/24":7.5185957,"03/25":7.5194187,"03/26":7.494136,"03/27":7.4487343,"03/28":7.3953266,"03/29":7.3953266,"03/30":7.3953266,"03/31":7.3632574,"04/01":7.3632574,"04/02":7.347401,"04/03":7.3469315,"04/04":7.3727465,"04/05":7.359344,"04/06":7.359344,"04/07":7.358716,"04/08":7.3767157,"04/09":7.3808537,"04/10":7.3524075,"04/11":7.355319,"04/12":7.4004664,"04/13":7.4004664,"04/14":7.4004664,"04/15":7.368213,"04/16":7.411559,"04/17":7.416937,"04/18":7.4072275,"04/19":7.5012503,"04/20":7.5012503,"04/21":7.5077486,"04/22":7.4313707,"04/23":7.3924484,"04/24":7.373884,"04/25":7.359546,"04/26":7.389245,"04/27":7.389245,"04/28":7.391495,"04/29":7.330054,"04/30":7.293383,"05/01":7.293383,"05/02":7.273995,"05/03":7.2529993,"05/04":7.2529993,"05/05":7.256503,"05/06":7.19643,"05/07":7.1661925,"05/08":7.1693373,"05/09":7.167721,"05/10":7.1607614,"05/11":7.1607614,"05/12":7.1607614,"05/13":7.107323,"05/14":7.1106052,"05/15":7.070856,"05/16":7.027466,"05/17":7.0220957,"05/18":7.0220957,"05/19":7.02546,"05/20":7.031191,"05/21":6.9925833,"05/22":6.986586,"05/23":6.9893527,"05/24":6.9721127,"05/25":6.9721127,"05/26":6.9733276,"05/27":6.923383,"05/28":6.9138775,"05/29":6.9317493,"05/30":6.8926992,"05/31":6.8781977,"06/01":6.8781977,"06/02":6.880085,"06/03":6.811888,"06/04":6.967269,"06/05":6.9415483,"06/06":6.9275265,"06/07":6.9162035,"06/08":6.9162035,"06/09":6.909506,"06/10":6.8384295,"06/11":6.825275,"06/12":6.794518,"06/13":6.7598486,"06/14":6.7023873,"06/15":6.7023873,"06/16":6.706649,"06/17":6.714413,"06/18":6.671113,"06/19":6.624148,"06/20":6.580418,"06/21":6.582536,"06/22":6.582536,"06/23":6.5833073,"06/24":6.547838,"06/25":6.5477567,"06/26":6.555495,"06/27":6.5618515,"06/28":6.5401344,"06/29":6.5401344,"06/30":6.5401344,"07/01":6.5258427,"07/02":6.5104985,"07/03":6.5142016,"07/04":6.462409,"07/05":6.4434066,"07/06":6.4434066,"07/07":6.4434066,"07/08":6.4486814,"07/09":6.412858,"07/10":6.3917866,"07/11":6.364907,"07/12":6.3242917,"07/13":6.3242917,"07/14":6.324612,"07/15":6.279888,"07/16":6.281263,"07/17":6.2863383,"07/18":6.255711,"07/19":6.2335877,"07/20":6.2335877,"07/21":6.236085,"07/22":6.2084413,"07/23":6.194338,"07/24":6.18802,"07/25":6.1863,"07/26":6.0708513,"07/27":6.0708513,"07/28":6.0716667,"07/29":6.0582514,"07/30":6.042858,"07/31":6.053502,"08/01":6.011674,"08/02":5.9938846,"08/03":5.9938846,"08/04":6.0004234,"08/05":5.918345,"08/06":5.920745,"08/07":5.902498,"08/08":5.904144,"08/09":5.9030995,"08/10":5.9030995,"08/11":5.9009647,"08/12":5.853403,"08/13":5.856065,"08/14":5.8497877,"08/15":5.8497877,"08/16":5.8362637,"08/17":5.8362637,"08/18":5.832787,"08/19":5.805583,"08/20":5.7831144,"08/21":5.7518015,"08/22":5.7575364,"08/23":5.7176533,"08/24":5.7176533,"08/25":5.7172556,"08/26":5.6793804,"08/27":5.660816,"08/28":5.637564,"08/29":5.607525,"08/30":5.58899,"08/31":5.58899,"09/01":5.59136,"09/02":5.584937,"09/03":5.535633,"09/04":5.5243254,"09/05":5.5268946,"09/06":5.5284395,"09/07":5.5284395,"09/08":5.5284395,"09/09":5.4927864,"09/10":5.4749794,"09/11":5.4694448,"09/12":5.4385233,"09/13":5.3217783,"09/14":5.3217783,"09/15":5.322067,"09/16":5.2783027,"09/17":5.270792,"09/18":5.2717824,"09/19":5.166236,"09/20":5.1540337,"09/21":5.1540337,"09/22":5.1566916,"09/23":5.0632668,"09/24":5.007623,"09/25":5.00354,"09/26":4.931084,"09/27":4.9391713,"09/28":4.9391713,"09/29":4.940153,"09/30":4.917209,"10/01":4.915406,"10/02":4.915406,"10/03":4.9113655,"10/04":4.9472456,"10/05":4.9472456,"10/06":4.9564815,"10/07":4.9418626,"10/08":4.9357843,"10/09":4.8396263,"10/10":4.8083234,"10/11":4.7951674,"10/12":4.7951674,"10/13":4.7966337,"10/14":4.7592716,"10/15":4.7303686,"10/16":4.7502613,"10/17":4.676631,"10/18":4.6938033,"10/19":4.6938033,"10/20":4.696093,"10/21":4.6849775,"10/22":4.6991305,"10/23":4.688649,"10/24":4.6695476,"10/25":4.6604652,"10/26":4.6604652,"10/27":4.662694,"10/28":4.6631374,"10/29":4.6506004,"10/30":4.648094,"10/31":4.5667777,"11/01":4.5667777,"11/02":4.5667777,"11/03":4.5696464,"11/04":4.5657897,"11/05":4.563272,"11/06":4.5456376,"11/07":4.5398426,"11/08":4.497067,"11/09":4.497067,"11/10":4.499473,"11/11":4.4925613,"11/12":4.4664874,"11/13":4.4551196,"11/14":4.4536138,"11/15":4.4536138,"11/16":4.4536138,"11/17":4.4544926,"11/18":4.42268,"11/19":4.4106627,"11/20":4.408902,"11/21":4.4181943,"11/22":4.4714847,"11/23":4.4714847,"11/24":4.474852,"11/25":4.4160757,"11/26":4.447064,"11/27":4.5094104,"11/28":4.491258,"11/29":4.3856163,"11/30":4.3856163,"12/01":4.3856163,"12/02":4.2688813,"12/03":4.254887,"12/04":4.188013,"12/05":4.1616106,"12/06":4.262884,"12/07":4.262884,"12/08":4.262884,"12/09":4.2154408,"12/10":4.188013,"12/11":4.1491623,"12/12":4.146675,"12/13":4.1446815,"12/14":4.1446815,"12/15":4.1446815,"12/16":4.1446815,"12/17":4.098444,"12/18":4.1054,"12/19":4.22592,"12/20":4.1890116,"12/21":4.1890116,"12/22":4.1890116,"12/23":4.0949664,"12/24":4.0999312,"12/25":4.0999312,"12/26":5.6971955,"12/27":5.697332,"12/28":5.6922507,"12/29":5.6907997,"12/30":5.6908607,"12/31":5.690842},"2023":{"12/26":8.8449955,"12/27":8.912001,"12/28":8.896755,"12/29":8.892405,"12/30":8.919398,"12/31":8.911398},"2024":{"01/01":8.854623,"01/02":8.864203,"01/03":8.876496,"01/04":8.858016,"01/05":8.858016,"01/06":8.920938,"01/07":9.040791,"01/08":8.9710245,"01/09":8.974623,"01/10":8.905897,"01/11":8.927639,"01/12":8.927639,"01/13":8.729978,"01/14":8.764916,"01/15":8.639599,"01/16":8.863417,"01/17":8.814475,"01/18":8.825315,"01/19":8.841591,"01/20":8.8635235,"01/21":9.02103,"01/22":9.101786,"01/23":9.008874,"01/24":8.978874,"01/25":9.002767,"01/26":9.002767,"01/27":9.2249775,"01/28":9.303689,"01/29":9.2007,"01/30":9.15034,"01/31":9.13946,"02/01":8.97363,"02/02":8.803984,"02/03":8.881326,"02/04":8.805969,"02/05":8.939796,"02/06":8.870118,"02/07":8.741873,"02/08":8.608324,"02/09":8.620163,"02/10":8.713263,"02/11":8.794489,"02/12":8.710339,"02/13":8.89896,"02/14":8.993018,"02/15":8.799754,"02/16":8.795437,"02/17":8.86577,"02/18":8.86577,"02/19":8.86577,"02/20":8.789497,"02/21":8.671194,"02/22":8.638971,"02/23":8.626091,"02/24":8.749615,"02/25":8.694276,"02/26":8.651331,"02/27":8.363875,"02/28":8.205206,"02/29":8.16782,"03/01":8.099523,"03/02":8.099523,"03/03":8.166606,"03/04":8.083433,"03/05":7.982614,"03/06":8.045573,"03/07":7.980977,"03/08":7.980977,"03/09":7.980977,"03/10":7.977033,"03/11":7.844288,"03/12":7.8839016,"03/13":7.9201655,"03/14":7.9137936,"03/15":7.758128,"03/16":7.758128,"03/17":7.825836,"03/18":7.8896227,"03/19":8.330884,"03/20":8.477109,"03/21":8.450692,"03/22":8.417715,"03/23":8.417715,"03/24":8.523666,"03/25":8.609024,"03/26":8.586332,"03/27":8.848918,