{"0":{"01/01":8.548651,"01/02":8.54003,"01/03":8.529796,"01/04":8.5205555,"01/05":8.5205555,"01/06":8.520769,"01/07":8.521275,"01/08":8.4977665,"01/09":8.513425,"01/10":8.484015,"01/11":8.494886,"01/12":8.494886,"01/13":8.49428,"01/14":8.49436,"01/15":8.428225,"01/16":8.401444,"01/17":8.406631,"01/18":8.412051,"01/19":8.420189,"01/20":8.420276,"01/21":8.42103,"01/22":8.421504,"01/23":8.372096,"01/24":8.383197,"01/25":8.3951435,"01/26":8.3951435,"01/27":8.396605,"01/28":8.39723,"01/29":8.353573,"01/30":8.314673,"01/31":8.2974825,"02/01":8.214567,"02/02":8.129745,"02/03":8.130251,"02/04":8.129757,"02/05":8.178069,"02/06":8.140295,"02/07":8.131512,"02/08":8.064737,"02/09":8.070657,"02/10":8.071167,"02/11":8.071677,"02/12":8.053068,"02/13":8.117073,"02/14":8.176321,"02/15":8.079689,"02/16":8.07753,"02/17":8.078017,"02/18":8.078017,"02/19":8.078017,"02/20":8.029143,"02/21":7.9699917,"02/22":7.9538803,"02/23":7.94744,"02/24":7.9482803,"02/25":7.9478865,"02/26":7.9264145,"02/27":7.937614,"02/28":7.9073343,"02/29":8.16782,"03/01":7.854493,"03/02":7.854493,"03/03":7.8546667,"03/04":7.81308,"03/05":7.7911315,"03/06":7.764252,"03/07":7.753514,"03/08":7.753514,"03/09":7.753514,"03/10":7.7535057,"03/11":7.6601806,"03/12":7.655507,"03/13":7.648202,"03/14":7.6450157,"03/15":7.567183,"03/16":7.567183,"03/17":7.5673246,"03/18":7.5674963,"03/19":7.6242676,"03/20":7.6059213,"03/21":7.575327,"03/22":7.558838,"03/23":7.558838,"03/24":7.5597286,"03/25":7.560519,"03/26":7.5352254,"03/27":7.489687,"03/28":7.4362087,"03/29":7.4362087,"03/30":7.4362087,"03/31":7.404114,"04/01":7.404114,"04/02":7.3880205,"04/03":7.38754,"04/04":7.413324,"04/05":7.3999214,"04/06":7.3999214,"04/07":7.399305,"04/08":7.417328,"04/09":7.4213924,"04/10":7.3929462,"04/11":7.39581,"04/12":7.4409575,"04/13":7.4409575,"04/14":7.4409575,"04/15":7.4087043,"04/16":7.452011,"04/17":7.457311,"04/18":7.447602,"04/19":7.5416245,"04/20":7.5416245,"04/21":7.5480375,"04/22":7.471659,"04/23":7.4327374,"04/24":7.4141264,"04/25":7.3998203,"04/26":7.4295187,"04/27":7.4295187,"04/28":7.4317403,"04/29":7.3702903,"04/30":7.3336196,"05/01":7.3336196,"05/02":7.3142314,"05/03":7.293236,"05/04":7.293236,"05/05":7.2966948,"05/06":7.236619,"05/07":7.2063627,"05/08":7.209678,"05/09":7.20807,"05/10":7.20111,"05/11":7.20111,"05/12":7.20111,"05/13":7.1476717,"05/14":7.1506915,"05/15":7.110885,"05/16":7.067432,"05/17":7.062062,"05/18":7.062062,"05/19":7.065388,"05/20":7.071058,"05/21":7.032361,"05/22":7.026348,"05/23":7.029088,"05/24":7.0118475,"05/25":7.0118475,"05/26":7.013051,"05/27":6.9631004,"05/28":6.9535723,"05/29":6.9714327,"05/30":6.9324064,"05/31":6.9179044,"06/01":6.9179044,"06/02":6.9197736,"06/03":6.8515563,"06/04":7.006937,"06/05":6.981215,"06/06":6.9671144,"06/07":6.9557915,"06/08":6.9557915,"06/09":6.9491553,"06/10":6.8781967,"06/11":6.8650846,"06/12":6.834371,"06/13":6.7997384,"06/14":6.742277,"06/15":6.742277,"06/16":6.7464895,"06/17":6.7541695,"06/18":6.710865,"06/19":6.66396,"06/20":6.6202207,"06/21":6.622339,"06/22":6.622339,"06/23":6.623101,"06/24":6.587579,"06/25":6.587539,"06/26":6.595286,"06/27":6.6016426,"06/28":6.5799255,"06/29":6.5799255,"06/30":6.5799255,"07/01":6.565634,"07/02":6.5502896,"07/03":6.5539927,"07/04":6.5022,"07/05":6.4831977,"07/06":6.4831977,"07/07":6.4831977,"07/08":6.488299,"07/09":6.4525075,"07/10":6.431452,"07/11":6.404549,"07/12":6.363934,"07/13":6.363934,"07/14":6.364251,"07/15":6.3195205,"07/16":6.3208804,"07/17":6.325903,"07/18":6.295249,"07/19":6.2731256,"07/20":6.2731256,"07/21":6.2755976,"07/22":6.247967,"07/23":6.2338357,"07/24":6.227518,"07/25":6.2258153,"07/26":6.110367,"07/27":6.110367,"07/28":6.1111736,"07/29":6.0977674,"07/30":6.082382,"07/31":6.092996,"08/01":6.051114,"08/02":6.0333242,"08/03":6.0333242,"08/04":6.039798,"08/05":5.9577136,"08/06":5.960229,"08/07":5.941954,"08/08":5.9435663,"08/09":5.942522,"08/10":5.942522,"08/11":5.9404097,"08/12":5.8929296,"08/13":5.8956203,"08/14":5.889245,"08/15":5.889245,"08/16":5.8757215,"08/17":5.8757215,"08/18":5.872283,"08/19":5.8450985,"08/20":5.8225856,"08/21":5.791263,"08/22":5.796998,"08/23":5.7571144,"08/24":5.7571144,"08/25":5.7567215,"08/26":5.718932,"08/27":5.700368,"08/28":5.6770134,"08/29":5.64703,"08/30":5.628495,"08/31":5.628495,"09/01":5.6308365,"09/02":5.624429,"09/03":5.5751367,"09/04":5.563792,"09/05":5.566331,"09/06":5.567876,"09/07":5.567876,"09/08":5.567876,"09/09":5.5321836,"09/10":5.5143743,"09/11":5.508827,"09/12":5.477913,"09/13":5.361168,"09/14":5.361168,"09/15":5.3614526,"09/16":5.317681,"09/17":5.31015,"09/18":5.311129,"09/19":5.205584,"09/20":5.1933813,"09/21":5.1933813,"09/22":5.1960077,"09/23":5.1025467,"09/24":5.046914,"09/25":5.042807,"09/26":4.9703226,"09/27":4.97841,"09/28":4.97841,"09/29":4.97938,"09/30":4.956409,"10/01":4.9546394,"10/02":4.9546394,"10/03":4.9505987,"10/04":4.986479,"10/05":4.986479,"10/06":4.9956107,"10/07":4.9809165,"10/08":4.974797,"10/09":4.8786163,"10/10":4.847297,"10/11":4.8341413,"10/12":4.8341413,"10/13":4.835593,"10/14":4.798215,"10/15":4.769298,"10/16":4.7891498,"10/17":4.7154794,"10/18":4.7326517,"10/19":4.7326517,"10/20":4.7349195,"10/21":4.723804,"10/22":4.737957,"10/23":4.7274985,"10/24":4.7084007,"10/25":4.6993184,"10/26":4.6993184,"10/27":4.701526,"10/28":4.70196,"10/29":4.6893806,"10/30":4.6868978,"10/31":4.605568,"11/01":4.605568,"11/02":4.605568,"11/03":4.60841,"11/04":4.604547,"11/05":4.6020293,"11/06":4.5843763,"11/07":4.578579,"11/08":4.5358033,"11/09":4.5358033,"11/10":4.5381875,"11/11":4.531256,"11/12":4.505177,"11/13":4.4937987,"11/14":4.492293,"11/15":4.492293,"11/16":4.492293,"11/17":4.4931636,"11/18":4.4613385,"11/19":4.449308,"11/20":4.447563,"11/21":4.456853,"11/22":4.5101433,"11/23":4.5101433,"11/24":4.513481,"11/25":4.454722,"11/26":4.485685,"11/27":4.548028,"11/28":4.53147,"11/29":4.4257903,"11/30":4.4257903,"12/01":4.4267974,"12/02":4.3125963,"12/03":4.297485,"12/04":4.2305484,"12/05":4.2090917,"12/06":4.3105774,"12/07":4.3105774,"12/08":4.31281,"12/09":4.2589097,"12/10":4.2277975,"12/11":4.1891813,"12/12":4.1874685,"12/13":4.1854744,"12/14":4.1854744,"12/15":4.1781874,"12/16":4.1774125,"12/17":4.131574,"12/18":4.1359415,"12/19":4.259737,"12/20":4.2228713,"12/21":4.2228713,"12/22":4.225355,"12/23":4.1333776,"12/24":4.141716,"12/25":4.141716,"12/26":5.7250633,"12/27":5.725183,"12/28":5.720102,"12/29":5.718651,"12/30":5.7187057,"12/31":5.718689},"2023":{"12/26":8.8449955,"12/27":8.912001,"12/28":8.896755,"12/29":8.892405,"12/30":8.919398,"12/31":8.911398},"2024":{"01/01":8.854623,"01/02":8.864203,"01/03":8.876496,"01/04":8.858016,"01/05":8.858016,"01/06":8.920938,"01/07":9.040791,"01/08":8.9710245,"01/09":8.974623,"01/10":8.905897,"01/11":8.927639,"01/12":8.927639,"01/13":8.729978,"01/14":8.764916,"01/15":8.639599,"01/16":8.863417,"01/17":8.814475,"01/18":8.825315,"01/19":8.841591,"01/20":8.8635235,"01/21":9.02103,"01/22":9.101786,"01/23":9.008874,"01/24":8.978874,"01/25":9.002767,"01/26":9.002767,"01/27":9.2249775,"01/28":9.303689,"01/29":9.2007,"01/30":9.15034,"01/31":9.13946,"02/01":8.97363,"02/02":8.803984,"02/03":8.881326,"02/04":8.805969,"02/05":8.939796,"02/06":8.870118,"02/07":8.741873,"02/08":8.608324,"02/09":8.620163,"02/10":8.713263,"02/11":8.794489,"02/12":8.710339,"02/13":8.89896,"02/14":8.993018,"02/15":8.799754,"02/16":8.795437,"02/17":8.86577,"02/18":8.86577,"02/19":8.86577,"02/20":8.789497,"02/21":8.671194,"02/22":8.638971,"02/23":8.626091,"02/24":8.749615,"02/25":8.694276,"02/26":8.651331,"02/27":8.363875,"02/28":8.205206,"02/29":8.16782,"03/01":8.099523,"03/02":8.099523,"03/03":8.166606,"03/04":8.083433,"03/05":7.982614,"03/06":8.045573,"03/07":7.980977,"03/08":7.980977,"03/09":7.980977,"03/10":7.977033,"03/11":7.844288,"03/12":7.8839016,"03/13":7.9201655,"03/14":7.9137936,"03/15":7.758128,"03/16":7.758128,"03/17":7.825836,"03/18":7.8896227,"03/19":8.330884,"03/20":8.477109,"03/21":8.450692,"03/22":8.417715,"03/23":8.417715,"03/24":8.523666,"03/25":8.609024,"03/26":8.586332,"03/27":8.848918,"03/28":8.927908,"03/29":8.927908,