{"0":{"01/01":9.714194,"01/02":9.38957,"01/03":9.25783,"01/04":9.470432,"01/05":9.45221,"01/06":9.43186,"01/07":9.43186,"01/08":9.543436,"01/09":9.583669,"01/10":9.616214,"01/11":9.687078,"01/12":9.67099,"01/13":9.653832,"01/14":9.653832,"01/15":10.2794895,"01/16":10.072504,"01/17":9.735819,"01/18":9.483066,"01/19":9.874201,"01/20":9.854893,"01/21":9.854893,"01/22":9.854893,"01/23":9.342182,"01/24":9.829708,"01/25":9.872085,"01/26":9.872085,"01/27":9.834578,"01/28":9.834578,"01/29":10.595361,"01/30":10.324527,"01/31":10.584133,"02/01":11.233355,"02/02":11.503866,"02/03":11.483231,"02/04":11.483231,"02/05":11.51636,"02/06":11.750327,"02/07":11.937119,"02/08":11.805576,"02/09":11.473528,"02/10":11.456172,"02/11":11.456172,"02/12":11.317041,"02/13":11.360362,"02/14":11.516735,"02/15":12.040592,"02/16":12.145622,"02/17":12.126013,"02/18":12.126013,"02/19":12.126013,"02/20":12.340238,"02/21":12.199455,"02/22":12.411896,"02/23":12.34783,"02/24":12.3303795,"02/25":12.3303795,"02/26":12.401237,"02/27":12.34236,"02/28":11.997201,"03/01":12.635411,"03/02":12.61684,"03/03":12.598275,"03/04":12.598275,"03/05":12.598275,"03/06":12.535006,"03/07":12.535006,"03/08":12.494673,"03/09":12.473977,"03/10":12.451108,"03/11":12.451108,"03/12":12.451108,"03/13":12.373858,"03/14":12.346678,"03/15":12.322774,"03/16":12.308656,"03/17":12.288028,"03/18":12.288028,"03/19":12.288028,"03/20":12.2240095,"03/21":12.199082,"03/22":12.199082,"03/23":12.141661,"03/24":12.115686,"03/25":12.115686,"03/26":12.115686,"03/27":12.057266,"03/28":12.061597,"03/29":12.085391,"03/30":12.085391,"03/31":11.9751625,"04/01":11.9751625,"04/02":11.9751625,"04/03":11.860845,"04/04":11.860845,"04/05":11.80808,"04/06":11.791935,"04/07":11.791935,"04/08":11.791935,"04/09":11.791935,"04/10":11.6908865,"04/11":11.666184,"04/12":11.645793,"04/13":11.618963,"04/14":11.618963,"04/15":11.618963,"04/16":11.618963,"04/17":11.539644,"04/18":11.518227,"04/19":11.500022,"04/20":11.481834,"04/21":11.463641,"04/22":11.463641,"04/23":11.463641,"04/24":11.40804,"04/25":11.388812,"04/26":11.372788,"04/27":11.352504,"04/28":11.334353,"04/29":11.334353,"04/30":11.334353,"05/01":11.334353,"05/02":11.256505,"05/03":11.236253,"05/04":11.2149515,"05/05":11.2149515,"05/06":11.2149515,"05/07":11.2149515,"05/08":11.133011,"05/09":11.110684,"05/10":11.089431,"05/11":11.069249,"05/12":11.048001,"05/13":11.048001,"05/14":11.048001,"05/15":10.987523,"05/16":10.967368,"05/17":10.941935,"05/18":10.914381,"05/19":10.890033,"05/20":10.890033,"05/21":10.890033,"05/22":10.826539,"05/23":10.797996,"05/24":10.780035,"05/25":10.780035,"05/26":10.742008,"05/27":10.742008,"05/28":10.742008,"05/29":10.680797,"05/30":10.667088,"05/31":10.646004,"06/01":10.624917,"06/02":10.60175,"06/03":10.60175,"06/04":10.60175,"06/05":10.539639,"06/06":10.517551,"06/07":10.49863,"06/08":10.478652,"06/09":10.461847,"06/10":10.461847,"06/11":10.461847,"06/12":10.405138,"06/13":10.385204,"06/14":10.368418,"06/15":10.347447,"06/16":10.325436,"06/17":10.325436,"06/18":10.325436,"06/19":10.26678,"06/20":10.246896,"06/21":10.2332945,"06/22":10.290866,"06/23":10.240619,"06/24":10.240619,"06/25":10.240619,"06/26":10.166375,"06/27":10.133986,"06/28":10.130859,"06/29":10.130859,"06/30":10.480756,"07/01":10.480756,"07/02":10.480756,"07/03":10.428233,"07/04":10.443986,"07/05":10.329623,"07/06":10.603849,"07/07":10.603849,"07/08":10.603849,"07/09":10.603849,"07/10":10.603849,"07/11":10.118322,"07/12":10.213412,"07/13":9.840264,"07/14":9.873521,"07/15":9.873521,"07/16":9.873521,"07/17":9.728196,"07/18":9.441783,"07/19":9.40467,"07/20":9.278061,"07/21":9.497498,"07/22":9.497498,"07/23":9.497498,"07/24":9.40467,"07/25":9.587386,"07/26":9.298628,"07/27":9.572912,"07/28":9.882869,"07/29":9.882869,"07/30":9.882869,"07/31":9.76449,"08/01":9.7188635,"08/02":9.875592,"08/03":10.283535,"08/04":10.108924,"08/05":10.108924,"08/06":10.108924,"08/07":9.884952,"08/08":9.672237,"08/09":9.540872,"08/10":9.552242,"08/11":9.830923,"08/12":9.830923,"08/13":9.830923,"08/14":9.762414,"08/15":9.762414,"08/16":9.762414,"08/17":10.090141,"08/18":9.834033,"08/19":7.789517,"08/20":7.789517,"08/21":7.7864428,"08/22":7.7855353,"08/23":7.781348,"08/24":7.793622,"08/25":7.790612,"08/26":7.7832003,"08/27":7.7832003,"08/28":7.7785134,"08/29":7.7538013,"08/30":7.7469616,"08/31":7.7467284,"09/01":7.730898,"09/02":7.7245264,"09/03":7.7245264,"09/04":7.724714,"09/05":7.699149,"09/06":7.6888313,"09/07":7.676758,"09/08":7.671687,"09/09":7.664237,"09/10":7.664237,"09/11":7.6643434,"09/12":7.6429887,"09/13":7.635888,"09/14":7.6262293,"09/15":7.6229515,"09/16":7.617093,"09/17":7.617093,"09/18":7.616136,"09/19":7.5942984,"09/20":7.590642,"09/21":7.5865135,"09/22":7.5815353,"09/23":7.5735636,"09/24":7.5735636,"09/25":7.5743504,"09/26":7.5504246,"09/27":7.546253,"09/28":7.555854,"09/29":7.5511045,"09/30":7.5358114,"10/01":7.5358114,"10/02":7.5358114,"10/03":7.4977665,"10/04":7.4763765,"10/05":7.4727426,"10/06":7.466935,"10/07":7.462221,"10/08":7.462221,"10/09":7.4677486,"10/10":7.4414644,"10/11":7.4275546,"10/12":7.4265924,"10/13":7.4208136,"10/14":7.4134674,"10/15":7.4134674,"10/16":7.414032,"10/17":7.38688,"10/18":7.380451,"10/19":7.3741264,"10/20":7.3677588,"10/21":7.358882,"10/22":7.358882,"10/23":7.3656397,"10/24":7.3656397,"10/25":7.3318496,"10/26":7.3416805,"10/27":7.316475,"10/28":7.307125,"10/29":7.307125,"10/30":7.3061333,"10/31":7.2777615,"11/01":7.2735114,"11/02":7.2527685,"11/03":7.2389355,"11/04":7.229021,"11/05":7.229021,"11/06":7.224731,"11/07":7.1966233,"11/08":7.1942816,"11/09":7.173831,"11/10":7.1668963,"11/11":7.1574683,"11/12":7.1574683,"11/13":7.153928,"11/14":7.126083,"11/15":7.1141033,"11/16":7.1044283,"11/17":7.094938,"11/18":7.085943,"11/19":7.085943,"11/20":7.0859165,"11/21":7.0585217,"11/22":7.049983,"11/23":7.050041,"11/24":7.0329885,"11/25":7.02404,"11/26":7.02404,"11/27":7.02404,"11/28":6.9958515,"11/29":6.9850674,"11/30":6.975071,"12/01":6.965537,"12/02":6.9565573,"12/03":6.9565573,"12/04":6.961171,"12/05":6.93841,"12/06":6.9318523,"12/07":6.9232674,"12/08":6.9141827,"12/09":6.904581,"12/10":6.904581,"12/11":6.9060383,"12/12":6.8753147,"12/13":6.8735647,"12/14":6.876811,"12/15":6.8781757,"12/16":6.8706245,"12/17":6.8706245,"12/18":6.874658,"12/19":6.849849,"12/20":6.824664,"12/21":6.8156776,"12/22":6.807229,"12/23":6.7964892,"12/24":6.7964892,"12/25":6.7964892,"12/26":6.773125,"12/27":6.765694,"12/28":6.759676,"12/29":6.7522554,"12/30":6.739338,"12/31":6.739338},"2022":{"08/19":5.745001,"08/20":5.745001,"08/21":5.9109974,"08/22":5.9630013,"08/23":6.225996,"08/24":6.1732955,"08/25":5.8924127,"08/26":5.8775887,"08/27":5.8775887,"08/28":6.1595707,"08/29":6.2038345,"08/30":6.1860356,"08/31":6.2020283,"09/01":6.32031,"09/02":6.3075676,"09/03":6.3075676,"09/04":6.293582,"09/05":6.289628,"09/06":6.329428,"09/07":6.6848307,"09/08":6.6472316,"09/09":6.632332,"09/10":6.632332,"09/11":6.621358,"09/12":6.5338583,"09/13":6.649847,"09/14":7.096832,"09/15":6.7690525,"09/16":6.757336,"09/17":6.757336,"09/18":6.885956,"09/19":6.84228,"09/20":6.824865,"09/21":6.798404,"09/22":6.6770983,"09/23":6.6611547,"09/24":6.6611547,"09/25":6.573477,"09/26":6.5885267,"09/27":6.632872,"09/28":5.957917,"09/29":5.9484186,"09/30":5.917833,"10/01":5.917833,"10/02":5.917833,"10/03":6.0741158,"10/04":5.9004264,"10/05":6.1679077,"10/06":5.379558,"10/07":5.370129,"10/08":5.370129,"10/09":5.1087337,"10/10":5.319322,"10/11":5.6941366,"10/12":5.719905,"10/13":5.6755266,"10/14":5.660834,"10/15":5.660834,"10/16":5.627069,"10/17":5.730651,"10/18":5.561952,"10/19":5.430082,"10/20":5.30817,"10/21":5.2904162,"10/22":5.2904162,"10/23":4.9719825,"10/24":4.9719825,"10/25":4.9987106,"10/26":4.59322,"10/27":4.862236,"10/28":4.843537,"10/29":4.843537,"10/30":4.886147,"10/31":4.964005,"11/01":4.7254496,"11/02":5.2583146,"11/03":5.4572816,"11/04":5.4374537,"11/05":5.4374537,"11/06":5.7115974,"11/07":5.8007717,"11/08":5.991686,"11/09":6.100305,"11/10":5.9965754,"11/11":5.9777193,"11/12":5.9777193,"11/13":6.3583064,"11/14":6.302616,