{"0":{"01/01":5.5326424,"01/02":5.4796815,"01/03":5.462046,"01/04":5.4454455,"01/05":5.42885,"01/06":5.4122596,"01/07":5.4122596,"01/08":5.4122596,"01/09":5.3614936,"01/10":5.3449345,"01/11":5.3283706,"01/12":5.311812,"01/13":5.2952585,"01/14":5.2952585,"01/15":5.2952585,"01/16":5.24358,"01/17":5.227048,"01/18":5.2146573,"01/19":5.200202,"01/20":5.1857505,"01/21":5.1857505,"01/22":5.1857505,"01/23":5.135202,"01/24":5.117672,"01/25":5.1001477,"01/26":5.1001477,"01/27":5.0651264,"01/28":5.0651264,"01/29":5.0651264,"01/30":5.0116134,"01/31":4.9930944,"02/01":4.9756217,"02/02":4.9581447,"02/03":4.9417024,"02/04":4.9417024,"02/05":4.9417024,"02/06":4.891388,"02/07":4.8770213,"02/08":4.873949,"02/09":4.8483,"02/10":4.855479,"02/11":4.855479,"02/12":4.855479,"02/13":4.788862,"02/14":4.779641,"02/15":4.72436,"02/16":4.6895885,"02/17":4.7847595,"02/18":4.7847595,"02/19":4.7847595,"02/20":4.712087,"02/21":4.734596,"02/22":4.7427835,"02/23":4.6660857,"02/24":4.6742535,"02/25":4.6742535,"02/26":4.6742535,"02/27":4.64463,"02/28":4.740734,"03/01":4.691636,"03/02":4.6763005,"03/03":4.6109242,"03/04":4.6109242,"03/05":4.6109242,"03/06":4.550734,"03/07":4.550734,"03/08":4.6129684,"03/09":4.55583,"03/10":4.5038447,"03/11":4.5038447,"03/12":4.5038447,"03/13":4.198095,"03/14":4.2325406,"03/15":4.198095,"03/16":4.138379,"03/17":4.169744,"03/18":4.169744,"03/19":4.169744,"03/20":4.0120683,"03/21":4.019133,"03/22":4.019133,"03/23":3.9495373,"03/24":3.8780186,"03/25":3.8780186,"03/26":3.8780186,"03/27":3.836766,"03/28":3.869965,"03/29":3.8417923,"03/30":3.8417923,"03/31":3.7533534,"04/01":3.7533534,"04/02":3.7533534,"04/03":3.6991587,"04/04":3.6991587,"04/05":3.604946,"04/06":3.3911026,"04/07":3.3911026,"04/08":3.3911026,"04/09":3.3911026,"04/10":3.3004386,"04/11":3.2775555,"04/12":3.2397556,"04/13":3.2327962,"04/14":3.2327962,"04/15":3.2327962,"04/16":3.2327962,"04/17":3.1880853,"04/18":3.1215737,"04/19":3.108681,"04/20":3.0670447,"04/21":3.023459,"04/22":3.023459,"04/23":3.023459,"04/24":2.9067607,"04/25":2.8682528,"04/26":2.8494942,"04/27":2.8169441,"04/28":2.811029,"04/29":2.811029,"04/30":2.811029,"05/01":2.811029,"05/02":2.7440164,"05/03":2.6338441,"05/04":2.5916166,"05/05":2.5916166,"05/06":2.5916166,"05/07":2.5916166,"05/08":2.545485,"05/09":2.530772,"05/10":2.5062654,"05/11":2.4700086,"05/12":2.423996,"05/13":2.423996,"05/14":2.423996,"05/15":2.368244,"05/16":2.3047402,"05/17":2.27741,"05/18":2.2666812,"05/19":2.2666812,"05/20":2.2666812,"05/21":2.2666812,"05/22":2.162395,"05/23":2.1789532,"05/24":2.145842,"05/25":2.145842,"05/26":2.1273553,"05/27":2.1273553,"05/28":2.1273553,"05/29":2.1137357,"05/30":2.0816498,"05/31":2.0495837,"06/01":1.9874461,"06/02":1.9699786,"06/03":1.9699786,"06/04":1.9699786,"06/05":1.9311978,"06/06":1.9050369,"06/07":1.8895371,"06/08":1.9205322,"06/09":1.9195712,"06/10":1.9195712,"06/11":1.9195712,"06/12":1.8546844,"06/13":1.8353341,"06/14":1.8285627,"06/15":1.8237293,"06/16":1.7724894,"06/17":1.7724894,"06/18":1.7724894,"06/19":1.7522032,"06/20":1.7309585,"06/21":1.7280675,"06/22":1.7261342,"06/23":1.7174444,"06/24":1.7174444,"06/25":1.7174444,"06/26":1.6508934,"06/27":1.6364357,"06/28":1.6248763,"06/29":1.6248763,"06/30":1.6364357,"07/01":1.6364357,"07/02":1.6364357,"07/03":1.5786552,"07/04":1.5651817,"07/05":1.5286247,"07/06":1.5497851,"07/07":1.5497851,"07/08":1.5497851,"07/09":1.5497851,"07/10":1.5497851,"07/11":1.4277593,"07/12":1.417208,"07/13":1.3625464,"07/14":1.3520087,"07/15":1.3520087,"07/16":1.3520087,"07/17":1.2849675,"07/18":1.2314056,"07/19":1.2151622,"07/20":1.2161192,"07/21":1.1979582,"07/22":1.1979582,"07/23":1.1979582,"07/24":1.1406751,"07/25":1.1416306,"07/26":1.1254069,"07/27":1.1244516,"07/28":1.1549921,"07/29":1.1549921,"07/30":1.1549921,"07/31":1.1158735,"08/01":1.0748764,"08/02":1.0558213,"08/03":1.0548674,"08/04":1.0481994,"08/05":1.0481994,"08/06":1.0481994,"08/07":0.9882276,"08/08":0.95589274,"08/09":0.94258386,"08/10":0.9207243,"08/11":0.9378251,"08/12":0.9378251,"08/13":0.9378251,"08/14":0.89412856,"08/15":0.89412856,"08/16":0.89412856,"08/17":0.8656461,"08/18":0.8191636,"08/19":0.8191636,"08/20":0.8191636,"08/21":0.76609313,"08/22":0.7386309,"08/23":0.7092978,"08/24":0.68186647,"08/25":0.678079,"08/26":0.678079,"08/27":0.678079,"08/28":0.60910743,"08/29":0.57512504,"08/30":0.57323533,"08/31":0.54493374,"09/01":0.5194795,"09/02":0.5194795,"09/03":0.5194795,"09/04":0.47237244,"09/05":0.45637167,"09/06":0.4366067,"09/07":0.33132473,"09/08":0.32756364,"09/09":0.32756364,"09/10":0.32756364,"09/11":0.28533325,"09/12":3.5883443,"09/13":3.5937061,"09/14":3.612572,"09/15":3.6047318,"09/16":3.5972364,"09/17":3.5972364,"09/18":3.5986006,"09/19":3.5771909,"09/20":3.5759199,"09/21":3.5694137,"09/22":3.5627098,"09/23":3.5546808,"09/24":3.5546808,"09/25":3.555815,"09/26":3.5344033,"09/27":3.5273786,"09/28":3.5177362,"09/29":3.5102599,"09/30":3.5027857,"10/01":3.5027857,"10/02":3.5027857,"10/03":3.4787793,"10/04":3.4804308,"10/05":3.481532,"10/06":3.4592779,"10/07":3.451825,"10/08":3.451825,"10/09":3.4520712,"10/10":3.4267185,"10/11":3.4205086,"10/12":3.4144182,"10/13":3.4076614,"10/14":3.4002144,"10/15":3.4002144,"10/16":3.4006548,"10/17":3.377416,"10/18":3.3685403,"10/19":3.360979,"10/20":3.353011,"10/21":3.3439822,"10/22":3.3439822,"10/23":3.3439822,"10/24":3.3439822,"10/25":3.3094947,"10/26":3.3094947,"10/27":3.2925355,"10/28":3.2840576,"10/29":3.2840576,"10/30":3.2840576,"10/31":3.2586443,"11/01":3.2507071,"11/02":3.2422476,"11/03":3.234315,"11/04":3.226914,"11/05":3.226914,"11/06":3.226914,"11/07":3.2041943,"11/08":3.2041943,"11/09":3.1883545,"11/10":3.1804378,"11/11":3.1725235,"11/12":3.1725235,"11/13":3.1725235,"11/14":3.1488001,"11/15":3.1408954,"11/16":3.1329927,"11/17":3.1250927,"11/18":3.117722,"11/19":3.117722,"11/20":3.117722,"11/21":3.0935209,"11/22":3.0851061,"11/23":3.0851061,"11/24":3.0688105,"11/25":3.0598826,"11/26":3.0598826,"11/27":3.0598826,"11/28":3.034683,"11/29":3.026812,"11/30":3.0184186,"12/01":3.0105524,"12/02":3.0032134,"12/03":3.0032134,"12/04":3.0032134,"12/05":2.9801602,"12/06":2.9723105,"12/07":2.9644582,"12/08":2.9560843,"12/09":2.9482365,"12/10":2.9482365,"12/11":2.9482365,"12/12":2.923143,"12/13":2.914782,"12/14":2.9064288,"12/15":2.8980732,"12/16":2.8897202,"12/17":2.8897202,"12/18":2.8897202,"12/19":2.8631155,"12/20":2.8537347,"12/21":2.8448741,"12/22":2.8360214,"12/23":2.8271666,"12/24":2.8271666,"12/25":2.8271666,"12/26":2.8006248,"12/27":2.791787,"12/28":2.783988,"12/29":2.7751505,"12/30":2.7663212,"12/31":2.7663212},"2022":{"09/12":6.8509965,"09/13":6.943344,"09/14":7.1102676,"09/15":7.069338,"09/16":7.054347,"09/17":7.054347,"09/18":7.0963492,"09/19":7.0535297,"09/20":7.0911655,"09/21":7.1061673,"09/22":7.130081,"09/23":7.114023,"09/24":7.114023,"09/25":7.1479936,"09/26":7.0445495,"09/27":7.0435643,"09/28":6.977604,"09/29":6.9626513,"09/30":6.947703,"10/01":6.947703,"10/02":6.947703,"10/03":6.89969,"10/04":6.93567,"10/05":6.9695935,"10/06":6.755979,"10/07":6.741073,"10/08":6.741073,"10/09":6.7490535,"10/10":6.6384234,"10/11":6.7130494,"10/12":6.7737646,"10/13":6.780793,"10/14":6.765899,"10/15":6.765899,"10/16":6.779847,"10/17":6.722172,"10/18":6.6932206,"10/19":6.721958,"10/20":6.706022,"10/21":6.6879644,"10/22":6.6879644,"10/23":6.6879644,"10/24":6.6879644,"10/25":6.6189895,"10/26":6.6189895,"10/27":6.585071,"10/28":6.568115,"10/29":6.568115,"10/30":6.568115,"10/31":6.5172887,"11/01":6.5014143,"11/02":6.484495,"11/03":6.46863,"11/04":6.453828,"11/05":6.453828,"11/06":6.453828,"11/07":6.4083886,"11/08":6.4083886,"11/09":6.376709,"11/10":6.3608756,"11/11":6.345047,"11/12":6.345047,"11/13":6.345047,"11/14":6.2976003,"11/15":6.2817907,"11/16":6.2659855,"11/17":6.2501855,"11/18":6.235444,"11/19":6.235444,"11/20":6.235444,"11/21":6.1870418,"11/22":6.1702123,"11/23":6.1702123,"11/24":6.137621,"11/25":6.1197653,"11/26":6.1197653,"11/27":6.1197653,"11/28":6.069366,"11/29":6.053624,"11/30":6.036837,"12/01":6.021105,"12/02":6.006427,"12/03":6.006427,"12/04":6.006427,"12/05":5.9603205,