"Month (MM)","Day (DD)","2023","Average Across Years"
12,26,1.3640022,1.3640022
12,27,1.3640022,1.3640022
12,28,1.3498133,1.3498133
12,29,1.3457642,1.3457642
12,30,1.3457642,1.3457642
12,31,1.3457642,1.3457642
