{"0":{"01/01":7.9246693,"01/02":7.800302,"01/03":7.68066,"01/04":7.5531564,"01/05":7.5279818,"01/06":7.68029,"01/07":7.68029,"01/08":7.9010587,"01/09":7.760181,"01/10":7.6940274,"01/11":7.656416,"01/12":7.6083064,"01/13":7.5477,"01/14":7.5477,"01/15":7.9254284,"01/16":8.0605545,"01/17":8.002253,"01/18":7.8256454,"01/19":7.7427363,"01/20":7.952111,"01/21":7.952111,"01/22":7.952111,"01/23":8.036969,"01/24":8.108977,"01/25":8.234457,"01/26":8.234457,"01/27":8.387056,"01/28":8.387056,"01/29":8.646661,"01/30":8.793345,"01/31":8.79884,"02/01":9.230292,"02/02":9.430751,"02/03":9.373614,"02/04":9.373614,"02/05":9.265316,"02/06":9.450036,"02/07":9.542832,"02/08":9.773129,"02/09":9.641363,"02/10":9.756262,"02/11":9.756262,"02/12":9.862028,"02/13":9.822276,"02/14":9.749684,"02/15":9.97549,"02/16":9.828425,"02/17":10.009501,"02/18":10.009501,"02/19":10.009501,"02/20":10.00145,"02/21":10.216722,"02/22":10.357106,"02/23":10.132776,"02/24":10.213956,"02/25":10.213956,"02/26":10.323554,"02/27":10.360189,"02/28":10.426237,"03/01":10.487986,"03/02":10.483704,"03/03":10.377737,"03/04":10.47752,"03/05":10.541464,"03/06":10.513267,"03/07":10.640127,"03/08":10.846237,"03/09":10.78926,"03/10":10.746306,"03/11":10.9566555,"03/12":10.904313,"03/13":10.412326,"03/14":10.367722,"03/15":10.295959,"03/16":10.176921,"03/17":10.189671,"03/18":10.189671,"03/19":9.932351,"03/20":9.745023,"03/21":10.101452,"03/22":9.925314,"03/23":9.829118,"03/24":9.703576,"03/25":9.703576,"03/26":9.699729,"03/27":9.779048,"03/28":10.138234,"03/29":10.006233,"03/30":10.006233,"03/31":9.960629,"04/01":9.960629,"04/02":9.586994,"04/03":9.488381,"04/04":9.541043,"04/05":9.103657,"04/06":8.875046,"04/07":8.875046,"04/08":8.623599,"04/09":8.623599,"04/10":8.541924,"04/11":8.52643,"04/12":8.44387,"04/13":8.508882,"04/14":8.508882,"04/15":8.508882,"04/16":8.508882,"04/17":8.530567,"04/18":8.398523,"04/19":8.348062,"04/20":8.287359,"04/21":7.987959,"04/22":7.987959,"04/23":7.987959,"04/24":7.5530996,"04/25":7.4072323,"04/26":7.3940854,"04/27":7.328388,"04/28":7.335459,"04/29":7.335459,"04/30":7.335459,"05/01":7.335459,"05/02":7.2294927,"05/03":6.6498923,"05/04":6.501503,"05/05":6.501503,"05/06":6.501503,"05/07":6.501503,"05/08":6.532337,"05/09":6.5074687,"05/10":6.4736624,"05/11":6.4001484,"05/12":6.178253,"05/13":6.178253,"05/14":6.178253,"05/15":6.090349,"05/16":5.905127,"05/17":5.832405,"05/18":5.899228,"05/19":5.9208674,"05/20":5.9208674,"05/21":5.9208674,"05/22":5.7892075,"05/23":5.8933296,"05/24":5.8117847,"05/25":5.8117847,"05/26":5.806879,"05/27":5.806879,"05/28":5.806879,"05/29":5.864822,"05/30":5.8098187,"05/31":5.703908,"06/01":5.614828,"06/02":5.634392,"06/03":5.634392,"06/04":5.634392,"06/05":5.6246047,"06/06":5.5298004,"06/07":5.4995337,"06/08":5.699984,"06/09":5.8039303,"06/10":5.8039303,"06/11":5.8039303,"06/12":5.6941075,"06/13":5.6402617,"06/14":5.657874,"06/15":5.739191,"06/16":5.7431087,"06/17":5.7431087,"06/18":5.7431087,"06/19":5.7480087,"06/20":5.7705684,"06/21":5.817674,"06/22":5.9218526,"06/23":5.905127,"06/24":5.905127,"06/25":5.905127,"06/26":5.8058963,"06/27":5.7656665,"06/28":5.7440906,"06/29":5.7440906,"06/30":5.961215,"07/01":5.961215,"07/02":5.961215,"07/03":5.9149666,"07/04":5.927754,"07/05":5.8392806,"07/06":6.0282097,"07/07":6.0282097,"07/08":6.0282097,"07/09":6.0282097,"07/10":6.0282097,"07/11":5.7235045,"07/12":5.8058963,"07/13":5.519064,"07/14":5.5639887,"07/15":5.5639887,"07/16":5.5639887,"07/17":5.3854747,"07/18":5.166816,"07/19":5.1852427,"07/20":5.2056193,"07/21":5.235718,"07/22":5.235718,"07/23":5.235718,"07/24":5.1309433,"07/25":5.2677703,"07/26":5.191072,"07/27":5.2872057,"07/28":5.5933137,"07/29":5.5933137,"07/30":5.5933137,"07/31":5.61189,"08/01":5.496611,"08/02":5.4927025,"08/03":5.736246,"08/04":5.714682,"08/05":5.714682,"08/06":5.714682,"08/07":5.6324325,"08/08":5.4839272,"08/09":5.444909,"08/10":5.362113,"08/11":5.5493326,"08/12":5.5493326,"08/13":5.5493326,"08/14":5.530778,"08/15":5.530778,"08/16":5.530778,"08/17":5.761738,"08/18":5.530778,"08/19":5.530778,"08/20":5.530778,"08/21":5.4644194,"08/22":5.4107976,"08/23":5.2172737,"08/24":5.1309433,"08/25":5.194949,"08/26":5.194949,"08/27":5.194949,"08/28":5.003175,"08/29":4.922028,"08/30":4.954857,"08/31":4.8564324,"09/01":4.8467884,"09/02":4.8467884,"09/03":4.8467884,"09/04":4.8969393,"09/05":4.886322,"09/06":4.9432697,"09/07":4.7418327,"09/08":4.852571,"09/09":4.852571,"09/10":4.852571,"09/11":5.008006,"09/12":6.807743,"09/13":6.814314,"09/14":6.8162427,"09/15":6.8025904,"09/16":6.7949686,"09/17":6.7949686,"09/18":6.797188,"09/19":6.7753973,"09/20":6.7735324,"09/21":6.768709,"09/22":6.7586775,"09/23":6.7603135,"09/24":6.7603135,"09/25":6.761371,"09/26":6.70727,"09/27":6.4260426,"09/28":6.5454874,"09/29":6.5508633,"09/30":6.641392,"10/01":6.641392,"10/02":6.641392,"10/03":6.8107963,"10/04":6.569296,"10/05":6.5719414,"10/06":6.714025,"10/07":6.79432,"10/08":6.79432,"10/09":6.7925663,"10/10":6.8557043,"10/11":6.747779,"10/12":6.738208,"10/13":6.712754,"10/14":6.823008,"10/15":6.823008,"10/16":6.8228216,"10/17":6.5381193,"10/18":6.5457687,"10/19":6.624893,"10/20":6.6752806,"10/21":6.7598457,"10/22":6.7598457,"10/23":6.759304,"10/24":6.759304,"10/25":6.510768,"10/26":6.509637,"10/27":6.414015,"10/28":6.4332256,"10/29":6.4332256,"10/30":6.433604,"10/31":6.5024414,"11/01":6.395672,"11/02":6.3954024,"11/03":6.5924635,"11/04":6.5865316,"11/05":6.5865316,"11/06":6.589155,"11/07":6.492872,"11/08":6.494883,"11/09":6.3608274,"11/10":6.214905,"11/11":6.038199,"11/12":6.038199,"11/13":6.0400434,"11/14":6.0061674,"11/15":5.9420657,"11/16":5.9340777,"11/17":5.921277,"11/18":5.9790807,"11/19":5.9790807,"11/20":5.9766626,"11/21":5.99355,"11/22":5.899525,"11/23":5.899828,"11/24":5.776181,"11/25":5.8451204,"11/26":5.8451204,"11/27":5.8451204,"11/28":5.7569704,"11/29":5.767481,"11/30":5.754598,"12/01":5.570633,"12/02":5.5467033,"12/03":5.5467033,"12/04":5.5483923,"12/05":5.536344,"12/06":5.5793757,"12/07":5.643044,"12/08":5.633542,"12/09":5.6880617,"12/10":5.6880617,"12/11":5.688669,"12/12":5.6391764,"12/13":5.5429974,"12/14":5.464081,"12/15":5.54496,"12/16":5.5960484,"12/17":5.5960484,"12/18":5.5989094,"12/19":5.592407,"12/20":5.6184015,"12/21":5.5575867,"12/22":5.588475,"12/23":5.6143265,"12/24":5.6143265,"12/25":5.6143265,"12/26":5.6192865,"12/27":5.5687523,"12/28":5.593597,"12/29":5.590437,"12/30":5.601531,"12/31":5.601531},"2022":{"09/12":8.649998,"09/13":8.870444,"09/14":9.267349,"09/15":8.914313,"09/16":8.89907,"09/17":8.89907,"09/18":9.011033,"09/19":8.967452,"09/20":9.05475,"09/21":9.146491,"09/22":9.043225,"09/23":9.046497,"09/24":9.046497,"09/25":9.096445,"09/26":8.978685,"09/27":8.333916,"09/28":8.085864,"09/29":8.096616,"09/30":8.277674,"10/01":8.277674,"10/02":8.277674,"10/03":8.7352705,"10/04":8.177941,"10/05":8.347188,"10/06":7.7848487,"10/07":7.9454393,"10/08":7.9454393,"10/09":7.767458,"10/10":8.000642,"10/11":8.072085,"10/12":8.106523,"10/13":8.0487995,"10/14":8.269308,"10/15":8.269308,"10/16":8.255302,"10/17":7.7073107,"10/18":7.6368737,"10/19":7.719986,"10/20":7.8090444,"10/21":7.978175,"10/22":7.978175,"10/23":7.9292107,"10/24":7.9292107,"10/25":7.6496935,"10/26":7.5373,"10/27":7.4532623,"10/28":7.491683,"10/29":7.491683,"10/30":7.529429,"10/31":7.703094,"11/01":7.5012183,"11/02":7.7092576,"11/03":8.224276,"11/04":8.212413,"11/05":8.212413,"11/06":8.378732,"11/07":8.260266,"11/08":8.379563,"11/09":8.191033,"11/10":7.658153,"11/11":7.304741,"11/12":7.304741,"11/13":7.452604,"11/14":7.3848524,"11/15":7.6468186,"11/16":7.6603727,"11/17":7.7232523,"11/18":7.838859,"11/19":7.838859,"11/20":7.6931477,"11/21":7.6897306,"11/22":7.5483975,"11/23":7.5680585,"11/24":7.1566586,"11/25":7.294537,"11/26":7.294537,"11/27":7.294537,"11/28":7.095294,"11/29":7.1956043,"11/30":7.0264587,"12/01":6.507063,"12/02":6.4592037,"12/03":6.4592037,"12/04":6.6389256,"12/05":6.704692,"12/06":6.9404883,"12/07":7.167729,"12/08":7.06977,"12/09":7.178809,"12/10":7.178809,"12/11":7.2218976,"12/12":7.181854,"12/13":7.106239,"12/14":7.361044,