{"0":{"01/01":15.175572,"01/02":14.854659,"01/03":14.719968,"01/04":15.350883,"01/05":15.557239,"01/06":15.961466,"01/07":15.961466,"01/08":15.885118,"01/09":15.170007,"01/10":15.796173,"01/11":15.86606,"01/12":15.990847,"01/13":15.671064,"01/14":15.671064,"01/15":15.835746,"01/16":15.965174,"01/17":15.333494,"01/18":14.978988,"01/19":15.207956,"01/20":15.451387,"01/21":15.451387,"01/22":15.451387,"01/23":15.059078,"01/24":15.145814,"01/25":15.829353,"01/26":15.829353,"01/27":16.749298,"01/28":16.749298,"01/29":16.91641,"01/30":16.63194,"01/31":16.705627,"02/01":16.608564,"02/02":16.545708,"02/03":15.768674,"02/04":15.768674,"02/05":15.739107,"02/06":16.125095,"02/07":16.35159,"02/08":15.885171,"02/09":15.741361,"02/10":15.861245,"02/11":15.861245,"02/12":15.771454,"02/13":16.094152,"02/14":15.647941,"02/15":15.362554,"02/16":15.3981,"02/17":15.690899,"02/18":15.690899,"02/19":15.690899,"02/20":16.115202,"02/21":16.09712,"02/22":17.199392,"02/23":17.416052,"02/24":17.569067,"02/25":17.569067,"02/26":17.516863,"02/27":17.791649,"02/28":18.020163,"02/29":3.548989,"03/01":17.76479,"03/02":18.280308,"03/03":17.338474,"03/04":17.3913,"03/05":17.368906,"03/06":17.02477,"03/07":17.07139,"03/08":16.94384,"03/09":17.53645,"03/10":18.207533,"03/11":18.115034,"03/12":18.050833,"03/13":18.702347,"03/14":19.209166,"03/15":19.42817,"03/16":19.348269,"03/17":18.945963,"03/18":18.945963,"03/19":18.79217,"03/20":19.175182,"03/21":18.910223,"03/22":18.993803,"03/23":19.070381,"03/24":19.590427,"03/25":19.590427,"03/26":19.5927,"03/27":19.505821,"03/28":19.776646,"03/29":19.309824,"03/30":19.309824,"03/31":18.279507,"04/01":18.279507,"04/02":18.477665,"04/03":18.32301,"04/04":18.34444,"04/05":17.793348,"04/06":17.64253,"04/07":17.64253,"04/08":17.749937,"04/09":17.749937,"04/10":17.697193,"04/11":17.306952,"04/12":17.050863,"04/13":16.970005,"04/14":16.970005,"04/15":16.970005,"04/16":16.970005,"04/17":17.353596,"04/18":17.520817,"04/19":17.701355,"04/20":17.654226,"04/21":17.718006,"04/22":17.718006,"04/23":17.718006,"04/24":17.300095,"04/25":17.148973,"04/26":16.975435,"04/27":16.590088,"04/28":16.035154,"04/29":16.035154,"04/30":16.035154,"05/01":16.035154,"05/02":15.725823,"05/03":15.886364,"05/04":15.344986,"05/05":15.344986,"05/06":15.344986,"05/07":15.344986,"05/08":15.195434,"05/09":15.250791,"05/10":15.085636,"05/11":15.145306,"05/12":15.060643,"05/13":15.060643,"05/14":15.060643,"05/15":14.714065,"05/16":14.89199,"05/17":15.182569,"05/18":15.426505,"05/19":15.1902895,"05/20":15.1902895,"05/21":15.1902895,"05/22":14.976847,"05/23":14.893903,"05/24":15.078583,"05/25":15.078583,"05/26":14.29913,"05/27":14.29913,"05/28":14.29913,"05/29":13.921615,"05/30":13.763728,"05/31":13.941408,"06/01":14.06041,"06/02":13.759422,"06/03":13.759422,"06/04":13.759422,"06/05":13.4649,"06/06":13.293491,"06/07":12.811629,"06/08":13.186376,"06/09":13.3298855,"06/10":13.3298855,"06/11":13.3298855,"06/12":13.197861,"06/13":12.774041,"06/14":12.636007,"06/15":12.799095,"06/16":12.258355,"06/17":12.258355,"06/18":12.258355,"06/19":12.441892,"06/20":12.304138,"06/21":12.351756,"06/22":12.701978,"06/23":13.12361,"06/24":13.12361,"06/25":13.12361,"06/26":12.966037,"06/27":12.593886,"06/28":12.091062,"06/29":12.091062,"06/30":11.369735,"07/01":11.369735,"07/02":11.369735,"07/03":11.046607,"07/04":10.921671,"07/05":10.887996,"07/06":10.511668,"07/07":10.511668,"07/08":10.511668,"07/09":10.511668,"07/10":10.511668,"07/11":10.558246,"07/12":10.682805,"07/13":10.634364,"07/14":10.18652,"07/15":10.18652,"07/16":10.18652,"07/17":9.818245,"07/18":9.763607,"07/19":9.513349,"07/20":9.115143,"07/21":9.674566,"07/22":9.674566,"07/23":9.674566,"07/24":9.886003,"07/25":9.856171,"07/26":9.5385475,"07/27":9.763607,"07/28":9.710689,"07/29":9.710689,"07/30":9.710689,"07/31":9.372726,"08/01":9.414362,"08/02":10.126282,"08/03":10.4618435,"08/04":10.137772,"08/05":10.137772,"08/06":10.137772,"08/07":9.867014,"08/08":9.915325,"08/09":9.576656,"08/10":9.9381485,"08/11":10.149815,"08/12":10.149815,"08/13":10.149815,"08/14":10.227107,"08/15":10.227107,"08/16":10.227107,"08/17":10.372915,"08/18":10.577674,"08/19":10.577674,"08/20":10.577674,"08/21":10.311752,"08/22":10.189259,"08/23":9.96969,"08/24":10.084189,"08/25":10.475673,"08/26":10.475673,"08/27":10.475673,"08/28":10.291943,"08/29":10.190906,"08/30":10.087472,"08/31":10.386152,"09/01":9.8578,"09/02":9.8578,"09/03":9.8578,"09/04":9.514954,"09/05":9.433599,"09/06":9.378063,"09/07":9.012208,"09/08":8.574937,"09/09":8.574937,"09/10":8.574937,"09/11":8.115977,"09/12":8.541208,"09/13":8.36955,"09/14":8.184029,"09/15":8.001723,"09/16":8.001723,"09/17":8.001723,"09/18":8.134382,"09/19":8.134382,"09/20":8.745722,"09/21":9.267297,"09/22":9.340741,"09/23":9.340741,"09/24":9.340741,"09/25":9.325292,"09/26":9.369527,"09/27":9.116201,"09/28":9.729577,"09/29":9.729577,"09/30":9.729577,"10/01":9.729577,"10/02":9.729577,"10/03":9.455522,"10/04":9.982211,"10/05":9.725263,"10/06":9.368993,"10/07":9.368993,"10/08":9.368993,"10/09":9.817162,"10/10":9.228525,"10/11":8.919609,"10/12":8.974291,"10/13":9.03382,"10/14":9.03382,"10/15":9.03382,"10/16":9.026439,"10/17":8.848253,"10/18":9.313045,"10/19":9.474785,"10/20":9.826911,"10/21":10.038607,"10/22":10.038607,"10/23":10.085193,"10/24":10.085193,"10/25":10.120235,"10/26":10.184356,"10/27":10.123063,"10/28":10.123063,"10/29":10.123063,"10/30":10.111676,"10/31":10.106482,"11/01":10.008316,"11/02":10.012824,"11/03":10.013256,"11/04":9.937966,"11/05":9.937966,"11/06":9.910564,"11/07":9.776044,"11/08":9.766391,"11/09":9.863053,"11/10":10.09775,"11/11":9.5125,"11/12":9.5125,"11/13":9.50804,"11/14":9.544254,"11/15":9.370835,"11/16":9.361194,"11/17":9.477074,"11/18":9.554797,"11/19":9.554797,"11/20":9.559888,"11/21":9.8322,"11/22":9.6754055,"11/23":9.677601,"11/24":9.24694,"11/25":9.198466,"11/26":9.198466,"11/27":9.198466,"11/28":9.098468,"11/29":8.985036,"11/30":8.73177,"12/01":8.624434,"12/02":8.83546,"12/03":8.83546,"12/04":8.829984,"12/05":8.822379,"12/06":8.926486,"12/07":9.083543,"12/08":8.999271,"12/09":9.22351,"12/10":9.22351,"12/11":9.231138,"12/12":9.216758,"12/13":9.001466,"12/14":8.926084,"12/15":9.430711,"12/16":9.710758,"12/17":9.710758,"12/18":9.713962,"12/19":9.423114,"12/20":9.433131,"12/21":9.806809,"12/22":9.949655,"12/23":10.56671,"12/24":10.56671,"12/25":10.56671,"12/26":10.234736,"12/27":10.032872,"12/28":10.08475,"12/29":9.949094,"12/30":10.117973,"12/31":10.117973},"2022":{"10/21":10.461998,"10/22":10.461998,"10/23":9.027996,"10/24":9.027996,"10/25":8.157997,"10/26":6.822005,"10/27":8.093004,"10/28":8.093004,"10/29":8.093004,"10/30":8.359003,"10/31":8.0715275,"11/01":7.229604,"11/02":8.336493,"11/03":9.009786,"11/04":8.7839155,"11/05":8.7839155,"11/06":9.569869,"11/07":9.287441,"11/08":9.591163,"11/09":9.635629,"11/10":10.634012,"11/11":8.878261,"11/12":8.878261,"11/13":9.015273,"11/14":9.123916,"11/15":9.9287405,"11/16":10.493877,"11/17":10.78395,"11/18":11.01712,"11/19":11.01712,"11/20":10.771062,"11/21":11.942454,"11/22":11.489845,"11/23":11.370872,"11/24":10.075741,"11/25":9.93032,"11/26":9.93032,"11/27":9.93032,"11/28":10.054088,"11/29":10.820183,"11/30":10.645193,"12/01":11.155594,"12/02":11.78867,"12/03":11.78867,"12/04":13.778675,"12/05":14.262986,"12/06":15.094874,"12/07":15.473485,"12/08":15.56276,"12/09":16.235474,"12/10":16.235474,"12/11":16.73919,"12/12":16.027939,"12/13":15.653832,"12/14":16.764183,"12/15":19.456638,"12/16":20.296782,"12/17":20.296782,"12/18":20.396826,"12/19":19.548433,"12/20":17.7766,"12/21":19.593763,"12/22":20.47037,"12/23":22.321537,"12/24":22.321537,"12/25":22.321537,"12/26":21.941256,"12/27":22.349113,"12/28":23.108324,"12/29":22.840143,"12/30":23.346783,"12/31":23.346783},"2023":{"01/01":23.325813,"01/02":22.15009,"01/03":21.427153,"01/04":23.723207,"01/05":24.13592,"01/06":24.944374,"01/07":24.944374,"01/08":23.821854,"01/09":22.682661,"01/10":24.268932,"01/11":24.544485,"01/12":24.794058,"01/13":24.154495,"01/14":24.154495,"01/15":26.32829,"01/16":26.054682,