{"0":{"01/01":6.6870027,"01/02":6.7140007,"01/03":6.727059,"01/04":6.707859,"01/05":6.707859,"01/06":6.7628393,"01/07":6.782832,"01/08":6.7302628,"01/09":6.7232633,"01/10":6.7224574,"01/11":6.7075377,"01/12":6.7075377,"01/13":6.7674584,"01/14":6.788429,"01/15":6.735789,"01/16":6.7406216,"01/17":6.750727,"01/18":6.7326317,"01/19":6.7134666,"01/20":6.7713103,"01/21":6.7912536,"01/22":6.811197,"01/23":6.7515693,"01/24":6.752354,"01/25":6.7332163,"01/26":6.7332163,"01/27":6.7900004,"01/28":6.8119173,"01/29":6.7604427,"01/30":6.763286,"01/31":6.765054,"02/01":6.745938,"02/02":6.726818,"02/03":6.7845087,"02/04":6.8053994,"02/05":6.776109,"02/06":6.785963,"02/07":6.791774,"02/08":6.773738,"02/09":6.7567596,"02/10":6.8163743,"02/11":6.834255,"02/12":6.7998095,"02/13":6.806529,"02/14":6.8073783,"02/15":6.7882895,"02/16":6.7713404,"02/17":6.8298883,"02/18":6.8298883,"02/19":6.8298883,"02/20":6.812256,"02/21":6.81104,"02/22":6.793043,"02/23":6.7771635,"02/24":6.8376265,"02/25":6.860428,"02/26":6.8053713,"02/27":6.825027,"02/28":6.820835,"02/29":6.802859,"03/01":6.7848783,"03/02":6.7848783,"03/03":6.843296,"03/04":6.7872663,"03/05":6.807949,"03/06":6.8108335,"03/07":6.8117275,"03/08":6.8117275,"03/09":6.8117275,"03/10":6.8641443,"03/11":6.807937,"03/12":6.8037667,"03/13":6.802557,"03/14":6.7856736,"03/15":6.767739,"03/16":6.767739,"03/17":6.8497167,"03/18":6.8665113,"03/19":6.80945,"03/20":6.812328,"03/21":6.812173,"03/22":6.7932105,"03/23":6.7932105,"03/24":6.8593035,"03/25":6.8918653,"03/26":6.84162,"03/27":6.8503246,"03/28":6.832362,"03/29":6.832362,"03/30":6.832362,"03/31":6.9197183,"04/01":6.9197183,"04/02":6.9286375,"04/03":6.9707947,"04/04":6.998036,"04/05":6.980132,"04/06":6.980132,"04/07":7.0381866,"04/08":6.9942718,"04/09":7.018857,"04/10":6.982028,"04/11":7.029223,"04/12":6.9913497,"04/13":6.9913497,"04/14":6.9913497,"04/15":6.93669,"04/16":7.0099816,"04/17":7.0256906,"04/18":6.9868073,"04/19":6.9679074,"04/20":6.9679074,"04/21":7.0385895,"04/22":6.9850245,"04/23":6.9661374,"04/24":7.002242,"04/25":7.001016,"04/26":6.982126,"04/27":6.982126,"04/28":7.0331063,"04/29":6.989138,"04/30":6.970273,"05/01":6.970273,"05/02":6.9325542,"05/03":6.9147487,"05/04":6.9147487,"05/05":7.0175724,"05/06":6.9837327,"05/07":6.9834824,"05/08":6.980361,"05/09":6.9615273,"05/10":6.9426994,"05/11":6.9426994,"05/12":6.9426994,"05/13":6.886236,"05/14":6.867436,"05/15":6.8486314,"05/16":6.829844,"05/17":6.8120975,"05/18":6.8120975,"05/19":6.8120975,"05/20":6.8120975,"05/21":6.7359843,"05/22":6.7161827,"05/23":6.7161827,"05/24":6.677665,"05/25":6.677665,"05/26":6.677665,"05/27":6.6214824,"05/28":6.602774,"05/29":6.584072,"05/30":6.566408,"05/31":6.5487494,"06/01":6.5487494,"06/02":6.5487494,"06/03":6.491673,"06/04":6.474049,"06/05":6.4564214,"06/06":6.437771,"06/07":6.4180803,"06/08":6.4180803,"06/09":6.4180803,"06/10":6.360108,"06/11":6.341491,"06/12":6.3228717,"06/13":6.3053036,"06/14":6.2866964,"06/15":6.2866964,"06/16":6.2866964,"06/17":6.2866964,"06/18":6.21133,"06/19":6.1927557,"06/20":6.1741977,"06/21":6.155637,"06/22":6.155637,"06/23":6.155637,"06/24":6.098981,"06/25":6.080456,"06/26":6.062958,"06/27":6.045475,"06/28":6.0259295,"06/29":6.0259295,"06/30":6.0259295,"07/01":5.9663363,"07/02":5.944773,"07/03":5.924247,"07/04":5.905773,"07/05":5.8873153,"07/06":5.8873153,"07/07":5.8873153,"07/08":5.8329873,"07/09":5.8155804,"07/10":5.7971444,"07/11":5.7787247,"07/12":5.7603016,"07/13":5.7603016,"07/14":5.7603016,"07/15":5.70509,"07/16":5.70509,"07/17":5.70509,"07/18":5.6509585,"07/19":5.63258,"07/20":5.63258,"07/21":5.63258,"07/22":5.576481,"07/23":5.557117,"07/24":5.538771,"07/25":5.538771,"07/26":5.5000787,"07/27":5.5000787,"07/28":5.5000787,"07/29":5.4461474,"07/30":5.4278493,"07/31":5.4085307,"08/01":5.390246,"08/02":5.371968,"08/03":5.371968,"08/04":5.371968,"08/05":5.3161354,"08/06":5.2978826,"08/07":5.279636,"08/08":5.2613864,"08/09":5.2431526,"08/10":5.2431526,"08/11":5.2431526,"08/12":5.186453,"08/13":5.1692486,"08/14":5.1510468,"08/15":5.1510468,"08/16":5.1136403,"08/17":5.1136403,"08/18":5.1136403,"08/19":5.0570803,"08/20":5.0389075,"08/21":5.0197406,"08/22":5.000581,"08/23":4.9824276,"08/24":4.9824276,"08/25":4.9824276,"08/26":4.9270167,"08/27":4.908899,"08/28":4.8897696,"08/29":4.8716645,"08/30":4.853565,"08/31":4.853565,"09/01":4.853565,"09/02":4.7972846,"09/03":4.7771907,"09/04":4.7591243,"09/05":4.7591243,"09/06":4.7230005,"09/07":4.7230005,"09/08":4.7230005,"09/09":4.66686,"09/10":4.6488314,"09/11":4.6308,"09/12":4.6117816,"09/13":4.593763,"09/14":4.593763,"09/15":4.593763,"09/16":4.536769,"09/17":4.5177755,"09/18":4.5177755,"09/19":4.479828,"09/20":4.459865,"09/21":4.459865,"09/22":4.459865,"09/23":4.4020095,"09/24":4.3820763,"09/25":4.362151,"09/26":4.344218,"09/27":4.3253036,"09/28":4.3253036,"09/29":4.3253036,"09/30":4.267597,"10/01":4.2338014,"10/02":4.2338014,"10/03":4.1900945,"10/04":4.1632953,"10/05":4.1632953,"10/06":4.1632953,"10/07":4.1037917,"10/08":4.084955,"10/09":4.066135,"10/10":4.044347,"10/11":4.0255413,"10/12":4.0255413,"10/13":4.0255413,"10/14":3.9681654,"10/15":3.9513574,"10/16":3.9345639,"10/17":3.915798,"10/18":3.8990066,"10/19":3.8990066,"10/20":3.8990066,"10/21":3.8437455,"10/22":3.8250122,"10/23":3.8102243,"10/24":3.7905164,"10/25":3.7727792,"10/26":3.7727792,"10/27":3.7727792,"10/28":3.7156916,"10/29":3.69798,"10/30":3.69798,"10/31":3.658657,"11/01":3.658657,"11/02":3.658657,"11/03":3.658657,"11/04":3.5820565,"11/05":3.5604708,"11/06":3.5369306,"11/07":3.5163448,"11/08":3.4967484,"11/09":3.4967484,"11/10":3.4967484,"11/11":3.4419146,"11/12":3.423326,"11/13":3.4047441,"11/14":3.38519,"11/15":3.38519,"11/16":3.38519,"11/17":3.38519,"11/18":3.308993,"11/19":3.290443,"11/20":3.290443,"11/21":3.2514286,"11/22":3.2348511,"11/23":3.2348511,"11/24":3.2348511,"11/25":3.1802943,"11/26":3.160825,"11/27":3.1433115,"11/28":3.1248302,"11/29":3.1082935,"11/30":3.1082935,"12/01":3.1082935,"12/02":3.0499797,"12/03":3.0295873,"12/04":3.0130904,"12/05":2.993684,"12/06":2.9742851,"12/07":2.9742851,"12/08":2.9742851,"12/09":2.9151528,"12/10":2.896753,"12/11":2.87836,"12/12":2.860933,"12/13":2.8444903,"12/14":2.8444903,"12/15":2.8444903,"12/16":2.8444903,"12/17":2.7700553,"12/18":2.751698,"12/19":2.7343235,"12/20":2.7179117,"12/21":2.7179117,"12/22":2.7179117,"12/23":2.6629343,"12/24":2.6523356,"12/25":2.6523356,"12/26":4.5816236,"12/27":4.581955,"12/28":4.581955,"12/29":4.581955,"12/30":4.5831003,"12/31":4.583522},"2023":{"12/26":6.534996,"12/27":6.5530014,"12/28":6.5530014,"12/29":6.5530014,"12/30":6.6139984,"12/31":6.636},"2024":{"01/01":6.6870027,"01/02":6.7140007,"01/03":6.727059,"01/04":6.707859,"01/05":6.707859,"01/06":6.7628393,"01/07":6.782832,"01/08":6.7302628,"01/09":6.7232633,"01/10":6.7224574,"01/11":6.7075377,"01/12":6.7075377,"01/13":6.7674584,"01/14":6.788429,"01/15":6.735789,"01/16":6.7406216,"01/17":6.750727,"01/18":6.7326317,"01/19":6.7134666,"01/20":6.7713103,"01/21":6.7912536,"01/22":6.811197,"01/23":6.7515693,"01/24":6.752354,"01/25":6.7332163,"01/26":6.7332163,"01/27":6.7900004,"01/28":6.8119173,"01/29":6.7604427,"01/30":6.763286,"01/31":6.765054,"02/01":6.745938,"02/02":6.726818,"02/03":6.7845087,"02/04":6.8053994,"02/05":6.776109,"02/06":6.785963,"02/07":6.791774,"02/08":6.773738,"02/09":6.7567596,"02/10":6.8163743,"02/11":6.834255,"02/12":6.7998095,"02/13":6.806529,"02/14":6.8073783,"02/15":6.7882895,"02/16":6.7713404,"02/17":6.8298883,"02/18":6.8298883,"02/19":6.8298883,"02/20":6.812256,"02/21":6.81104,"02/22":6.793043,"02/23":6.7771635,"02/24":6.8376265,"02/25":6.860428,"02/26":6.8053713,"02/27":6.825027,"02/28":6.820835,"02/29":6.802859,"03/01":6.7848783,"03/02":6.7848783,"03/03":6.843296,"03/04":6.7872663,"03/05":6.807949,"03/06":6.8108335,"03/07":6.8117275,"03/08":6.8117275,"03/09":6.8117275,"03/10":6.8641443,"03/11":6.807937,"03/12":6.8037667,"03/13":6.802557,"03/14":6.7856736,"03/15":6.767739,"03/16":6.767739,"03/17":6.8497167,"03/18":6.8665113,"03/19":6.80945,"03/20":6.812328,"03/21":6.812173,"03/22":6.7932105,