{"0":{"01/01":9.572698,"01/02":9.55189,"01/03":9.421735,"01/04":9.160173,"01/05":9.160173,"01/06":9.160173,"01/07":9.160173,"01/08":10.378264,"01/09":10.579845,"01/10":10.233947,"01/11":10.077837,"01/12":10.077837,"01/13":10.077837,"01/14":10.077837,"01/15":7.7235336,"01/16":7.9835644,"01/17":9.818642,"01/18":9.7625475,"01/19":8.389375,"01/20":8.389375,"01/21":8.389375,"01/22":8.389375,"01/23":9.496069,"01/24":8.272655,"01/25":9.810939,"01/26":9.810939,"01/27":9.810939,"01/28":9.810939,"01/29":8.805807,"01/30":9.441408,"01/31":8.186089,"02/01":7.8815284,"02/02":7.2628136,"02/03":7.2628136,"02/04":7.2628136,"02/05":7.5027,"02/06":6.7290554,"02/07":6.91125,"02/08":7.7436514,"02/09":7.4268293,"02/10":7.4268293,"02/11":7.4268293,"02/12":8.2737255,"02/13":7.411035,"02/14":6.9832573,"02/15":6.501922,"02/16":6.362388,"02/17":6.362388,"02/18":6.362388,"02/19":6.362388,"02/20":5.222781,"02/21":5.862071,"02/22":5.079524,"02/23":5.2955694,"02/24":5.2955694,"02/25":5.2955694,"02/26":5.6732383,"02/27":5.7558274,"02/28":6.7010026,"02/29":5.971587,"03/01":4.9919534,"03/02":4.9919534,"03/03":4.9919534,"03/04":4.8503284,"03/05":4.9015126,"03/06":4.787173,"03/07":4.873407,"03/08":4.873407,"03/09":4.873407,"03/10":4.873407,"03/11":5.676299,"03/12":5.7731824,"03/13":6.725934,"03/14":6.3871717,"03/15":7.0365453,"03/16":7.0365453,"03/17":7.0365453,"03/18":7.0365453,"03/19":8.063414,"03/20":7.922954,"03/21":6.885189,"03/22":6.52056,"03/23":6.52056,"03/24":6.52056,"03/25":6.52056,"03/26":7.0166907,"03/27":6.9060388,"03/28":6.019774,"03/29":6.019774,"03/30":6.019774,"03/31":6.0156665,"04/01":6.0156665,"04/02":4.9467087,"04/03":4.828264,"04/04":4.72209,"04/05":3.8400333,"04/06":3.8400333,"04/07":3.8400333,"04/08":3.2978346,"04/09":3.2978346,"04/10":2.831647,"04/11":2.831647,"04/12":3.9927528,"04/13":3.9927528,"04/14":3.9927528,"04/15":5.147073,"04/16":5.4932013,"04/17":5.4932013,"04/18":6.285032,"04/19":5.506402,"04/20":5.506402,"04/21":5.506402,"04/22":5.1057315,"04/23":4.640106,"04/24":4.4297285,"04/25":3.8174074,"04/26":3.6671658,"04/27":3.6671658,"04/28":3.6671658,"04/29":2.847089,"04/30":2.6198206,"05/01":2.6198206,"05/02":2.219755,"05/03":2.5910099,"05/04":2.5910099,"05/05":2.5910099,"05/06":2.7892098,"05/07":3.0617874,"05/08":2.822005,"05/09":4.2271333,"05/10":3.7260287,"05/11":3.7260287,"05/12":3.7260287,"05/13":3.4616563,"05/14":2.905024,"05/15":2.8519123,"05/16":1.9260092,"05/17":1.3726153,"05/18":1.3726153,"05/19":1.3726153,"05/20":1.3726153,"05/21":1.4063737,"05/22":1.1322088,"05/23":1.1322088,"05/24":0.0,"05/25":0.0,"05/26":0.0,"05/27":0.0,"05/28":0.0,"05/29":0.0,"05/30":0.0,"05/31":0.0,"06/01":0.0,"06/02":0.0,"06/03":0.0,"06/04":0.0,"06/05":0.0,"06/06":0.0,"06/07":0.0,"06/08":0.0,"06/09":0.0,"06/10":0.0,"06/11":0.0,"06/12":0.0,"06/13":0.0,"06/14":0.0,"06/15":0.0,"06/16":0.0,"06/17":0.0,"06/18":0.0,"06/19":0.0,"06/20":0.0,"06/21":0.0,"06/22":0.0,"06/23":0.0,"06/24":0.0,"06/25":0.0,"06/26":0.0,"06/27":0.0,"06/28":0.0,"06/29":0.0,"06/30":0.0,"07/01":0.0,"07/02":0.0,"07/03":0.0,"07/04":0.0,"07/05":0.0,"07/06":0.0,"07/07":0.0,"07/08":0.0,"07/09":0.0,"07/10":0.0,"07/11":0.0,"07/12":0.0,"07/13":0.0,"07/14":0.0,"07/15":0.0,"07/16":0.0,"07/17":0.0,"07/18":0.0,"07/19":0.0,"07/20":0.0,"07/21":0.0,"07/22":0.0,"07/23":0.0,"07/24":0.0,"07/25":0.0,"07/26":0.0,"07/27":0.0,"07/28":0.0,"07/29":0.0,"07/30":0.0,"07/31":0.0,"08/01":0.0,"08/02":0.0,"08/03":0.0,"08/04":0.0,"08/05":0.0,"08/06":0.0,"08/07":0.0,"08/08":0.0,"08/09":0.0,"08/10":0.0,"08/11":0.0,"08/12":0.0,"08/13":0.0,"08/14":0.0,"08/15":0.0,"08/16":0.0,"08/17":0.0,"08/18":0.0,"08/19":0.0,"08/20":0.0,"08/21":0.0,"08/22":0.0,"08/23":0.0,"08/24":0.0,"08/25":0.0,"08/26":0.0,"08/27":0.0,"08/28":0.0,"08/29":0.0,"08/30":0.0,"08/31":0.0,"09/01":0.0,"09/02":0.0,"09/03":0.0,"09/04":0.0,"09/05":0.0,"09/06":0.0,"09/07":0.0,"09/08":0.0,"09/09":0.0,"09/10":0.0,"09/11":0.0,"09/12":0.0,"09/13":0.0,"09/14":0.0,"09/15":0.0,"09/16":0.0,"09/17":0.0,"09/18":0.0,"09/19":0.0,"09/20":0.0,"09/21":0.0,"09/22":0.0,"09/23":0.0,"09/24":0.0,"09/25":0.0,"09/26":0.0,"09/27":0.0,"09/28":0.0,"09/29":0.0,"09/30":0.0,"10/01":0.0,"10/02":0.0,"10/03":0.0,"10/04":0.0,"10/05":0.0,"10/06":0.0,"10/07":0.0,"10/08":0.0,"10/09":0.0,"10/10":0.0,"10/11":0.0,"10/12":0.0,"10/13":0.0,"10/14":0.0,"10/15":0.0,"10/16":0.0,"10/17":0.0,"10/18":0.0,"10/19":0.0,"10/20":0.0,"10/21":0.0,"10/22":0.0,"10/23":0.0,"10/24":0.0,"10/25":0.0,"10/26":0.0,"10/27":0.0,"10/28":0.0,"10/29":0.0,"10/30":0.0,"10/31":0.0,"11/01":0.0,"11/02":0.0,"11/03":0.0,"11/04":0.0,"11/05":0.0,"11/06":0.0,"11/07":0.0,"11/08":0.0,"11/09":0.0,"11/10":0.0,"11/11":0.0,"11/12":0.0,"11/13":0.0,"11/14":0.0,"11/15":0.0,"11/16":0.0,"11/17":0.0,"11/18":0.0,"11/19":0.0,"11/20":0.0,"11/21":0.0,"11/22":0.0,"11/23":0.0,"11/24":0.0,"11/25":0.0,"11/26":0.0,"11/27":0.0,"11/28":0.0,"11/29":0.0,"11/30":0.0,"12/01":0.0,"12/02":0.0,"12/03":0.0,"12/04":0.0,"12/05":0.0,"12/06":0.0,"12/07":0.0,"12/08":0.0,"12/09":0.0,"12/10":0.0,"12/11":0.0,"12/12":0.0,"12/13":0.0,"12/14":0.0,"12/15":0.0,"12/16":0.0,"12/17":0.0,"12/18":0.0,"12/19":0.0,"12/20":0.0,"12/21":0.0,"12/22":0.0,"12/23":0.0,"12/24":0.0,"12/25":0.0,"12/26":4.7994995,"12/27":4.7994995,"12/28":4.7912803,"12/29":4.786349,"12/30":4.786349,"12/31":4.786349},"2023":{"12/26":9.598999,"12/27":9.598999,"12/28":9.582561,"12/29":9.572698,"12/30":9.572698,"12/31":9.572698},"2024":{"01/01":9.572698,"01/02":9.55189,"01/03":9.421735,"01/04":9.160173,"01/05":9.160173,"01/06":9.160173,"01/07":9.160173,"01/08":10.378264,"01/09":10.579845,"01/10":10.233947,"01/11":10.077837,"01/12":10.077837,"01/13":10.077837,"01/14":10.077837,"01/15":7.7235336,"01/16":7.9835644,"01/17":9.818642,"01/18":9.7625475,"01/19":8.389375,"01/20":8.389375,"01/21":8.389375,"01/22":8.389375,"01/23":9.496069,"01/24":8.272655,"01/25":9.810939,"01/26":9.810939,"01/27":9.810939,"01/28":9.810939,"01/29":8.805807,"01/30":9.441408,"01/31":8.186089,"02/01":7.8815284,"02/02":7.2628136,"02/03":7.2628136,"02/04":7.2628136,"02/05":7.5027,"02/06":6.7290554,"02/07":6.91125,"02/08":7.7436514,"02/09":7.4268293,"02/10":7.4268293,"02/11":7.4268293,"02/12":8.2737255,"02/13":7.411035,"02/14":6.9832573,"02/15":6.501922,"02/16":6.362388,"02/17":6.362388,"02/18":6.362388,"02/19":6.362388,"02/20":5.222781,"02/21":5.862071,"02/22":5.079524,"02/23":5.2955694,"02/24":5.2955694,"02/25":5.2955694,"02/26":5.6732383,"02/27":5.7558274,"02/28":6.7010026,"02/29":5.971587,"03/01":4.9919534,"03/02":4.9919534,"03/03":4.9919534,"03/04":4.8503284,"03/05":4.9015126,"03/06":4.787173,"03/07":4.873407,"03/08":4.873407,"03/09":4.873407,"03/10":4.873407,"03/11":5.676299,"03/12":5.7731824,"03/13":6.725934,"03/14":6.3871717,"03/15":7.0365453,"03/16":7.0365453,"03/17":7.0365453,"03/18":7.0365453,"03/19":8.063414,"03/20":7.922954,"03/21":6.885189,"03/22":6.52056,"03/23":6.52056,"03/24":6.52056,"03/25":6.52056,"03/26":7.0166907,"03/27":6.9060388,"03/28":6.019774,"03/29":6.019774,"03/30":6.019774,"03/31":6.0156665,"04/01":6.0156665,"04/02":4.9467087,"04/03":4.828264,"04/04":4.72209,"04/05":3.8400333,"04/06":3.8400333,"04/07":3.8400333,"04/08":3.2978346,"04/09":3.2978346,"04/10":2.831647,"04/11":2.831647,"04/12":3.9927528,"04/13":3.9927528,"04/14":3.9927528,"04/15":5.147073,"04/16":5.4932013,"04/17":5.4932013,"04/18":6.285032,"04/19":5.506402,"04/20":5.506402,"04/21":5.506402,"04/22":5.1057315,"04/23":4.640106,"04/24":4.4297285,"04/25":3.8174074,"04/26":3.6671658,"04/27":3.6671658,"04/28":3.6671658,"04/29":2.847089,"04/30":2.6198206,"05/01":2.6198206,"05/02":2.219755,"05/03":2.5910099,"05/04":2.5910099,"05/05":2.5910099,"05/06":2.7892098,"05/07":3.0617874,"05/08":2.822005,"05/09":4.2271333,"05/10":3.7260287,"05/11":3.7260287,"05/12":3.7260287,"05/13":3.4616563,"05/14":2.905024,"05/15":2.8519123,"05/16":1.9260092,"05/17":1.3726153,"05/18":1.3726153,"05/19":1.3726153,"05/20":1.3726153,"05/21":1.4063737,"05/22":1.1322088,"05/23":1.1322088,"05/24":0.0,"05/25":0.0,"05/26":0.0,"05/27":0.0,"05/28":0.0,"05/29":0.0,"05/30":0.0,"05/31":0.0,"06/01":0.0,"06/02":0.0,"06/03":0.0,