{"0":{"01/01":6.775296,"01/02":6.767983,"01/03":6.636497,"01/04":6.5875363,"01/05":6.6010733,"01/06":6.7888913,"01/07":6.7888913,"01/08":6.7888913,"01/09":6.509499,"01/10":6.325774,"01/11":6.174707,"01/12":6.102429,"01/13":6.0663266,"01/14":6.0663266,"01/15":6.0663266,"01/16":6.178836,"01/17":6.193304,"01/18":6.1354537,"01/19":5.9550767,"01/20":6.1974444,"01/21":6.1974444,"01/22":6.1974444,"01/23":6.161278,"01/24":6.1581745,"01/25":6.178836,"01/26":6.178836,"01/27":6.4274178,"01/28":6.4274178,"01/29":6.4274178,"01/30":6.5011797,"01/31":6.2636337,"02/01":5.812243,"02/02":5.764036,"02/03":5.633986,"02/04":5.633986,"02/05":5.633986,"02/06":5.7835174,"02/07":5.7158637,"02/08":5.911877,"02/09":5.9869885,"02/10":6.098296,"02/11":6.098296,"02/12":6.098296,"02/13":6.0941734,"02/14":6.0838532,"02/15":5.8954268,"02/16":5.8214827,"02/17":6.0374627,"02/18":6.0374627,"02/19":6.0374627,"02/20":5.8492007,"02/21":5.972576,"02/22":6.178836,"02/23":5.9540462,"02/24":6.0756006,"02/25":6.0756006,"02/26":6.0756006,"02/27":6.1860695,"02/28":6.151979,"03/01":6.0158253,"03/02":6.0034575,"03/03":5.877962,"03/04":5.877962,"03/05":5.877962,"03/06":5.8533044,"03/07":5.8533044,"03/08":6.1003623,"03/09":6.020973,"03/10":5.9324427,"03/11":5.9324427,"03/12":5.9324427,"03/13":5.474675,"03/14":5.4318666,"03/15":5.356521,"03/16":5.260979,"03/17":5.2183437,"03/18":5.2183437,"03/19":5.2183437,"03/20":5.013771,"03/21":5.1098785,"03/22":5.1098785,"03/23":5.010735,"03/24":4.845235,"03/25":4.845235,"03/26":4.845235,"03/27":4.69131,"03/28":4.7033634,"03/29":4.5348277,"03/30":4.5348277,"03/31":4.623046,"04/01":4.623046,"04/02":4.623046,"04/03":4.567897,"04/04":4.567897,"04/05":4.228247,"04/06":3.9086125,"04/07":3.9086125,"04/08":3.9086125,"04/09":3.9086125,"04/10":3.9402857,"04/11":4.0007305,"04/12":3.9204865,"04/13":3.9848683,"04/14":3.9848683,"04/15":3.9848683,"04/16":3.9848683,"04/17":3.968019,"04/18":3.8166573,"04/19":3.7969053,"04/20":3.7159975,"04/21":3.4445844,"04/22":3.4445844,"04/23":3.4445844,"04/24":3.085878,"04/25":2.9574711,"04/26":2.953589,"04/27":2.886591,"04/28":2.9186254,"04/29":2.9186254,"04/30":2.9186254,"05/01":2.9186254,"05/02":2.8206596,"05/03":2.2319899,"05/04":2.1573243,"05/05":2.1573243,"05/06":2.1573243,"05/07":2.1573243,"05/08":2.2243257,"05/09":2.2032573,"05/10":2.1525445,"05/11":2.0827677,"05/12":1.84739,"05/13":1.84739,"05/14":1.84739,"05/15":1.8046299,"05/16":1.6178337,"05/17":1.5525713,"05/18":1.597962,"05/19":1.670863,"05/20":1.670863,"05/21":1.670863,"05/22":1.4968288,"05/23":1.6036376,"05/24":1.5109951,"05/25":1.5109951,"05/26":1.5279945,"05/27":1.5279945,"05/28":1.5279945,"05/29":1.5903926,"05/30":1.5421696,"05/31":1.4015588,"06/01":1.3290343,"06/02":1.3365648,"06/03":1.3365648,"06/04":1.3365648,"06/05":1.3478671,"06/06":1.2519265,"06/07":1.2312571,"06/08":1.3817714,"06/09":1.4855021,"06/10":1.4855021,"06/11":1.4855021,"06/12":1.3666981,"06/13":1.3337463,"06/14":1.3422112,"06/15":1.4156895,"06/16":1.4619026,"06/17":1.4619026,"06/18":1.4619026,"06/19":1.4562429,"06/20":1.4826664,"06/21":1.5034387,"06/22":1.6452897,"06/23":1.6102613,"06/24":1.6102613,"06/25":1.6102613,"06/26":1.5365009,"06/27":1.5091037,"06/28":1.4562429,"06/29":1.4562429,"06/30":1.6926615,"07/01":1.6926615,"07/02":1.6926615,"07/03":1.6471863,"07/04":1.6718117,"07/05":1.6140429,"07/06":1.799883,"07/07":1.799883,"07/08":1.799883,"07/09":1.799883,"07/10":1.799883,"07/11":1.4496392,"07/12":1.5232735,"07/13":1.2810681,"07/14":1.3252739,"07/15":1.3252739,"07/16":1.3252739,"07/17":1.1674296,"07/18":1.0072669,"07/19":1.0259714,"07/20":1.04562,"07/21":1.0540457,"07/22":1.0540457,"07/23":1.0540457,"07/24":0.96146685,"07/25":1.0793223,"07/26":1.0306554,"07/27":1.1046206,"07/28":1.3572773,"07/29":1.3572773,"07/30":1.3572773,"07/31":1.3845927,"08/01":1.2434678,"08/02":1.2613277,"08/03":1.4411564,"08/04":1.4515284,"08/05":1.4515284,"08/06":1.4515284,"08/07":1.3412776,"08/08":1.2143569,"08/09":1.1796248,"08/10":1.0793223,"08/11":1.2622689,"08/12":1.2622689,"08/13":1.2622689,"08/14":1.2491127,"08/15":1.2491127,"08/16":1.2491127,"08/17":1.4911652,"08/18":1.2989323,"08/19":4.5014668,"08/20":4.5014668,"08/21":4.5037513,"08/22":4.505622,"08/23":4.5121775,"08/24":4.7128773,"08/25":4.7050023,"08/26":4.6979237,"08/27":4.6979237,"08/28":4.7054996,"08/29":4.6868486,"08/30":4.6773896,"08/31":4.680599,"09/01":4.6670127,"09/02":4.659385,"09/03":4.659385,"09/04":4.6568103,"09/05":4.632612,"09/06":4.621642,"09/07":4.621018,"09/08":4.610513,"09/09":4.6034408,"09/10":4.6034408,"09/11":4.5973434,"09/12":4.5754323,"09/13":4.576656,"09/14":4.585895,"09/15":4.5690727,"09/16":4.5630903,"09/17":4.5630903,"09/18":4.5661573,"09/19":4.5444107,"09/20":4.541344,"09/21":4.540141,"09/22":4.531474,"09/23":4.5254974,"09/24":4.5254974,"09/25":4.5276694,"09/26":4.504259,"09/27":4.4947367,"09/28":4.47162,"09/29":4.4645967,"09/30":4.455412,"10/01":4.455412,"10/02":4.455412,"10/03":4.430452,"10/04":4.4182444,"10/05":4.424361,"10/06":4.3802,"10/07":4.37217,"10/08":4.37217,"10/09":4.366998,"10/10":4.345852,"10/11":4.3456564,"10/12":4.34571,"10/13":4.337762,"10/14":4.3533034,"10/15":4.3533034,"10/16":4.3519497,"10/17":4.2835,"10/18":4.2904577,"10/19":4.329297,"10/20":4.3597355,"10/21":4.393511,"10/22":4.393511,"10/23":4.3915653,"10/24":4.3915653,"10/25":4.2256904,"10/26":4.2218018,"10/27":4.148288,"10/28":4.1743846,"10/29":4.1743846,"10/30":4.1749525,"10/31":4.2702813,"11/01":4.140241,"11/02":4.141082,"11/03":4.343257,"11/04":4.311529,"11/05":4.311529,"11/06":4.3168006,"11/07":4.224523,"11/08":4.2287297,"11/09":4.0704947,"11/10":3.9144068,"11/11":3.734608,"11/12":3.734608,"11/13":3.738597,"11/14":3.711169,"11/15":3.6437633,"11/16":3.6582668,"11/17":3.6551511,"11/18":3.727104,"11/19":3.727104,"11/20":3.7217271,"11/21":3.7391229,"11/22":3.6704965,"11/23":3.67117,"11/24":3.5334992,"11/25":3.6149485,"11/26":3.6149485,"11/27":3.6149485,"11/28":3.5092232,"11/29":3.5237675,"11/30":3.5193682,"12/01":3.3235147,"12/02":3.3266342,"12/03":3.3266342,"12/04":3.3324392,"12/05":3.300015,"12/06":3.3510993,"12/07":3.410649,"12/08":3.4164045,"12/09":3.4934037,"12/10":3.4934037,"12/11":3.4934037,"12/12":3.435237,"12/13":3.3364937,"12/14":3.2261717,"12/15":3.328155,"12/16":3.3709362,"12/17":3.3709362,"12/18":3.3709362,"12/19":3.36885,"12/20":3.4164045,"12/21":3.3443182,"12/22":3.3881714,"12/23":3.4116962,"12/24":3.4116962,"12/25":3.4116962,"12/26":3.4179711,"12/27":3.3756375,"12/28":3.3798163,"12/29":3.36415,"12/30":3.387648,"12/31":3.387648},"2022":{"08/19":7.704001,"08/20":7.704001,"08/21":7.779999,"08/22":7.840996,"08/23":8.046999,"08/24":8.523112,"08/25":8.456939,"08/26":8.442781,"08/27":8.442781,"08/28":8.656513,"08/29":8.68523,"08/30":8.633779,"08/31":8.721032,"09/01":8.694779,"09/02":8.679524,"09/03":8.679524,"09/04":8.60935,"09/05":8.554447,"09/06":8.487866,"09/07":8.677933,"09/08":8.584569,"09/09":8.570424,"09/10":8.570424,"09/11":8.400174,"09/12":8.379631,"09/13":8.567882,"09/14":8.95225,"09/15":8.648137,"09/16":8.636172,"09/17":8.636172,"09/18":8.717226,"09/19":8.673733,"09/20":8.737787,"09/21":8.797182,"09/22":8.729118,"09/23":8.717165,"09/24":8.717165,"09/25":8.773153,"09/26":8.725418,"09/27":8.647345,"09/28":8.175726,"09/29":8.161679,"09/30":8.14331,"10/01":8.14331,"10/02":8.14331,"10/03":8.178011,"10/04":8.100606,"10/05":8.276274,"10/06":7.3776937,"10/07":7.361634,"10/08":7.361634,"10/09":7.170083,"10/10":7.250548,"10/11":7.511688,"10/12":7.5474334,"10/13":7.5174785,"10/14":7.5485616,"10/15":7.5485616,"10/16":7.5026865,"10/17":7.420206,"10/18":7.3468366,"10/19":7.3643613,"10/20":7.440286,"10/21":7.507837,"10/22":7.507837,"10/23":7.439977,"10/24":7.439977,"10/25":7.353318,"10/26":7.2170396,"10/27":7.177907,"10/28":7.2301006,"10/29":7.2301006,"10/30":7.2499757,"10/31":7.500556,"11/01":7.2647963,"11/02":7.459705,"11/03":7.96272,"11/04":7.8992643,"11/05":7.8992643,"11/06":8.054662,"11/07":7.9757004,"11/08":8.095023,"11/09":7.8458977,"11/10":7.3397317,"11/11":6.980134,"11/12":6.980134,"11/13":7.109219,"11/14":7.0543633,"11/15":7.314101,"11/16":7.364167,