{"0":{"01/01":8.743879,"01/02":8.724327,"01/03":8.711286,"01/04":8.691746,"01/05":8.691746,"01/06":8.691746,"01/07":8.691746,"01/08":8.615805,"01/09":8.597373,"01/10":8.599544,"01/11":8.580033,"01/12":8.580033,"01/13":8.580033,"01/14":8.580033,"01/15":8.503175,"01/16":8.484782,"01/17":8.466394,"01/18":8.446942,"01/19":8.438295,"01/20":8.438295,"01/21":8.438295,"01/22":8.438295,"01/23":8.361628,"01/24":8.342213,"01/25":8.405885,"01/26":8.405885,"01/27":8.405885,"01/28":8.405885,"01/29":8.246289,"01/30":8.226915,"01/31":8.207549,"02/01":8.188179,"02/02":8.169903,"02/03":8.169903,"02/04":8.169903,"02/05":8.116166,"02/06":8.097905,"02/07":8.0796585,"02/08":8.062484,"02/09":8.043166,"02/10":8.043166,"02/11":8.043166,"02/12":7.986346,"02/13":7.967055,"02/14":7.9477816,"02/15":7.929576,"02/16":7.910315,"02/17":7.910315,"02/18":7.910315,"02/19":7.910315,"02/20":7.8354616,"02/21":7.816235,"02/22":7.7980742,"02/23":7.7809877,"02/24":7.7809877,"02/25":7.7809877,"02/26":7.724444,"02/27":7.7052464,"02/28":7.687133,"02/29":7.669016,"03/01":7.649848,"03/02":7.649848,"03/03":7.649848,"03/04":7.5944967,"03/05":7.57642,"03/06":7.55834,"03/07":7.540266,"03/08":7.540266,"03/09":7.540266,"03/10":7.540266,"03/11":7.465925,"03/12":7.4468293,"03/13":7.4287925,"03/14":7.4107723,"03/15":7.3927474,"03/16":7.3927474,"03/17":7.3927474,"03/18":7.3927474,"03/19":7.3175507,"03/20":7.2995667,"03/21":7.28158,"03/22":7.2625504,"03/23":7.2625504,"03/24":7.2625504,"03/25":7.2625504,"03/26":7.186477,"03/27":7.1674814,"03/28":7.148482,"03/29":7.148482,"03/30":7.148482,"03/31":7.0831113,"04/01":7.0831113,"04/02":7.0494075,"04/03":7.031504,"04/04":7.0125623,"04/05":6.993618,"04/06":6.993618,"04/07":6.993618,"04/08":6.938939,"04/09":6.938939,"04/10":6.9021697,"04/11":6.9021697,"04/12":6.864386,"04/13":6.864386,"04/14":6.864386,"04/15":6.8087883,"04/16":6.790976,"04/17":6.790976,"04/18":6.755347,"04/19":6.737552,"04/20":6.737552,"04/21":6.737552,"04/22":6.6841817,"04/23":6.665363,"04/24":6.646541,"04/25":6.627735,"04/26":6.608927,"04/27":6.608927,"04/28":6.608927,"04/29":6.5525613,"04/30":6.5337887,"05/01":6.5337887,"05/02":6.496254,"05/03":6.480622,"05/04":6.480622,"05/05":6.480622,"05/06":6.423349,"05/07":6.404612,"05/08":6.387975,"05/09":6.372375,"05/10":6.3546968,"05/11":6.3546968,"05/12":6.3546968,"05/13":6.2985992,"05/14":6.2778373,"05/15":6.257075,"05/16":6.236329,"05/17":6.21663,"05/18":6.21663,"05/19":6.21663,"05/20":6.21663,"05/21":6.138933,"05/22":6.114089,"05/23":6.114089,"05/24":6.074789,"05/25":6.074789,"05/26":6.074789,"05/27":6.015883,"05/28":5.9972897,"05/29":5.9787126,"05/30":5.9590993,"05/31":5.9405355,"06/01":5.9405355,"06/02":5.9405355,"06/03":5.8828106,"06/04":5.865295,"06/05":5.846764,"06/06":5.8261786,"06/07":5.804571,"06/08":5.804571,"06/09":5.804571,"06/10":5.1299405,"06/11":5.0984607,"06/12":5.0812135,"06/13":5.0071883,"06/14":4.9342804,"06/15":4.9342804,"06/16":4.9342804,"06/17":4.9342804,"06/18":4.8554125,"06/19":4.57227,"06/20":4.552177,"06/21":4.050335,"06/22":4.050335,"06/23":4.050335,"06/24":3.986699,"06/25":3.9678254,"06/26":3.948949,"06/27":3.930089,"06/28":3.9102423,"06/29":3.9102423,"06/30":3.9102423,"07/01":3.849755,"07/02":3.827955,"07/03":3.806164,"07/04":3.7853734,"07/05":3.7665632,"07/06":3.7665632,"07/07":3.7665632,"07/08":3.7092123,"07/09":3.6904297,"07/10":3.6706743,"07/11":3.6509266,"07/12":3.6311862,"07/13":3.6311862,"07/14":3.6311862,"07/15":3.5720105,"07/16":3.5720105,"07/17":3.5720105,"07/18":3.4479432,"07/19":3.8150795,"07/20":3.8150795,"07/21":3.8150795,"07/22":3.7556841,"07/23":3.735904,"07/24":3.7171211,"07/25":3.7171211,"07/26":3.5079725,"07/27":3.5079725,"07/28":3.5079725,"07/29":3.4508975,"07/30":3.1831071,"07/31":3.520772,"08/01":3.5010812,"08/02":3.2261765,"08/03":3.2261765,"08/04":3.2261765,"08/05":3.0921955,"08/06":3.0726676,"08/07":3.0531468,"08/08":3.0336337,"08/09":3.0141277,"08/10":3.0141277,"08/11":3.0141277,"08/12":2.955645,"08/13":2.9361687,"08/14":2.9166996,"08/15":2.9166996,"08/16":2.8777838,"08/17":2.8777838,"08/18":2.8777838,"08/19":2.8068292,"08/20":2.7427623,"08/21":2.794206,"08/22":2.8194559,"08/23":2.4583585,"08/24":2.4583585,"08/25":2.4583585,"08/26":2.3619785,"08/27":2.3427262,"08/28":2.3292527,"08/29":2.3109758,"08/30":2.2917426,"08/31":2.2917426,"09/01":2.2917426,"09/02":2.2379243,"09/03":2.2158341,"09/04":2.1966367,"09/05":2.1966367,"09/06":2.1592145,"09/07":2.1592145,"09/08":2.1592145,"09/09":1.663876,"09/10":1.6448853,"09/11":1.5917453,"09/12":1.5737308,"09/13":1.3297111,"09/14":1.3297111,"09/15":1.3297111,"09/16":1.2006049,"09/17":1.1817868,"09/18":1.1817868,"09/19":0.99960417,"09/20":0.96211535,"09/21":0.96211535,"09/22":0.96211535,"09/23":0.33006933,"09/24":0.105794206,"09/25":0.46252576,"09/26":0.29401025,"09/27":0.23488508,"09/28":0.23488508,"09/29":0.23488508,"09/30":0.22934704,"10/01":0.20719221,"10/02":0.20719221,"10/03":0.24134836,"10/04":0.37171635,"10/05":0.37171635,"10/06":0.37171635,"10/07":0.34949854,"10/08":0.33839774,"10/09":0.15646754,"10/10":0.137113,"10/11":0.11868833,"10/12":0.11868833,"10/13":0.11868833,"10/14":0.063446164,"10/15":0.04596961,"10/16":0.06713176,"10/17":-0.023884352,"10/18":0.006433027,"10/19":0.006433027,"10/20":0.006433027,"10/21":9.2020514E-4,"10/22":0.0,"10/23":0.0,"10/24":0.0,"10/25":0.0,"10/26":0.0,"10/27":0.0,"10/28":0.0,"10/29":0.0,"10/30":0.0,"10/31":0.0,"11/01":0.0,"11/02":0.0,"11/03":0.0,"11/04":0.0,"11/05":0.0,"11/06":0.0,"11/07":0.0,"11/08":0.0,"11/09":0.0,"11/10":0.0,"11/11":0.0,"11/12":0.0,"11/13":0.0,"11/14":0.0,"11/15":0.0,"11/16":0.0,"11/17":0.0,"11/18":0.0,"11/19":0.0,"11/20":0.0,"11/21":0.0,"11/22":0.0,"11/23":0.0,"11/24":0.0,"11/25":0.0,"11/26":0.0,"11/27":0.0,"11/28":0.0,"11/29":0.0,"11/30":0.0,"12/01":0.0,"12/02":0.0,"12/03":0.0,"12/04":0.0,"12/05":0.0,"12/06":0.0,"12/07":0.0,"12/08":0.0,"12/09":0.0,"12/10":0.0,"12/11":0.0,"12/12":0.0,"12/13":0.0,"12/14":0.0,"12/15":0.0,"12/16":0.0,"12/17":0.0,"12/18":0.0,"12/19":0.0,"12/20":0.0,"12/21":0.0,"12/22":0.0,"12/23":0.0,"12/24":0.0,"12/25":0.0,"12/26":4.41,"12/27":4.41,"12/28":4.41,"12/29":4.400749,"12/30":4.400749,"12/31":4.400749},"2023":{"12/26":8.82,"12/27":8.82,"12/28":8.82,"12/29":8.801498,"12/30":8.801498,"12/31":8.801498},"2024":{"01/01":8.743879,"01/02":8.724327,"01/03":8.711286,"01/04":8.691746,"01/05":8.691746,"01/06":8.691746,"01/07":8.691746,"01/08":8.615805,"01/09":8.597373,"01/10":8.599544,"01/11":8.580033,"01/12":8.580033,"01/13":8.580033,"01/14":8.580033,"01/15":8.503175,"01/16":8.484782,"01/17":8.466394,"01/18":8.446942,"01/19":8.438295,"01/20":8.438295,"01/21":8.438295,"01/22":8.438295,"01/23":8.361628,"01/24":8.342213,"01/25":8.405885,"01/26":8.405885,"01/27":8.405885,"01/28":8.405885,"01/29":8.246289,"01/30":8.226915,"01/31":8.207549,"02/01":8.188179,"02/02":8.169903,"02/03":8.169903,"02/04":8.169903,"02/05":8.116166,"02/06":8.097905,"02/07":8.0796585,"02/08":8.062484,"02/09":8.043166,"02/10":8.043166,"02/11":8.043166,"02/12":7.986346,"02/13":7.967055,"02/14":7.9477816,"02/15":7.929576,"02/16":7.910315,"02/17":7.910315,"02/18":7.910315,"02/19":7.910315,"02/20":7.8354616,"02/21":7.816235,"02/22":7.7980742,"02/23":7.7809877,"02/24":7.7809877,"02/25":7.7809877,"02/26":7.724444,"02/27":7.7052464,"02/28":7.687133,"02/29":7.669016,"03/01":7.649848,"03/02":7.649848,"03/03":7.649848,"03/04":7.5944967,"03/05":7.57642,"03/06":7.55834,"03/07":7.540266,"03/08":7.540266,"03/09":7.540266,"03/10":7.540266,"03/11":7.465925,"03/12":7.4468293,"03/13":7.4287925,"03/14":7.4107723,"03/15":7.3927474,"03/16":7.3927474,"03/17":7.3927474,"03/18":7.3927474,"03/19":7.3175507,"03/20":7.2995667,"03/21":7.28158,"03/22":7.2625504,"03/23":7.2625504,"03/24":7.2625504,"03/25":7.2625504,"03/26":7.186477,"03/27":7.1674814,"03/28":7.148482,"03/29":7.148482,"03/30":7.148482,"03/31":7.0831113,"04/01":7.0831113,"04/02":7.0494075,"04/03":7.031504,"04/04":7.0125623,"04/05":6.993618,"04/06":6.993618,"04/07":6.993618,"04/08":6.938939,"04/09":6.938939,"04/10":6.9021697,"04/11":6.9021697,"04/12":6.864386,"04/13":6.864386,