{"0":{"01/01":7.269223,"01/02":7.1730795,"01/03":7.1177726,"01/04":7.070424,"01/05":7.0535736,"01/06":7.036727,"01/07":7.036727,"01/08":7.2048717,"01/09":7.255457,"01/10":7.335889,"01/11":7.3681407,"01/12":7.3512607,"01/13":7.334388,"01/14":7.334388,"01/15":7.334388,"01/16":7.2817073,"01/17":7.2648563,"01/18":7.252225,"01/19":7.2374897,"01/20":7.2227583,"01/21":7.2227583,"01/22":7.2227583,"01/23":7.1712317,"01/24":7.153362,"01/25":7.1354976,"01/26":7.1354976,"01/27":7.0997987,"01/28":7.0997987,"01/29":7.0997987,"01/30":7.045249,"01/31":7.026372,"02/01":7.0085607,"02/02":6.9907455,"02/03":6.973984,"02/04":6.973984,"02/05":6.973984,"02/06":6.922696,"02/07":6.908051,"02/08":6.904918,"02/09":6.878773,"02/10":6.8860903,"02/11":6.8860903,"02/12":6.8860903,"02/13":6.8181844,"02/14":6.808785,"02/15":6.7524333,"02/16":6.716988,"02/17":6.814002,"02/18":6.814002,"02/19":6.814002,"02/20":6.739922,"02/21":6.762867,"02/22":6.771214,"02/23":6.693031,"02/24":6.701356,"02/25":6.701356,"02/26":6.701356,"02/27":6.6711583,"02/28":6.769124,"03/01":6.719075,"03/02":6.703443,"03/03":6.6368003,"03/04":6.6368003,"03/05":6.6368003,"03/06":6.5754447,"03/07":6.5754447,"03/08":6.6388845,"03/09":6.5806394,"03/10":6.527647,"03/11":6.527647,"03/12":6.527647,"03/13":6.215976,"03/14":6.2510886,"03/15":6.215976,"03/16":6.155104,"03/17":6.1870766,"03/18":6.1870766,"03/19":6.1870766,"03/20":6.026347,"03/21":6.033549,"03/22":6.033549,"03/23":5.962605,"03/24":5.8897014,"03/25":5.8897014,"03/26":5.8897014,"03/27":5.84765,"03/28":5.881492,"03/29":5.8527737,"03/30":5.8527737,"03/31":5.762622,"04/01":5.762622,"04/02":5.762622,"04/03":5.707378,"04/04":5.707378,"04/05":5.6113405,"04/06":5.393356,"04/07":5.393356,"04/08":5.393356,"04/09":5.393356,"04/10":5.300936,"04/11":5.27761,"04/12":5.239078,"04/13":5.2319837,"04/14":5.2319837,"04/15":5.2319837,"04/16":5.2319837,"04/17":5.186407,"04/18":5.1186075,"04/19":5.105465,"04/20":5.063022,"04/21":5.018593,"04/22":5.018593,"04/23":5.018593,"04/24":4.8996344,"04/25":4.8603806,"04/26":4.841259,"04/27":4.8080783,"04/28":4.8020487,"04/29":4.8020487,"04/30":4.8020487,"05/01":4.8020487,"05/02":4.7337384,"05/03":4.6214323,"05/04":4.5783873,"05/05":4.5783873,"05/06":4.5783873,"05/07":4.5783873,"05/08":4.5313625,"05/09":4.516364,"05/10":4.491383,"05/11":4.4544244,"05/12":4.4075203,"05/13":4.4075203,"05/14":4.4075203,"05/15":4.350689,"05/16":4.2859554,"05/17":4.2580957,"05/18":4.2471595,"05/19":4.2471595,"05/20":4.2471595,"05/21":4.2471595,"05/22":4.1408534,"05/23":4.157732,"05/24":4.12398,"05/25":4.12398,"05/26":4.105135,"05/27":4.105135,"05/28":4.105135,"05/29":4.091252,"05/30":4.058544,"05/31":4.0258574,"06/01":3.9625165,"06/02":3.9447107,"06/03":3.9447107,"06/04":3.9447107,"06/05":3.9051788,"06/06":3.8785114,"06/07":3.8627114,"06/08":3.8943067,"06/09":3.893327,"06/10":3.893327,"06/11":3.893327,"06/12":3.8271837,"06/13":3.8074586,"06/14":3.8005562,"06/15":3.795629,"06/16":3.743397,"06/17":3.743397,"06/18":3.743397,"06/19":3.722718,"06/20":3.7010617,"06/21":3.6981149,"06/22":3.696144,"06/23":3.687286,"06/24":3.687286,"06/25":3.687286,"06/26":3.6194463,"06/27":3.6047084,"06/28":3.592925,"06/29":3.592925,"06/30":3.6047084,"07/01":3.6047084,"07/02":3.6047084,"07/03":3.545809,"07/04":3.5320747,"07/05":3.4948096,"07/06":3.5163798,"07/07":3.5163798,"07/08":3.5163798,"07/09":3.5163798,"07/10":3.5163798,"07/11":3.391991,"07/12":3.3812351,"07/13":3.325515,"07/14":3.3147733,"07/15":3.3147733,"07/16":3.3147733,"07/17":3.2464337,"07/18":3.1918347,"07/19":3.1752768,"07/20":3.1762521,"07/21":3.1577394,"07/22":3.1577394,"07/23":3.1577394,"07/24":3.099347,"07/25":3.100321,"07/26":3.0837831,"07/27":3.0828094,"07/28":3.1139412,"07/29":3.1139412,"07/30":3.1139412,"07/31":3.0740652,"08/01":3.0322742,"08/02":3.01285,"08/03":3.0118775,"08/04":3.0050805,"08/05":3.0050805,"08/06":3.0050805,"08/07":2.9439473,"08/08":2.9109862,"08/09":2.8974197,"08/10":2.8751366,"08/11":2.8925686,"08/12":2.8925686,"08/13":2.8925686,"08/14":2.848026,"08/15":2.848026,"08/16":2.848026,"08/17":2.818992,"08/18":2.7716093,"08/19":2.7716093,"08/20":2.7716093,"08/21":2.717511,"08/22":2.689517,"08/23":2.6596158,"08/24":2.6316533,"08/25":2.6277924,"08/26":2.6277924,"08/27":2.6277924,"08/28":2.557485,"08/29":2.5228446,"08/30":2.5209184,"08/31":2.4920688,"09/01":2.4661214,"09/02":2.4661214,"09/03":2.4661214,"09/04":2.4181023,"09/05":2.4017916,"09/06":2.3816438,"09/07":2.274323,"09/08":2.270489,"09/09":2.270489,"09/10":2.270489,"09/11":2.2274408,"09/12":4.5597887,"09/13":4.5643606,"09/14":4.581975,"09/15":4.57438,"09/16":4.566884,"09/17":4.566884,"09/18":4.567868,"09/19":4.5464582,"09/20":4.5447984,"09/21":4.538021,"09/22":4.530956,"09/23":4.522927,"09/24":4.522927,"09/25":4.5237536,"09/26":4.502929,"09/27":4.495778,"09/28":4.4865875,"09/29":4.479111,"09/30":4.471637,"10/01":4.471637,"10/02":4.471637,"10/03":4.4476304,"10/04":4.4489655,"10/05":4.4497595,"10/06":4.429143,"10/07":4.42169,"10/08":4.42169,"10/09":4.421864,"10/10":4.3970914,"10/11":4.3900385,"10/12":4.383242,"10/13":4.3762865,"10/14":4.3688397,"10/15":4.3688397,"10/16":4.3691535,"10/17":4.346023,"10/18":4.337256,"10/19":4.32927,"10/20":4.3203316,"10/21":4.311306,"10/22":4.311306,"10/23":4.3104854,"10/24":4.3104854,"10/25":4.277895,"10/26":4.277807,"10/27":4.2611094,"10/28":4.2526298,"10/29":4.2526298,"10/30":4.254373,"10/31":4.229183,"11/01":4.221371,"11/02":4.2137747,"11/03":4.2064404,"11/04":4.1990275,"11/05":4.1990275,"11/06":4.201545,"11/07":4.178953,"11/08":4.1801834,"11/09":4.1652493,"11/10":4.157449,"11/11":4.149506,"11/12":4.149506,"11/13":4.1506195,"11/14":4.126799,"11/15":4.1211176,"11/16":4.114051,"11/17":4.1073995,"11/18":4.0999866,"11/19":4.0999866,"11/20":4.100523,"11/21":4.076714,"11/22":4.0692234,"11/23":4.0695863,"11/24":4.0518274,"11/25":4.042845,"11/26":4.042845,"11/27":4.042845,"11/28":4.0182967,"11/29":4.0128384,"11/30":4.0041237,"12/01":3.9966414,"12/02":3.9892483,"12/03":3.9892483,"12/04":3.9910836,"12/05":3.9685059,"12/06":3.9604063,"12/07":3.95438,"12/08":3.9456635,"12/09":3.9377472,"12/10":3.9377472,"12/11":3.940322,"12/12":3.9141448,"12/13":3.9071176,"12/14":3.905101,"12/15":3.90127,"12/16":3.8928053,"12/17":3.8928053,"12/18":3.8957334,"12/19":3.8692453,"12/20":3.8619223,"12/21":3.8522987,"12/22":3.8442879,"12/23":3.8352983,"12/24":3.8352983,"12/25":3.8352983,"12/26":3.8096719,"12/27":3.800917,"12/28":3.793059,"12/29":3.7875574,"12/30":3.7785807,"12/31":3.7785807},"2022":{"09/12":6.8509965,"09/13":6.943344,"09/14":7.1102676,"09/15":7.069338,"09/16":7.054347,"09/17":7.054347,"09/18":7.0963492,"09/19":7.0535297,"09/20":7.0911655,"09/21":7.1061673,"09/22":7.130081,"09/23":7.114023,"09/24":7.114023,"09/25":7.1479936,"09/26":7.0445495,"09/27":7.0435643,"09/28":6.977604,"09/29":6.9626513,"09/30":6.947703,"10/01":6.947703,"10/02":6.947703,"10/03":6.89969,"10/04":6.93567,"10/05":6.9695935,"10/06":6.755979,"10/07":6.741073,"10/08":6.741073,"10/09":6.7490535,"10/10":6.6384234,"10/11":6.7130494,"10/12":6.7737646,"10/13":6.780793,"10/14":6.765899,"10/15":6.765899,"10/16":6.779847,"10/17":6.722172,"10/18":6.6932206,"10/19":6.721958,"10/20":6.6622214,"10/21":6.6441708,"10/22":6.6441708,"10/23":6.6063576,"10/24":6.6063576,"10/25":6.62396,"10/26":6.619985,"10/27":6.5979958,"10/28":6.5810366,"10/29":6.5810366,"10/30":6.659574,"10/31":6.619631,"11/01":6.6097,"11/02":6.6315093,"11/03":6.6424365,"11/04":6.6276107,"11/05":6.6276107,"11/06":6.735848,"11/07":6.6982317,"11/08":6.7498517,"11/09":6.75776,"11/10":6.747822,"11/11":6.7319365,"11/12":6.7319365,"11/13":6.777575,"11/14":6.729934,"11/15":6.805275,"11/16":6.824087,"11/17":6.8587456,"11/18":6.8439198,"11/19":6.8439198,"11/20":6.8647313,"11/21":6.836844,"11/22":6.85755,"11/23":6.8714156,"11/24":6.7861385,"11/25":6.768173,"11/26":6.768173,"11/27":6.768173,"11/28":6.749125,"11/29":6.8282537,"11/30":6.801457,"12/01":6.8024197,"12/02":6.7876334,"12/03":6.7876334,"12/04":6.8568544,"12/05":6.8350945,"12/06":6.8123474,"12/07":6.866674,"12/08":6.8398933,"12/09":6.824061,"12/10":6.824061,