{"0":{"01/01":24.88402,"01/02":26.510597,"01/03":25.351929,"01/04":25.052288,"01/05":25.052288,"01/06":22.46867,"01/07":22.661898,"01/08":24.333792,"01/09":24.087666,"01/10":22.532791,"01/11":22.359264,"01/12":22.359264,"01/13":20.159698,"01/14":21.102797,"01/15":19.068031,"01/16":19.85398,"01/17":21.344694,"01/18":21.282713,"01/19":19.765419,"01/20":20.794931,"01/21":19.56664,"01/22":20.261883,"01/23":21.465816,"01/24":19.524815,"01/25":21.222965,"01/26":21.222965,"01/27":19.781183,"01/28":19.985579,"01/29":20.106424,"01/30":21.452112,"01/31":21.532785,"02/01":21.19065,"02/02":20.495607,"02/03":20.406546,"02/04":21.467436,"02/05":21.255526,"02/06":20.193008,"02/07":20.027506,"02/08":20.962029,"02/09":20.606337,"02/10":20.040781,"02/11":18.419556,"02/12":19.514145,"02/13":18.896084,"02/14":17.619213,"02/15":17.090027,"02/16":16.93662,"02/17":16.978342,"02/18":16.978342,"02/19":16.978342,"02/20":16.253035,"02/21":16.153778,"02/22":15.295152,"02/23":15.5322,"02/24":14.6463995,"02/25":14.151619,"02/26":14.561052,"02/27":14.841647,"02/28":13.746649,"02/29":12.969069,"03/01":11.924747,"03/02":11.924747,"03/03":11.680464,"03/04":11.529817,"03/05":13.018059,"03/06":13.580385,"03/07":13.837485,"03/08":13.837485,"03/09":13.837485,"03/10":13.647063,"03/11":14.477593,"03/12":14.817069,"03/13":15.424761,"03/14":15.058388,"03/15":15.76069,"03/16":15.76069,"03/17":16.833023,"03/18":18.21201,"03/19":19.748375,"03/20":20.577429,"03/21":20.59607,"03/22":20.184668,"03/23":20.184668,"03/24":22.193613,"03/25":22.159595,"03/26":21.88687,"03/27":22.112,"03/28":20.716614,"03/29":20.716614,"03/30":20.716614,"03/31":20.72451,"04/01":20.72451,"04/02":18.177206,"04/03":17.770271,"04/04":16.44133,"04/05":15.460565,"04/06":15.460565,"04/07":12.355751,"04/08":13.202647,"04/09":13.088601,"04/10":12.578226,"04/11":14.86663,"04/12":16.163626,"04/13":16.163626,"04/14":16.163626,"04/15":17.453043,"04/16":20.105488,"04/17":21.818811,"04/18":22.733181,"04/19":21.834055,"04/20":21.834055,"04/21":23.33291,"04/22":22.864542,"04/23":22.320244,"04/24":22.898523,"04/25":21.250553,"04/26":21.075083,"04/27":21.075083,"04/28":22.223375,"04/29":20.77887,"04/30":20.511976,"05/01":20.511976,"05/02":20.042156,"05/03":20.47814,"05/04":20.47814,"05/05":20.457548,"05/06":19.98218,"05/07":20.621006,"05/08":19.438795,"05/09":21.071001,"05/10":20.488916,"05/11":20.488916,"05/12":20.488916,"05/13":20.181818,"05/14":19.53523,"05/15":19.473536,"05/16":18.398,"05/17":17.755173,"05/18":17.755173,"05/19":17.755173,"05/20":17.755173,"05/21":17.794388,"05/22":17.475914,"05/23":17.475914,"05/24":16.160734,"05/25":16.160734,"05/26":16.160734,"05/27":16.195715,"05/28":16.118357,"05/29":17.02777,"05/30":17.620264,"05/31":17.597448,"06/01":17.597448,"06/02":17.597448,"06/03":14.342297,"06/04":20.011879,"06/05":16.258324,"06/06":14.847723,"06/07":12.881372,"06/08":12.881372,"06/09":12.881372,"06/10":12.877373,"06/11":13.013649,"06/12":12.783372,"06/13":12.581909,"06/14":12.091255,"06/15":12.091255,"06/16":12.091255,"06/17":12.091255,"06/18":11.624419,"06/19":11.283896,"06/20":10.919337,"06/21":11.308216,"06/22":11.308216,"06/23":11.308216,"06/24":10.427707,"06/25":9.953709,"06/26":9.873049,"06/27":9.181429,"06/28":8.911496,"06/29":8.911496,"06/30":8.911496,"07/01":7.8111944,"07/02":8.021587,"07/03":6.6926475,"07/04":6.088083,"07/05":6.1561966,"07/06":6.1561966,"07/07":6.1561966,"07/08":5.6540375,"07/09":5.100177,"07/10":5.444019,"07/11":5.153136,"07/12":4.6595373,"07/13":4.6595373,"07/14":4.6595373,"07/15":4.0938973,"07/16":4.0938973,"07/17":4.0938973,"07/18":3.4821627,"07/19":4.021602,"07/20":4.021602,"07/21":4.021602,"07/22":3.5545528,"07/23":3.6388545,"07/24":3.640536,"07/25":3.640536,"07/26":2.0962832,"07/27":2.0962832,"07/28":2.0962832,"07/29":2.0046654,"07/30":2.0479963,"07/31":1.7307956,"08/01":1.8952658,"08/02":2.6544302,"08/03":2.6544302,"08/04":2.6544302,"08/05":5.031684,"08/06":5.3524,"08/07":3.8883402,"08/08":4.0386024,"08/09":3.3041477,"08/10":3.3041477,"08/11":3.3041477,"08/12":3.2044935,"08/13":4.4483104,"08/14":4.1765184,"08/15":4.1765184,"08/16":2.4388447,"08/17":2.4388447,"08/18":2.4388447,"08/19":2.5766873,"08/20":1.9230003,"08/21":1.846353,"08/22":1.6244116,"08/23":2.0005813,"08/24":2.0005813,"08/25":2.0005813,"08/26":1.5214924,"08/27":1.2260617,"08/28":1.1850287,"08/29":0.8923432,"08/30":0.54810834,"08/31":0.54810834,"09/01":0.54810834,"09/02":-0.14039935,"09/03":-0.3740546,"09/04":-0.15841347,"09/05":-0.15841347,"09/06":1.090223,"09/07":1.090223,"09/08":1.090223,"09/09":1.1311715,"09/10":0.8300153,"09/11":1.2848458,"09/12":0.011784579,"09/13":0.26540858,"09/14":0.26540858,"09/15":0.26540858,"09/16":0.14237225,"09/17":0.030647181,"09/18":0.030647181,"09/19":-0.39353785,"09/20":-1.7131165,"09/21":-1.7131165,"09/22":-1.7131165,"09/23":-2.393563,"09/24":-2.1768153,"09/25":-2.4832802,"09/26":-3.1840804,"09/27":-2.7611,"09/28":-2.7611,"09/29":-2.7611,"09/30":-1.8479995,"10/01":-2.209879,"10/02":-2.209879,"10/03":-0.69964236,"10/04":0.31834733,"10/05":0.31834733,"10/06":0.31834733,"10/07":1.5530794,"10/08":0.79728574,"10/09":0.61485773,"10/10":-0.08946614,"10/11":0.12032115,"10/12":0.12032115,"10/13":0.12032115,"10/14":-0.2983761,"10/15":-0.27025852,"10/16":0.09985597,"10/17":1.0252421,"10/18":0.95874894,"10/19":0.95874894,"10/20":0.95874894,"10/21":1.4082806,"10/22":2.675132,"10/23":2.6800995,"10/24":2.8185847,"10/25":3.2287624,"10/26":3.2287624,"10/27":3.2287624,"10/28":2.9865937,"10/29":2.0259168,"10/30":2.0259168,"10/31":3.082492,"11/01":3.082492,"11/02":3.082492,"11/03":3.082492,"11/04":3.288226,"11/05":2.2545438,"11/06":1.5142124,"11/07":2.161008,"11/08":2.5064838,"11/09":2.5064838,"11/10":2.5064838,"11/11":1.3889025,"11/12":2.7016335,"11/13":4.1671457,"11/14":4.0615697,"11/15":4.0615697,"11/16":4.0615697,"11/17":4.0615697,"11/18":4.424322,"11/19":4.1458383,"11/20":4.1458383,"11/21":4.632016,"11/22":2.7580073,"11/23":2.7580073,"11/24":2.7580073,"11/25":1.5871134,"11/26":1.8365792,"11/27":1.7681994,"11/28":2.7364419,"11/29":2.1364179,"11/30":2.1364179,"12/01":2.1364179,"12/02":1.892816,"12/03":1.066949,"12/04":1.0412768,"12/05":0.41328868,"12/06":0.4101241,"12/07":0.4101241,"12/08":0.4101241,"12/09":0.16680053,"12/10":0.06209317,"12/11":0.063668236,"12/12":0.28357595,"12/13":-0.2671292,"12/14":-0.2671292,"12/15":-0.2671292,"12/16":-0.2671292,"12/17":0.6912568,"12/18":1.3929378,"12/19":1.7608763,"12/20":3.59331,"12/21":3.59331,"12/22":3.59331,"12/23":2.718205,"12/24":2.9716036,"12/25":2.9716036,"12/26":13.342416,"12/27":13.352241,"12/28":13.342926,"12/29":13.337338,"12/30":13.411994,"12/31":13.369162},"2023":{"12/26":24.084997,"12/27":24.197998,"12/28":24.179369,"12/29":24.168194,"12/30":24.997995,"12/31":24.528109},"2024":{"01/01":24.88402,"01/02":26.510597,"01/03":25.351929,"01/04":25.052288,"01/05":25.052288,"01/06":22.46867,"01/07":22.661898,"01/08":24.333792,"01/09":24.087666,"01/10":22.532791,"01/11":22.359264,"01/12":22.359264,"01/13":20.159698,"01/14":21.102797,"01/15":19.068031,"01/16":19.85398,"01/17":21.344694,"01/18":21.282713,"01/19":19.765419,"01/20":20.794931,"01/21":19.56664,"01/22":20.261883,"01/23":21.465816,"01/24":19.524815,"01/25":21.222965,"01/26":21.222965,"01/27":19.781183,"01/28":19.985579,"01/29":20.106424,"01/30":21.452112,"01/31":21.532785,"02/01":21.19065,"02/02":20.495607,"02/03":20.406546,"02/04":21.467436,"02/05":21.255526,"02/06":20.193008,"02/07":20.027506,"02/08":20.962029,"02/09":20.606337,"02/10":20.040781,"02/11":18.419556,"02/12":19.514145,"02/13":18.896084,"02/14":17.619213,"02/15":17.090027,"02/16":16.93662,"02/17":16.978342,"02/18":16.978342,"02/19":16.978342,"02/20":16.253035,"02/21":16.153778,"02/22":15.295152,"02/23":15.5322,"02/24":14.6463995,"02/25":14.151619,"02/26":14.561052,"02/27":14.841647,"02/28":13.746649,"02/29":12.969069,"03/01":11.924747,"03/02":11.924747,"03/03":11.680464,"03/04":11.529817,"03/05":13.018059,"03/06":13.580385,"03/07":13.837485,"03/08":13.837485,"03/09":13.837485,"03/10":13.647063,"03/11":14.477593,"03/12":14.817069,